,ABW,AFG,AGO,AIA,ALB,ARE,ARG,ARM,ASM,ATA,ATF,ATG,AUS,AUT,AZE,BDI,BEL,BEN,BFA,BGD,BGR,BHR,BHS,BIH,BLR,BLZ,BMU,BOL,BRA,BRB,BRN,BTN,BVT,BWA,CAF,CAN,CCK,CHE,CHL,CHN,CIV,CMR,COD,COG,COK,COL,COM,CPV,CRI,CUB,CXR,CYM,CYP,CZE,DEU,DJI,DMA,DNK,DOM,DZA,ECU,EGY,ERI,ESH,ESP,EST,ETH,FIN,FJI,FLK,FRA,FRO,FSM,GAB,GBR,GEO,GHA,GIB,GIN,GNB,GNQ,GRC,GRD,GRL,GTM,GUF,GUM,GUY,HMD,HND,HRV,HTI,HUN,IDN,IND,IOT,IRL,IRN,IRQ,ISL,ISR,ITA,JAM,JOR,JPN,KAZ,KEN,KGZ,KHM,KIR,KOR,KWT,LAO,LBN,LBR,LBY,LCA,LIE,LKA,LSO,LTU,LUX,LVA,MAR,MDA,MDG,MDV,MEX,MHL,MKD,MLI,MLT,MMR,MNE,MNG,MNP,MOZ,MRT,MSR,MUS,MWI,MYS,NAM,NCL,NER,NFK,NGA,NIC,NIU,NLD,NOR,NPL,NRU,NZL,OMN,PAK,PAN,PCN,PER,PHL,PLW,PNG,POL,PRI,PRK,PRT,PRY,PSE,PYF,QAT,ROU,RUS,RWA,SAU,SDN,SEN,SGP,SGS,SHN,SJM,SLB,SLE,SLV,SMR,SOM,SPM,SRB,SSD,STP,SUR,SVK,SVN,SWE,SWZ,SYC,SYR,TCA,TCD,TGO,THA,TJK,TKL,TKM,TLS,TON,TTO,TUN,TUR,TUV,TWN,TZA,UGA,UKR,UMI,URY,USA,UZB,VCT,VEN,VGB,VIR,VNM,VUT,WLF,WSM,YEM,ZAF,ZMB,ZWE
ABW,42724.32421875,0.3729878761793166,0.4420866404827848,276.6401524543762,8.657109988555021,0.0248385373871968,133.41235239697386,0.0205616035874527,9.804016018705738,3644.9657221691023,0.0070234300935823,327.48636597394943,6.39184849583596,49.614681076323,0.091946645613234,0.008535976398889,363.4160068439669,0.0482371738267772,0.1052570506454628,0.0981063448627423,0.7434171072357856,0.0003669769848784,19864.08914244175,0.0522870845888974,209.29197823611597,215268.84517598152,27.566294640302655,65097.10241463965,149698.90195295337,18.788782143532444,0.0081590237605269,0.0327401501126587,7.473755977116525e-05,0.2294872818629301,0.2083472131345729,563990.5028865932,1.0333002137485892e-05,484.4748745021043,403.10260254074313,22.43310936467268,0.1303875631346045,0.1608964267575174,0.7735574349501473,0.11796739586606,1.4185404829391075,27906686.222919427,0.0007419264504733,0.0026795184519414,4981470.735182047,301021.8417443633,8.994998643174767e-05,1876.06227517128,0.0050681230095506,354.1463897185133,1357.7894125929724,0.0044035756736775,58.488194078207016,263.2383593225186,155072.19411039352,1095.8293745948215,3819565.622454908,1.5021117776234405,0.0250442024412826,386.6804368489357,2752.63235211248,191.7004441059198,0.2840515885271477,339.43631590378845,0.1334675100098223,0.0207377740799756,3540.487625802086,53.68122106790543,0.0008203328050981,0.1029010565666865,6730.618187596259,22.730794759239664,0.1001618053549862,0.1911151260137558,0.0988836395029011,0.014969347681017,0.0112927018999471,656.9520889177994,1.8882891852408648,6989.620325675232,1685323.3398789167,0.0446880041122312,0.0007353004273227,26.20337703297571,0.0005281616067804,2126859.235909581,2.541049573677583,118469.0273399353,79.27174508660462,2.16924189564991,1.768365987904783,3.155731064907741e-05,1251.1751613372037,0.7330386952641472,0.234576999542817,3529.702631522341,0.0092934784979661,1354.5681323040574,47382.02980804443,0.0397259039983865,0.7962955691581639,74.95657077957802,0.2000828898574127,119.87840897226896,0.1670667957245086,27.053221270798872,0.1964356993842102,0.009328166060186,0.1924986286140892,0.0043101911669509,0.0402189255582925,10.38476182809899,2.040819823741913,0.0002508535026208,0.0461322717023904,0.0082712099224409,60.27176560467024,0.0040682394555915,279.67502575641765,1309.9181133616837,0.1972723511443916,0.2361218824688506,0.00014212170268,5096896.187592935,1.4293360840204343,58.087375464891466,6.585944816008226,0.1149193476867367,0.491285319949494,0.0102150704724408,5.737606398139519,0.0006513228231597,0.3033247257399125,362.3628915147354,52.35972213745117,0.0009607105537554,0.0436513143053929,0.4182824690374787,0.0,0.0159908220908135,0.4211850617271011,3.45469634339679e-05,0.3624108461003033,5185501.484088898,0.0002005082351388,798.8290776102804,3694.6553062651055,0.1072675873984962,1.7261027096537873e-05,0.2427449253077398,0.0921687663137218,0.5251193286508222,7978862.175033569,2.8002166601481804e-05,526786.5231769242,0.3622477255419341,0.0005970923114091,0.4939148171687466,727.7962218957764,20218.11740541458,0.3152369040481062,2099.6034388156804,862.1856616311421,0.0025188292020175,8.616654289242277,0.0057812131274204,107.54504614879464,4014.8143856101074,0.0061728357308368,0.7760079078788582,0.435057416010566,0.5858518448235372,0.0007448707290222,0.0068911366378898,0.0002235118722637,1.6083809557944448,0.0228640992454245,0.0305730979105192,457756.0081787109,7.43894706829451e-05,0.223200921602352,36.885324001312256,0.1059276534722357,0.1875268173900117,0.0005213185178831,345.49197863123027,133.73267400426266,53.77096681226431,2367.314448309929,0.0071238562841244,0.0002517700201138,0.1028404292023879,1023.924633026123,0.8426908732384533,0.0229672752161604,0.4462112709049393,0.1583091637494362,2.0841874554753304,0.4836647608461817,0.0124423467068481,2.328838618477107,4.960491373152763,1.2542643416237276,1027.2041199173675,4.066764115110914,0.0376519717246992,0.321291233841869,0.0681798490368805,643.8107432847481,5.356830794343864,49.79959049332667,4292094.183038028,2.1642977661243776,10.21331675350666,2518746.540302708,183.49235820770264,483.7376194000244,0.3196199790683458,0.0107288852131546,7.575223282999218,136.396747571358,0.1174281473637169,0.4594629661743852,0.2867602068580623,0.145157347004158
AFG,0.0891282964953527,26293476978.463287,71899.49296073265,0.039423739547542,108886.77709010632,2880530.019350755,1794.3806249935972,319645.83862129034,0.0972257780376763,2859856.040870591,7.014998264715629,0.2266892863813946,848805.5436776733,583232.9087964535,4308326.993843654,977651.466508665,24036.24462323027,385.3300909563304,106.49236034347354,1683519699.5353856,1111627.343265429,38140.55253587726,26.85106660816345,749765.1099399352,6612688.4539188985,15.18013081331341,0.1693375647212369,423.43811138130303,2679.339565089263,0.2411834245264924,59894.37078479933,1223036786.447802,0.0518850823710425,7690.2988757034655,490522.1071136976,19726688.540138982,1.829209177819444,166141.60059859007,359.2673955614953,30101202711.34011,1897.6598499233623,162091.43720618333,24504592.98772278,792675.9182232668,0.1180418975356037,525.7449882985716,53701.611656807385,2.1339649051927663,21.566217582331568,384.31677976709113,1410.236769999678,1.1638366826268591,2829.4545306287546,321937.5182945194,1184996.41030495,346837.6659497961,0.3604564332975665,105064.27497197264,21.486170316394304,41821.00970623994,150.61470034029358,28422.571647173707,1163464.5118781407,142.37329310061767,134778.73779341698,1476928.1030198594,29572134.28598054,9516000.050290732,52.13558606745599,14.419856061587453,988671.0618193516,1329.4333350000345,277.09108860452943,443938.78665111726,56816.16525629622,2887108.5480939103,1603.036148488993,0.0048091109155378,91.94352181434115,12.360587182819954,48874.449798492526,645494.8198781692,0.1618200950863732,2154403.1064128936,48.257282485536834,30.736971790839984,1210.8936871926398,76.07854868610113,0.3692277874558936,62.57608196797905,451289.6984005305,13.172242456519236,556533.7568100664,30901955.13155192,22559502601.51406,4749.204699376091,2781.9882392112563,300574480.3031312,4784315.632894881,99187.07944582302,28467.024316390594,2036654.4184266943,5.558586199738729,62900.70846571816,168393839.4237608,6726684023.530604,16209758.955109846,7410754765.371043,8115348.905424979,0.4478765663215655,45236782.07516612,704925.6866047054,124376133.83105388,49664.23432439705,314.2858176290161,8081.394535370335,0.2780466862341968,216.1629401409265,53347226.85768467,5.474913981072472,1245002.7523819252,3624.478044984232,1778633.6057312433,33973.54522767935,1240354.687389849,7185844.467813305,44270.157045212894,49084.77796326081,7.124522110750454,69847.76707264391,2249.702697793124,36.28582141403322,2538150473.249713,100852.47080610956,993863383.7380136,1430.5185336053205,7415399.787489775,3861.3131564359815,0.047615480127764,9407.76257388977,1372079.8585737965,7318321.961007674,0.0,10.800183015110951,20268.164557010685,0.0239554521163823,22928.25120799806,57.49993631277137,0.1426688877121358,23293.460757965506,1635911.5738759325,5953184307.832757,0.0115190100052737,170.1905123485774,5931781.79368747,24961800894.19565,33.50790293596459,0.0185799871172218,635.5393490946942,10168613.954725634,895.6309299336108,261742.5801983597,2053007.887472336,4.160345145846277,86051804.11296391,2596.302215385329,154.57060013559064,15645.462279557032,1.4987554389206772,807560.8363646708,4472434.461328178,6614875720.149501,564643.0695095917,22357228.7201606,1118989.7836178755,87.41539358787755,20118.688307678884,4.729480498979548,0.1505569074071321,767540.5530372348,927.6997197435576,25.048874546056133,8.653202409537624,731.8652381014647,18060122.63643218,13.510891564825087,937230.9929332256,3543039.191597244,191.7264038632662,53.39507925763807,269902.3911379923,168569.96324465514,9664273.051517475,1058.4655677426915,39358.97422238843,273252.5509220415,1.939201698022016,169452.85179787705,720.4431916329044,99733016.5492644,11761297140.681362,0.3563675456932499,1107419280.0258627,20462.58797681478,0.3856647398698841,2.36543141877499,13036.008961769125,5429599.607206644,0.0205258806074863,27528539.297226228,32392199.955100782,9158013.589565909,23221980.615219515,28.580204574754365,95.43659884232534,879291.71276635,3624551025.444225,0.2177714504391208,357.1264033455724,0.0791184455455271,0.1813006157230288,215484727.8826752,7.343269957416924,2.515235911216592,1.302759054154115,6590625.456105791,55783.85267682519,1260243.9219925378,119624.8702792813
AGO,8940.89927483755,51377.19549128513,442722573000.8822,241.46571177378348,31126.77020816425,359.5039636206383,9735573.20900458,149.03130746898972,0.9705997971250068,323972617.2194081,10306913.678716913,1645.3274911766505,12211038.150121346,17066.976624064464,648.0669893955666,17245824.077451278,8807.406012624231,1596191085.1987648,882630938.9190354,12003002.347670875,26409.73913589056,2.7851950624514683,5104.920967843214,27290.410528586915,34923.10372047279,17580.079445007417,0.4033322385312161,33743191.944019206,5274626857.7191305,5707.132375439194,54.17780090273382,2125693.075608444,3167.290290122197,15742132635.955317,3085963572.8375974,512550.1606652196,5.980532023748896,47933.0317657854,11622.330785876862,4792777.251414431,6616609792.184517,14059973458.246435,77288560501.15822,19550309239.22602,1.2661568569636223,77241982.10045815,1224483.7096299997,695770.8933489271,176401.24062812794,14838.16182071625,1.5654115135539826,957.4709491611804,369.80728706792,1045.9093226328755,50201.826765355545,22090.953741803685,4705.247763134299,680.4888692394875,179455.09865434616,5115400.831025975,4989446.436470042,28707.27763717664,271246.533040844,3359591.09123937,772524.7705141118,914.0512735681492,38844593.42257867,9559.670766456878,181.2966450119667,137.9208245373552,626589.3582421541,30.683204268421605,5.310189004656325,21442668696.449493,3207.3932037193445,563.4143692481447,5028697137.740587,0.5606587267937009,2374516628.856121,99487288.0867964,2577870000.4010625,96891.39659103076,12676.34193438234,317079.32080805534,516930.3173341195,109654909.5739514,4.834106896840791,116521439.29183996,409021.69976966194,636854.986971376,10483.664086960343,51151.060071398,6189.592551384567,41742.077624696285,143102889.21640825,313.77724834204224,860.5779242739965,195356.47376663436,17694.534858405746,2190.015579937073,634.0831279281339,339625.0712155482,5959.175767843909,11127.507737894564,15870.252203585142,37005.22770985907,59794063.345051885,2107.657197745591,855404.6453939658,4.411352970901978,1736.4874066673965,149.365086412604,2640870.9542822447,156.72375088678115,3716345953.65726,6433364.3130763,2305.8020154507944,11.411099950399931,240063.437592066,370004410.7035245,973.0770574703052,36.36893673444409,1143.4337934779146,1366979.958885171,6490.431081225282,371560192.51726097,1534.1355172279582,567032.7308020105,1.5518078529952606,9521.882241242389,674897652.0054947,679.3509284327239,23894616.41955913,87139.24362123745,40061.67259870232,4.290304957623714,3523573276.3894053,27852181.54808977,253.04379479583503,126669.99189717672,1262498327.190565,4684.183961227159,0.0,2017.161498763534,236606185.0515822,15.263967903025971,18701053368.45388,988078.2453883789,1.4119130656342804,457.1895639986974,7314.126356354763,4222968.574624532,0.1139867639549692,1781185.14869469,255314.5727647048,1612131.0618237923,396000.895614552,0.1823485816614825,32375565.23604376,34908.185258490055,3.984121436582658,3450.7367860159043,8209.545319185974,12994.325014949134,2140.741029007163,952.0767335707368,9972558.198147085,110.41692933834705,14.953932026061546,45.38360331938779,30718.650835231103,845639.3893493309,8097308.16807066,59561.10963542824,89019053.62642108,135681047.0143904,4.892371412020223,115546.68323797511,367403.2678983651,4517.775218147981,248.09472080844537,1757623530.716571,67740.21102215021,2.286306278856188,7206710.167071663,3.003003385622378,40622.77924336905,207966504.59033024,83518363.70392111,121330464.40301377,4957.683479668188,331.00142229702305,11106.27822772796,98285528.39550546,16326.9317200921,10229.805693286173,35.96218220207776,706404178.8419423,1224633599.2718005,3584437.4716341454,1140.2036590604473,0.0695225687774192,3410.634010835779,90.32596145547728,6.90072426392206,447900.05619221006,220928.04829354968,265905.3576335382,0.2030214533608052,6908.553310946043,1330418614.391941,67853247.34606358,50489.28425747938,1.5302192925505975,1687972.125887413,91547.78902080232,3804.867329565963,10036.385246818496,167702867.96120223,203.02482870409744,716.2167294618328,1441409.569875313,157.4885019445358,0.689455129934526,13.14545706724548,486537.2497408395,7214512661.530551,79759829242.84872,5036040074.913808
AIA,658.4113702774048,223.7829335191233,0.2286568107778754,5511.169124007225,4168.240956993774,0.4213096686165682,159.2603735221256,359.8155493176954,11.676744735357374,1889.62811838828,0.0037263943718574,2468.0618722736835,3.304384866161461,9014.444589319406,390.4932877504667,0.0043230864377505,6665.607457026839,23.7937484550726,33.441373612059344,0.050942201052579,1267.1700562348196,0.0015450958690328,84152.40777013451,4529.133103659429,8525.292644492354,312395.3247627169,433.7656357884407,23291.548608834368,200013.920337984,119.36911419034004,0.0041553948122441,0.0168835376150155,3.7006928948812856e-05,0.1191279600617107,2.9517226250541846,1734436.2432338677,5.657425084848455e-06,10942.405667262166,0.2643984650270696,344.03155474257835,256.5329218165192,186.07076624454976,0.4731982987550052,0.2245529524172695,0.0927916221640374,1951510.7358476464,0.0003849590256521,4.087626702477792,551710.0713559703,973111.8067525718,4.857786672118891e-05,2312.6333168298006,152.69364078100443,4970.755007602294,51151.07555711645,0.0054918988080445,543.4254298172891,7426.681862985482,1102429.7763025165,18727.804121283072,259678.74594659367,292.2903560756822,6.907539619676243,1706.2041753906617,98005.07816639432,3236.40824894447,121.06337396631268,15510.679512013478,0.0073496944084017,0.0104688513143518,89352.3147866329,340.8444943726063,0.0591608608359105,0.618701297964123,60053.47135091672,1933.8962846286613,32.59500882880095,1.4041118696331978,259.4494570475588,1.3184654574021266,0.0060188760212227,3175.417207537376,57.22500408068299,77371.44045048539,1496290.567661747,2506.3689169795325,0.0003640901351644,9997.356748253014,0.0002849576503756,1457967.3855085643,4934.241174651426,407744.2278077602,5051.539359446668,1.119659865843884,1.2047447317331597,1.6822989054476878e-05,24959.72552227389,2457.78865167942,914.630147921982,21968.792140151512,64.87578144244677,33709.50370035037,139711.03103852272,92.54965620705154,0.4117963665518377,9312.72407940488,0.1030229147597312,241.03306644548437,0.0861658245307035,35.37224971216833,0.1020362276076372,3.3374220277430595,0.0992249342034794,48.12935629514004,326.23711488784545,2157.490201905961,179.62753128260374,104.69362145103514,0.023304998235627,0.0042798174916356,3574.43140256792,771.892013787292,4322.150740890566,30469.905652471676,693.3668824004924,0.1215403040160918,7.113134572469225e-05,6138312.494262785,0.948069679368079,568.8739839917234,105.1212728133356,3.9194408557959832,0.252740234382605,4146.14981570637,169.17656487635662,0.0003280755570376,0.156357277512809,850.6857158923781,337.85691821575165,0.0004948716518531,0.0224650686945923,0.2146165429807975,0.0,0.0082022047423043,48.7755992157088,1.862818751874329e-05,26.75880889777617,1324428.021064937,0.1734785822087587,6109.748856920749,41828.55001005666,0.0553590937873718,0.0037852240771059,0.1254858798961105,38.43461786301093,5.952802426152879,476449.745883733,1.399957377201666e-05,329235.626669649,0.1853615322560071,0.0003224640333447,0.2545259209638891,18757.354639563306,480277.7896513939,0.1626882240867146,31171.151765101124,4.660485097375391,19.907078628995464,0.1710435885856166,0.4107168318460155,9991.229316938756,110588.46878790505,0.0032096192639445,450.1382777776347,17.252995648107895,14.77098989213846,0.0003764703567998,0.0034723430555233,0.000113672944451,387.5519616765716,0.4610338687646416,101.4406412101878,163858.6504084468,9.017792342230678,0.515809843238548,326.75115501880646,6294.820251950876,2.343632222467447,0.0002581705000639,3901.3305025147856,3110.589495758126,2181.195432789624,33388.24715987879,0.0037678366192679,0.0001348025177594,786.8703682489014,5656.816930294037,26.77919137606633,25.786402608845822,0.22966363000319,107.84359256940718,0.3287309000302389,872.8611429414774,0.0064227757872927,7.0430740909823,632.8186383801512,2308.5903938441324,9851.390188451303,1.619787720619697,0.0194593418466042,0.1656439205336993,0.0351777699358644,12103.286246416355,49.1193888886799,3.888552759699464,9915848.12122231,730.4855454521498,149.48456911928952,301097.16149584355,11986.59017419815,26458.090185165405,0.1654016927188524,0.0055400951730957,17.076655940230133,341.41045583589755,0.2987895582440873,0.2366622127382267,0.1477641213736464,0.0744225918209462
ALB,71.17576374751661,50804082.97585084,148814.0148959806,866.1279178278226,606943354.3473816,357287.8848299803,201.5607653493755,40285934.60631895,0.010729950975822,318814.9995945963,0.5449277616211372,3752.556703052994,508.16206456428233,92776124.92335606,67280720.4183482,28836.985418336557,3301892.2194357216,10010271.888963789,22393276.724366788,10641215.618102152,970826812.7537848,13205.046273836631,48436.933761275664,249382388.53782845,235335232.51627588,13560.704930441432,0.2042960875435753,4659.138608517784,1264942.9257846985,14999.549691310356,0.6568680442633195,2607101.787391696,0.0059026342742072,16.726644765642817,18868069.371234857,4061600.399993689,0.0008167617412482,16427708.642010808,40.30854411793107,104762657.95820218,6397248.129854286,27943229.02317524,4473372.249165118,1168410.4719714343,0.013115739064732,234293.21856579356,1533.868163780743,125902.2134365812,86414.73993638999,218896.30589870617,0.0070242008359855,289.4018279511334,5601043.3263549805,79123199.44393532,94759244.5006587,1431401.0661705658,16801.210592279724,14353938.17199196,240463.2588661433,53947734.33560726,1992.290758038732,15283823.107060932,18091397.64151417,3707316.2582416497,14060035.230701694,25081794.12080657,258179270.5557506,122648777.06651156,1.0727956732227,1.6287962701634626,60101715.08818586,127873.63816559316,0.1576713526639785,1614442.5733520442,15770608.159266662,127532938.93220349,7074260.426621612,70.79575908184052,12907576.032293256,1984529.815716492,523025.4341610805,1070972683.0386832,4367.24677868686,25917450.153015938,34966.79382036539,324795.67447901453,0.0593365393437466,574526.5457350081,0.0417160016240956,127979.35728404215,151651840.9865085,61435.189785639486,275325428.22467744,11679.279027779572,163986102.8705089,0.1389303125521124,1777481.7724254364,236945622.73120737,43673520.80990142,4596150.618477079,5650738.2731820345,366233349.9479461,35500.755449035016,6579957.096275072,1571939.2159352698,523266885.80232704,218652.08776187632,53866264.79273625,39942.329514968376,0.0506176276735885,200233.92436439483,353990.3737560064,592248.4781176464,7347855.738254547,1318794.9044943135,52306268.51976,4166.0134812989,60040.69596135616,60455.38992768197,0.6441354446726564,50339624.11706781,219708.3589504063,42809625.778520286,8753186.711430376,92001455.04461192,56884.88335752077,160.08382427712695,96508.26728696944,0.0184719725471058,514969408.8223438,72337114.06973527,108337.5987930298,10569687.111253137,183704088.78289413,39179426.324465625,0.3162791828597449,41505.8307426172,26944375.31684396,800.0649393259123,2.6461180624764467,13460.237593501322,1907.795616575624,0.0,1.2028529058794923,99341476.3838243,0.0027253608348019,120781744.61512531,150471.26923295596,0.0158527191451867,4949113.862971455,67332420.07127157,9687174.57205262,0.0012674808893962,19.135432561370035,1074317.3111783487,25604839.57110308,36357.058335761176,0.0020852399391237,60714.38274433082,16719.564345694038,0.0481990144415824,36.96640076960834,306745336.958133,33488.45292069593,1173187.530670416,792652.3100628643,17.02157041431885,1911346.2241579292,0.1673898885568263,87405.63121915236,1164858149.1210709,4048360837.445602,28850.818666723742,35004121.695627324,126009773.93339224,11486092.80254874,0.0561864504775826,0.5304157193803798,0.0170675807955262,4464154.053862455,1.727874884979098,2116566.363966427,14643.03395423911,75515.15609741211,2361098.3507069247,636.0376928112992,844569641.8122959,8923165.233921822,3945.508367230941,297418.422390526,128677362.06640434,33788062.62592888,132488609.71674418,0.5582662061399333,593.4360417969009,43204540.61667061,1191.2982599393931,189114951.4986581,2778351.9018700607,525451.8185710541,33092885.510695715,0.0007760074569276,38834196.35890377,0.9052367651001704,0.0424977277943892,50017.37250772788,26106708.863912094,1106120895.5849552,0.0022730242546771,24091.7173492418,350550.7187745288,744656.2621083584,991028287.0476812,0.0225304753697699,10.512122330230431,242472.55781938296,51902415.09114181,4908.017148732952,1948791.110318808,1389.140337103794,2039.3238842881783,152326.87990880475,0.8171815279848058,0.0078576697397832,0.1455318532354113,24233024.749736022,35.00501027503802,66093.97374375744,2239.975743733791
ARE,0.0081997793181187,524587125.6887742,886426.5298564878,0.0036250314372116,2041.8831049010837,32964915.181197908,155.98451620012094,2566767.2570539475,0.0091238707253165,237862.1847719229,9.758654420090084,0.0208853035486089,743717.3526992849,847.4912214903031,7228705.727414629,4980387.46274548,5213.854755045431,268567.5431114713,118276.5480765285,199919976.46975312,52684.06237550078,105896.16022223426,0.7230961282850557,848.6664508492084,412214.1073636176,0.8637745364763056,0.0037190861550189,38.48667346917231,225.3448655774089,0.0197733951781913,3255.8747288357617,106805944.871461,0.0047307299147831,68003.51747048042,18586199.20629367,144522.59827110282,7.396056229603364,5.623415638437507,30.306745007483727,1286889698.0574062,481887.6412575465,10070089.525022523,141141769.3543306,9094952.028447054,0.0111344339682529,45.0999760429881,138576.9420020883,0.6592847150348784,1.805542327144653,5.899711447405224,610.3144070647832,0.015876969094935,162482.19589022142,589.925384576952,8388.546226891254,4064692.940047144,0.0335817276251475,2795.608373910657,1.866028684805816,9276.39875855986,13.392239223627843,1504576.045990054,19756784.02050264,193.742389099423,31.66783396105823,54552.59363918296,470963101.430867,208286.46587831964,5.513397586799834,1.314605696950646,1001.8559754116524,0.7384992821045273,41.68049266401739,5531798.2661327375,2111.39560238837,1957701.87333572,659929.6406764839,0.0003300972476596,111163.4238327112,4615.191520170633,981444.2588471367,372054.2135393304,0.0146171425816672,2916.7249671105133,4.11351462656378,2.6267124212131456,238.8100050536516,6.412634970204035,0.0335473526202223,4.146076239352189,5910.767152151555,1.162260549692256,133859.46980996805,7066105.120788255,2476285039.994615,5848.240530616487,2139.5111109986588,692195559.6558473,76344590.55013867,101.1658449216675,107373.08295408168,37543.32071163311,0.4827451054176066,1959332.790440099,10292161.11175562,153891454.3977787,48011604.70582965,73907329.66122064,2603608.378148743,0.0409792255696302,2989262.6789071914,2837291.943824645,25403209.005248398,204626.66628034244,145925.99790450642,53023.54473544561,0.0249253424076361,0.0158533271433922,8997745.10668138,727.7857731762483,46260.451650233554,12.4811232749748,121516.19992640136,16.924807890329134,32271.77181720833,23949550.278641563,20449.80618901454,90.32728291280702,0.122252087364565,2435.493468913027,126748.748293195,11.247631993095872,366803452.1034653,61.80647108594624,12418803.393880095,144.23866374593598,24731933.40088216,55429.44917323488,0.0043503547712617,45869.87273588956,5739524.18574157,1386369.5689115936,0.0,14.130338488611583,499917.35640244826,0.407613587265061,6336012.419221835,4.946902132671413,0.012957537740533,375.3505145283868,35849.97089704672,295540177.7703389,0.0010772261349174,171.71796053015112,50054277.123904265,600896848.8794967,2.8826783506074856,0.0015797084143728,58.32065930186887,1380997.702142433,243.59273433199908,429030.7122430824,117671.60681471998,0.3728366302098314,2080474.7128345624,4.7847674238830775,13.289352835234244,52958.305912676406,0.1289578870060842,2528596.988469051,198820.28388116663,132563172.2341904,3629326.1820862326,139435410.56061614,45152992.1642762,7790.715020108004,1609.4712284691996,0.4314770407706871,0.0127999308955182,1358.7026114086425,690.9257771654821,35565.474299692185,0.7320234107781731,0.0045890628491349,31550437.082645573,0.0281730158770159,3571.248589491593,36591991.66899359,5684.864256043456,4.530840375044805,29266.48068767425,2.4769729552095328,125562.51195239474,749.9682472694392,86284.034834978,14220410.725534445,0.0346229726440086,8676041.430795912,152871.88480954294,27381731.643730797,104092703.11404105,0.0006101984102138,55778568.61590802,30552.35035381467,0.0361988277813964,0.2075171426919824,215.0785630606304,34758575.00788061,0.252972939511082,4194515.239652727,104925812.72140685,34174923.522913225,1011171.2918951483,5.595193405275484,8.322173263117385,51577.52492890712,81998881.33612746,0.0198957039984257,30.239216042671025,0.0073091275358843,0.0167200922202273,37787354.15700013,5.942591789789204,0.0073560829847646,0.1185051986333292,125285378.88713764,36892.93800957782,9529056.912558408,676863.4288081422
ARG,897.3424365743804,2786.3833717719253,62159812.36934679,20.43672514122905,140.72344733999262,198.10599636125065,512724069113.5909,155.9398416556358,27.404351424923345,8215821447.167657,38198526.0263501,68.68101144754402,66367986.54469685,870.7710617304207,668.5636163490451,82893.1426301243,349.3082691445155,323303.02207142045,115953.19799287626,14790.50945295185,774.1159056664272,2.8017486714544786,972.9294297739732,362.0402644222093,2956.154918772623,6744.179740903765,0.504628752965228,48063297809.94656,83913018131.21873,880.1408310083601,55.158642354237415,1819.229397211044,1185069.762039423,31819370.03215305,87064.70860377143,527229.6745471036,173.7112064875632,412.5724191603436,3623543291.010291,179736.29081481005,2348284.611335393,1116162.767854883,4155749.063097682,1261909.0363893872,46.02712985105892,533865644.6801678,25241.386966524256,475.6081917172541,1146957.4116187294,9127.714301831867,214.14207638514992,43.03729870597921,35.86661180574827,848.8329790838185,4257.564705970481,140.31571851172032,45.85067831734322,684.4690540677902,107644.32091289204,9716.774173778853,945557475.1452428,3084.8584925116083,387.85380693761954,1191.7878763307351,3201.59481014988,888.2965845765478,473421.0927659436,9729.836985045771,2634.548244725681,353316653.4634206,4991.829810342148,31.016710327437902,6.101045771910762,2462916.078627658,3231.51292171683,516.2537273581798,1904620.0488181924,0.0347362996791422,1087751.9766972498,127791.30502821092,250302.95704241624,613.7029104896097,999.5462539808434,329050.8868608752,73667.19016350554,2707912.1155580664,4.809861396265259,8054252.199197119,1502930.9841178898,94292.03949867516,464.23724905404174,23979.90833568807,993.7816286468388,183316.265535522,733776.5363395758,59.94026286342832,873.4940241054819,5257.776531920793,1689.8569079009085,2206.652758020802,64.39195031731165,2094.457958130205,1610.4115485761104,284.6794490761649,5370.210662685993,37903.26136889298,1061417.8144624827,2178.5448786485576,1975.4818174180564,1069.4065028477992,1340.465325067603,65.77031518425146,5602.627497134847,30.15325106063171,1987466.0268530636,6813.758873319673,153.89856131644945,1.7658646683739765,9103.933597436971,18872559.76089354,983.9252766642536,27.561568202055263,1079.1079693270317,1855.4581623910765,337.515569321176,39596031.490641445,62.66023620950512,347953.4107057318,22.37301051929448,141.698398615251,115790.55567837835,1.982963506909696,49340.18298849308,70.90904164249326,42895.96638442296,4.271911707377704,62333488.73419199,8838.335285478204,6.2005331112798086,50534.78245794864,5589003.649367969,3511.87476082359,0.0,29459.94261718185,21988.605368677727,59.825241059505565,2728538.7347524613,428320.437392429,218.255154767096,458.4899926706724,7400.705732732544,1528.2655649779638,0.3965969093710186,13745830.38471138,923.004075256429,15379.770592335335,2806530.505220063,39.31181123978604,9323532982.714914,2349.706277228908,4.006020173134077,193098.25263243585,4112.626722011997,6943.580026695983,2180.202016510706,516.3286320329166,24581741279.45524,17.285380836107546,8407.852451437035,43.02440646999454,2207.7284750018425,770112.424735405,30999.526025777297,6617.183505678988,9858.873532874331,111741.0547889203,16.224231387515164,324900254.7650701,2172184.9695478487,4592.700657370571,812.8699896747205,1119341.641376284,26347.47907068147,0.515328252611468,505597.75505180063,3.0531306638526825,745.2995982745838,275229.2951880646,20978.93271860662,5150839.75709561,477.4841768935013,162.497134922374,11274.628724130856,5723542.582559816,1589.6994157943209,717.6248802162166,309.7042439641557,20445.05764727766,438141.71474710776,13473.541473025589,1171.666748545862,3.523184917593583,3434.913552060978,6332.1315145591325,104.5481630566372,26825.26062271697,830.2537495991405,3668.845841180708,3.7109807040508382,242.80576992948005,3166331.1561193373,459311.31368574064,6593.317065022761,913.4891519382354,34933788502.24888,96427.96492491642,3876.09638369754,413.3228267743517,31107430.2223208,44.563000559660495,105.9431515871362,3361.4769074991523,5208.752958403803,3.5022833635200388,174.66268208086845,1803.46835926106,490150319.41793287,25516361.01734714,35049999.225759625
ARM,0.0063457555486365,142171287.01922104,2210.479126473569,0.0027861974553031,516277.49805903167,70849.27297030353,125.46802569785947,313140063.13139814,0.0065396049547468,204808.7469430908,0.3323167470683996,0.0161785438350974,551.0235531148272,3047010.54004025,964272326.7889922,1437.7962399594371,192408.06329623287,20141.16504020666,76733.4937900086,3624370.874602728,12842922.16498608,515.6979064206298,0.7414180101739793,2163813.0308213625,50953098.32431114,0.7134162537102506,0.0028703965255145,27.599434733022672,5163.163751976712,1.3884124945908098,2.1783551461473394,2041967.162119429,0.003577113495794,14.322873620272022,144620.0899640557,5025157.284970306,0.0004945614796625,526236.9081515772,24.729896996826447,726620775.2990398,10379.173241072109,51639.982394469305,230732.79484164852,9127.219309759532,0.0078283577500799,88.52619019444401,287.88128936129607,110.16562734856164,707.2034217600367,4.523704517308048,6.832196953469008,0.0124200450731317,143611.3713449454,2569461.2531137653,7428585.992784499,73204.6775500459,0.0256552953124398,1372033.4157199496,1.526138470806691,212210.9404681409,10.08328958636894,120848.70186132248,403045.69386245415,772.8770326285751,404595.95316285983,7592696.605569754,5057745.241270617,37256589.44750804,0.6411740906194419,0.9967421773095309,2702155.419856052,16229.682555300184,21.043973332254456,5504.120843413441,1572226.459777786,900881714.8514048,20820.66782992812,13.255880179221355,27069.424025500462,5916.82545452347,1829.02208841,6014742.612580491,0.0114211048089343,9152458.57000911,3.4999217262832976,187.95802627161808,2.3183085503005785,606.8812801596993,0.0252646211474791,3.4903103808307305,1759470.1159777823,0.9252333726236408,3269896.981643475,23744.09252921379,106835733.95505144,5.306341156852759,179447.02251714515,431489517.3306951,4713530.069802424,612595.1513413138,85263.21667899861,3691866.269581122,0.3887725157025485,119874.44797472667,7088029.406948403,2217026232.523153,76351.60404829998,384840222.9505487,33819.506351277385,0.0305720491250858,1798533.1785033182,27460.887338534463,162445.25696337398,132273.57756683743,579.8863929937613,112165.38530037372,0.0402558823045389,2419.09239947937,15903.852645666764,0.3929917820016833,10236262.877396671,26651.285468698235,11194871.593423449,74438.47976167931,6966906.795462175,13885.594571684904,74.71892379582337,977.8575945511152,0.0426484301688941,1133542.9255498834,186671.01649846928,264.57909014405595,4141109.3693769113,340399.33913198113,254770286.6983949,6.009801012631017,70289.76039489786,29416.36928004605,0.0034086570210689,3.1979993923515133,8682.418596142525,4442.956378401507,0.0,0.7236684773233129,245078.25506660037,0.0015928314175255,440913.82954547554,4.035970060995609,0.0095763227136558,275828.14459331136,17596293.53477257,13845057.535639895,0.0007827678843668,11.771030597018784,312056.51550859486,111716307.31286506,2.4526535347224714,0.0012871512000163,41.45787913948846,218311.59387505712,8.142249032890387,99.21920687187853,21961660.84355667,0.2963466437612623,5635459.681001294,21967.73859201035,10.210565091496706,30937.41634431688,0.1019249386385928,7711.884000977676,30420556.44300706,6513795482.972085,1735.1567591980436,1665907.1345407525,1211757.879113575,17276.707635976745,0.0354860524384417,0.3283299261579248,0.0104596796680951,2246887.3726775474,1.0471695696493446,3135.814154706708,0.625332287861923,453.9319491453935,114635.22653823456,0.2654899484974748,4210502.739821986,112028.45467831672,3.0129969733244018,1015.0296317350644,2309584.9698242787,637337.4775332811,37766777.01046258,0.3425726679403773,135.6742438121534,1743724.111467163,0.0262815904306137,786482.6571791212,888.420636949133,226467.1622737975,160133592.80715922,0.0004596533509239,180920234.650031,8.636118348974332,0.0256041965686116,0.1644618702893563,128538.65520073051,500890945.4461525,0.0013866524504826,133086.03963883227,153537.1329104149,105320.5124630401,203877553.03558707,0.2675826389807527,6.458892224727131,30991.89851914517,271304480.61083263,0.170764743901941,1131.1258911909745,0.0056545187297762,0.0128762835425106,414327.69133215,0.4897734314980702,0.0046536979921776,0.0870195243790377,1323769.917426288,132.9372424222938,6654.079399383575,3688.463950718057
ASM,0.0001643832119953,0.4682386951962085,0.5458277641210572,7.361280791506886e-05,0.0257527397238845,0.0310458406945974,14720.937536278094,0.0253567992770289,34523.13146686554,16503.98457219594,0.0093341354434829,0.0004279390268839,410256.4767028808,0.1598333580926265,0.1152726918950897,0.010665164484358,0.0665427558117244,0.0650379577794784,0.1427550155007958,0.1273455323662268,0.1380439831662214,0.0004574345368544,0.0149294189898658,0.0665638748703685,0.5574199356962417,0.0187794961896056,7.654004482038346e-05,507.8837865226607,1096.9799103658647,0.0003997270982836,0.8927916243271738,0.0432344704937719,9.8875784374286e-05,0.2911991933967659,0.2790571307826974,93.19099929831933,1.4271035510660113e-05,0.0741754269701999,39927.26652558622,59.99953051022625,0.1736922009549175,0.2177064002751496,0.9886272028599918,0.1538517671512371,1575.214825063944,108.8567600305816,0.0009340675900944,0.003564829941721,0.039809562609785,0.1211902911272331,0.6742034734967319,0.0003315274875661,0.0064473418342458,0.1599177080441865,0.8183909675549632,0.0056972482414772,0.0006977033876403,0.131484341467531,0.0402581818244023,1.7090003236211984,6.143171460956174,0.5052131120547432,0.0332782962351422,0.1951544285849138,0.5955082769312731,0.1679353356257991,0.3777129699696691,1.8052419870873209,768388.5215860121,87.74197228128362,0.941613606808228,0.0059696989999338,19.04371286075463,0.1337976225542085,0.6314610236641489,0.0905447201981047,0.1341970378512282,6.893873401025985e-06,0.1317548886487283,0.0204913241738218,0.0150095069643256,0.1114830968580785,0.0002933736433377,59.68114290326383,0.0899445470569001,0.0578059699004365,0.0009727826800469,0.1434123948655488,0.0007280540764309,0.2399146584344191,0.0855945354289842,0.0246035764792509,0.1796444132839042,2061037.8123164668,2.2920727821326383,4.305357521117159e-05,0.1696699172698965,0.9226374737496104,0.2934456923476096,0.4344057177129097,0.0117835105135171,0.3775718220419709,0.0102548041508754,0.0497684959436624,196.85029862715427,6.88558629549347,0.2582500856493466,0.3740326002720273,0.2215126182198021,91.83888513166416,4.209659211548535,0.0117186711123409,0.2562191207890336,0.0055929838504766,0.0540399799261877,1.10802154169235,0.0005101370142739,0.0003133292267456,0.0587930465135357,0.0107361405107511,0.1856845000123428,0.0052351764165834,0.2042335796013865,0.3277158925161519,0.0632127752191742,0.3039589118720876,0.0001812810860056,1.924184818668404,4.112318156558846,0.0246887892876443,0.5990551753184485,0.0003571231727903,0.6432287248815753,0.0129718165520245,7.011898998433639,0.0284542759455161,0.3850269536545383,0.6158259324023554,9.211099566641678e-05,0.0012676724425544,0.054707575537782,1067.88265036323,0.0,96670.67961096182,0.4245949387094594,19.266262158751488,0.4849902417137981,0.6365906009977937,16122.331825256348,0.0891138094711436,1.4252308708574688,0.1430249918796109,5.993657976388931,58672.21043723661,0.1200334267735066,0.6607993279996582,0.0613269489986638,5.446638185647316,495.7763794748623,2845.428328322657,61.106850116144166,4071097.408733521,0.7888433792070586,0.0079786322421178,4.76449713643278,0.0996860761478224,26.449100844036256,0.0032489786022225,2375.518285407402,0.0071858527722432,0.400794360412343,135.27179742043933,0.007944316771129,0.963489285871512,0.5819687692883453,0.148172670863576,1.0776575519038063,44.62059555071285,0.0012847287915818,0.907470284383254,728607.8295561522,0.0407616194643454,0.0188396876497662,9.291637138630904e-05,0.2902659000801311,0.0005596451181872,0.133675279281249,0.2485420517670571,0.0006739551109973,0.1010047829802172,0.0878329129315744,0.0298227363478105,2.1046467333718866,0.0094953512171684,0.0003391656755374,0.1311771944485542,0.0007249150420136,0.4396941749381389,0.0311871592317203,0.5870825286546282,0.1950348379519759,119.43412774056196,0.611843435040321,5759.80994511547,39497.8302308023,0.004429258510223,0.1490845596278325,0.6486855654962036,602.1783392429352,0.0509349474500098,0.4097319006208392,0.0897138724349924,1.2248556661697596,0.6682434810404612,459.6226641491103,16.198867836176646,0.6914911946527411,0.0004084706797193,0.6681878392758146,0.0001454380425567,0.0003396641968862,0.4267166055290609,224157.50407953933,17040.503514649812,547464.0887832642,0.1522290840111043,0.6094434443437915,0.3577474885714573,0.1827556591082828
ATA,0.0208747655720706,26.80206675633046,391498.8599196395,0.0026156508833653,0.8452839752708511,0.747123287244226,34109536.60627594,2.1810365082952368,806.8891839340218,105838341247.2634,3567575.406653252,0.01693179853374,82357038.99967818,21.124626540340003,9.439474940109776,5755.984170838156,48.97368988561092,2140.9155449349905,667.3485846223307,4922.373263061296,7.6876723521310595,0.012174927399127,3.35517356247868,5.120780285836168,106.39107673371528,48.360070854309846,0.0037699027229544,340513.4234934002,2844833.8113339846,0.779494107239557,1237.3600510324263,155.40666857269463,30958.567623344123,425212.6917808982,2375.073926625093,419510.5244909334,156.2482982349788,8.13663414260392,113325846.26521112,13498.211355207295,17279.191684898473,5376.649782887331,136151.42432512026,10768.98688251234,1043.0609101440523,25666.492927134383,1376.984337218103,0.6012020445032749,662.0751840564261,8.537941064325489,1137.198209020248,0.0162429895599186,0.1409867371513659,29.599649072761174,422.2912002662805,46.08972336550001,0.0305978752228897,78.74608986136653,55.48255773077004,49.85172648106685,16153.49827743786,8.923095412753428,37.33224976321591,5.650047462182098,423.1990245041772,76.43448807314456,46460.05647078736,1090.3778595472977,174538.87351722037,2849322.5832676277,175.4432662145786,8.07014305288082,101.94550830262658,21751.43699615667,409.0121445611434,8.93572294128173,8450.103358814109,0.0002510474420551,5341.936359173424,671.1374442331046,1285.789785864116,3.905737090727019,0.2851741181392581,275204.0664650936,295.07792078026245,3400.050349933824,4.567584133677435,6205.441016409881,353721.4482138138,66.26172500563447,5.82046306206253,2.5473673888683264,14.43338755562954,2648257.880624973,138302.26078244185,132.5013171130232,69.48362356778306,64.04229866042212,6.647585500530386,4783.023799647819,0.1849561662029476,20.983660056204783,0.4443204562952804,0.8233986190075543,1626.510144427001,1908.900530820056,89065.57611953566,37.94426472390514,9174.42882956233,11.86709090001904,537.9147705986197,0.2652745102103332,7683.143058079573,0.0610606001640173,15895.046068868229,31.510553816999582,0.228564544012327,0.0220597403691586,4629.241739680713,154380.72063631896,115.60107715896925,1.3207101673820272,87.99612475156472,9.193269367880896,3.909186968962355,2006538.6493745612,75.40751659138817,401.82888445991904,6.04836767148621,0.8261936293407031,558.9306934904562,0.0139814740773797,49827.6614964113,0.6780364632413431,1882.8225723815444,2.8230309567886502,996315.1806232344,33.23157611986622,0.0031130045308325,8684.913800583252,107149.56174284803,66038.52925026981,0.0,328080.6596077045,53.27589013493087,840.7292951393812,13401.500507167026,321.11398215146414,1143.6970810762157,176.5475159019103,3133.2982545174955,1888.6286777174205,0.8921833023400942,48457259.56034839,201.59231783884167,1717.595802127243,778.4937701047139,117.5018236625569,525803.0823272486,12859.845363034105,100.71205093750616,1877459.433629699,177.02046882309452,0.2850213557989478,372.7871085748027,4.982096865525918,153658.5250854911,0.0309785256952072,4010.720096657709,0.1747452629231151,28.583578207231803,454630.0136659845,2307.7639360597964,329.2166716907591,1225.7637734726943,530.587904194136,294.5854751749243,4881773.516702597,4982.648114061894,34101.69472483631,90935.38569922338,5465.639906105904,54.13324353283865,0.0045699792158828,31620.43824616032,0.0494924305179163,7.429285996083358,22605.25877597567,151.00465593929314,5277.556642743734,6.945495998016114,3.49785542049505,1643.867842422892,65389.79121843746,508.78983314042273,2.9086682305229283,0.0385882746395994,206.61096896499325,1591.2766919748474,31189.57786222488,17.486392562207314,16.80109771977084,28.830314365179824,76742.99762024487,4323.136428303775,23.665786892096968,5.056938028355199,20.3129736744613,32.908901842853425,67.56563798493092,231865.75474832472,32413.52950178449,169.33104452765338,0.0713537916143968,709647.2160665102,5105.944506689786,43.946301535597655,0.176839934311405,12358.152647745614,0.0054130615851434,0.0205163378926548,10841.514695551836,98022.1692999402,644.378468851238,10538.05687566955,632.6124892639807,4230731.37825315,282043.0730168045,534819.2102210978
ATF,0.0012398183804496,39.77290766460758,66077.34694083352,0.0005544159045973,0.1990614048553984,27.74317270016183,158789.123119009,0.2082138848121995,19.75503604365685,87723961.74463981,9455806.49651504,0.0031885411579191,18017625.08940483,1.2291002467014465,0.9186027823789256,9949.239634497046,0.5015052628925698,24.22641955349332,1.0193976687518094,34179.29531301143,1.081528384438773,0.0043676635534778,0.1095773686876074,0.5116662116543174,4.210162503701224,0.1356867919146679,0.0005630389700218,196.1915486822036,482.73449894522855,0.0030039721731141,301.3718559918049,10166.65586192802,6.451842345342811,84915.37511961423,9342.33113957398,729.3319454572788,125.60620572569314,0.5765023816953918,654386.3447177876,66557.17158049703,24.55287453199536,1074.474499350007,263846.64087704086,933.5237035786872,18.678305069904944,7.134773160504405,2570.866899729135,0.0264633621747877,0.288441789016257,0.8955746434694916,580.4623075551353,0.0024772899008242,0.0504119459923395,1.2135976612245838,6.140100251289331,113.9700878157814,0.0051693914236707,0.979540945735641,0.2936230637506377,13.52761371450061,2.073394440136465,4.146987401797578,481.7357026338878,1.5845838999698327,4.5584298582484575,1.2736564305855165,175994.71303067915,13.808198549727637,4290.955787645646,3669.9635370443134,7.158453163089916,0.0445370112632552,0.6332195434313143,731.4791556886423,4.703090110313475,0.7161411353359026,64.98664027068372,5.07291676440369e-05,1.218619491633232,0.1470621917018441,0.1717539770945022,0.8645881587998699,0.0022110331625009,461.0189508302423,0.6480204978457623,0.4352960934573732,0.0706430823089509,1.0850476901441757,193857.7615177073,0.6606186156917255,0.656717606613637,0.181331791876452,1.3967715613605023,1106063.4083728453,810882.0937599005,140.69638437906178,1.2644136124733585,151.9518765896413,2.349814102008186,3.225596821264453,0.0917058058024716,2.94138189703898,0.0749065144791969,0.3926960008442732,1337.2390615648944,53.35226123827416,134489.95025384793,2.97711694941038,40115.07668752837,0.5674056897146285,213.43736826969769,0.0930150589607536,48745.85869323385,0.0426423105259146,0.3886494651498342,8.991604798224378,0.0038379929850203,0.0024746301841332,23279.047847045174,1312.9828166831635,1.3993179518305348,0.0396760648589694,1.5429631191455488,2.5819082900626515,0.4797169518835671,1355166.2394299912,196.5136808285866,14.1941859781301,0.169497547717226,0.1960935832165888,4.509299752351617,0.0027997779676192,257624.8564526176,0.1012207718419808,57.356848943738775,0.0068730217713384,256854.08866872345,4.9146188181571215,0.0006809578492044,5512.595301249217,32306.881801860454,50829.49375819392,0.0,22703.813910009638,3.14084301664014,128.99979153258028,572.5666149787513,0.78236087642437,79.36827141570393,0.6623064109792884,10.682061967279736,7687.8794265965025,0.0001628868638432,3943778.321542032,1824.8318116098217,8207.852485501047,0.4490155190405053,0.2548199694879483,281.7221685252873,23859.628939865648,10.927693322348748,180835.00996291204,5.911279256236224,0.0580045682634087,3.113958120675163,0.7440815243063068,86.97994819107655,0.0248573009415233,62.25859280002049,0.0578030958859835,3.096978531177754,1062.685281692197,7412.715103134399,547.885558112981,8508.353565682975,1.0960511155634105,93.99317549301747,2252.8051900260184,0.4906691613983288,6.70065288006536,4358.0611353281365,0.2960345866466515,0.1183453141900702,0.0007256986046852,74803.95376660617,0.0044234363281585,1.044436218775735,90528.36876876734,0.0123420871486103,0.7612263396108822,0.6781102740878406,0.2301580972947485,16.015043567635853,4477.143305980855,853.6863041702313,1.0080780357107726,0.0052567985251261,134.32905065193896,3.521052777940484,131912.20934224143,1.580951929828382,0.5402220189646298,4.792807091098256,26979.69534388268,167.6233373905368,0.0326616819669882,1.1670998183007533,5.113804248955816,0.4840556085012545,1548.2415049401773,344956.78282318875,98423.87873119372,9.36242373010014,0.002204595360266,1121.1392581142152,125.36347826192136,5.414076417225852,0.0030292138921835,4.952944847201198,0.001097178975846,0.0025143033094747,59989.90196462427,6204.184754303748,11.441566430607638,66.18613395087574,3401.4561966407346,108000.17862677174,101016.24329977478,81945.94422936694
ATG,5184.993753433228,2175.8244563428752,1.3660975175181316,23752.49335575104,18374.7497365966,16.45179604718214,2010.021594691556,2756.287620565343,78.90609813293389,11316.03494365698,0.0219265667617872,192022.63313645124,19.79460248229787,48891.42936709452,8329.165006878804,0.0262770692810363,24654.69239986688,314.89646247513804,39.3684081111288,0.3034089194180056,21542.700503634984,0.0425038341121296,378230.86660785787,26614.387101926462,44206.80581760099,1786043.34051935,1900.7579016797245,223518.22536164869,1594297.7621157672,1165.3953336775303,0.0258779747550761,0.0994415405834061,0.0002370400303846,0.7117385080391525,1416.6128044389031,8818564.132547949,3.2772477979392534e-05,39261.406440741135,1.588275009438521,1149.9464127173503,1718.5924283619188,159.5790446371025,2.38407412183805,0.4051852762229806,1.207685247691133,15870143.359868005,0.0023030212302925,46.95740099233552,4163590.393068071,4540468.004490919,0.0002852882645072,11565.151503097266,146.00651505982967,33735.199784478435,205339.52151576767,0.0135747047972627,12000.54983766377,44666.253117586784,5019310.245895758,98672.27639821496,2446184.235701617,2458.336424039342,20.065045897045785,10283.389994066049,451306.6470638749,12462.042152324007,1054.3295428094414,75063.9177556585,0.0487275761261159,0.0646265693223311,388102.9863008649,1531.2851904556155,0.9671373777754412,0.3158926606655587,299997.244417936,10399.384465131663,888.7618658188362,8.185849187429994,1229.763950790023,36.08789277956885,0.034921661973982,24183.391966411345,587.1899967286736,297748.3525917408,8974315.981315365,11151.175569770889,0.0023321022766444,82943.62562438381,0.0016741624639378,9451054.349567818,21436.830875759668,2004867.1314917805,19152.619536894847,6.6815608393876325,5.457511040636163,9.95723967358586e-05,94814.1176744002,19822.835086428924,9325.35422499592,106951.64085957044,895.6080367754007,138197.76090175117,761903.6633732319,574.9136787601497,2.4707413601072066,53664.13864690213,0.619740919150888,1936.0782760896784,0.5161766787042441,239.345444487757,0.6114194927966659,2.9107347796591725,0.5942055135078386,718.9873317492147,394.43584817443406,8893.91494911263,2309.9909029379487,95.4171874029562,0.1414704430261633,0.0255559494726114,24916.252599434825,1608.6278610124718,28883.563003630457,201622.7913848858,2219.9845258225646,0.7294809061109034,0.0004444243163943,36970789.6280248,10.849977899619278,3412.4751168837174,602.4146257557419,29.62607834022492,1.5138835874159735,8763.022563701263,98.0201503056346,0.0020580647598067,0.9352690739883904,3257.208540728365,37433.85782909393,0.0030374959362372,0.1347903230055478,1.2893811294872537,0.0,0.0498391587564459,169.5503025913658,0.0001095702454136,549.3292780862572,9766022.946371138,1.0954978777081124,26381.16058589355,208318.80244133293,0.4348534063710403,0.1037002957564254,0.7523231357372451,1.1295878600638216,157.25624568811156,3772101.1547111273,8.488038732668013e-05,2887929.292550463,1.114957807073305,0.0018937582243845,1.5231307933693343,99986.58072732008,2024798.0007590647,0.9821558271619004,153034.44452429147,1560.3589794391037,478.6489553792347,2.2059767083560304,0.4889047955934282,33054.06927400868,555212.5339469303,0.0189661464730217,3888.4234456604663,414.8237719889976,436.4638479612785,0.0022729508724053,0.0205757552427495,0.0006818714969618,3434.3165128441524,0.593652646587945,1348.0553256882986,1155631.6325012443,4.263314064592123,0.6915452663423927,1306.0736058801413,20417.61336958976,3.054251847735991,0.0015888155492662,18988.07853018557,13472.526539412944,9560.687435805932,152153.8999568485,0.0223519556304907,0.0007882696003503,2320.41078215182,28109.27596783638,711.6608605012168,288.1964365536308,1.3749103739318311,1526.6506964200769,5.741589044278953,9332.772902172532,0.0379029038138654,59.40205980032617,5740.804512141971,10251.932371053454,97248.82123876808,13.291878134062015,0.1171775995463182,0.9917725335993716,0.2109482514684137,64224.51916583924,212.17294588418196,233.34267186795591,51613792.38617368,8308.626795954344,1462.3279080316424,2923442.979400264,33456.96327185631,98644.12745666504,0.98983806263155,0.0331988797220497,38.49255268438765,1079.3278778344393,148.62322651394473,1.4216379594711086,0.8870137262172784,0.4474327367888038
AUS,1.5744376390814558,6359.284780160168,36957.30187619197,0.7000785787933809,259.5778858847033,390.256900799418,306022413.41104424,283.108992934414,109336.94446598952,11235502095.356625,820626.679820132,4.025275863662572,1011923443248.6088,1604.4635149201854,1221.0120603299742,311067.4804146388,653.5720110056693,683.0332148824356,1257.9030921156575,6431084.00406028,1417.4626733783516,5.258336275285743,139.44846240446032,668.3654535235754,5471.236884415945,169.9780817174846,0.728424062207758,1199102.8913354082,2863905.1920228032,3.8147984161740656,90940487.92009217,1817051.6015082295,4739.129220246806,326809.03192032804,1030751.3760154084,1452505.84766364,1336744.3031347855,760.6501956975835,1380758420.6663134,214461279.77476695,1574.8089828847485,49357.10410239672,5084162.275498105,42305.51134206949,138490.4055981333,23706.89673660615,133558.49328293788,34.06479622515732,3682.872162200927,1139.100046666126,16326473.41668954,3.1248557643444568,66.04452601229626,1574.2103163780569,7957.203057020698,10686.21969596516,6.451751091501381,1276.423106456308,371.78821154217786,17482.985283691178,79498.80785707585,5675.342402752485,12918.93921288926,2078.610999441792,5908.889165496221,1646.6933995780607,15479832.943090914,17955.15754958499,73572274.56420378,7335593.05634306,9300.285929817142,57.587229983128026,1707783.147299812,7735.893570278974,6018.8929822634345,945.99727488908,1228.4099198075378,0.0641261966948981,1188.290892235235,182.0858518683828,743.4327671296276,1130.101823424853,2.835785779629654,601699.0047076995,822.6217277777345,578.3796764913884,1832462.5654569396,1493.9807157406926,14959.11773743016,1131.2352283875553,858.4214365196937,231.22279097084137,1827.5355530351724,132628407534.9601,64872777.87836546,514198.6331325392,1621.5527345077264,13466.774539085489,3108.25582919899,4121.061207271709,120.24826400068176,3852.5181274845054,94.96794270746354,529.2229237717578,212455312.7091228,69569.83335052036,11841962.332932789,3983.9107929219695,203630783.1530435,31706.17963327049,40198591.89937271,120.85516593952924,67323751.44911414,56.13091257141651,488.1329960985165,12044.155645122602,4.946895561778089,3.25292187123695,8568406.544699047,7519.577420975454,1826.8770191403544,51.60086494278019,2001.7103099889864,3352.423473093594,621.9884130243466,143070578.76437217,175995.90544055632,24937.94566545792,96001.66374610638,259.31492397919897,5697.430275355561,3.613777422329966,220389778.21310997,131.09895066385127,106575.2288321729,1030880.151887834,9470911.070974022,6485.386713158294,0.8577835202944644,1831852.013180213,1526617.0381880223,6697637142.948662,0.0,328091026.5791132,4001.07371992899,1148675.7479629775,22716.099307441324,2344.795801832782,279420.75954388035,856.9491241650244,13751.824247911947,1171630.9810627324,3724.027060110985,27163723579.35908,9337.273020228053,134372.73432637745,2684.4173958081096,7535.76871458651,2861668.3912372966,2215284328.6821327,7384298.206741507,29034554263.97551,7633.326710894559,73.15252496043645,12979596.82244591,960.0536800919764,342391.7356311651,32.43504141995724,422289.4238340318,95.53013294838264,4047.352529163024,17244184.80362205,126989.57739448374,34921.331077442774,807026.5608212323,1414.0214281162334,18331222.98598387,4005746.174229778,1840.6549542819405,8540.879490425708,431414437.0771395,373.8437554005254,177.31551673115575,0.9502247657661512,17873629.78372945,5.668008870815572,1365.8626755531848,4626955.912227289,6.979000970513101,996.2046013500568,879.4672469635044,300.2128612221856,20828.144914468638,22976.439954451056,291780.3349015086,1332.9123997734134,6.605717631294047,14468.241358789017,920.6013755134654,451541666.1798149,2147.806719537154,8048.84595436485,6322.758678322924,2393695327.774558,1926737.10201448,41.98696163454324,1509.6716368892105,6720.636868260332,87357.87141490036,26033152.82806767,20073244.779209264,4701590.625280316,12181.29694261708,367.6167624485036,1928891.1108439416,212929.43984425656,7123.720265298904,3.8504778253767458,6356.052681160443,1.404289828828651,3.217315984550102,254698419.76300272,125603740.56663471,287270.31578405167,2490575.633275336,74146.03643137982,630469.1655196549,1519832.0164358576,1746687.0246925107
AUT,486.99987637266486,22889580.22112227,71493.87782799595,167.95342600742237,84771727.35454524,125061.96543816572,1054.087747923026,16218520.597868817,0.0161221561746449,508740.9679187574,0.820127978169128,1064.03618633942,783.5765264524281,3775743569.189464,28097063.321604326,4319.482027984824,51906152.08356953,2288343.320794726,7067863.648924058,1491100.808316713,329757173.9402732,2165.3393041029485,1929.0333743482463,569601826.2959433,1058199380.3034312,5164.6183307226365,18.25699126518017,4842.1318715138,2705871.771218461,1255.2769232677756,154.7790837954044,878900.8006593662,0.0088595352611946,31.19011888035974,4644706.509324916,51774990.520628765,0.0012219045318602,295507714.7394686,61.09248057587204,133880373.6161777,1282974.455975477,7154612.02057162,1180356.0508362218,341594.75005685684,0.0193818773650953,331868.2419029494,74.35193023690078,42804.28368462689,19435.298841752938,30254.96407408165,0.0104267953081489,164.26699335482164,1778238.5227876457,1907744095.1962628,2302043071.294857,307939.4854703162,736.2271861586829,93422977.52325192,73435.39148737378,78852735.63091233,13723.84875843164,5170891.040944147,4036792.560818967,1001723.9686444728,86080830.85164726,138809296.92045927,43979859.47024065,549734032.5088574,1.598740146883577,2.4680376261034738,587927126.285834,485467.67041289806,0.1778515303538784,358503.0118124982,129903836.7914764,80997713.47938909,1788657.0482488545,503.9515682533384,4250676.043838952,513542.0257684952,80659.15234113098,153767359.19384855,825.5288123821766,226223193.1909065,6674.145483895229,390267.94513787376,0.7721249517611657,718631.8826301442,0.0625718559316403,18943.459225906696,753088709.7669729,20790.135836801943,1363347494.8837333,951.7308497033306,29904905.61037912,2.6962945337493163,20794736.608347416,83733997.80281195,17582124.35689976,21101565.568218824,1510581.3529372737,1885591721.7158215,16502.283579300358,2158253.733389391,1888137.5760783248,641119076.947815,48974.81972825445,48128082.31740233,708.766571577062,0.0763513521043841,350645.78025896486,150008.26940867817,135878.0962348712,2429222.416458547,222680.12919174915,21114025.052808456,1946.3332685468968,2130117.62582469,6791.669421050986,0.9724055046011556,314045250.8092866,5343004.82122767,269507046.6024373,21441566.952210333,94119662.63274024,11637.051380696852,24.412005188067926,38419.056665410535,0.0429150215002465,61595286.14574236,25914732.606977515,63845.85747501254,1758063.8717368273,74654441.45315886,74212162.32211709,1.513179614770058,11272.298527064637,8441763.835798595,185.80885390144977,16.671853685839775,1037.346373053657,1170.9031265322035,0.0,1.7917827587973063,43108106.72124793,0.0040145304807026,33651007.62973177,48886.99252875461,0.0238332500666729,51112552.89336228,442595458.8679869,2527440.3492404427,0.0019223149784437,29.30434786950256,258664.38083466337,10578011.109851949,43756.95624176995,0.003225059829758,51460.845345293485,12904.625071479984,1.4745684766278258,59.77132713326265,3169878174.092561,21343.995470986883,2015261.8461486856,5327470.494098636,715.0010289444587,508524.4176336657,0.2529870544591824,34747.28158645058,1350030694.284403,10258535273.34768,6123.780243299193,12730391.59223821,31998375.583729148,3210233.185587404,0.0857606321877018,0.8172298765469094,0.0258209255558696,22222909.16251022,2.5888650236335065,586049.0179331154,2752.864679186312,383619.9565477371,694371.9817760246,1705.086940291551,520037652.033926,1705226.039731712,810.3545682200038,524769.394985238,1021789346.9948996,637081590.1452274,726102958.570208,0.8512500964233709,92.5891038725296,16220567.330777964,2740.4994967624853,56197822.78338308,673050.9193059165,71439.78742659769,17447201.99235134,0.0011507669490695,17546225.433415458,1.33009711931075,0.063494679436296,6761.380420535015,25078911.31472256,479039783.8158901,0.0034252600149269,25674.68471600627,37172.59417864354,63126.62993478148,1995904066.2496176,0.1140178613955829,15.896339474948949,798963.194580754,29270370.71836321,1501.764463800998,1736719.1643662164,104.83504065338089,294.6134491458355,60704.06511388549,1.2177327251812806,0.0116968471976957,0.2148809830953553,5571016.554668003,52.49020614618239,23190.397980160848,66.11060595707258
AZE,0.0166983261837003,467102705.7688528,1738.325397120372,0.0073979462733255,1860950.5921706303,243891.91710344664,329.38216142227884,418722337.7431426,0.0175302764750595,528932.9827758775,0.8847689677632986,20.06599272318216,7396.190081960926,12066806.813648837,2229098473.867589,10958.287192265769,1077098.3225726993,101815.3556270331,207274.7638333618,14848532.90064873,45804823.57016445,2982.790304018144,1.6126117968315068,7988388.190223904,182595916.4738028,1.8699561066050707,0.0075160031335621,75.42730093591238,40859.77531143408,1.7901942387435383,1687.7537165735257,8913651.629698483,0.009472503347979,558.4487899701184,436453.7311597024,22003209.611266047,0.4004713892851441,2059728.0239110317,65.66275054427592,2464436039.1523786,67358.89913680294,224017.5170216677,466911.231740709,16664.30896735959,0.0211941952161833,1677.1059284405765,892.5679855923561,945.5182647289856,102.84577795105103,11.977140571529256,13.241832155337876,0.0327053668161352,360260.79509303905,9571216.473092722,29472866.375714637,162787.2310685474,20.432677731325644,6404140.188032927,4.468381112227162,855958.8487281766,26.91641583249728,390529.5708919807,1173740.240078338,3887.279052344335,1561403.6815411586,28207579.749153763,15944790.459557248,131917596.8122694,1.7311005774410069,2.636975407721289,11382630.274454178,63194.56634992872,25.81483594695525,12516.88056041152,6907655.731871535,1322868223.7512083,67859.76368044392,59.51257416157807,106109.67839247384,6815.457378525769,1292.706319993216,20934116.712774225,0.0298615958142534,34016813.727796115,9.11283965257571,4316.418162024029,13.892975362289778,2317.06169301934,0.0676174985922433,9.130234590792618,5758436.156605013,2.442727352687399,12546897.416706096,162315.17292897505,383338452.6258437,50.30376974464217,1020015.3728895186,1375536818.0345347,10027496.0011994,2562966.7840753547,281491.8383359462,12935869.653784372,1.3908930335627048,442416.7549765369,32092474.41609312,7634873013.963287,270211.536576464,1213946047.6504128,107285.44556319674,0.1006868458254421,7331431.458927266,66684.95307588472,718317.9216246526,449319.8292877972,3467.791344815332,367888.9743157968,0.052685114660008,10486.553046910523,125670.41451258952,1.0410245446786348,35920078.89716035,72872.59267738856,42175815.78136913,282826.08004085,19227215.53052101,62076.92006543482,116.57024047044014,2588.8955256032013,0.6321079044366664,4793935.693009017,589969.2051615212,820.1018771934796,13791183.258703724,1346911.318725584,882215977.650804,43.28803135052216,172869.02250217818,96399.3728133712,1.2516436679001686,4.32990667286944,17734.18626223168,91135.81416815148,0.0,1.950628359108267,651275.3024586828,0.0043258965597772,1300759.338388995,89.74649050236683,0.0257637825753818,1474792.4942953466,77705656.71415243,48736704.819322616,0.0020795506036108,31.159915384090567,1027166.8546899726,373761825.90141314,6.240545972229842,0.0034223231800962,8715.54048608665,548773.4067662817,17.829100380031647,2722.816569961926,77494511.13367566,0.7821485941208337,23933840.79932748,78569.81614045872,27.51641988256465,116815.99910003445,0.2725045181810583,32843.9174706791,97186914.05851564,21935097958.509483,16051.113852372426,4196377.493776723,3625620.198132263,56073.1316626484,14.059848881494084,0.8715870249985935,0.0277853998243529,9648966.87400832,3.02858887634253,31868.500917941,1.6257342367428436,3175.9421882834285,417155.9645615045,22.743011799314388,16169753.02507044,304420.6279976915,2.09459858661446,4009.0945585279137,7864423.945416732,2265508.820666748,147067848.5700312,0.9113940503122606,479.2887104512316,3798083.6570453895,0.0692779725767707,2939264.485302576,37535.855303657714,746821.2948046246,511981492.0705204,0.0012401107193729,654530661.7883126,5.502913495926798,0.0691340499219066,2.227316149230771,263644.40750154364,551768535.6336054,0.0037041123509236,364113.8394396068,514420.57318477024,198335.56173808844,629108245.1048329,2.4001568426421724,17.122001222818717,225769.5756722473,938516188.0521684,0.0509254320156138,6246.582143194612,0.0148027964590866,0.5774055671369069,1092634.5784457102,3.0240210526476945,0.0126193963361942,0.2334288929091457,3950594.755301341,73.79727677259235,18568.53940216464,1224.9208095039933
BDI,0.0256908057217515,916.6126990920272,359640478.39187616,0.0113800076668297,4.002189038657434,36.175141242542814,493.4368361434425,4.131377307802666,0.0286107491581617,708403.1351650383,4131.081696525925,0.0656697980935021,1260.2669434674376,24.839664020943477,18.288807395327808,613953400.5767441,10.236709333314138,4039870.3356305687,1047255.8256896958,189341.60660035248,21.627355969199243,0.0765538472549227,2.238050440797295,10.35047427675886,85.4899466340998,2.7532022169325643,0.0116401436621913,129.12967831817153,134271.38775197044,0.0623478520074058,1.6184029332762293,80417.64082433764,0.0147133919799671,1922373.3322780577,340975020.05500185,14560.003028540112,0.0020975385034489,11.603821677698988,101.967883317677,181366.49900169807,9053821.714050485,178235406.26459557,18889552242.323196,496584857.8386462,0.0351942190410028,20492.700057470563,500760.7659435868,0.6740454586717135,5.9407847782279966,18.365574267746418,2.277142264740178,0.0496016460052288,1.021548142003212,24.533458662499186,124.83807139620218,17112.521372805895,0.1028993012344017,20.163872277277516,6.003967523185906,6380.535190023705,42.21452209474382,524.4841828693386,1089411.6076822476,30.79691476659491,91.69833123896208,25.68218218717857,19733426.40130415,278.7089960325302,2.8179911151099013,4.103946616523501,144.99337192402953,0.9177170450693666,0.158925218945038,318180663.4610032,95.4340379108169,14.33084608244032,10159872.504099973,0.0010067738301131,2010847.916359929,32306.07457456691,30919522.591768503,22.59865497435897,7.402531428759062,9211.424361324014,13.244166083720504,1066.2767120511394,0.144549998887328,13418.396481638878,0.1052369879828916,13.51548709101014,13.286235649712417,3.728997773828951,28.07054785677799,2217.5087678752097,2755902.579617586,587.6880544314661,25.723958856506137,2949.502671526823,47.67250820675069,65.36464650196035,1.8675137423454655,59.08841220169885,1.5280752251244394,8.040738266086194,158.53272495625563,1072.0807916241158,25676636.822706603,59.40553633656725,67.7315945917806,0.1296444265200484,39.14323178261007,1.86223800055609,25630.275760660148,0.8706374107682677,4097085.267180629,3026.061892682641,0.0799825625219909,0.0494239011353556,4541.153389243681,6836.276732906842,28.72581747891036,0.8036660659188328,31.25841142597627,60.14542798473879,9.676898291195648,45736622.38636689,0.4595970630408574,287.67258768248223,0.0462403424086499,3.926656059048497,568448.1069249148,0.0559585882838291,370894.4826981719,2.0195658009522504,1115.2542397466636,0.1282016905506111,46284479.94146617,15040.666259849442,0.0137959576240973,96642.03511457144,25929205.68870411,82.4592698780342,0.0,3.185962020531214,470440.6304982159,0.0068071964356022,67814603.02782212,15.927385024522806,0.041489201656077,13.482746079920958,216.3389072698621,141367.689628062,0.0033719975640451,48.09473605988279,9426.17307081974,71117.99417967853,9.257686902837378,0.0054273227374039,188.30660916611265,71.27591438742759,0.1187719877273423,98.2653371933852,120.11048197853268,1.1764086176075068,62.59560770123983,15.171740684808896,45.46121491406963,0.5063482632421028,0.4361492471819375,1.183149359615456,62.26089629919607,21157.69827643304,468002636.55661774,24353.414689435565,43985189.11428756,52249.742297014585,0.144347022664192,1.3445284093305574,14.594967785311384,135.7560638613965,4.538126894867432,1558802.85145985,2.398607517723576,0.0145337486956123,59559.66355991687,0.0880104469124489,20.93730404292745,214890968.8449269,329700.76345974207,1551.0343639072614,13.567943748059406,4.610841502104904,324.0569147057374,51376.75524804269,13570.087787901186,20.534089520691,0.105154514291371,25416561.2851186,2754812.831466773,20005.127164777008,31.53868730819562,0.0020135690674365,97.15449676425294,2.47188676897116,0.1134371305408059,0.7654402037102273,23.458695498607405,102.55093972290874,0.0059685005137168,7.415776233076514,3003598686.055556,328883681.7312751,189.39449496251757,0.0458458377718713,26.70536423371135,2514.429313687863,109.01552323453204,0.061874309347047,24673.61576930621,0.0228342354083395,0.0522863542144023,592.4136670970726,2.1432163571063256,0.0201756988672412,0.3810107509489171,110838.36446086151,1388088.8509848528,208719611.60949856,4275767.000928987
BEL,175.28636274766177,3736280.809502983,944.4133531661952,164.2072922222651,7745464.581778765,12138.524205318576,161.9797223532707,1666837.4028714374,0.0051879108851977,157915.04238947082,0.2622793685233198,1546.4696483122534,247.1080513889976,198353613.7262764,3724539.6937254258,452.59989676902,276582948.5581284,119506.97331650482,326731.3284395007,121927.00783176615,27984554.209294066,374.7771451875997,10751.027694387776,29935132.022816896,183160540.06127092,37341.47326866498,39.08054963243283,10317.08995368966,2125227.827060065,2076.0517581086606,0.316258539357932,79603.5124258551,0.0028295572160459,7.955225425216739,323528.94751751464,45696054.44344039,0.0003912065365625,123872153.58437727,19.449615555518704,39547181.65499234,106945.69834111688,373153.53584066447,104096.48264835184,32661.032753575088,0.0062582018727876,1110208.0705776024,2.5000359023852,7095.503978074863,181896.8932795601,117863.68346795572,0.003315637421565,251.22073953238475,226688.829030931,153310422.14665818,1524357805.5452409,9461.8015870135,1321.7957184262195,153697585.12187755,136410.90516585764,18910204.668764014,54388.29531879909,572653.1894752785,213045.18585098203,213346.6831933609,104095194.56188372,72350223.19393158,2676192.582126069,517201645.0281568,0.5135475728771759,0.7837551884819476,661897996.2241769,738992.2019100189,0.0308458870178518,42100.517040103085,259312765.5380976,14390240.15007896,84515.01645482828,294.4506445527077,300225.40115564986,14194.080460653233,6887.033792791137,14967211.484170254,1623.67907784204,252416159.96122816,199253.1194431877,365166.70648976846,0.0332646696590686,709834.6168820629,0.0200575106517675,225764.44392717385,27624861.06633779,61527.493438144586,49529454.0025953,1554.7894647343933,2282471.2378928307,0.177569091631069,35916428.26108912,10467720.523187565,2684169.264127979,47533663.471677735,198629.8733029887,158617473.21602097,27159.34403821497,267180.8430956029,713624.775766294,190446530.4456052,3754.4767218026464,12531987.478065908,1047.4498978997417,0.0242164568869203,127071.53625074294,11786.528107868971,3197.230207479729,306617.1036102772,48963.68299535745,2590289.884357476,3328.36283618724,798475.5530052185,127.46945109844576,0.3046037947791831,100287197.08559036,20220163.155265808,102214076.30706468,8989108.049547505,9547695.04547672,1645.8576506710376,0.0694413082507833,355635.337625308,0.010507418559523,4543599.4483217895,1339025.8301252378,11953.792943954468,113281.94025777312,5507786.312725544,22389601.48077961,0.6208725715972037,533.9596125173417,677774.1529413139,310.3352610496804,0.0690400250211915,97.49111882724078,835.7924507437164,0.0,0.577959368018365,1788655.5497657382,0.0012863113040566,1290094.7438594075,339474.50802270265,0.0076196871132196,254781593.59376144,711233926.0540247,325274.8567495836,0.0006139144481949,9.288222586318716,24821.27010472717,2047865.8934367788,70227.55935008691,0.0010151877114967,90559.9332377683,4373.979134306121,0.0245267645402833,88.56214105810727,545173474.9402218,19438.53478594405,511523.46018167527,8643399.366308607,723.6068982948783,64591.62825417146,0.080769273525227,2842.167155991745,113126018.35888186,3572226647.222029,392.15704860491456,1255171.682678925,1453589.4925878395,133398.35272690147,0.0271634227873391,0.2582472673680076,0.0082313656743906,21237089.29834435,59.47907901106335,65731.10366388402,60581.84954901389,26709.216468811035,36794.18355265925,2312.757109450642,35349485.78789592,128737.96442920274,73.35425982076848,682375.7066808208,47233271.11657715,14784749.435112951,862389882.2049695,0.2707352049378073,2.1329738396660387,2309994.484691359,756.4530437140049,2552982.349511874,51463.417297365566,2271.47347585807,3473923.128774311,0.0003696226134479,3504960.007911801,0.4306558751200953,0.0204787597782853,34577.84981016102,3916334.839031277,61993844.780625015,0.0010958575609194,3385.1450049356017,7521.366335180365,3908.595982592514,223619916.95310065,0.0794125535610028,5.068009689451571,1633767.671924216,6048491.099196925,1604.79330458997,3397453.901904168,870.7518182471395,1121.8973019935656,7552.67864048144,0.3912283065131028,0.0037495486460182,0.0695135588481434,333833.9644314387,16.847614020051616,261.7510283098232,4.841905296143938
BEN,13967.466523269191,15729905.421935886,100859.56045030148,13879.373185444563,22316869.656514157,216845.6553734376,286876.44087928976,4227700.649575777,0.0768181984212375,2124087.8868160094,3.891059329446705,108258.7061222931,3513.4501927569654,12864730.098325225,7494693.532017775,13977.31612739403,1561553.9139892762,6929413956.06864,5668246548.069582,136497.82502129386,33187558.340608988,3508.023950643068,398062.9126312893,32944722.91368379,19911893.07119002,1737367.8623638134,1046.3457135793178,14788894.937577698,1153078155.0904062,190360.09700860828,4.624976708283839,167814.40334837776,0.041418782504067,118.97251138684013,48253412.26803143,2554871.8633522685,0.0058250575293374,7736964.621879225,280.2883664553556,4064314.454131632,5160592170.115471,216397928.32665431,4231898.9055291,2676934.0102206897,0.0942840709189472,109522478.44759576,0.3901624727390667,6937689.209722135,7551481.607407552,4001903.157094277,0.0497858529046055,13446.620585559416,1640859.8711477136,8725061.64166853,17341940.380074102,9345.637091964069,171231.1194010065,797935.9551256212,4380406.110407088,633539102.9078661,4532631.682035661,9307338.427931707,447689.9233087635,122883658.0059516,86072354.54590373,2236226.5976245203,3665632.707537743,5559913.732628759,7.588436205739874,11.485351281762725,79255274.29978721,2917.7362744803213,0.4421518074811846,7571878.07811681,2988817.741815754,12960779.59008167,6067081821.276655,681.1266567429484,5910427596.858504,352518706.02746594,3673610.2076784,83346280.80567509,149852.2015650603,1148383.0576621897,6787467.267289229,111928641.94209445,0.4135270999271931,167519220.2304466,0.295740894898568,8894821.439776426,26649842.30811123,1848043.3072254884,17192889.06848764,1182.4807665001072,2893693.8362648045,0.0178429992664115,295297.5064313309,91131189.75513376,17172795.36483996,123146.10096088808,1142216.8984164083,159640735.56493622,905343.736029468,3712750.47152073,773.9205187681922,24581289.19937914,33154.41618282577,3052413.820119799,97.16089614073272,0.3544584054227538,714.1014722003172,162885.88069158111,58557.362937589554,1216345.1038348144,1581245616.475789,174753594.47002894,187437.0817703204,31720.509108574697,25.156047570685875,4.440441431145569,4183832.599619413,100159.64294852798,4678823.293930749,138355176.6408254,3923318.60482155,126.49333075172704,3.044231174401067,17704545.048208486,0.129599887782902,10346938.741865316,6392047479.200192,237543.61295263097,150803.17291156712,18442619.16401493,316464.4871086511,0.3679106805246639,159.82660150778676,935768102.131372,21223.6707374854,0.5392736685279006,22.50978890520692,232.3869508028504,0.0,8.600425166721827,2909290544.8668933,0.0185560304974856,9764959579.63532,16972048.167471692,0.1124472896399311,1157359.690250212,4293851.297608181,486096.7434061032,0.0090707423537956,133.40977281334244,198092.1349505769,3961160.313349681,6825930.677427825,0.0148792475229591,16960964.72105663,21729.322393098715,0.3446630822893336,262.9261237874166,18857447.110532105,1746727.3176869852,1827.9208147702468,3915226.373919874,783970.3658470041,292943.5990324971,1.1874576088942352,80849.19272111612,50084450.799449146,202191238.42605,38711.24778446957,13192254.331737356,21774475.98977883,1068405078.6161348,0.3996001426282132,3.7249907307941226,0.4278440721681109,107751.45331019563,12.21316858258358,1650838729.7208738,881685.4806025494,20037.66752550192,8967.582775900535,2537.6807579019014,27370115.27575265,5407877.326811838,90906.17363275812,143943243.76172522,9747235.0017664,6632784.770651621,10350739.921360064,3.9485960165206606,12.288513310141772,8745106.297809675,37624.182451186,273450842.85781854,2855255466.026743,1873.3511753471523,3511155.4688642407,0.0054208556372476,8401525.880591892,6.5227068485948525,0.3044827299129072,3329158.257884648,76817506.2740789,222807575.1995403,0.0161105316688132,143.62236606485453,62628.84045443981,78722.80758827187,54013918.3814301,0.1285930450502058,8417.633403488026,11603692.141675664,5789827.301432558,180101.95039759576,366885353.9758371,26317.88224373269,63466.10807894333,163293.03720559046,5.7832091871568405,0.0546078891389557,1.0206310735987714,432829.293435908,247.31825717771312,933.3121681482554,75.29806767455777
BFA,88841.72010745108,42717931.08153473,223531.77526625688,73721.8738549691,64685404.51170056,305625.67325424904,2641398.434385686,11819067.906868463,0.1394123749500048,3976217.08782106,7.108108279428769,542870.4753041256,6521.836388324909,49271654.18168983,21773435.459577236,39012.83780817264,3084558.901750484,975431752.2645128,18938246983.61716,476578.9853235341,88956325.95351332,18382.438745853666,2710137.207555368,88935431.56894189,60317488.38724502,8964668.75855281,7124.6064100701415,60653900.22522825,3489562697.4650183,910025.894786518,8.56284783622489,407082.24601154175,0.0767343682549039,329.2987458104943,10897017.00653463,17854229.382378627,0.0106524629015174,32756046.61633272,512.389476864029,14605194.475380754,4584966451.816054,52841580.10440377,8958426.313532725,3902117.5591094233,0.1720793979648181,478927348.684828,17.26063826789095,22847276.33348112,38350983.3399891,27919321.186197467,0.0912095316836811,83439.48408673941,4009629.77441396,29785594.56921995,66042021.74019776,14929.7745203868,1057698.6720983936,3297698.035709381,29142183.39492198,1621189962.236082,21676071.02398763,20259473.335307464,1115085.472961638,392544687.115935,225292932.41539463,7557728.255522742,9277568.04194543,17021456.78735002,13.82504348264852,21.22029335336304,215427486.8357032,13947.09609495863,0.8187922486946223,5612235.800537687,13058169.991410118,47355231.776866816,2542731779.720167,3245.3795798758074,15156980905.853802,1210290232.7138548,1439921.993825974,190754927.37451392,684882.8161179007,9584660.17069056,37166912.16053757,318648433.4945643,0.7635450264761954,570393486.335101,0.5444667088320454,49132852.71044145,70315890.94020006,12575012.530061089,47901057.03715439,2172.860600858029,8302157.856513636,0.0333267727896794,1856060.9774538768,216901782.7430597,47813424.05199128,1582379.6035774322,2757915.545211416,468283864.1418283,5402870.292891342,7644306.490741078,29554.241639783424,90460771.8495768,44723.92056692555,11399875.169971552,180.8875315758946,0.6563690535111574,10902.990688195492,436077.5137375689,234033.7087839593,3794111.994813116,1308126060.4328108,351226906.39918816,973855.233019203,115106.06205933014,32216.869411093016,8.040088586628656,12516318.747539628,304369.0437098057,12521183.555845868,492301315.877933,10899454.4893114,2685.763540067735,2.2759297467174,109741634.19804832,0.239577417695795,27094222.2867836,26470686091.37833,528285.477324482,898383.682765179,39500419.525323644,2339328.19539378,0.6816436759175737,8986.432635908326,4005978355.877883,105518.33411128352,0.992236965845254,3794.878983876012,430.341847660742,0.0,15.801953712761836,4451777667.445941,0.03428067814135,1577184429.4182246,90448743.31466249,0.2049396621363683,3356221.9819269627,15718115.959028358,903420.7137068908,0.0166578249757822,246.9194807541811,541970.8090122901,13140409.677672016,37911349.39304185,0.027769524148086,94353539.87578908,443.5404994232085,0.637798972487754,479.3683074805047,58901506.79294743,9656349.962843854,7009.2972620105975,16975978.061222605,2396535.6166743506,860223.8938494516,2.1830465649373565,111668.93825466,144817983.94099867,700480348.6356115,30382.30463032451,25448405.722367533,12206174.309255311,4289943216.927306,0.7435558833606808,6.949487472586405,16.290849240978062,802615.7762300139,22.36024275741981,2802054676.622418,5070123.663462401,55070.54964059964,34006.76649213299,17068.62882099396,78779158.42196299,1810315.630886183,14472.39574109345,427339557.3153858,22132186.954188988,20955595.17991316,30149180.317482,7.275680080360058,24.56070125773456,23804026.68412269,292525.6185238296,81501640.46474615,400567725.2222091,23946.54556925808,12278080.284390803,0.0099029871387009,24456186.22216358,11.865014642973357,0.5526053133617876,13167806.52709686,178704325.91537485,565700578.0471725,0.0294160304996951,30850.36722343552,253842.77651378908,231611.6724888234,175344633.95555958,0.2398503583085415,86785.447615704,61729387.91762902,20173181.499211285,873387.5673081968,1451973018.9261973,155444.08612853545,391374.9258309193,175653.87276895827,10.556247369496742,0.0997623856611025,1.862178791404471,717065.9712843637,451.29093258296535,121376.90412816143,135.12068287754252
BGD,0.064335879824803,14737741.037764415,207.1914286628628,0.0285182199049189,9.636415264234396,4229.846286915922,1257.8571704356418,9.343114784444628,0.0727918377464429,1942790.2615396436,3.637632641444528,0.1647449417426426,13898630.901953723,60.33628072919744,42.80970496532913,91329.44701231204,25.384659061626632,24.58094365453832,54.68400190076205,6439390258.590004,51.551589901214825,4.190904403576138,11.522854015200355,25.035785218660752,210.1484329876793,476.1259588365414,0.0294223549531706,309.623420287454,1956.212245998252,0.1550884116867923,2526989.43966558,2926645104.8948464,0.0374638198173897,110.52937751396428,6137.718560457142,9277079.833286256,68.67815159566135,28.088866298423184,255.48727245611505,54028548750.62001,66.35631870235574,2095.797220741302,1972850.9279809208,43283.63190268501,1.5602615059535547,370.53833532937495,5347.063548176391,1.3311620362544934,15.333710392648918,75.1667262786837,4701.152195240506,0.1271035170126985,2.4470942423214863,60.751339286237325,311.2801817696303,33209.37703078108,0.2635933561869505,50.16786654035131,15.390998928607862,639.4181472870807,105.61522370031796,305.1802410207972,71635.47485477566,71.8336050971182,224.48064211043328,63.947981347722205,5295534.598078984,681.9811501867564,16970.7384127204,10.342734976191007,358.4828870538849,2.2755919325006104,5922.048180270587,11496.370404600408,239.71341953824407,33.772592380649506,51.48281282549381,0.0025670799234889,50.09939186595997,7.696866528360358,341.02092733940736,41.96736620329804,0.1153665612548426,23569.18941149511,1880.241440109044,21.90345921128196,16946.09036408896,54.70437072995704,0.2660764514260891,34.845578915792984,32.31241841210665,9.431176819064174,68.04230600716623,697253979.2582178,30426632627.96284,9111.046586539667,64.4296061512396,272875.9181652909,19707.162386823955,164.50127017617552,4.555138463669751,141.56922410465822,3.9303992422886136,19.03874764635018,725111642.8830274,15314.237157492957,5760990.516202202,16243.30751381832,57054478.71058927,61.94279686508679,206750059.640866,3859.21936189662,648663255.4766392,2.1137285055223103,20.54312361378647,565.866621420879,0.2002159108432519,0.1216213943653552,259309696.003421,4.09551804734118,70.82943683676218,2.0053704376437365,77.57461886752236,122.2029532264976,23.48312434172022,1865312.11369542,251243.55428602596,154762.6833847589,148.26274054819547,9.279165993689867,224.52408166951452,0.1370879774375684,12452723030.693958,4.938198260721968,5604678.203844554,29308.355627064164,2508520.6928278604,226.08285202180207,0.0350253974065184,170.60866894198915,792633.4981304329,194171487.8149648,0.0,471.0972269687146,219.4404000417692,0.0172517283751769,243.50979570493024,40.71860630359667,0.1017480540540347,33.57163041312324,539.8468498163296,4964836064.333034,27.603634847936853,120.98435306831249,146288.90638855557,688619455.4906111,23.74870014014588,0.0134511735080837,457.2369838415653,161984449.4169826,38214.481569979136,22763198.354771256,298.3029575546937,3.0138111555553366,92817215.52564052,37.95312145622887,110.81041145000898,1.2413456051424532,1.081036298981796,27.92835600506423,149.6196354145488,110839566.89877264,59820.95437895272,191334.60583274555,99892.92307086564,56.23464450678976,343803.01448919147,3.362843501736718,0.1092771212314318,343.1720928210053,227282.67925274628,15.624061582217738,6.181117536192621,0.0344317568402807,8234328.181653287,0.2170614209108627,50.08818945852936,639556.4322861312,0.3720525128517772,38.28978942898439,33.2788487586146,11.295927617644358,794.5813638881691,3.579125575086455,34026.56101515611,49.99548859880015,0.2705498420219214,50873.52503522901,11.856405833876998,377568487.362789,239087.4617905032,23.886288147649125,15438.895164626674,760836.1274681735,11.360958216525342,1.6753413552226957,56.58936223948962,244.1481636840268,41.21121715922416,333130641.58166945,11754188.955791663,1682658.1803118067,463.2633168543531,339.7589631343271,66.73455064473782,11033919.463096611,18831.273497732403,0.1563719245308681,254.34359354154088,0.0580158145116604,0.1318026398400418,1669753823.7864876,3362.210495958621,67.60437687880112,1553.201022253731,309193.4353055337,225.70093314343697,507203.1090780394,14098.838719647563
BGR,76.66914047748884,158456290.49728334,353717.6338631954,438.93974190553206,236884532.4934491,864257.4172108769,651.4816580490234,159838416.2040372,0.0342476539099362,1054015.720275398,1.7326641904431428,3217.3060995327264,1690.550526168114,202150030.5639825,267892613.47472677,24080.785453964167,9521216.877688726,20816246.88798744,42801805.25711634,37818481.86972932,5525134168.473644,35778.68790662399,46809.10267058024,349241744.182302,977330127.8628446,6231.409504190063,4.465963798625783,1159.5849884273998,1360630.9890277593,7254.008638329876,185.26527054041335,9907277.21143249,0.0185873527246798,130.4997629890933,56830549.72362742,19211584.98571552,0.0025806199822699,39865244.82142528,129.17421639527268,511044703.8546626,10846295.453535764,64303443.47409196,8019381.1834120285,2870205.194277142,0.0412740279521592,594788.4254662041,2089.387026621944,179799.20283578068,8221.300053165136,206842.3119530325,4.777087555505659,296.533085786108,14843335.246012775,201525257.6873243,280157374.574626,7645240.938458467,6797.145679651143,39526974.87581657,271296.48798644193,65665369.70351743,985.14430332104,34488500.58444629,77493094.87308964,3913734.6111893617,25806960.62702893,96585926.89052956,1049364779.8254752,454671915.0845332,3.3933117960925827,5.182575177993555,144394339.21239248,427346.6926576868,0.8374775416659604,3339230.26120704,42755914.56751336,716210052.7645826,13635307.013897588,103.02659778131056,24363323.19237078,2637408.3200874235,1175952.157655676,1872436136.379972,1090.5800560590103,103448648.43394276,5896.58983833589,271834.02582128206,0.2632063452841828,417455.4180325031,0.1320082222818077,12837.791573700162,235079177.93345344,42660.02130757198,600446245.7421165,110449.46252501511,747286514.6113157,31.42995122902083,5633261.349710869,792903722.7117751,124680881.698007,11796382.364784695,14782016.697945356,435913160.6797016,23896.59967975029,19426267.62911453,9049696.089821693,2355842264.1511016,848482.8325593332,246248887.50049937,84470.17972499742,0.1603829847742203,1490425.3534975315,936001.4566880212,1533650.1993741626,19590384.26354301,1952314.3750306007,54351449.23352985,2137.11199957165,218261.81268498767,138635.11657156964,2.0715618624794905,191071810.3253092,719542.1922979627,164609186.23279768,9542243.622336725,494734365.55839366,90109.5191122288,260.56902598902565,103093.09708808984,0.1536720743250918,426611422.8246152,130281977.10665184,92237.83888681978,43224756.55333234,111220289.27865589,219706130.2261806,5.62032361396788,131728.76376378266,44989216.83001601,605.8660681567285,1324.8651933864282,9498.256561703509,9529.23971488046,0.0,3.803323323316949,179819435.59078217,0.008476834964803,254084887.2875316,135471.7342205995,0.0502881072444267,12057903.706582677,236930022.61231023,39023950.15205291,0.0040879083641698,61.45842771227382,4597281.0370199,97803631.95656212,89494.3692736027,0.0067520752754617,19796.67740372985,86432.68073703873,0.1919321227265514,211.11574340731588,971167789.2291324,34341.263775818246,6121051.605561452,1062648.9387722565,53.812123993533056,4977576.601173779,0.5342727068794796,279934.35438314767,5437630569.603199,19881013119.891907,60146.27638779426,117840115.64836034,367179626.90181446,18954124.039694566,4.38192530918834,1.709802742592858,0.0544801079782679,17777328.917381205,5.49162120288163,3487484.032381223,2317.688601492357,81634.56485030055,9650226.7892324,14.24592493102896,1486018634.9153304,29433054.807987534,7454.169628187798,223331.0184666613,306822013.5728068,62956492.173467055,504081524.7090325,1.7926244853666553,1152.883346840326,111104318.36537424,874.2381545895379,462647091.581413,6089173.302467901,2244243.502162137,117260557.17900896,0.0024334473304477,135333733.51432633,52.10506564946687,0.134991754985661,54001.70503086346,23654693.22143801,5203798324.440442,0.0072640008079598,86901.53237099198,620842.9562664476,1173560.177527349,4996516910.05468,0.2121498674383921,33.654129210499306,374856.5119960306,190939115.90085077,3560.5100612388533,1368443.1193902637,530.6498026003902,4683.815021414179,875558.6173088407,2.5827228058087277,0.0247568747142576,0.4569047427613224,115357067.77233146,111.37013815889964,59919.46632144193,8052.505310305121
BHR,0.0007657870276602,43003552.65301991,72988.04076127429,0.0003429287729826,494.1581396074537,973433.9857840338,14.501728063199826,517416.2034041416,0.0007834706287408,21470.761731928276,0.7469822880540364,0.0019865265324388,16815.445618895825,70.14805725782897,1415269.8619969962,278979.28831627965,0.2980123902667912,139592.1019980966,55601.90264395232,14032110.855887337,22509.724640141496,250378.7843538076,0.0646668523613439,51.9882799820471,135530.56337930963,0.0815161637041426,0.0003447172181366,3.5883061022613454,22.65097512373887,0.0018621476573699,2.226639212350193,6408350.657910243,0.0004352355004328,2802.7152071661862,2436273.63235361,7049.879917324199,0.0004604706972699,0.3289900732278461,2.932147082693065,73245218.83778155,123493.06345434173,1054768.036937822,12142871.499579184,761766.8854736616,0.0010148489192029,4.264160162130086,11567.56659115851,5.110842899835611,0.1800695397864387,0.5363403019949832,33.08643558120821,0.0014606820525461,13120.61702922848,1.980526833377432,28.47211095207704,483633.86362169776,0.0032386278206288,28.90105456694808,0.1771421647542133,28006.90810571713,1.199114980585274,119972.9713846266,2680975.359090293,16.55450825140258,2.623799260556888,4019.477484077798,70347024.3194404,49185.14438882014,0.0802428110863893,0.1206995100863839,5.327372295477246,0.0389523300943324,0.0725404411306699,368757.7645772013,258.12603361836807,599147.7478141919,277135.42801743606,3.2115433977075725e-05,66840.80920477852,169.0677146260902,36439.414160286775,149135.28153954312,0.0013666950132553,266.7589312498397,0.4000212857116934,0.2532867673704713,15.11333441496237,0.6340467414612905,0.0032429517382586,0.4062274041651954,395.8405902249377,0.1102128217216229,83286.73546334966,667444.6610880272,179986795.16060176,277.8693493190221,7.172320058870125,84317904.18876106,12586472.491630424,1.9111869783573487,16858.973963558674,1659.8750954534898,0.0452822885734427,235168.5875085436,518336.90499557205,23619245.059904817,3237827.0991950263,8235570.769060774,173567.84169630817,0.0037982619319605,163251.50528498663,393367.0846155509,1632065.3337025389,70570.95099806844,7770.959168418235,16190.5639456825,0.0023696247858744,0.0014608303567511,763481.6349466657,0.046241317354184,35473.09730671493,0.0227970514359729,38247.98016048075,1.4654825536929907,1060.6898363119078,1568162.136570558,1451.5673078229263,11.824763320784491,0.001342011425668,119.17576122517174,32569.81254186869,0.0016224267400346,25693430.774681564,3.083058322831503,1776281.313670388,12.091354122235485,1593143.1398310545,14275.348420433518,0.0004143832357357,707.3518143490946,281401.4603814072,74610.39164607335,0.0,0.3257691471173753,99249.51006058748,0.0002011848341751,997132.8608767214,0.4689851440118371,0.001167663316977,0.3811593813605416,29428.701072865464,20286093.290980943,0.0001004379744458,1.3942298636726995,2461238.9635619665,36654507.16530603,0.2800126742781548,0.0001629576186468,5.240201332208339,48285.69426182284,0.0056423304734307,12422.872643622222,47788.56290014114,0.0353817290601108,114972.845257636,0.4406939481951044,1.2869353451946248,7688.041099040478,0.0125093745372277,499728.9611027697,10006.294347833316,24300584.668624006,219541.51851647813,16058317.494822953,7185260.798820882,6047.991635080457,11.466033460596975,0.0400572985276068,0.0012514064015913,328.1510407353971,0.1294886700363498,63295.17874769832,0.0734073226592473,0.0003927300647887,2930216.2544884733,0.002607133349862,63.998209343939074,4757611.762104752,148.06819985839684,0.4440289960499417,24031.48356404387,11.653776780215388,15498.689911138332,5.55484165138229,4765.7976360135945,1469847.4603043606,0.0031013420222514,1669592.8185017093,52320.3215468961,2202360.93271134,11770254.97111613,5.811178791786942e-05,7134910.141566527,2933.9676441721736,0.0031074552599165,0.0195471333418117,0.6737123147662014,5724939.307888377,0.000165315490211,227312.49070434744,6608234.609211697,3204817.665730714,215576.1285912602,0.0016727096240811,0.7706654764551217,71.14676144874149,10144658.58630301,0.0018303426534158,2.9461699521417057,0.0006767140969126,0.0015556654889259,1936838.0257773823,0.0610514292575417,0.0005814790457471,0.0109573377671203,18325573.776085667,160.01554049660513,524378.3692236487,30998.762559498493
BHS,1631.6715953685343,60586.38531793208,27.91053363020913,2494.72440834716,382206.1603689391,247.8085964967186,1434.2437183597635,48118.80745861527,42.58751243510691,231824.97755569825,0.4465723691578963,8008.663400217745,403.8924933720144,2162844.7811395554,93115.76108796155,0.5338492480708386,1309576.077701483,794.2081811716869,1778.926745614914,129.23722817501917,504870.1968582076,0.814570082258605,60323485.95211321,966759.2792584024,2123549.197582192,19277203.98686157,86907.55492316186,41097.54335666249,2321955.70616682,2107.373223790899,0.5219779509628353,3.1997831751547707,0.0047507890592299,14.499889586961928,7775.870724863052,666014032.8977417,0.0006627731586466,1907725.401808802,32.4233962130898,139089.8577404486,4999.775176853434,3865.1536466887087,1290.9934872393203,839.2868136510929,0.4049294049705386,58203269.37751785,0.0466725819198168,1497.1563652227487,38442982.16840285,200236351.1368081,0.0057411940376539,275283.72825401183,12257.544328732358,1578796.7522435023,11890303.926252143,3.784562235410526,6828.331091799308,1601519.4271114166,19186401.445724797,3547627.189592304,2714198.511031545,58867.48485268414,1961.847908225764,282156.4900460264,18352341.11648552,785596.1049649746,16906.25185067079,4100088.273873535,151.3347544690355,1.317417423691529,23426362.50214508,116222.73883716762,1.9964441048286956,385.5232624464862,17658084.17192207,252918.08004819136,2575.664629803441,292.65575226582587,18974.2386946237,3103.991008982395,4.845019032500231,685668.038584688,1078.0149069383042,45718588.80915898,92677684.87326626,201741.3016013869,0.0463473196315293,327448.30947601545,0.0337023916136742,83978313.15963201,1113947.5386373731,14287716.911284298,969420.1402686784,137.09923472425766,1042.4112410026194,0.0020148255666194,6556380.957282367,325893.0785182592,105230.45605910078,9045988.62893101,10164.837865379348,5685623.968911137,8316738.155841075,36535.83718105262,77.71686710719888,2404564.0457810457,13.394145150882252,56689.57080488413,10.621012051890188,1867.2430448335076,13.990746793494424,697.8828719805348,16.39742868030344,17818.38483469107,3258.046474445151,282022.274694765,3674.4960049744695,7847.3306721425615,2.901901009864408,0.5216842594654318,921620.4224928076,99433.7743546823,920941.1141107116,5984281.207632516,126427.99842493115,14.958346021596078,0.0089745232164121,616398634.0243108,20.427970385198662,120175.38952873436,46723.49408015348,867.0385304357042,740.6131939011276,295689.7362726883,49710.20358030495,0.0411017996626552,19.209374511196355,170019.11110911777,1336.027674511075,0.0611242332229803,2.7686217234017816,26.4354381770277,0.0,1.0148690228135573,8800.30585593078,0.0022027472733796,13116.436004765446,52849088.83519748,4.511166084549643,1562841.1451519637,14658777.986980844,172.27257700063032,1.941360944955168,15.353887942868504,86.70724303582985,15234.546741574894,31323498.510571595,0.0017354089663764,835967.6639025817,22.847715911842148,0.0380879168299017,44.68433048675968,5434453.855768245,774649.7635211276,617.8482884183165,5151759.526704987,1710.12709027371,1964.0446402852083,2.6583190021936782,22.411732790516403,1525943.4273538762,28082476.531782247,0.3933759575027562,46318.161349747694,13975.936339741696,21800.270628974744,0.046409127713165,0.4266177559113024,0.0140334214092012,570766.2522987797,126.15004491196564,7269.015422697601,7270449.38514838,794.1244705505669,52.548811035361496,175721.64456284046,636966.2719610797,7866.344485449947,0.3176978783946532,183772.3167083313,616292.94991756,513543.0216090106,9094475.37628794,0.4582758067802643,0.0160714747563515,86272.92205701243,445647.5951948613,15196.153509770387,807.8243616696114,28.23185269632689,23716.26454672839,14.411789246547468,125921.98016913082,0.7784690324522323,78.90140995931367,16188.793507110822,396025.0058409918,1972301.714588536,22.281549603728983,2.388923333563665,20.32634676934681,4.436503025408452,3198996.920604629,2590.903728064194,21.792969706362094,3224091320.066749,113174.46899621852,2524.719442488509,3411660.7096423977,6013.12069761334,12790.510460134596,21.11271661217517,8.922312501022,177.61967375907028,1109.90993630998,1430.1484720108217,29.053840760083464,18.08094711870224,9.151637682735153
BIH,800.1868810578562,36209341.08745601,95971.81849355945,422.8956008876286,232945283.775043,218731.7171108673,259.4679163144134,28738729.429052472,0.0136067534951278,420026.3495645839,0.6844439218130902,2164.45448409418,651.6613716234259,358534228.3468678,49909213.90212718,19626.50782525493,12030343.902996778,6831772.716264705,17909477.39417897,4468460.697837783,793614558.9127787,4450.197495782984,50415.468382578205,1493113318.1485844,607448426.9311299,8052.421546737052,1.2942155040372318,3995.105939828203,1634265.7028702768,8789.890420516182,75.54949833586488,1127530.5702906242,0.0074205633330848,24.522804953918023,13097778.419466237,11199160.688129686,0.0010273713625537,58551672.07241392,51.27870816087295,117918849.17975225,3776049.9206977854,19852104.91768693,2362058.8502537548,620297.2604267537,0.0163224558352028,341168.434963011,360.944588967425,91663.83497754612,137075.92261478928,123362.9668312301,0.0086570419658755,84.7640761690943,3854555.714227349,268188081.7950476,345524759.5245964,834952.7702026097,7095.4104611059865,31955432.99628736,104978.86526241162,83094187.57667212,763.9151338413369,9545696.061825411,11015148.947000008,3681339.582564636,41474818.44059412,53327467.47026992,142699175.19889534,238871716.6163189,1.3411880195562271,2.0589425857366432,175207751.35536575,199931.58606030047,0.162639846431446,840214.5447090535,31861102.13130157,111811500.2504784,5135757.003394794,200.6751214619726,10678261.891077733,1318444.0890954137,203743.72385228463,370742245.5049244,1118.2315303555029,58484232.059228845,29334.57515499207,286394.58884125645,0.0761949376519162,693350.685740503,0.0524195337172788,89620.8990113993,782751207.6954217,50089.771849055,1115282111.3760722,12609.085320447284,80947613.49957429,1.615249445312966,3955803.3238787153,161980087.76571345,31941574.87265767,9475361.566729994,3311133.575067848,942056330.8089592,17633.749614970166,3927719.903868186,1912419.536009719,576744297.5600476,142987.1849238412,51962032.35612141,17022.888553815097,0.0634577467396257,312681.34654998325,204037.2494899537,342637.8255775264,4842506.102059603,837935.592783239,41547540.21992481,7722.767230234967,331064.20498383045,22760.362836284592,0.8200281650881749,107033327.40930688,948133.8375563994,93030606.74124546,19573723.754287995,148479936.04228556,28108.49157838644,85.0036423772262,64097.770501124905,0.0397136733786902,180607803.5679608,66443369.278647564,130235.79888105392,5575458.282550489,315037527.51672554,56009112.36252555,1.7546698580460882,25846.93437108194,24317133.815061256,420.1405480877892,3.088648376125257,4583.1134116917765,3675.895510322245,0.0,1.5079641183924015,90495847.7295213,0.0033399479724209,101529877.4306672,156857.7536690583,0.0199399087696292,13746013.89917761,179117144.48088086,5629393.081968281,0.0016222249929285,24.4029344245982,643365.6669283169,15770137.280756392,12529.732650426897,0.0026819018662678,14127.792648197434,14922.950377120553,0.0647886617492869,46.46277287701374,955518614.0180068,50147.89142019353,1286797.988669823,1804104.0788922668,752.3168445042813,1051629.736605186,0.2111029861540438,86106.47474043441,2543421984.77886,6467779958.054173,10467.096667494789,24199516.939029407,86264503.37913789,10555205.474675298,0.071455477982532,0.6778831251000608,0.0227053179511784,7994698.081126734,2.176170844642324,1258761.464314243,3384.3027519936586,260463.5447692871,1793900.8680741857,251.1897749072914,1701097627.6967587,5605383.126646691,997.1046186024888,590540.8944499735,479432908.7872658,145148946.91545868,314609411.2980398,0.7103888462539487,95.13976480914324,31033669.281229705,648.2747289600253,149236515.92636952,1903252.8499467312,419161.0047280735,27362750.233295634,0.0009649160244422,29389015.41212632,1.121149274028081,0.0532103158505792,17394.17963219074,35173663.89092837,844831512.7182688,0.0028830610652592,17935.86968580308,136030.86655502953,131094.47197837036,2049425953.45104,0.0244192311279936,13.40123061169501,218471.6326793017,41065987.5580788,7912.826539963964,2335813.79223405,871.6664890472687,2529.763072859173,130710.03390913532,1.022325596661724,0.0098067008662342,0.1809376190664124,13651108.17749715,44.09967377480879,21345.40585627451,577.2009737594442
BLR,3.3610943604899437,87185420.3227625,3654.9993255505656,18.41355425574485,22561789.82845226,160864.57417074434,569.7938603542941,33029893.7859456,0.0294088201998428,940172.8983191092,1.4929105743616229,136.59215382027332,1587.4525324058236,209137835.65832612,64635066.7184591,2369.495080362293,28663993.51953438,964038.536217228,2109225.0839613667,3926370.1400542688,259086484.6615731,1602.3464200416374,248.90082801775748,114243694.08758396,6452955337.378584,965.6485457164764,3.707222158533085,160.65563944781564,464799.0541348332,338.7662369380164,144.91021585201997,2694382.0616550646,0.0160729754557422,43.8726471024376,3498490.495598514,234756170.1302268,0.0022074538119074,57533821.4207137,111.38521382019512,1080951842.3592286,685380.0661579507,3262034.073218887,596736.7220773157,114400.68900086034,0.0349936415011499,50868.287404603216,56.18481382057682,2888.620069601885,923.1482669813292,1751.2586785608992,0.0186358216623574,13.607026699937906,1240084.4715710515,233653058.3930404,672748998.1781515,477987.7945776507,228.9502952565747,64411429.26680483,11678.67243270763,13280031.185168654,4245.5485020049255,4260652.857945602,4568518.981476093,186553.14114859805,32610232.569108546,540881392.1489146,52967607.48383713,2626840497.714417,2.8938805028663745,4.495890964449068,204661021.97441143,617438.1801802218,5.317256919660996,80604.7971768873,95028379.69855624,244192713.16980577,707613.0113053707,455.5432612010627,1332060.856071225,130105.41920557202,41773.94594357278,85108403.78017762,123.1872897845602,811942388.0537467,848.2815649044969,91892.17748525772,8.689039678831023,185745.0133158698,0.1135185533901608,8294.81023525328,82269513.9284087,1848.820211684445,220231417.785039,13980.255493305693,90046086.5889974,0.5255874236867968,17506681.52895291,140612778.76490122,11426991.89046866,64094864.14414681,1664080.5599528244,164443242.1223923,5402.964085122257,2230696.971600321,19033796.963507105,3929166176.260646,45573.29494752881,349345751.9842261,9539.959854647665,0.1418960778543971,3882351.500313912,78897.01407993138,164790.66988256603,1785331.280094508,137019.51022055547,6794695.098921671,122.34136415062127,372758.73488451727,13205.165836143731,1.6884112009257066,1049332927.8712058,3145008.902668426,1005749929.0229716,5608954.140435371,168378819.7710626,6503.976429528226,6.272930480520587,9481.635099501398,0.4085509771714155,24849333.126987454,5107612.152001031,14430.710789628329,3317445.0544987274,20090944.97886829,623207800.3879659,15.716154775737005,8799.301890935476,1051769.6329916338,19.30515457249816,39.15020721410084,1275.4692196996311,17059.269350305505,0.0,3.2472966138742114,10249529.42721974,0.0072247991236338,11518289.944649847,18515.326343815734,0.0432007614762142,29108152.41039764,1216990168.7713585,9587460.768656587,0.0035012340627496,53.40799026310602,434619.6493618754,70071905.34260292,2574.922159835028,0.0058055390139011,13202.908239589557,140677.37471271947,3.003477291691796,294.12561211349544,2120085324.037994,1228.629273367533,15274391.059309265,4987382.150884902,45.697593063659326,589836.7884636783,0.4582033889477747,51105.72662538251,1180667954.6814227,61057277985.71448,2958.9003117631464,11054189.406361489,22070835.699197464,484772.909195435,8.387322693169946,1.48630001575203,0.0468152261371139,61951320.23202233,4.706521818949154,222255.76092174588,15.080983019161264,30781.94354337454,924278.0955762756,3588.2550891735223,196342339.15401524,1827028.592987986,356.1355213659672,223843.70644733837,207030179.8940068,29538393.30627048,2201389695.7084928,1.545267054375376,29.623253079407878,9607982.63148603,147.24618948276316,22164772.85030288,282716.3149915205,149068.2339367219,95003906.7488489,0.0020799565035456,56555387.091039896,2.395083444086992,0.1152333786722533,2268.2412447641773,3750842.487236288,762554125.715461,0.0062407925483138,215390.72434192,47046.92469724329,60327.963560414646,4612039114.041071,3.2547242446420204,29.23411270756801,2079041.684569349,123875811.65617834,141.73600657141748,388440.0680675762,9.00527761426289,77.06480342277644,208967.1721915832,2.203593985894384,0.0212300976544564,0.3892678666216795,8136872.35917749,95.34128455327247,2331.0026894039825,104.15760642341536
BLZ,193.4820972637972,95.17728229559488,39.19417217187201,202.2558682445706,62229.04975067428,151.47500037082364,237.14769265677617,566.876628392934,1335.4807516922378,357856.03418353375,0.6644259800037561,494.804955571316,604.6162722227136,171529.77800721352,8371.536883404535,0.7696249836195879,134249.8480172164,252.4117989849297,141.20327533605104,9.12477526053683,22675.371994776677,0.0326531386345107,1555392.2353851276,36048.76935335874,147543.34711213788,264436299.78073084,12650.431811773742,114.131321262678,178201.09121870634,255.4652536390198,0.7732566532327496,3.109842386226996,0.0069596637572146,20.924175825638564,30.906784119356992,558363403.6217148,0.0009847191164471,97938.56915334098,48.086076739232745,56427.88345965956,578.5911411466963,19.05480706788532,71.2487522367772,11.100042294692653,12.715317774862754,44792961.89602108,0.0681511653171007,129.8046858174302,24726175.22456632,16844957.47019791,0.0085323479489574,30533.60457660817,728.8702561253091,140788.63260331636,1245100.094663409,0.469897496824511,694.9627663973642,194397.6531846649,1283944.542279685,440066.31677996216,1916740.0092863364,20851.90699274918,41.48379590365944,142927.15296926387,2283107.920890814,133560.80035721115,198.20401044528612,446586.8488754942,1265.8840997414727,1.9472241989270185,2059893.4247583684,27110.80013394317,548.7078856434388,9.673909553385482,2492583.910745532,37502.485364811866,11.570305938899292,80.6384574319236,166.01988015283945,327.9845260655924,1.08151632959885,33766.49722663632,147.90060255771115,12030372.406735156,1430959682.6928253,8430.880464331995,0.1814745131243571,26006.21275074013,0.0501294157928595,430939232.19184166,76110.12643582754,895067.066063914,99578.02572279998,202.4854839508625,227.2723373595216,0.0030340220148573,1153413.5110798937,38612.88763844271,13586.948222285935,1579599.2422058708,4518.871629564894,451828.11892658105,992167.956015366,2852.8347068794246,75.0041803701432,127501.6955373557,18.55880852592509,2146.721196628433,15.939264354409527,17717.73418282254,18.42865486492679,4.360414089594324,18.493379471945985,1993.4452073251116,4.021875429297079,38828.88481117879,126.33524189490112,250.9152637956961,4.268470211200066,0.7715849992477231,87915.28283770152,7442.153281656816,99877.95284079907,1242971.689030203,15975.987697284392,21.858379160951543,0.0131876693727992,5532574432.584272,776.9082472124492,4168.619586119913,2828.0284260747294,248.1284613278457,46.40347577105028,40438.572552423335,2190.2196670305825,0.0618342509767526,27.694682789196715,21077.85418449042,92.16530397327006,0.0907050428514046,3.951777082273306,39.38744397094098,0.0,3299.3670648153816,337.7287601536101,0.0032770063873464,44.09536120498512,53726520.731989145,185.8282973597407,179612.48231572838,2490452.864754108,10.332612557169664,52.57742285443237,22.907981251923857,90.33293969839708,54.17716045497784,15313968.044074677,0.0025803138992703,115835.9799282972,34.44598158211313,0.0589167464430001,2046.2992228465744,469116.19653934205,90796.08577155604,149.80515267230743,809139.8169875373,20.9038505040398,1074.696916340162,76.86275634244384,0.5162672106338133,119840.9082681689,2813778.2203670777,0.5699090669062065,2283.913954216607,1397.0894533414846,293.28426608180894,0.068540627562408,0.6407979841982392,0.0207167229220277,137921.95421657234,13660.990400799215,109.26751292240856,62006641.80730447,63.236294897829,20.79566457395697,38827.84096450545,33181.29780644926,24.44722584633585,0.0488677637604949,9724.358635839675,59624.33824632751,43237.654715550176,924328.8211522448,0.6779365641233142,0.0237578597130964,7080.898465432665,15702.130263675235,89.54433239474565,32.95947632309213,42.27801842383102,4172.882040523546,101.0717375780514,7286.035841084227,1.1319113525024953,1876.140106292171,1531.386271229631,42163.1261066571,149377.19542219903,800.1017184186057,3.652004650507168,29.450066592940164,6.450946510297139,231916.8604805481,14626.321992156889,12.563075511339306,3675494136.085,10992.105992800014,308.8091260275756,1530393.399304984,797.2089597691083,1694.149176288418,30.716099874873542,3542.782954114458,2020.0086747453345,22692.89004902984,11.70119380133813,42.73033364075437,25.70238741711443,13.120056097145408
BMU,19.039601773023605,1995.0102051123845,0.1376684037306591,21.977076161652803,7887.72629839927,15.39597257287193,0.7331686026491542,651.132121321571,4.226218446379271e-05,1042.5717012849836,0.0021136765071556,121.35366417176556,1.8812267514354355,63786.44582876191,3269.8948840546886,0.002579390228993,26552.59317418933,50.10729708175475,50.48413006173048,98.84204256602943,11041.409492907464,0.0189205285829032,18146.46369832894,18682.073652388528,69853.3717759829,13695.698019188363,2859.016482204199,1942.3408040715185,81667.12475181773,57.43951751291752,0.002456973160406,0.009544293695864,2.25061458820619e-05,0.0699863700732299,76.29077919645572,3716337.0386920255,3.1116356389304656e-06,50335.438118465245,0.1521005290341013,9603.967110713147,239.5662763442084,81.26205901954013,11.68158411596236,7.859290207813482,5.38076298878809e-05,134680.29093746736,0.0002234205260727,47.10386235662008,44504.61267419445,79270.07803040382,2.7087152091098687e-05,162.46734690945596,163.529122406675,42396.52408321899,280213.4737331956,0.3356239094673521,168.29693835880607,38814.308853424736,32536.694655120373,62396.730856430775,18720.92052501341,988.2870311886168,39.09325294599077,3487.354028031754,300304.6033929785,20898.80018664245,325.8427844370311,146564.9146701902,0.0041915027381494,0.006210960133306,435335.46502807527,2420.1151296645403,0.0002314036848757,27.82755522772766,370373.3226583906,12306.67067359825,49.56692424852858,3.588099420070648,916.1712038922232,193.8948307650071,0.0633170175798021,15844.86245420455,40.10834007896483,942694.9720199768,73101.45102799311,5132.679481665495,0.0002214251827492,10989.59361170794,0.0001590483114934,69732.63732672116,17598.911446588754,13152.733490597457,24461.954706203585,0.6496169063771133,169.6398150298011,9.479131339307225e-06,127999.31304781756,9783.831509572485,1871.577533134609,142097.41249690682,155.18284370667084,116322.14557716326,7179.933763362467,164.83040539051194,88.96351215280994,95700.31933673804,0.1251474610549003,2360.329750326965,0.0491528865632915,0.3180862477686761,39.34580686963895,95.59476151729086,0.0565098488896766,276.4198737458792,81.81835156854574,5035.183847824459,90.7349635399878,214.80079189687967,0.0139302372496485,0.0024599909382967,33542.68020124594,2271.2823553942144,33075.28189767553,105155.25473900836,4642.533042721072,63.75730909068072,4.269445014248776e-05,218097.1488154304,6.913781579714895e-05,3210.27264143445,1782.2496341388094,23.09745648456737,12.850466662439128,5635.328802090138,4386.0480374202925,0.0001961365399447,0.0930337367210603,3079.3767679805605,19.20575449615717,0.0002893042322774,0.0136676067740103,0.124070782637073,0.0,0.0048159768441544,146.28892743838364,1.040332242041586e-05,264.1446136028696,46846.72794312006,6.038019074594558e-05,34128.08317814395,394099.2592473052,71.39297106284224,5.197911480792072e-06,0.0720240656769476,35.8692523028316,139.2408194111376,36124.26163753122,8.432450987583273e-06,18819.408243200505,0.1060875466909395,0.0001798057945829,0.1485092584370078,164408.1905361563,3148.52852794528,14.030042632722084,87326.99200417008,459.6678418146878,59.22267521736285,0.0006569916142387,0.9137418763687036,44127.56731136669,1027201.4045618174,0.0018988693670844,784.2407869567388,473.9045748469003,690.6417226906069,0.0002243071423859,0.0019624808181022,6.608278100017628e-05,14709.590673690902,0.0068627652040873,125.56544978802876,4469.079616518691,16.123299032449722,0.9654338167308828,1823.972999572754,15561.053899883758,15.235584829996585,0.0081041221248665,5588.817532162706,19227.523982070383,14740.043607596308,278370.77710643446,0.002145247398321,7.580828812886464e-05,1688.9476345443363,710.9913886487484,262.23317594962094,28.0904910692881,0.1315258582123739,1552.4963864222166,3.004976569576101e-06,3639.469592900477,0.0037809926245628,0.0001755159775554,317.8866010453785,7936.483896200024,51094.499049345526,9.052700427281124e-06,0.0111484778566208,0.105936189496343,0.0247197152977838,96394.7228807762,7.027809948256802e-05,0.0400415184764674,2753946.2028034814,5628.749932178523,72.58972203824669,61949.72770397699,70.52799194399267,119.930511161685,0.14807851621788,0.0032175355875886,3.006871149186137e-05,0.0005666069501906,6.827164317047567,0.1379110304272473,0.0885907492184966,0.0443749692207624
BOL,4900.783737178688,1898.7569804883028,2389863.915365147,0.5141877400983259,100.13554094254768,128.02689069671916,180931765874.185,105.83853476967153,0.7025999707424623,78167323.95010132,1610712.742158507,2.5103838000396514,1655001.175453588,620.3875109527532,464.8170225632903,103.41676881429323,254.30938236633648,40500.971529921786,48273.28587730615,485.3140863406873,545.0349421975554,1.9391767322731732,11507.0093597794,258.38351930377473,2127.442111490427,600028.5342391983,2.2652937803133626,348907852092.35736,182185904551.796,467.516558345045,40.02172952233228,156.89630028151248,52201.1924208196,1466334.4329759078,2323.414572065019,370245.06998150033,1.051743151914506,292.50368226462706,5832604659.186616,111112.46597705472,553323.7847513433,172108.67864479462,186735.57309481688,131109.69613122373,0.8841063894628964,5304644806.944414,1116.2328638381207,94.56565025913342,29013200.470320027,239013.3081770232,0.4642184251653667,1183.5727295256636,25.52373689817741,611.9581649277037,3100.457468170182,21.51905170195766,2.5870678280220223,498.6318945279664,318436.3022852778,6756.820142326835,5742389069.0006485,2135.535316430387,121.92620875237854,791.4195441591113,2293.1567231640875,642.3823195679781,32290.62440096504,6973.056207183921,69.7084273367092,3577295.966641005,3615.252754945108,22.58259247081156,3.894733181747439,210273.97416370007,2360.137555838047,361.2183562454844,293832.47692764935,0.0251328684184755,216502.5939002029,9350.97439204148,64819.99679076328,436.3640843924433,267.89606308195863,232398.1638549774,5633492.20253369,1128480.8998288338,3.579769587197256,4014483.9362849984,46587.61430928983,6498935.664755783,332.0274034684612,98592.26081777744,706.2311374538407,16499.44583004571,71883.9094107536,0.4438054668743673,636.708226193933,3709.1791306374766,1196.3856302481688,1615.2191605491284,46.59423448945941,1482.61939662714,26617.96834017085,203.11222196854857,3921.2812902671744,26887.80192209503,13873.494843324752,1509.1031278622545,814.3658705276476,20.04079847511652,971.8620735189306,46.80730636086404,932.7061253757388,21.74305716112584,359471.56698154897,4553.882195201167,13.47032380497333,1.257637911679299,379.6198071859383,1083918.107298619,713.0704186322024,20.080916673983243,780.2988476817001,1294.8539906515991,240.98634246941683,635516.017355745,2.2387482802171883,9416352.20810864,1.141389820868008,99.14497058226668,14993.537220801609,1.4062055022009678,2398.500686380886,50.80765054533931,28868.55154764182,3.175860876504411,2149233.580047363,3272.6858865032345,4.496644499200161,1523.6173314615742,206457.57917576164,2034.3284060842643,0.0,565.9110745584221,2027.7876605799456,0.2092647314834543,492273.8658286272,15631612.806487905,1.0187835559497245,333.55650696171085,5371.948935775442,515.9354479841325,0.083139958758637,98145.70164539244,452.2380067388167,2579.523212544861,75878145.42159127,0.1341753071190107,88478581302.25601,1746.328651399193,2.955610415192905,2498.526229864506,2978.0186638156574,23564.257977378533,1565.7633307745823,376.37741241699536,90503902262.73682,12.553232429640058,85.68548326897785,30.05841586851268,1560.340830535598,536157.0760772049,41.86758053611533,3985.9749362666735,2132.560134268792,3056.1524628824736,3.5856113135045344,9614719.392341465,530240.311572485,3360.4426928037315,151.15694905343327,209443.7650156913,1879145.551438955,0.3655861968591214,10685.227796184336,2.208787310046304,525.9222875590189,1555.8873110186055,2357.117150173556,2090481.657497206,341.0631744631646,116.0853085195002,8091.422989124477,426791.2444813361,17.525242759102248,515.8425908890983,3432.1516975711565,10099.889260417554,137071.85220992815,2176.456684751194,807.5665440184911,0.0502823364069544,2435.834439606547,61.53105900186152,2.8072268165351644,24289.81283980293,586.2703121509473,2583.6708711765104,0.1475154350273295,182.1339044235823,61189.23545818399,15002.938226538436,4730.393028111111,57.318335938860514,19127329423.71895,1145149.548499168,2737.4332821040407,144.28372550192148,158188396.2909224,5.757066242690003,20.84802245017034,1548.9804554230736,53.2083029561032,0.5005801689772644,9.492168614243903,572.0659223676572,49984638.95585133,511371.0436261934,791363.2493692157
BRA,749325.293096208,17744.941107125014,64634052.744771,24525.788617744427,948.8441037453296,1228.9066060974783,363323954448.6072,986.6469837467448,7.535472884416494,904443176.8921018,27850953.330705862,239419.96590392877,31652716.21353701,9663.313777247064,4355.290416803487,71720.82320929633,8582.611280961048,549794.6757922367,232692.40986633685,17779.531110836153,5147.991849826038,17.86809889940778,1047550.0666261754,2451.662439489936,20268.668124599648,44054523.0018865,3284.609628732362,565372777228.5308,5179071094269.998,333790.7554716571,384.7412489323,3298.965152305457,618697.8441115008,24780244.406758927,92996.92512442368,13872307.26709357,28.417938167207307,2769.9387321855984,212382826.88346115,1052199.518741283,4203691.85012033,1744163.184561327,4136212.581299203,1993214.664294904,18.158737631848624,509322011167.3666,10399.986070583293,4173.167155983995,829989927.6296605,28940253.035732947,93.05706036269756,253832.0666335169,241.01792768419176,5908.8867222025165,50478.37797796521,12996.383297082308,489601.6188262605,6338.902014590235,32664058.0957482,105195.14880772322,148823757157.27576,19765.4128263811,2992.891159719955,12935.838433079787,204184.18509916335,6120.537320953338,333663.4163716756,66279.60426356473,1048.1990127046229,17368954.021126486,60262.79963589998,230.6641659799212,37.5261101183108,3522090.783837618,87393.29842962117,3402.0965040044807,2070657.114750821,0.400293568827778,2266575.21834794,207683.1722851111,407059.71688308346,4520.175126097724,341203.5792435347,2305190.283960049,182250607.8052412,1520961597.0156257,34.228615488929165,8275739456.436674,969703.655280656,321955868.56153923,3151.701518888981,13611997.889278872,6741.884670755831,230094.6442843835,1016887.9700196136,44.90982282307223,87443.19017409129,34773.35420283432,11220.486013663758,32858.454583184306,441.2953978139829,18098.96357096937,7368820.081432597,1900.4955411773808,37495.17728798904,273336.04599869007,546059.20127169,14140.602561684516,8457.813569976726,3541.439912043252,9269.620954361257,441.4631291969656,13905.499921082192,205.73022392688029,3865574.632116259,45764.99950970608,404357.6879315187,11.90468621611292,9134.418368485583,20603733.31514117,6844.191809678728,191.1260289485191,7527.288042914678,14968.37159155184,2290.9386202104274,14713925.716607552,64.55964091385775,568381554.8234638,56.62358906731924,946.8270505032252,213939.12074205928,13.406746620996342,53258.54664142702,481.9586556770083,268588.8209607398,30.439654370774573,44363499.83700068,32575.38883003651,40948.82313233723,35203.540224527744,3271526.450230537,19593.74500318887,0.0,5833.601888558072,45153.67776210151,46.72099337467027,4490296.286614575,739212273.155452,11.376662271045545,3741.425175140912,68822.58086609658,6734.711057172955,0.7919546973755047,5931725.790945003,4608.680215989213,31696.50358677414,3149592624.2362304,1.290472957182622,647510054996.3989,16857.867168857512,28.461729080851786,45189.40415515487,29399.27340070828,3172920.7151531484,14865.99185690673,155346.8640795298,236647564838.90863,119.34061048052966,413.9443363761595,279.2158745888584,14784.68469502053,5411759.88256706,33203.29505356859,37294.393736725695,28855.125695984098,256363.46936497005,34.27049719633958,62076080.94356526,6217718.15621304,33813.82187935241,3048.226171396469,2264188.428352837,57429748.66525289,3.434822888281274,181231.97691374592,6948.3856967051,4974.1396719403865,209620.843678788,23425.80921956084,3803030149.826861,3240.3972376326064,1102.678154228785,178984.32236975146,5623721.652118687,618.9280967700581,4868.689779948633,302037.0108996575,52142.400244894576,549092.3662462689,28124.422634552397,7511.388146823342,3.373701491486154,22945.269955633525,20052.346013728864,39.19616420774061,7456017.883088382,5596.862613165551,54265.62082642634,1.479221616658631,1762.9760219850652,1972682.4037882504,261498.54697684647,50309.40771601212,5401.685767654241,81389435822.40268,228162495.5953209,25781.720171519584,442416.34611049126,92873272225.41331,35605.92243197093,98881.67926316206,16194.30595006442,5545.461308111767,5.340633022756685,1791.8812189029595,9598.33753267375,697538301.2028077,14468901.919073729,20884070.583219647
BRB,15154.02685546875,1.1408506157335363,1.3486297604648598,2737.345794200897,9769.05348030197,0.1271885051131676,104812.57057054796,181.69433537995627,6.2145177001757474,11086.733419343846,0.021902790227525,16835.461278915405,19.455945515127425,9243.368365036637,280.61651162091675,0.0255863971194685,3443.852818449028,8.302902587852401,5.394813430911178,0.299631927024965,3857.294427967314,0.0011953336064607,124151.60488045216,2166.336517653162,6231.384155090913,977062.6681349276,755.8523415923119,1154391.17366656,3198981.031375264,185614.5654296875,0.0249500076570257,0.0997499904738106,0.00022219866878,0.7055974793599944,1.968535172810292,4034797.651272727,3.124346540062106e-05,17621.70152891247,1.5613999859880856,68.16453663726303,0.4407091523283952,4.274590459539866,2.3380477949635097,0.3580896547254468,0.0305662614462391,65735837.05540705,0.002216845648661,5.260248695349674,9076069.34196964,2004055.563426435,0.0002674260285857,7091.770285129547,15.067345144219871,11004.04613500731,30507.12884247367,0.0133746053906094,52327.314361572266,6454.210864360139,1565475.916920185,33681.348510780066,11420848.09895192,2868.518303051782,1.8475735861806195,11041.832304950833,108262.4020542684,5821.603898451995,0.8612972080782633,21237.300212027145,0.0511089962274411,0.0625272988410188,101923.32635336313,996.6299106376246,0.0038530539304275,0.3088901194727604,60668.23892872674,11023.21490255144,0.693122154792249,1.607953131198883,1057.787716055254,231.82299866889247,0.0339250852080112,12895.57847697425,82998.10569763184,76817.45576103586,5819906.397488236,4311.038583853135,0.0021860862977405,269871.39779308764,0.001570252099782,6797201.53248021,4896.329960645669,656538.3328018188,4114.230552619009,6.594793112588178,5.32104973123823,9.519017582704235e-05,12183.781830620486,3050.038690865796,7965.863759452124,26284.82711254369,263.03351900106463,32848.82187271112,376325.41091156006,131.14590183241313,2.4231285622861534,5037.457962582901,0.6072196911297283,0.92024622905069,0.5062713955850882,39.31706761660951,0.6049402019661443,0.0283517068369292,0.5845436278014517,3619.988413413165,0.1215726817481481,1830.2441453079623,115289.16943359376,248.05940917134285,0.1375312075490455,0.0255103825977585,5710.021471041218,128.54432886838913,6364.323166698152,49430.6921943224,764.484685318923,0.7179690875271039,0.0004225352380998,21632388.628142957,0.747167237863632,1040.3220521765809,831.4492030625197,11.13358914863784,1.4925745735241964,3896.162352703217,17.39570879160548,0.0019364166157629,0.9216610601448564,2644.8598395930144,4229.419952392578,0.0028884500942183,0.1337496563320712,1.26144444715473,0.0,0.0487280855739413,107.04887676827173,0.0001027099224302,506.40737308418,11525318.946939468,0.0006591480414499,4003.595054986861,52239.54476717422,0.3244703902645938,1.4965711240656674,0.7400057240414597,0.2817908323489715,4.3990552408816725,11442226.602607729,8.347649807660673e-05,11404222.929602647,1.0922274101624725,0.0017764810565381,1.5019769625931385,23936.309235163,447494.4144296646,0.9624381079256636,32933.10336440988,50637.628208750495,86.70332661926932,3.1474854677451205,0.1761505810679864,7315.859640261485,110270.79683995809,0.019006959869813,2186.71538197602,72.87956344948032,90.34659191598894,0.00221453942072,0.0205838955221508,0.0006681059621769,543.9252804562129,0.0693518520238001,7.915956269491744,1195234.6236114502,0.2577560766185343,0.6800837044747734,411.5363540649414,3132.3109588435145,0.6288374067489397,0.0015501188917141,49678.37441864553,2601.838098204913,457.5171513020905,30900.16077084436,0.0223801798656495,0.0007979594375413,4723.749002603299,7796.808185577393,32.245989718209216,0.1082850453931314,1.3511171268033593,0.4851783002852698,1.0451983427628877,266.7166008990921,0.0372325251423717,16.026923615422746,102498.20132732391,3167.412915179556,25473.39186410257,5.6455989273650005,0.1144773660448947,0.977934732368496,0.2062211486947376,12126.183166536412,44.70364502453461,8465.972422039378,24264273.24617309,499.8416536728228,234097.10018920896,22460865.94883704,6957.807991027832,15637.81768798828,0.9733788893591448,0.0327976707588248,9.300866978016074,187.9473724728341,21.356468559528683,1.3965611472911093,0.8744001069068048,0.4398422714292849
BRN,0.0022035024521755,6.338410789373451,7.52911881418909,0.0009867553131783,0.344400403268537,0.423680908823064,43.900329446927245,0.3407316158069307,0.0610461080805038,65483.81235346435,0.1251731660023711,0.0056998599528768,2871019.6359184314,2.1442309543926967,1.552492172915663,0.1436215381985448,0.892891712644996,0.8628277395482904,1.9030189429782207,123280.44826059615,1.849173028248156,0.0061375703132178,0.1989647940604619,0.8930982472679716,7.467491786946596,0.2508432449310085,0.0010164905314766,11.092637700639852,69.48981482955257,0.0053582091732096,41708932.62779667,3298.786212838922,0.001304753865952,3.985785347335821,3.718478357654618,264312.8552026402,0.148209271846099,1.0042833989973587,8.96240306551573,51709939.55959393,2.307022927699478,2.894543337017069,13.362693568950402,2.0725862711695484,0.0030589777184388,12.945902946523216,0.0126310705247192,0.0468062760891641,0.5305041329151279,1.628845567968611,16.899505145847797,0.0045805614528262,0.0879032371631183,2.1534720340668687,10.970234057434965,0.0770649798075773,0.009251408379896,1.7592771133578466,0.5367176326756748,22.922725436362438,3.705029885824688,6.889536734902286,1.169786942831941,2.6097698092964947,7.991394143791844,2.261779151209794,377.90400003890994,24.22524004291085,1171.4343862475123,0.3593493715162594,12.669165780754128,0.079461439168881,21502.125596204376,1.7917632537684938,8.437569028697439,1.2178566047827384,1.7828047614438418,9.141139184976056e-05,1.7475437111974583,0.2720501028984472,0.1995459113522883,1.5018360629102592,0.0039325762169823,798.6611644910784,1.1974520738879608,0.7709183417526901,51866.12626904249,1.923273620048178,0.0096418696735725,1.2140759099333138,1.151413185998365,0.3295202028662061,2.416938621789765,1311145111.5309536,603949.0531120163,1.0700832403664862,2.2625393052023477,12.486553304260273,4.025057973243095,5.784112815436604,0.160529788569363,5.080214112246196,0.1378001427253821,0.6809957847212442,14630249.454368947,92.61090206066666,641.8270962415105,5.0064195695806575,8852794.284487247,2.122637473991322,3096362.2883029804,0.1584354825523632,4069759.156163141,0.0754169761250977,0.7173825334284629,14.889110983157346,0.0068359117994987,0.0042000744165306,375231.722884208,0.1436644718911566,2.49095121972573,0.0703219976364835,2.7424454562023386,4.400262863121687,0.8403080864475854,4.090167638832065,194.36261438220424,38.520084174769,2.668181155859206,0.3364065991495977,7.956078111017051,0.0048641377120475,2302989.076321009,0.1752848481270348,32017.77436665272,37192.48076438904,5.235368475272992,8.193598445993187,0.0012184450929453,0.0170545801507984,0.7500891941414292,1737233655.1705604,0.0,4.419169237265793,5.6231424541203765,0.0006031141524545,6.440505926502233,1.426149210991241,0.003671962655062,1.1887220761034314,167.50365385445448,6722.294515319596,27.63458128646016,4.255793821605494,1.5956975358635044,8.724158395744976,0.8186588993479518,0.0004734224628748,16.23068842965521,188686682.9042757,172278.68913334608,8875882.302219432,10.566841047873254,0.1061651936652623,2886526.064590148,1.3345678716295026,3.94344504453318,0.044126445729745,0.038118369455466,0.0976147982562949,5.374335878958505,3143382.626068414,0.1078702436622904,13.105461623726944,7.750862320005655,1.976415025790402,451704.8933324814,0.1174501097341078,0.0038370171182009,12.048033979332397,56586.33786860181,0.5438044900466394,0.2170251959686311,0.0012320526329858,1296.792983188904,0.0075414438633742,1.7950319337746805,3.2912408932873896,0.0089530035436951,1.3496428479421496,1.1805141678778457,0.4020955793553185,352.9267047606751,0.1268515115941682,0.0196578277866485,1.7769401269214882,0.0096845694881722,5.888370470245781,0.4135248933522462,15815546.319323128,2.642998032729338,0.000177309807988,8.293966523034335,115574.82463801466,0.4291118685530204,0.0592076639225922,2.017547859977735,8.7617799596612,0.1584302536052746,3029469.1635756344,5.553652156372998,52.71325917335716,16.46129439551056,3.539228312098168,2.3462461994292028,47315.98722661156,9.308580100459338,0.0054510804974938,8.918495774156128,0.0020267764878667,0.0045484911286166,19266422.848722577,79.61040281345751,0.0017742580786769,0.033261334475128,6.604202151208529,7.97284556755346,4.910319915670423,2.4818205603589263
BTN,0.0074165388330129,352816.0212975262,22.62624112782968,0.003334690272025,1.0828790314440226,2.3864157031151434,145.44583000518264,0.9997155901784422,0.0079792861115413,229226.80900591836,0.3990404614644168,0.0192241027433546,407673.7094585396,6.7810306000919525,4.6842139578198285,521.5998108147334,2.898968571587716,2.8791736958186447,6.49386085205648,23892002.108037326,5.740209337645891,0.0183309972187517,0.6671145284834474,2.8136651546724,23.798130835567463,0.8306394283352315,0.0033757041797879,34.6553405776119,220.9864448299083,0.0180181164858481,148721.4551217077,926349876.2311991,0.0042290176054393,12.394315204079795,176.3813717428789,381097.2152802269,0.1098745576748427,3.126892153886644,29.19145505522877,18464397341.00233,7.73860867737712,11.65042960372628,18409.10046684309,1485.9514178274992,0.0096570567184226,42.68776986867597,0.040377457881469,0.1523473357036247,1.7862612312412485,5.371308098523112,18.07243996797655,0.0145082448360089,0.2730590020608332,6.880208301710095,35.4914463684956,326.432088818795,0.0306363045147577,5.744939838606612,1.7897931361696635,69.9999289704735,12.010679328313044,20.211283319292537,60.42929650971493,7.764863846966421,25.419810839601148,7.246753220341617,75456.0419575044,77.04363519919522,136.84715948128363,1.1786595989112951,40.74262613838828,0.2614810330419459,746.7407139245345,41.872916376160674,27.516750411043567,3.7284485473540583,6.04772393653192,0.0002983099350188,5.8937444998235815,0.90971989685697,0.6691528541250165,4.727071983127756,0.0133141791943494,2504.2608093241,4.103391503393386,2.4970319880452365,385.67933411011234,6.240399234328351,0.0301276291954781,4.066481864481282,3.632133597202354,1.089906699113385,7.65114469026752,20865659.6688977,1411048956.250787,38.13692841169848,7.3943767663844575,17049.56687581939,2655.248996339139,18.91231849120857,0.5085528409650131,15.845110628304653,0.4560276412013309,2.102106725687261,39009586.26311968,289.986459107537,39543.01329412866,20.80450368983866,2093658.0932822027,2.520118055306296,12180158.950876843,307.0051605936633,6106055.244425781,0.2388322527154258,2.395572967728356,43.97417178376036,0.0229525222468538,0.0136286029844647,4316118.531693174,0.46614941491341,8.084454635596707,0.2277312103341664,8.821413435646454,13.53923462437644,2.644111017411734,13.06373047105876,4418.339203107712,7169.408520243847,7.355698503682429,1.028612172856857,25.6410364575612,0.0153430759432922,722270717.0994054,0.5575173465042056,541028.884847439,1779.0986631848807,16.436465507485593,24.55446305164064,0.0040384037000649,5.766667462626067,2.2886150994548435,8486661.290050002,0.0,0.8902512221279607,18.478945116124883,0.001941225026826,21.672340847465723,4.728136429647847,0.0116316920937151,3.8474598374672553,61.63729483151281,492476929.5557919,0.1641626914468332,13.964655277173891,4429.904735768745,15819776.018648516,2.767049799257064,0.0015509597380525,51.31893267796848,7128331.499744249,4201.022829657177,565503.0679288092,33.917716455336475,0.3510417191283705,7714101.733178364,4.358946639200352,12.432042031630626,0.1396200135426824,0.1234254478337611,0.2983558017261218,16.70533609875807,7264293.617076641,4.274991248838738,763.072769287216,963.2913106218724,6.442971134229919,6961.366312000013,0.3872982447580461,0.0125690197894101,39.499240027202006,2545.8506696482546,1.8231559578215508,0.7279821757053675,0.0038722664112356,184729.98508736936,0.0246937412097736,5.585328544055077,485.8793154192331,0.0294981203309996,4.355152743503002,3.757639698147728,1.263109337771496,89.81953507546108,0.4131595728838704,165.55037008433638,5.585847276781285,0.0314205226831916,21.705641410143,1.3925758752580606,5528191.305434056,7.929209682843979,0.000561224430319,178.2227697404487,20608.258672327007,0.0315394147859815,0.1945497291808378,6.284699721390467,27.082624779052576,0.0053211729042788,12644455.743851256,4121.817444579926,8997.168647652521,52.43109580150446,17.49411910624024,7.603398627287208,564357.5500765329,29.68399098634674,0.0181019560662072,29.2896479767924,0.0066767696943124,0.0152233516021453,25816928.008276023,0.5995158847054795,0.0056975314086259,0.1053883173664758,2680.4900943509238,25.6923892186741,14.941314652587314,7.659668585411691
BVT,5.478804268932436e-06,0.0142420273548793,828.6258191792742,2.4534752682825456e-06,0.0007439475155024,0.0008817211542027,67.52376069921245,0.0006886215663506,5.586933269796646e-06,486544.6956391354,2985.7563656680286,1.3556253229296544e-05,7286.828191815908,0.0047236081733785,0.0032351304353568,42.51047794008628,0.0020203519698043,24.68698110210089,1.1760890589799666,43.784111093127294,0.0039679720752436,1.259147644239178e-05,0.0004548286394676,0.0019492552941642,0.016840779428719,0.0005796091398817,2.466271057599556e-06,53.05707453497284,3266.847632240461,1.3117599564793636e-05,0.000339662260103,0.0013393182570098,3.11134385810874e-06,988.9110104738502,50.41960371873072,2.685469848325805,0.009964495897293,0.0021695899215501,113.7873869933367,5.2011127116615015,226.24670345752637,47.400039961529664,893.8314709336764,26.74892923311755,0.0022410110459682,207.59299043843905,2.5252682799473405,0.0365422559809403,0.0012610003991341,0.0037401108519645,0.0641631111502647,1.0441703926389325e-05,0.0001902976558199,0.0047865418633854,0.0248733059395718,0.011221879860173,2.10305655485854e-05,0.0039803489740126,0.0012656398409802,0.0472639368175507,0.0083133869243261,0.0130052649593359,0.0638566099864483,0.0053908683210579,0.0177145747519911,0.0050982409625817,146.77094210486925,0.0538440952163625,0.3835568555887252,9.006751966763517,0.0283271536059199,0.0001799419999315,3.1894877183580306e-05,36.39030299706883,0.0192923419296597,0.0025793411829722,81.4138391297679,2.077989762483412e-07,52.607978912406935,0.0006381688723706,0.2551587431826192,0.0032621918530506,9.7779853689417e-06,1.7570280676269188,0.0028368788747445,20.64332366151184,3.061074297505684e-05,45.09841961829235,104.85209602117538,0.0028438272291433,0.0025288069621662,0.000769014662751,0.005319972783318,129.3724448618876,1550.807849743298,0.0530428208585362,0.005162749966654,0.0261694025634119,0.0084535241856634,0.0132745975619248,0.0003508317931562,0.0109570073131244,0.0003149632032659,0.0014561832225909,0.031876531117458,0.2018690035276719,354.0368375116318,0.0104359453058435,7.908245712590276,0.0108247473558442,0.0077713999530111,0.0003360459846959,2.101382208353801,0.000169523406555,75.06945301246014,0.0291790039650804,1.6951872339632246e-05,9.444545256087622e-06,15.948517499451796,230.4386211708188,0.0056098041735594,0.0001628099310266,0.0061911229959989,0.0093892993799125,0.0018820398561585,2849.4832494690245,0.0522204773813967,0.0591610272971996,9.423778669415128e-06,0.0007107677190347,0.0177101987180432,1.0490039699107e-05,332.58981395294967,0.0003829550517195,0.1870370839089736,2.711473500838224e-05,1938.227864103392,0.0170127712432601,2.8514151608760585e-06,3.901834537740797,334.7423940109147,0.016728007519454,0.0,1.6321394291979017,0.0113801907817627,0.0110282991081476,111.32272540844714,0.003310573473108,8.347209586645477e-06,0.0027176996381683,0.0432916825094977,10.821551715473138,6.498715947600431e-07,1514.6338595665693,0.5913394540227694,21.05539577323856,0.0019693743556743,1.065917613729539e-06,19.737312101566467,0.0149669629799435,2.4857103811726237e-05,128.4993629924026,0.0239094701718443,0.0002449891001461,0.0121523174955484,0.0030476560988894,45.54397263378742,9.608853531517524e-05,0.0025926395652677,0.0002087670802328,0.0115995257150614,3.888199217175357,46.14105320163071,0.5205932003202061,9.35276217627733,0.0045945528995083,2.80646377177618e-05,19.051396142909653,0.6198216853663325,0.0280088297838134,0.0008854784742986,63.49806157747719,0.0005159639718783,2.8007370929117315e-06,129.2101218772545,1.6869135833985638e-05,0.0038490924601717,144.8684324076417,0.1576161431730725,13.964596764358364,0.0025861979802357,0.0008756544159496,0.0628716093414247,248.4032110720873,0.7529825339152012,0.0039209456709699,2.202514565396996e-05,2.9982183279381576,3.298996437041751,75.94302603228196,0.0053582244812986,3.90131043914721e-07,0.017642134204264,4.723661939257838,0.000433851842108,0.0001340359670365,0.0043244668088469,0.0187588985924634,1.1720136541271131e-06,0.0019743157080256,886.383794932815,365.9534115967691,0.0366919733753379,9.691014660972996e-06,0.0103732770797197,0.4724446181599507,0.0200370887158705,1.3078798446031216e-05,137.7050122188227,4.841534114063961e-06,1.1129970403089828e-05,10.245536291988296,0.3816498151651331,3.969399513512051e-06,7.299928284965063e-05,1.2168158581523116,9151.330396312404,517.9138123352932,1246.4397991979497
BWA,95.198985386655,172363.74550853184,23763105338.95392,7.312249179146473,43.31298036466327,1740.4099753755208,982296.31775025,48.31464576189481,0.4823493694149512,480278655.94931865,35853222.60918583,225.03053064180244,96375564.31490614,266.00878144843864,205.841323253196,16541688.270939352,108.27845054130012,44612399.69142487,29989751.05417397,14760846.124048527,236.42525060662004,6.474315220616048,28.896742718027603,111.2487366040487,903.8410306813116,30.161337956115872,0.1187588529274665,3911615.0637188414,1520766590.8599477,86.24469949601433,68.2823008967137,5367613.161013587,1214.1719174227887,38211676912.19172,25585280.876207024,160388.0747951134,168.83189501947442,127.13396618129028,325623.55099845026,12795597.193938768,289956921.9391032,180042249.296325,812038694.139148,183986390.77671897,45.091658803019406,9058264.8672943,630259.9651611121,89364.10063841521,869.9442804705869,804.5541969388132,366.3764854092869,0.8465601825393865,10.997181118183732,260.0509534943041,1315.0012164219006,112456.66321482732,43.71394372663708,210.1031650269975,1290.794960962268,152198.13426351664,644168.1865871641,1085.6254439167349,470382.20339711313,168206.0535071609,3875.132762371255,271.528721637175,91902680.53742775,2971.3263551378614,3501.180679556027,1498.2550373590998,2389.024059436212,9.439341032040147,1.9563755981131787,291567360.1579088,985.2538114769342,159.1437307565254,175036872.7456922,0.0103453547890097,167791923.52450606,11528987.989869235,36955125.49187382,12528.423169190266,708.9789761319781,99406.50415453353,842.2970411141446,11041688.861579783,1.530372048312321,10314679.026938887,1147646.273380802,4854.480722782486,142.87178571595857,124.78668745473009,303.36452378874264,887934.844369876,216001884.1097805,524.8762641286495,264.6099280207073,70350.1991108188,537.677431058695,673.7973319201782,20.121401576780183,27565.191803281545,48.39445920820802,90.22614383215642,88830.72563576367,11547.47068512424,140884062.05379814,674.0679771676398,1728947.635502798,1.370994357277429,11708.655385357632,26.123415613469074,5205060.074477045,9.35731510766189,196204843.59261575,149395.97934603778,172.15369698118903,0.5406263194260177,750619.09180495,3207433869.6832848,301.1947884754894,8.55128592659378,329.7692789302374,141838.82400679603,102.93220360014452,739362732.3135579,2097.533735273724,2942.1596329497665,0.7401134000414145,43.58389072319111,28008050.682604447,1.1134934735256363,41695973.80071987,21.815829327062204,13076.417711754064,1.306778325161868,3118557997.208424,1269248.390629046,32.800209215927666,296754.52498536004,221296184.81221,72432.61203001534,0.0,20046.87575452333,4201578.368562201,132.96615482590164,373546840.3710112,9257.645518411551,66.49200786848996,141.43022363336192,2255.732811031689,6235275.590616347,0.0350318843325538,18167187.898896944,328432.7912552176,3297917.102072329,258.0419776122019,2.167070220624053,4305848.464641901,355909.9536507428,2.288121974411608,58271.2285189275,1256.3117885390664,42.47582386100892,2676.747606720617,160.8109264701238,1317606.423806455,5.3856504821120055,89.52849807323985,18.029154394237693,671.5936317791899,232981.0038244337,7710728.976265397,99936.19801787975,6782097.76199778,16753509.556306912,82.62860478594546,20036.3546675495,184396.66036015112,1390.615073347295,3221.522112622437,121210872.97742884,23.63578911043889,0.1587039178085092,26726321.36755823,0.937237377788847,227.42191819635883,69752467.71510309,1941586.047327533,11357586.67411626,145.3178200679355,50.06161547069463,3442.4912080358604,859534256.8103962,33557.06363461518,223.19324809194157,1.141732271724749,6480692.591317496,42037936.77677551,6028369.300753886,367.7891822130182,0.0215460101495179,1061.6312356113294,13777.9226491792,115.4715846218884,11521.937964909956,4530.621991759575,1429.4240095960183,0.0628688019758914,29367.667663830038,256333836.33280045,111350506.69900706,2013.90300698478,0.4674584624049374,44963.27968239253,27474.198330688265,1192.60663513151,272.1724777868968,13558053.363067914,5.305869683267803,214.7643914579464,2883961.756190559,10621.532832137347,2.7229892049642443,8.444213585720917,1352377.3011361863,59050998490.5575,3873178173.9790673,3945173508.933643
CAF,861.0564272084821,40903382.33219519,2056403208.9197376,1401.8577364041223,10404646.46517534,397934.3944371503,13819.67906297895,2768243.661600579,0.6521633354590946,17828652.842347033,57.83873982822186,12406.874677181944,29764.85964863629,1753936.2551448387,4266030.944886819,10156915.882039951,167855.41487917866,3650380090.871637,2335212415.44681,27119863.212221317,16483588.885142632,7951.703275142528,7706.295586267349,17889711.682720147,12007254.881483832,81289.96175431684,7.164825631294368,634244.2352348071,271161880.526701,23217.250760689647,38.91229058952911,8996648.143345384,0.3501574874399011,14491717.633105949,174193821201.33453,446461.7293994856,0.0492935524580602,2542014.2520881384,2382.604022338727,25159746.066331998,5845193927.663567,120941800174.29083,31741279197.25698,16779262521.43745,0.8080207666509941,7497546.348033801,1254674.3184675076,2124033.6492745103,805419.6694895497,126907.92816144408,0.4210740175579417,1319.0436447449306,1130097.9139900936,1930902.0492169,3577041.254241067,21153618.898931336,15605.875629297125,141557.70250204223,364441.00292399246,322030834.4214846,245192.162198974,13338857.22803202,478407304.5601517,46282238.65002725,30536243.927018203,1866036.8463001228,5399672825.872505,4684496.219020469,64.45933318758343,97.30029742976618,27608794.1093008,21.41419144330172,3.737546935155107,25559883541.484035,1010579.1078051776,4579838.865398212,5886398303.659158,82.73421524006463,3518272944.054229,137624952.08155257,6819889874.675632,75542151.63902843,17825.630827341636,348898.94896551326,461733.2320719578,24152935.187284824,3.470977699710361,29276413.771136407,2.4949176867672547,443539.5926642375,11623017.437017672,25435.34754392307,5334497.996707496,88809.86931263714,1408419462.2940104,19.401041987040426,45102.141388642325,101613017.67534512,27601627.056902505,1972.570222017889,507481.1366499095,62333174.18756353,11841.811223715144,2736607.202616498,5018.790217134524,36434731.98349506,36043897.94041857,5800317.834674605,306934.7040531169,3.0262330004834315,966.3682324765076,224784.0347212911,4570410.580332124,549846.45445442,2011448357.5697985,227317954.69726443,14276.132498560815,3728.3745583045184,413663.6798767081,19427.019479270395,2174062.301468628,14436.849760938092,2757855.0433069444,42748811.25813176,1437158.1682995416,45831615.872337975,735.405530996808,579019.8532128535,1.0943044896625496,7752811.751564619,2528439752.2856,108664.85880456056,63583613.90849864,8146315.624198898,960780.7611629566,3.092973161392297,110494467.89483383,302055711.9230317,1970.4725264603128,167242.1833160734,147273968.4609017,31109.177758442336,0.0,73.4452330773467,1996804632.376361,0.1595957978834263,61790622002.69157,1095202.347865305,0.950985579071471,113709.82497458074,2787584.073487834,37175922.20765282,0.0776795995152355,1130.1519828623382,3931148.6380940974,63312733.41658302,592902.0724959888,0.1264721670502091,920666.6970447832,24117.809758473624,2.876639935690835,2247.498258715423,4995629.191124943,110906.71938400887,1438.1343794710417,400805.6942781116,6319.02485413342,178614.51257333797,10.112630024996552,123758.2128614215,24581960.599128697,99449085.031348,7706959.974831555,82803916.87894511,28794544231.909424,308440670.2996863,3.412380683761872,31.607654529183943,335.6599536298719,177524.3311482652,104.3332808203059,1217013595.740154,25243.651062701752,9668.265304549044,29474651.477000043,2.0454893862998347,12876585.285518896,30727541021.062187,71204063.1135954,27430059.807179883,2585951.157625345,1596262.9393116268,9776209.495760337,11347.943004105982,903.6039879236351,9813588.12249382,170.43861130683723,47669904338.34615,2015499221.1155005,8237842.901205199,10394811.54647843,0.0463711626182384,17514379.317249108,55.89548644077283,2.5884938459066644,241993.3564253459,44634145.18394464,109618432.49945952,0.1367427038023829,24371.42662358769,592145469.8686516,165954675.62376374,24095967.166863717,1.0883072777006677,1016.3500307983696,413862.57310144,14046125.09817137,18371.706461451115,44515438.66674588,1409.1387899441447,8601.798424587305,1692576.122337781,49.33414942116927,0.4650896648370484,8.755719825025722,167428582.8842177,2576583.4848190006,1545696436.176629,21363138.36456072
CAN,19641.935525802328,4880271.150858921,1630.397494114716,28773.21354626028,36996605.25284667,41349.4547807756,19225.2369868218,3002397.4074776154,0.8841252991583488,19059299.062237505,24.759115057095965,162406.62769674262,25987.24088119472,554484563.848684,7756066.681299648,544.6378407731331,314900271.71941125,139460.7050245442,1160466.2552903933,25986.644733057048,62800916.56756459,533.8096514878104,14633023.095216274,116485332.11569582,604619299.6673685,11389984.504823333,301123.40132436075,657720.8196763553,38455639.03041957,125791.08546902298,501.5818373279353,11351.44665690348,0.2984207813738333,490.5996068847465,320784.9659422988,1953902635845.1765,0.0377556366887964,450035741.072646,1750.8949069650205,73786221.3562152,307802.5768870704,458522.7896650861,134344.26578167814,38174.53124185419,0.742038894576813,63385099.59042778,47.338110041645095,303991.46078299,30443202.9400954,80352981.5093185,0.3172251851096727,173943.6000453664,676965.7960843421,392012899.55336666,2775676319.0852423,24812.321222986408,239360.25551833157,394411740.3738763,25781508.86070774,202361262.6868428,4857400.444600064,5457014.576911549,239500.7397204655,19790085.73321419,1387974702.9635222,247793626.20115584,1824061.0851040024,1910762354.985845,49.61940840706435,84.6201675269676,3763494557.586657,29839205.05406791,7786.1803943208015,35489.76012716428,4376660296.316372,30394339.621404395,204465.775813499,7687.222518701979,4014651.1663263617,1221889.0634602942,10352.22400371092,55980557.676136754,93518.11902982013,99388646216.26912,56248649.4249371,4889442.939289365,1039.5694351151142,19552683.054784182,2.020221807642656,65452369.89909607,129686524.02942576,11591567.449607428,164037307.45184037,172765.71938489415,1601899.091734587,0.2465463248326353,1456167136.8692155,20540184.060502965,5648613.963924788,3952039426.765711,536274.9729352137,787027549.9067087,5229725.051864116,1221988.484434618,1498110.45207437,601749721.8424566,2151.6640952916173,25519644.002320766,940.4909661367456,4121.013109071932,158940.89089924726,60428.158688984375,1942.024590071464,799961.2000426088,96693.4179121459,25459164.523942616,162956.80246771307,2247781.9702624227,210.9830240613343,12.375446011206124,291162482.9280122,23568258.863886382,312190480.43524086,232627538.71088788,27288205.01928954,1171.334379071692,0.7614953259671928,599894289.7807835,6137.2475506819055,15515315.036199937,9790792.837907037,92709.86684870864,34608.86970897514,24726636.87566286,61171873.352861136,1948.7796729793024,841.2740911785587,16588062.457962304,28430.036557341115,3.128999993184962,127.94130169003044,59884.60326061872,0.0,56.81676867541407,1991643.4356216125,0.1272890107433403,1322694.9497741167,50359842.38575031,0.7440889849008292,403852233.6859576,5799447150.269756,61807.52679111008,15.240897018051086,923.9007309587244,33026.858841306515,2229029.738518693,27995277.585104927,0.0932453316466835,5690002.229782206,67585.1844998661,349.5873872624667,11817.672441505189,1357254932.321446,3580347.8719858783,776832.2458991567,277790633.62136817,19202.77916725632,169824.16508614176,12.076571213821635,20331.680596947765,291959840.6271076,24619396612.99487,403.61215849688745,3170614.2366226194,5267071.018921759,6450040.053827181,6.87555546199069,28.00753581520053,0.7199248086907732,727264973.0654558,270.54001125560626,307521.3883023681,6624455.571023912,114114.7376997837,21472.601468363264,19631389.74042492,106792220.50330396,111726.12127266068,49.70504278096903,8263167.795993407,154745100.12937826,70836792.16777208,3623008516.275986,20.58688223411217,4.123517201668414,4217643.347571196,418007.2735054052,3557917.634419165,44125.01518644168,6839.272505441021,5835719.75194961,0.2703731784265406,6962808.345120212,41.761079097950805,18.46393019682341,1246405.9076322252,28604756.87269544,132990077.25193822,5.71773943838862,7228.46907665541,5893.728895938101,4658.374093819768,724655650.8563343,21159.179853850343,669.3681606207715,133304696758.99034,16851732.358073726,125638.91189569273,89629270.25581895,59006.26244897842,122027.31526462364,7437.689235461216,39.255430935395445,13.87843617837048,10.992603213994808,399546.5332351892,1075.0327791497064,1582.189451954167,274.97135200372026
CCK,1.544611768622417e-05,0.0407296542631401,1141.929340292084,6.916959321756622e-06,0.0022266061733944,0.0027619022408629,0.9618407304117108,0.0021956258350854,1.5750958397120485e-05,577.7028411123946,4.048144714926584,3.821846154750119e-05,178831.45732513044,0.0141012471573276,0.0100497857096399,41.50550286378712,0.0058593747962731,0.0056775022657298,0.0127981673780785,908.3928625126864,0.0119310726617527,3.895231354267281e-05,0.0012839889314939,0.0057924388869992,0.0485317010951007,0.0016340690933063,6.9530333703937686e-06,0.0716022081743896,0.4523068699096139,3.755998886845191e-05,601.5975241661072,46.71843845165199,8.771655302552972e-06,50.1108038245884,65.903900582746,8.134335529453482,96.40351104736328,0.0065290011489196,20.419136426358897,38425.41958880486,0.0153604535526028,0.01932022264468,4080.1202004672978,0.0135315299923313,2.005158366458204e-05,0.0850285016096652,14.21704352274537,0.0003121380756425,0.0035403194396579,0.0106499620871431,251.2401885986328,2.9437766453810355e-05,0.0005639091580178,0.0141042629905014,0.0716584585150599,0.1104160165394638,5.9290414014867565e-05,0.0115119488724531,0.0035302297995372,0.1491723991116025,0.0240536303526228,0.0434530878712173,0.0029337437189058,0.0172503827095624,0.0521866467836291,0.0149320333696323,1232.235319554515,0.157931168275013,0.0593815888966648,0.0024033549632775,0.0829035010217609,0.0005261814694677,1.633748590737972,0.011816110279784,0.0553445137208097,0.0078836481130961,0.0119371920053303,5.858371991962485e-07,0.0116479926490384,0.0017991572399864,0.0013253801846531,0.0097965736879013,2.7566583838734005e-05,5.2262312119067325,0.0079639425995905,0.0050344081649598,5.958444867283106,0.0126642667826786,6.191870861016469e-05,0.0080441019287624,0.0074709671418524,0.0021852571481986,0.0158471302292293,802926.5647071819,22374.971498378956,69.28600585460663,0.0149267086297602,0.0802279814501172,0.0257770990173625,0.0380959582069193,0.0010377365279055,0.0329420034149809,0.0008879598215116,0.0043346810774403,12239.225812025048,0.6035787257092229,2075.0722675530487,0.0321586818371883,56549.82367819548,7.619433717920288e-05,1451.481921840048,0.0010268275453881,20015.05168379098,0.0004845447922434,0.0047285687278417,0.0949570084876091,4.77915602914436e-05,2.94416901169825e-05,5741.671542927623,0.0009309180142622,0.016204670099114,0.0004590018300802,0.0179415401027958,0.0286215606781095,0.0054404853891902,5628.049626755324,52.57221792420023,0.169056706483401,2.699103563141847e-05,0.0021626719754976,0.0530035504823513,3.2700836527510546e-05,43876.02055341511,0.0011525848638029,0.5996337763704247,0.9396138297136076,1283.658487944056,0.0539489705422653,8.03885018285655e-06,46.77439249493182,230.7164479886319,101172.22113950925,0.0,85.26633279331145,0.0369415652836373,0.0022792341187596,0.042754877961201,0.0093722078156872,2.353286799916532e-05,0.0076618735578222,0.1252072287935988,545.9049581758527,1.8321502466278616e-06,326.05945876547355,0.2493850881139807,9.729860127354016,0.0055362502636171,3.005087556573472e-06,0.1047545683665873,59153.234631143976,14.34013096312583,13394.823509879572,0.0688065080970545,0.0007009861780886,1007.842154704034,0.0087526870478598,0.0258138177575997,0.0002855012347708,0.0002517168042137,0.0006267090864611,0.034892598900628,381.55541665731846,45.70146597432904,0.3086774819804847,0.0509469412660164,0.0131832115336578,229.59536558389664,0.0007648668177075,2.519754104923777e-05,0.0799010913111439,110.59176626605968,0.0035882446949386,0.0014393683997582,7.895977432781365e-06,1595.651546078082,5.2586534820875386e-05,0.0117497722610835,268.26236954260787,5.8790290104582255e-05,0.0089083760359898,0.0077837047119828,0.0026523698229539,0.1839746556880968,0.000825247044986,41.32329523470253,0.0114608952048627,6.209438151927316e-05,0.0388978851002774,0.0027464987642815,87150.18069633842,0.0168596744833848,1.1711741407793852e-06,0.0535918789591907,5374.843246638775,6.24950101624222e-05,0.0003902665396111,0.0131616407297399,0.0568521202132606,3.325937704801163e-06,2510.079155752436,2951.278429053171,710.9803359541511,0.1073830101133275,2.7334208692053608e-05,0.0154433391338746,1.411721975251206,0.060390422092766,3.687239615146609e-05,0.0589252589926232,1.3649494974288244e-05,3.137816406706406e-05,54173.03439219529,12.622751346108773,1.1719126100206978e-05,0.0002208321443504,12.587668110469023,0.5088353317410714,2262.540734946061,565.7668090636835
CHE,40.61637605329315,5496489.897514689,3472.3927686758893,188.2337850276364,27478035.17588854,29676.685114318443,147.6843022146621,4567236.816771641,0.0076604518471352,241092.31200488552,0.3906955505582326,728.5120163648002,372.965177912233,2002534326.6936915,7947963.9832624495,1208.7023525870252,32101233.054281235,761442.9931656594,2290299.9922252987,199982.7668095667,77192630.81075099,612.0013648447966,9854.998147522265,132699433.8945818,302615325.6127813,3132.279570371982,28.80392111899102,3155.3908039129324,1277728.4241924982,534.8954184164468,24.23951242229145,97467.64844857954,0.004244618366556,11.43167301760638,1275767.5976458448,24741126.591166258,0.0005851243491861,1141500490.7357254,28.95227638481597,33059392.94922879,423405.1250568835,1437941.2629536777,154655.60730354328,56257.046360867855,0.0091922068629903,188303.83401297143,6.01122253640256,27702.25460003624,37249.2869206101,26459.354400215583,0.0049401418802972,9.619428877203635,522993.375159502,647771276.7198033,2772471381.87559,78805.84523338288,926.3504420441972,49079436.73939121,46808.86881849108,46100979.14809641,6391.605758561795,1724550.5091796685,922165.4514938256,507170.9045647478,73225007.41033348,54820432.626615286,10115274.0876275,242793473.0825709,0.7615653179997068,1.1777664943795898,885734266.7974576,237971.7837711573,6.973463483086356,74041.07931076798,90739635.24387634,24195712.218952123,500888.5734091844,342.92288076877594,1776984.8539464942,190073.24971451028,10862.265629174592,45677406.69344759,648.0703374208636,92003637.72622108,5885.53152431,189918.82143636636,0.0436773533391345,430925.0325176118,0.0298870459128544,25494.96950638026,176824459.41373158,16167.235489088787,273415266.61808175,237.1665349920709,6261236.487040933,0.0997768953092492,14095686.019138558,21591563.04223364,4897378.232240299,8590425.304425398,408530.8110489287,2207162483.2914624,17615.76967317753,553059.8899746044,511067.152791689,197325864.10895908,15020.351890198426,11814979.66673687,487.7911418261928,0.0363075468986662,92989.42608195273,31482.65804520657,20830.14651613483,555997.4825879335,71300.28441408154,8635804.462859541,1029.4986233853851,7073131.744473457,1306.434765402919,0.4541244499043557,106032499.77444912,4088488.873763204,94648459.98848432,11537074.368072854,20560752.47664596,2317.7175675806047,3.900288564427495,44236.41031709105,0.01334659399014,15905714.67516321,9300249.508972315,38361.33364164829,411298.9954076929,23002501.463109016,18749764.76067873,0.2590310185351452,513.1748332722328,4572194.12177865,113.79996068336186,0.0856391313674782,5.1587393612634616,735.6550636913292,0.0,0.8518555339647587,10557516.096218918,0.0019196188105183,8166748.227133218,82694.59316790113,0.0113163808905483,32819689.264266133,164233821.10742074,603615.7246253681,0.0009066129290999,13.947161494719126,51176.41723735264,2382698.2872901983,29284.880530476545,0.0015217632083537,23353.290620726377,3673.485406210452,0.0439954455697009,26.100679478632863,959267097.8592014,16292.507912746012,503895.5934419904,4230482.79801374,197.12562455293917,130007.40878612688,0.1200207057691955,13607.114760483057,307824976.0838277,3232308082.546408,1533.5355671516809,3205664.947508244,8581761.124205284,1323464.6203129247,0.0430596140711472,0.3905927268104125,0.0122394019957283,8254405.844507238,1.2286534292041411,183988.62488714492,81.40212904579788,237949.05464172363,100886.132917179,1155.4512155678517,124166858.5374496,304274.2624464212,39.86916963238451,269223.1594044168,217696152.26830676,143039830.24959373,299494536.36214644,0.403911339519226,10.194588454057383,4074280.9508216456,650.3173051024858,14838258.397260971,172291.61321912665,9125.254610940112,4433799.850629429,0.0005438073014181,4835771.736123049,0.6311733785213178,0.0301632579928239,8284.305744252415,12920883.982684871,130734842.45938776,0.0016270313234247,5904.467284223582,16612.650471917033,9718.8401256191,481382790.42555547,0.0132781437804627,7.513721239436093,377391.03674978967,8304745.828183988,559.3069648751235,1225634.9422289326,412.4868539274246,696.0065946294249,32219.5158574394,0.5773868325312983,0.0055789573304688,0.1019994096151037,1180092.8974785886,24.885544325530365,3210.628154483856,6.977173862869833
CHL,15.580683064947587,426.4822005062778,12390768.143818855,0.3066173433794513,22.135263716964992,28.356686050058816,53578309287.77221,24.54208412380691,742.6290012656107,4500537555.085613,8172308.672329559,0.5513919080136636,11804110.5197238,138.3945690396602,106.02261371670032,9229.126284815904,55.6380121694481,44265.89086660271,6303.672986829734,355.71558826914094,122.73904487313445,0.4381978025401116,4325.1714029348905,57.29811916725086,470.7016777181444,93318.98573692048,0.0628990522890881,9837851316.164852,3983003731.315763,7.114899781645374,8.647213769581807,2404.7657760496418,254745.39873644337,6028830.864459101,9773.695735708032,85373.55220682586,36.39847418394688,65.40909064016004,13983322424.646095,25057.34158552046,190859.29703760915,150319.6730994667,747700.51576116,260950.51956550588,2435.7885112594117,128050391.53376712,4151.511942660419,10.97215002908177,8459879.022808546,38334.23398798844,48.38227991530483,144.1453866163509,5.637659124639578,134.98595050153318,678.0148279700236,49.20955967805348,5.749006325371646,109.01249997837208,141674.96670460643,1525.0702120166764,141976092.57606018,483.6709295327672,24.998037629491925,230.42987443801024,507.3732135859093,141.6118789215559,61839.7124514059,1551.2169472928283,17663.14719513384,206462644.7751002,793.7763496979433,4.941880080361472,131.60793504561926,368662.97649444034,515.9904125849511,81.75620241478398,123993.4394222306,0.0055160059636498,133996.2287302751,20274.11138032596,21093.442530255685,96.74958275795424,30.820282368426984,52425.61518340733,1074731.1626561848,213928.0508469449,0.7651149106351502,505826.8446216015,320249.60056372854,593709.9625355487,73.61019599639808,87660.80248595384,157.98846995926522,52819.07744527904,61931.86560226929,7.422027364226182,139.5383465013171,840.873916370768,265.2522664400847,352.7806257953979,10.11271188989199,331.2811066302019,10849.543178476077,44.543251712058456,858.5855702100887,6039.806686982289,117984.21361211067,345.8916802394604,199.14563337451852,7609.798803939793,214.62129549999605,10.343709087738787,209.70009161907345,4.7366194824888375,200223.50431336195,1233.1162106925526,51.87507450893138,0.2801596410445299,1459.3758004810138,3481237.8610477685,156.75832266383583,4.388432184411975,172.0513692961096,500.146019261478,53.70352549214859,7516483.9914531,7.958922338854653,4084194.04259363,265.43916599305027,22.325739279004523,6192.242429454357,0.3135883956410306,4050.5504119924494,11.174869467407424,6831.985243955345,0.680825263494302,13023616.682803962,1014.350489589773,0.0993961525848324,8767.391912921768,1039044.0702731332,622.365493190802,0.0,3747.338211281273,2448.808264411829,41.32050990435023,245143.03411946693,2416224.272635869,1426.7591266639872,73.03447630186065,1181.6868494868895,125.84105109581184,6.284103548955208,2613618.5329187657,174.3554914181267,1137.961392551339,14363211.610052656,1340.0160999063737,3877386512.735192,375.53069344258176,0.6455844591887299,18559.914058378963,655.1885153871035,111.4168196839138,348.69402427187595,81.75893690225969,1219988123.4596047,2.720815491848068,81856.00950501354,6.736250523090133,351.1107481910253,123460.02698531545,2477.5539742261403,1315.54261864978,1201.180863526144,23603.798548759733,0.781607077645609,94454781.32489929,267404.23588261066,735.5515118436689,4161.8869309138845,150612.3955509375,286540.5865253117,0.0819651832103594,50279.26641314693,0.4888753758997544,118.18959946471462,26584.201692624614,2802.1092385425427,312589.8055947111,75.87356682579428,25.74458471234713,1797.5161826829258,1095536.5989708663,385.7911075883557,112.71574656629404,221.9054937124293,2642.7771697722264,33635.09015411828,967.6072410989892,185.2581477929598,52.58763685502035,544.0854326631807,1464.3697097107486,1918.441385807728,2597.916423631126,131.0023083228143,577.9504824013679,87.370038044702,38.875764742912125,624948.6002549166,34142.995593180625,1050.296122622283,7019.620412640812,1585282592.6162672,217795.4197571374,615.8991524643876,127.627335788447,2381373.4972573183,0.2786643614899272,3.419332325129828,334.6955326273205,1042.2299048184225,217.5238023319496,9883.29146287377,561.2870210556489,84140107.97888227,4640820.199364248,6730835.239677312
CHN,1.0575524171679396,126088520.66378212,2624.6717818434868,0.6019912692485693,866.1759664746709,312.1483081983389,20451.444619144797,6802.438922986649,80.24069438313823,33250339.891536143,54.78842222482741,3.8765704718697225,101744822.54860222,41629.30514815478,77366.16290577529,275.98620732903294,21728.572802171704,403.284135780362,917.6531441471463,149693102.87179375,24655.36771116276,2.203235781194754,2337.7139364410423,6749.802568040891,399518.8572032947,3874.283120614175,30.699365501566607,4567.831656747664,29257.032060030364,2.5511653731995825,51260194.610484414,710115367.9406924,0.5990069839589967,1537.2405178063568,2050.574880247779,5647956913.86817,89.6891894225088,4979.275632475974,3973.0248659384206,2738510738085.061,1075.1097904409128,1501.0482755225923,60256.41625609649,1684.228843624181,33.134116359864,5919.964899895615,121.5279923627074,21.41007778917973,8064.794816928114,10557.948306448272,2479.6843005852206,23.91145655772216,39.922445578407455,31951.49404469002,313154.01057285536,2712.107471301444,20.541449151465606,99283.61400027933,2025.294579938217,9806.204822522848,2363.3331660552044,2406.7056603689766,1694.9702473341076,1067.2337843727155,34226.67311405525,139276.49167764603,331092.4331624294,1841150.4384158072,119992.498717908,166.45521331321635,79466.40033610284,6146.954259541918,215765.75664765056,1198.2043761011585,481382.9528019938,76337.4294548022,848.3854256998416,0.0441715243491821,823.3372399258184,128.87275457198996,92.18303106513235,4843.876304375465,1.8777477700504095,75536175.38152967,18390.151464958828,337.8860729912035,937360.8902292296,846.4491738810802,4.219160060773906,44349.75580495599,4096.457588235437,586.2686960172795,15984.802818961296,8156753921.432738,3149278075.2042155,338.4200334724041,96016.48298681236,877542.0179386394,10996.570755530123,637874.9761305084,329.9565774750536,8837.500223017885,335.8401844151474,294.18101370550795,60965889097.81668,2236008034.3624573,271315.2326719242,4737648293.115049,3485458490.5198994,5405.425493756739,22360852965.268955,186.149686723643,10428961874.821089,205.98251935057564,332.7455315073803,5528.092302360721,45.320237601248,301.1818878015339,418867619.956591,55.54432583922409,88388.88546749808,2990.227727600313,119171.30382400406,3335.6051080195657,25738.41811679956,15506.56421061237,231606.77106532952,8410911.194325149,7334.346389481496,656.653227318429,3388.9709056920765,5.276630646706378,11367458614.865747,1270.449825807125,61291293315.91214,944382.3054958256,13920.881320692652,3112.7220848625693,0.7660244782888637,71.13129238275583,3727.3219190527952,3729639313.233619,0.0,32632.958347568365,2371.8102000572694,8.39381693773104,3044.8781104257114,18522.8343937032,27.66707298481065,63659.887415777295,1978290.6571033555,1732876226.202307,595.0951019582458,4227.781726090333,38526.55240578172,103465389.5535147,3292.8168846315853,0.2112591657987685,6852.676818807943,4498780636.447079,780337.6996680789,367436489.13130736,297504.9092223536,60.45734127693255,40367062343.13418,5243.173517046517,1656.4623904848206,106.21018970417782,16.810212663791084,37.5751782268489,94394.8747280542,380714410504.1373,300.23230678571747,14636.328796471262,17832.840062250587,900.4695102734754,6173587.776626886,54.8848649184435,1.6940149484893874,3487238.5906161685,3970922.8869063794,252.48343389443824,130.21161278068914,1.0049422207652423,713927.4480644132,654.5487116207637,8478.329332653842,14752.670679715582,4.14186445273034,591.3424480158872,6123.093990283849,2329.417326770917,1808661.180665896,54.568396331713295,515.3565577123982,1592.6351242363014,35.80481088175773,2709.641806742674,195.5281005495497,8885556362.993721,541972550.5170968,419.3897866879307,1738054.7722773436,6301792.251321068,288.2944113795863,26.93136651777961,1047.9946766538592,167315.32603665022,1339.8921167374028,7392593789.202379,64277.34988497508,9961.47261778297,683875.1197176204,17268.750670174806,1042.9623922326778,1082308503.0220485,22772081.67921365,2.624389435787041,4065.3483858489726,0.946838338844284,2.669325475339153,28541163646.371246,70786.51874365161,857.5785781565415,5700.383160867583,38867.66734127343,3277.79614850277,6672.55772163841,937.6151341188628
CIV,59349.88485236466,20372995.081583824,22222.493489060216,30403.08591074217,36162718.29164791,174602.40492965234,5831284.401085204,5574123.503967245,0.2360036960043308,6365474.979165062,11.829616192531253,215872.437313,10673.147846693157,20464379.713215724,8742351.233338777,1291.1940279018802,712636.3614144203,2355641375.498928,11240246607.59831,249428.7798630345,48082560.253215216,3081.2414497090795,1120719.7617864606,51785238.057626046,23323276.53752141,5836532.23667901,2365.0762264311634,139708204.3140728,9834863420.46173,426212.8285812736,13.937710563524604,194950.35348044237,0.1254717571783885,375.2768279298899,35673762.57956642,7544964.828962505,0.0176702957992915,9677091.125094011,873.5827261726031,4080322.191686698,38956886910.69953,143112373.4438253,3046916.2447184264,1033493.7880094728,0.2928422549043973,755965514.3177394,1.8221195568368251,12042665.685464589,28029158.0130604,13185289.762874125,0.1512440248180837,42809.116774073926,1947724.75788277,15202644.095063554,23007725.8864088,16317.63590808584,378309.6868819222,629706.412712607,11018476.74863667,820450064.2361798,42626497.30582812,17357035.819813132,871642.048742801,158215535.99766278,107580829.53553464,2248827.7456033584,5272762.819785496,7324495.677110191,23.289380910057893,34.9182753962072,86752305.55654028,8011.9618664295185,1.347741313859989,1380862.4623989775,3265942.65395819,18940247.27785091,10698000866.87832,900.0312348866282,26018809285.97525,975057020.429845,900603.4093638366,119931699.28944217,431034.810011318,4747028.241033886,22189738.96278977,612471206.3150244,1.239909966300468,871349465.3377738,0.8966074890439533,30957859.24601492,44259561.397561565,4749965.83004955,25585221.810644496,3620.931892291729,2820299.406166671,0.0537230151773002,591876.0302893617,164940687.0828675,36267888.74242447,712998.7603725432,1893314.0374423016,256683021.20691848,2356989.690483656,12147443.163050396,14144.216996312927,41231747.6349137,20470.426993374716,3111913.7013955084,286.2375859042341,1.0873345299915256,1458.9261263748122,355094.23392261576,155705.2417904693,1665655.0038173357,13325064163.294767,227987098.0129111,435193.99283408,43928.49464752703,10315.523317131405,13.734811175463086,4654453.161098072,183612.84355182757,4378870.585211512,156483813.61233804,6126635.494258694,390.0703384827825,0.4185424207262674,67113176.14441322,0.3923999633617178,15443218.466637854,14187281053.80303,334054.3971865997,666596.0607464524,24643167.990151443,273267.23761207773,1.1046977770064297,954.0272152389888,1512069422.7129335,40169.460580423474,1.6253034930268706,189.3359125523573,704.8669729716913,0.0,26.5352010222142,1792757169.8389857,0.0576423908529903,3878992205.186436,53407842.84550833,0.3433453131168562,873064.3177998818,6136283.3675952535,303828.42448012246,0.0280492734953838,406.128064348757,270760.7216399928,6452760.157555001,27804943.363761757,0.045755382283932,199869257.07287705,892.8691429271155,1.0279832819054984,814.1144038001745,26783096.32874876,4390063.848326577,882.9928760459295,6071302.934847721,6724234.722494459,695401.5301010043,3.652357594328816,59357.64341114921,68359409.52782355,237563261.4132432,4509.598641690317,25469823.70870888,7368134.295549901,2329298459.966098,1.225121435576737,11.364452148124688,41.41404416643819,102299.1535018452,37.70471320035948,9769832224.611929,2958719.978289482,27878.985638624115,11493.060500356976,9874.305738734452,40207053.94895511,3275867.949843115,6061.02132909335,792124496.3981986,12019761.048316386,11336245.877498306,14853711.905027192,12.07575304844427,0.7050402866544023,17352974.447896205,88528.10957330618,122879874.59148766,1601372517.6666548,5384.129889736312,3691207.964330538,0.0167411892917859,13794530.736792872,20.281058285213835,0.9386643658956796,9274645.22282459,122973508.91568924,276333631.9341012,0.049415667635456,181.9952082682228,5873.595156130284,36405.04861944512,76454811.07365346,0.3890742168058339,128456.6638719246,41637323.94817925,8317609.156349496,406963.0675093476,1688263115.5028489,68418.80448209494,142782.2385986857,217797.7441661503,17.834618242054194,0.1681521219583247,3.159914840190396,641082.5742292189,762.6282948438343,4826.791755340984,236.30247394127852
CMR,1911.9713555646067,12333765.669871531,464945466.6891812,3530.160356710034,17489543.438804638,89198.1465317833,160942.2532091999,1110160.101475758,0.422868575134137,11274156.916620633,21.15236600815288,24171.827866149248,19116.32872159891,3578344.3560568145,1875363.2596849853,55916.89866379171,182571.0338820074,4197587352.944813,2676589903.8107147,416009.0917512177,25916732.066726543,1571.9376293018745,34315.795202198045,24949655.03037774,18085861.719878007,416477.64530643454,122.56079155271556,2611761.937148745,777850370.67462,48615.18531632189,24.866145645238248,100793.4987557741,0.2245424434421465,3800141.562630363,39495063604.978,447809.49518510775,0.0315571206422191,1109969.2978514018,1535.7073181957942,3644736.12928152,7775431224.098448,114994995937.76048,8158201856.423055,10677704702.982096,0.5249104240183855,26828040.578029957,117127.06083665046,3612368.899989594,2271859.8368425686,563789.9532898798,0.2708143475201723,1516.3287320506147,2698140.2212712117,2511011.6344887745,3806527.05346118,1317218.7182142672,37572.45717924791,311520.3582081077,898280.8040667226,370057069.0572781,805140.4777853014,12673843.246581675,25952268.095212966,70769617.57011016,27088200.367323067,1918054.7003721397,221304152.42493197,5480016.550471191,41.67008723729108,62.43755612695874,24763312.590448428,599.8422722003518,2.405178760537365,19418278552.59566,974284.1208664734,5337763.223579791,7645503001.633586,172.74549818815626,4503354836.677279,193484062.4792174,7631129683.209595,79810698.90297374,32236.33089017917,946904.4823761536,1372114.521953902,58315696.87452231,2.212612340064279,69512045.07658345,1.6034374319304696,1732180.3751571262,17610537.926917076,297323.44055117085,8491975.717621436,34277.88637891425,28680108.238875408,0.0960623034349774,145428.90538823025,37542221.36672005,11977499.409980174,9742.3781533481,819943.7911583135,79452809.64451866,94499.53995808036,2457014.844517574,3877.173919241927,13616757.846328253,872717.6330601122,1096694.1095632091,7068.913801264172,1.953891209670494,3064.28997989302,99200.33434086612,67964.97752107498,1135061.088937167,3013908202.4677696,141588204.59052378,38550.47825671805,6373.031143085636,964.468398535394,1036.154171659448,3917478.378411717,24586.29060833349,3479507.256601308,70805415.6968414,2690290.067028098,3182946.24538434,29.48750597930921,2470109.6235313048,0.7024459293495293,9200722.533726385,3257981716.2635536,161479.19948437184,768525.1320937035,13851137.032864366,146346.4305662347,1.9707461701712,13140862.067946896,444733417.5740778,2963.9659096197647,15036.904477886608,17274609.831365786,1260.1780379846482,0.0,47.62705293358111,1861756509.347198,0.1032598624364595,77453521466.39598,3261584.120841671,0.6141766292344073,144076.50866809182,3353894.9090269315,713080.4131557832,0.0505138300404155,726.9918498715947,220292.57481590676,5816423.776851975,1907369.4021397403,0.08194850362477,4243649.770146269,1521.6141432665831,1.83618125841239,1458.325517498006,8372069.067690928,506496.21012254985,1599.752603930645,908157.1169719598,96117.63660146575,231756.57699538663,6.53737938427326,46968.09657545026,32979591.72142482,116440673.49218284,15541.66121448062,13172461.41303119,3204327650.161416,474098440.9880574,2.203334755093536,20.36461551683156,254.051269959946,110417.24104961756,67.67826183462466,1649193896.8855343,165740.39339365932,5863.071273058691,1097851.835409923,422.443045860376,20042054.186469182,2048101635.959365,68567249.65980986,68927453.37927666,4638584.865915636,2437980.8933397955,14790065.996893924,1898.407991788898,98.93362825982436,8804843.843378752,1671.9980442285896,19291882522.80428,2474436132.2653284,115453.35019380997,3173096.3329974045,0.029967929426812,4852598.509140167,36.32049756378775,1.6818976648491182,686023.6926929379,52632081.88856411,141133890.00576684,0.0886120116759432,3895.285949001335,41457643.115846336,4310206.540539114,37828241.23945439,0.6979902535791549,1329.381176855346,1362391.5221209333,4170551.6820603614,38073.05543702782,102699285.90803435,5967.855764246036,23291.23528935463,63273.439891173686,31.924183289322443,0.3009074957282242,5.65329174198223,7174833.715978114,412643.7949636264,236946485.5396215,2952173.0135195944
COD,386.0689197118936,2930333.2490605386,209446036687.6162,116.98093623729964,1717228.4699318158,80617.84088387186,321147.08026329,218113.35618025772,2.93387084997065,98863616.2629571,573736.1556875561,977.0341262573836,753072.5958289745,169997.29567391233,488575.1593027888,3497498601.497719,5592.151395326869,2692120476.4324617,1240401010.7173543,21510745.853740804,2497406.4762456524,1324.039999095839,578.6125287915945,1733128.4461107268,1437219.451858769,16434.571996030892,1.3088988460270086,1107531.5258676305,446044166.98683167,5548.73871626633,168.55370732427951,5621820.463656601,2.838848136068794,2835852312.204257,164204494375.1131,1502041.9183018955,0.8906413732747067,151532.13260773206,10553.641783668536,14968025.571163531,7082378515.467352,106257152164.76352,1456861887960.4248,192318422780.5979,3.661316514819745,9167554.990662258,22545715.404194035,318333.5757386304,77196.2483693443,7080.1566741175375,28.06323969576964,11.438677195686031,82513.04116871515,107412.23476750973,580922.5144684179,11326713.465388656,3353.5365468588234,2238.998196938636,13611.516366035356,50453306.86350395,721813.5418753946,2863141.3297390006,407588262.53817314,4025152.826402769,6414447.254347309,87818.13772290129,6488596857.71013,281081.50148330786,290.4420949884397,425.31357894390624,4113752.000423943,94.42316953844116,16.426052065845155,129777622556.90106,147090.76599389638,307739.40269231616,6509024616.748222,2.2458110253247368,2381862694.9629097,63645181.98974006,13883361692.466814,13357746.322745567,5423.99230183535,954123.018557819,66225.48704028472,23581549.45405583,15.020873407818511,28275098.5076252,19358.209068343127,93584.79013775934,865759.0329733765,14253.983799564836,662478.2277624677,167329.5139147793,843232573.6957674,7202.002127613236,16823.684471407858,13040693.921104323,4081037.906092459,6776.28197306731,208191.0726571398,9923149.34518104,3419.822572329424,865861.7205385395,57488.96697928028,1877281.356743851,724627403.7425656,628835.3170903405,400368.1795572523,13.440501096935444,4056.0116355674254,34416.72014749549,4522238.002334604,89396.38374617128,3119500678.63242,68787652.07602508,2805.154148231707,3594.365132310915,491031.02222737495,30817417.06417909,249571.03840701663,6290.010924954599,142464.43608826722,2841729.870317445,156604.4935237341,2385103281.51918,306.1371012580887,90475.73851568828,4.797735462682178,926229.7363219482,944881705.4639168,41855.02862902466,57069379.51168741,922967.5354673556,115578.07438350865,13.37124525608329,11098835177.742674,45172130.78158104,300.8783236954479,3189731.209319732,8725108353.88304,8779.315445850942,0.0,330.6984388575939,566033084.2946621,0.7244297766466818,44045948827.17354,260200.2022137103,4.280635491459613,7301.146308226612,136124.18325619528,17757568.58635493,0.3450703290135699,54622.52101393268,3125402.661828175,22926745.048549432,67175.061016887,0.559678111507797,1922668.3553388016,111011.93653015804,12.490633176037118,10152.14659779182,932979.9803374788,22328.08792868971,6461.37275645645,3951.841409765079,287381.9993573107,56887.14037482008,45.15858185989735,24948.656457149656,3405630.837350007,13536618.067219406,2019935616.7398973,28888334.704150785,14761242214.475267,93242077.43399748,14.983336871656498,304.942060230707,31211.79035852609,14420.241119039783,470.0689497949456,1346419008.5262003,9114.017647089508,824.2765035130202,24655891.419541307,9.136661360616245,987723.7983994643,58756424283.584656,181121536.32468817,27496561.75394775,364227.8694830696,169717.3468558059,535631.7977283741,16233165.69300006,379174.4449715412,1839128.884868856,50.23765706754384,14711070056.083466,1848293729.0820377,6002136.80292402,903528.823179616,0.2092587111764144,1604298.080735536,273.66264826991187,11.692061684716862,109210.58291736018,5659969.563525996,13282560.125918582,0.6140779309082204,34277.17221127416,51382153838.86194,8695739161.49902,3290505.3466502493,4.733046464248032,11993.70285994061,295320.5024667703,1345785.403293701,4769.133163833644,34202312.817313574,66.32850491247696,562.1474020585445,1403853.0945127637,221.85750609758844,2.089681970859969,39.47229368186677,83451769.05387539,873103464.3995273,112292362526.9522,3697840583.493405
COG,155.31403475123625,1062694.5384900444,8728656557.346788,144.7998043399138,519940.3862340424,3053.614807001841,179869.78560634964,23446.30729401932,0.4052301289185225,10310338.672162712,189.8912247786543,502.8733612758808,18093.93008435159,25758.471620228185,146393.1053880606,2016265.3300667491,201.3771251400668,785381252.5822374,408231870.7853032,66892.35867811213,1207183.771527577,45.758730982063824,125.6749837373818,157155.10418183712,131484.00612203885,3977.6400496828633,0.1676089464298269,497209.3666799644,244615052.9169905,4270.170966198135,23.381521229317517,16802.96048208975,0.2138831020716338,81833004.00003925,27526733720.083862,206932.89718633748,0.0301349239813433,27313.012097198363,1460.0880884743735,212636.1763874684,2386693289.003413,34553618608.22211,79978014202.03546,75788584774.4378,0.506498835917548,4549896.386190254,1676734.6081246594,111664.98217648038,68336.68701001882,3266.799489410878,0.2608993537991182,46.86357263565608,141545.22553593677,5471.816725565617,254679.59783052417,632327.7767319016,3043.2561343445973,1314.4821177156227,69697.37592516572,13209650.390977692,131823.42466339603,878879.7566681609,17236511.74955518,1809112.7567708883,906949.7587876774,23357.65015563921,189551430.90889516,143006.64648515458,40.14216256428327,58.93683023844012,2134979.2821148587,13.052961089188727,2.276035021014598,67745324777.58159,1543.3105349594402,46128.20559316404,2090887278.0707853,0.0147628122854364,868587814.1951904,23876494.066763885,6072788074.341024,3253818.0832988373,3708.721525621625,131391.37314048668,28432.511604430914,15398589.884058747,2.0876308967494888,17394757.670483988,1.533904451763373,36703.51307459785,212766.84028836177,18769.52194876317,80058.20134644676,6164.276886425047,17017374.78795535,0.2303312329943356,368.5096029911531,2485467.444406376,818461.1490092451,938.13618696759,26970.02824687926,2140426.740059922,1646.0907909759562,82606.50972635958,2272.2654048638547,622488.8230007305,1823422.5845828373,11493.58691588714,538.6157069703368,1.863520834171035,557.5301018759828,18575.95989610674,59808.07352508943,34780.07458761629,1046587619.4132744,17836032.550168693,8442.359668633933,0.7155990237723806,649.9633527003125,230194.26175813077,5312.135742286748,11.573006119266752,48014.975135852364,1399417.7679223192,91396.93748990518,64013558.55399809,0.4163914271308725,146548.12743828076,0.6644281815665236,539679.9523044698,356985511.80917203,9209.71990229101,363427.57281093806,173016.99575616623,15596.248079874287,1.857307017381752,231362647.5438577,17323339.814110003,161.57215551386278,297724.0786383143,250049118.03607577,1186.240587230458,0.0,45.73116807099688,150293374.67255536,0.0996962606869544,11887658878.77468,140272.8685169263,0.5925217138532162,193.10473676631648,6120.874296330213,8655.972874385156,0.047598710737482,689.6464274322693,53746.159164371216,694440.6541783169,80991.45306464046,0.077371476384275,1380498.8312249938,1025.9747526519766,1.727097819462749,1402.765705020238,19310.144752957032,17684.516965610008,892.316341638564,3076.284076262095,49394.987428471024,20341.32705073517,6.247591819876566,1614.337720543353,1128345.86150437,2267163.277090389,537857.5120293703,2027005.1913000057,1476002291.311961,35434595.224300735,2.0687133709450087,19.171445869563303,1167.63212530202,1949.2267898552304,65.03266067689525,436839595.963794,699.7623847583375,120.96843132237429,642495.6371715494,1.2636209939785203,481360.79252772673,2339564574.2386427,84062806.87250805,17399030.53025209,11477.383883118173,40945.70730999015,625094.3317510298,345676.4033509392,687.9472840845905,274545.2666776992,32.40965850538437,2968895763.5439663,552891226.8422697,60652.78664409007,56128.17870291206,0.0290027733581206,308618.75543075247,35.210034489917405,1.6143487141836077,73603.3350390032,1806489.988934114,3986890.3886733423,0.0849423977066474,107.89075682283328,753701720.7453506,14619837.657848427,825907.4241490192,0.6545788310402478,2998.092566271176,48273.46454632479,759730.3313267827,2776.664981106873,20079628.01531113,99.7091363941755,120.81182018429548,1010.8695245034274,30.67274521028304,0.2892739265273116,5.468620128348974,3964203.50508924,18217875.936293595,3199347592.124232,65072876.84183119
COK,0.0002079877725691,0.5782220380413688,0.6772659853146865,9.313946211153556e-05,0.03152512061639,0.0385976654709025,152847.4343609693,0.0314229316851286,6840.289988607168,131836.5395725267,6.642766334817161,0.0005371763627717,378547.0581324126,0.197148151052378,0.1413937312882387,0.0132741755171057,0.0822606086453845,0.0800026847989574,0.1764198006408517,0.156096298189599,0.1699792971950569,0.0005735195793564,0.0183119358131763,0.081872387941182,0.6828931203719018,0.0230562339198642,9.39548667475698e-05,1441.851939763005,3292.4299624623736,0.0005049975751205,49.226454146970696,0.0530626048758939,0.3672764061261091,6.868152253679009,0.3444972002665122,114.61571399382068,0.0002301003562941,0.0917198636362961,430383.1776308605,71.2317874202094,0.2142801032233762,0.2683775985954684,1.2214061435116994,0.1899839794501191,30424.609254457057,579.6110222765037,0.0011656066822958,0.004374559204483,209.32641684167052,0.1498397081409052,0.7818514820360178,0.0004110242855706,0.0079869259430793,0.1968650604151515,1.0079108948142157,0.0070544757914107,0.0008552876109142,0.162706826924071,0.0496144655119277,2.098925615498504,12.21765646581476,0.6244522236291984,0.0409466031893756,0.2394097254496543,0.7327901141193103,0.2071000370194369,7.718366101858583,2.2229672733914096,396788.6380693372,1303.7274637814205,1.162859680904728,0.0073697613003389,44.24954351637663,0.1654856879237141,0.7768871518724929,0.1115209746926501,0.1655472758190299,8.459353328049701e-06,0.1622882266288012,0.0250474700282747,0.0184817598201032,0.137673187205188,0.0003723394197034,73.42441362797447,0.1108934758210027,0.3221120576402241,2.392039483604305,0.371816214177614,0.0010537177903078,0.1122418937175664,0.1051830787313087,0.0304872317641642,0.2228488311808605,805874.1345171265,2.8180396292691547,5.223500288942251e-05,0.2095182915007488,1.13904706190757,0.3638366091681506,0.5345639654530411,0.0147075099563034,0.4653142211693083,0.0126583105565423,0.0617906519123358,1382.1024728721998,8.479939067769427,0.7942895046758136,0.459958867961415,0.2733287761834528,215.39125302107183,135.45479054502664,0.0145113353412842,8.821779019542763,0.0068604792797195,0.0661318101343511,1.3644151846872987,0.0006445508273387,0.0003964336101685,0.0729633634105955,0.0132961271491538,0.2306426260816003,0.0064514709911644,0.2516182197331233,0.4028712204982424,0.0771081362626918,1.3377265586755205,0.0002249828840371,85.70028600630047,11.671700279483812,0.0304955184173341,0.7360248705817016,0.0004431134783615,0.7952443223161266,0.0161119866126568,8.57772490965947,1.5354698165877343,8.640586890438637,0.755017024940431,0.0001146648324663,0.0156905220805595,0.1351134000536786,1898.6612265891335,0.0,83117.21726829518,0.5242198266056648,30.290128767490387,0.5973409254714076,5.728663438627232,10233.45722770691,0.1089419802330464,1.7550535253116577,0.1760028022144286,8.977715242654085,86840.71243693437,0.1482523860574636,0.8040399358244991,153.48081859362904,40.98828473135654,3863.475887655579,1337.8990091243472,28.118733741359776,1580740.833472072,0.9672131848608814,0.0097441417463266,2.148129610033479,0.1233654622398745,868.963364965304,0.0040028235549103,14576.14831814278,0.0089974012285583,0.4907823975536504,174.77398651810955,0.009777338619225,1.193856240110704,0.7181819913025075,0.1827169235820556,1.3066454152554234,540.7142033702335,0.468504226691568,1.1180178881956413,299219.27002529055,0.0503827345720129,0.0200141864280016,0.0001142235915665,0.3570817689371329,0.0007084491378748,0.1646924836701773,0.3230024068036079,0.0008390569823155,0.8849614898778162,0.1085272114541879,0.0367851472952409,2.5885054682436976,0.0116983192103568,0.0004106449890536,0.1621650792308235,0.0008719706841944,0.5442718806070329,0.0381921241526033,1.2546524681038436,0.2406279250003828,256.0916905570775,0.7549375547325572,2410.180452136323,16484.021371844225,0.0054454549229197,0.1847931185787798,0.8013097904377822,458.3128408715129,0.0623607878395577,0.7962971082116098,0.5694593508563275,1.5118384893698589,3.1527916246766363,2997.7650821413145,19.92877199682111,0.8515246550710669,0.0005076127157135,0.8242607573462666,0.0001845018302422,0.0004227352931849,0.5755643987932617,107108.05634993582,4060.11644586036,86236.69468474388,0.1877443314454217,148.49471612278415,0.4430484560582312,0.2767702543535104
COL,1478077.1652757882,1849.0111046456925,2221.0188343234004,52951.07483735192,3080.3226910327226,123.08499080447676,2045363498.6837385,100.53387194783429,746.3878711339792,18485506.6816326,6703.952555087281,56810.87403180036,32064.64870354508,30745.961225624826,451.9901140644828,41.889127410911286,61971.315157587975,246.4019367925128,549.4744551614324,488.85031736361645,9416.06904743341,1.8054247321263923,6481796.414324871,14191.743963138568,39111.72913667712,82936500.60916457,6061.947179129004,28981407979.189896,54288495804.60766,66797.32038657532,41.56009745541725,164.0757355799899,29.83455944514094,1155.7765071391518,1065.623625936697,70930825.0260611,0.0533724368572903,31395.49450690636,3735272.65026168,110751.7174189413,661.7928879374089,825.321848878785,3881.696320977794,596.7047912052042,413.8846192052564,597067105538.0657,3.698202659141783,942.4736825428828,4153235134.037356,110131112.13009264,0.4599139869322926,735823.5000745461,60.80844525323948,83333.02508998304,318362.59156215633,21.96137315477216,91870.24896497,37791.74842660934,60847023.05191133,122915.19532343856,109754872814.7409,2466.839800996657,131.36059802040992,19829.80612623773,308779.2059100468,14307.556351416544,1430.7153064979946,204140.5659164727,444.5439931747715,8667.212222683855,538508.1790361011,620.5775501025144,16.119408818107363,516.6438735981772,470056.8478868103,13080.882620756562,573.6857903781199,7.86352619562625,764.7213343860792,79.46824172133277,57.04822598208756,20902.04679142052,80396.50052755822,573316.8779769585,543048887.5974373,1411250.6168037497,3.7138350495915136,10626702.222839082,13.252920598809022,803360199.5587485,3135.65546556927,52099216.159986615,10649.583615057783,10887.109813087643,8835.530253945793,0.161914143539746,208310.3205174949,4349.112613146189,1173.9198364656338,55675.92984418955,58.997543331568735,76823.28962942993,20673747.76379068,203.7322130445913,4016.165096518803,33565.90090519868,998.8396969873028,1461.765553309981,849.4316032709748,17388.813668001676,985.6284110265692,46.083915654009786,980.2011110592924,27.641267405246992,204.5088104428505,30305.072403542144,39149.28805810411,11.20802447166376,230.27634281857,1210.704553123364,35137.640923895386,5093.742955736079,20510.775808253176,91612.34995004264,1026.7754224974217,1183.9468290400544,0.7108188161884142,1615242711.0178435,499.6956851481727,445.2872422465382,4369.408670870097,2.2201436753808004,2475.9505939427195,1349.6935335958285,27417.598120484377,3.63935629674073,2519.5316560044475,15283.762668974909,13285.40713056773,4.880467603489289,219.43371387849248,2102.9248458297643,0.0,80.635133403076,1646.2779662333578,0.1753636663309947,1956.4283556534904,2459382171.946929,72.0077460846995,51565.895999373446,228365.86747437704,544.5701303487012,0.9309726916058878,1220.6222492992451,462.73323855970494,2551.904246545558,21753673268.99332,20.1497155565598,188864911020.3373,1823.4123786819905,3.076595582307358,2714.184921635515,173110.41233502707,8444388.69238806,1579.5146908304382,59965.19406216667,1961352411.5380592,12.684694717594924,8933.570995002336,28.40190402571736,20785.908419056268,786321.6892080045,31.02492687931076,3881.779515987495,2218.8271940787777,1283.683372467205,3.6800785733334944,6224.904053513747,1455.1029764251982,4238.754896154763,1190.0049952347847,155.7268546433506,176952574.60003528,0.3616536910968193,1110.5138988309682,7544.601106774075,31028.001177284397,946.616282303969,2.588603952801697,3186621.082227315,7174.978285440473,8880.209645748215,503549.2291714292,73.62138343144808,1.286166354176817,516.2378053904683,282862.1404804696,1864.0388184994,117.729784662813,2255.6576324925386,768.9105442421643,316.2409070729931,2733.019910865907,61.76013169612193,1078.8728823009824,4218048.363363015,4257.884916064042,42801.70476771551,310.2153749083578,192.81422373421657,1610.0386322881377,344.9391363454677,76775.83527668615,9834.727164213977,148910338.83809596,897401609.4368773,2730.593175704077,53224.83537566679,30408217926.22795,76130.93403454198,212989.92582513575,1622.0706233660585,1712.5571729023725,280.2490747470356,19204.683544774674,603.0400279925428,28746.90986200112,1510.100367362259,1591.7868874406884
COM,0.0017832569092206,220647.3976263565,64731063.20282627,0.0007981728814918,0.2732270564862915,12664.357325743891,34.9418303838238,0.2747488144811214,0.001942415086571,82691.500056662,21606.339227860204,0.0044716026005815,50031.02536612406,1.6910624360674549,1.225383310693104,6677053.937115908,0.708081328427852,80597.75247593377,20118.253231872484,11024797.848442424,1.46379234053187,0.8963290880766532,0.1536287665631146,0.7070400122189824,5.791322817935239,0.1941274753078845,0.0008167971950321,8.750307685308444,2858.816293174209,0.004335908405892,5.901066015027482,4301593.586396992,0.0010428936086555,12652057.203428566,10033432.523253486,981.585194937668,0.0754985251323887,0.7917447559219681,98.59125081843897,18618463.594033305,168099.42391774093,3316627.0398017955,185731756.36224487,5921452.850056998,0.0024085406977327,10.194139172381032,2071266.2194824216,0.0369662341039607,0.4160432616175935,1.2673382829021271,168.22128847241402,0.0034982091713882,0.0678996690447775,1.693245252779649,8.648020340742164,56323.18309869524,0.0070835027684097,1.3818825582281935,0.419107346877027,58.37281403919827,2.9253660017352923,180.31436977869757,324392.3682950247,2.092317097215016,6.262347608603639,1.7655841627433233,53844002.660587296,18.97093501280642,0.1916994819994442,0.2869480237244701,10.017127604329264,0.0621544390703547,0.0110649805782866,4478532.735244686,6.590183141963402,0.9668742070700072,151332.7813777806,6.965228678268431e-05,32456.361904605743,59.05749785430811,439055.37408227473,1.186812916519021,0.0032338431965683,619.943027640731,0.933621349914114,4.806774514273752,0.010260436988652,1.5318705204875442,58.10779136989083,0.949882552312752,0.9069669227802885,0.2602786325762452,1.9207658394942573,220123.0787006073,181448901.6753997,495.29209812544286,1.779199816966941,64745.54151887233,36.7011573319072,4.54907294460864,0.1275514909276154,4.009077872413872,0.1065664559200172,0.6490740075612956,125515.71035397376,72.74557172212431,59815654.84059516,3.995612813575576,764716.7682115434,0.0091141053863861,14342.00981495156,0.1260925391817124,4253538.207238504,0.0588079813947501,62414.45495219495,415.0516659077513,0.0055248030406573,0.0034472870041071,584608.2491022218,447548.35813960433,1.951906862772347,0.0561022792782637,2.1405706958475923,3.412344369368583,0.6560722968288566,90544953.7751442,1040.1458046039334,20.12526122968267,0.0032174283283912,0.264946962174946,8414.204824504774,0.0038289252183858,30820561.875465028,0.1399138684512308,750.4847032274614,0.0091412837657642,90685349.30675524,200.6970392191681,0.0009455087622427,38478.17555982992,20146755.38882914,31213.8869906672,0.0,0.9673895864611208,20779.600434613447,0.0007664388044759,1438736.1058344482,1.1142865534730575,0.002811932896293,0.9293868143237204,14.940753787512314,10947473.659783546,0.00023388581576,4864.1164677051565,186926.67131030787,4988135.873792938,0.6502809898053172,0.0003804157465765,12.84084836182019,134236.19502185722,0.0083324046289749,13.326373609362555,8.206472975477311,0.0818022406830216,63461.72411188465,1.040443504122731,3.115351782391558,0.0344320875744301,0.0300287242710313,96.22087002875242,4.202279142386914,93066.00856510938,3416306.673823476,133512.12035372364,5883680.778775564,92.21511222361504,36.75058430746625,0.0945303036201523,3.0765497994474345,9.464596223748904,0.3159573319932693,12790.578284627123,0.1693843398626313,0.000986886053397,12455518.312210646,0.0061573324580876,1.420348404590385,42786983.99817824,5207.598667830229,1.0725343709454194,0.9335199365835932,0.3168166958598135,22.059001877077417,351660.5304018259,39132.11060129665,1.3957064480323569,0.0073796804038011,1091297.049515543,51714.544887218464,4858081.150367846,20.01537028303289,0.0001392682065777,9.213829356718788,66.38970359388139,0.0077729892325191,0.046375656821354,1.5713300631079656,6.900327049810311,0.0004110796697922,76433.85400946492,130486152.05677424,43785121.42584038,12.860616904391692,0.00317910720306,1.870022082785228,171.41438282416874,7.391254815745196,0.0043195542405811,7.062482920311312,0.0015761260517805,0.003624351908968,2533411.4078284223,5.4404083243280645,0.0013962874816154,0.0262513754126416,847321.3259918273,10319343.403050248,78248522.4302787,25015575.64832741
CPV,13685.594461917875,1008823.180523278,11.055586593094514,4981.15330732055,489080.3613033287,3186.444441211496,3217392.0335759604,108684.74911519945,0.0033899670509764,82337.98026766542,0.1696757451513182,30561.057444781065,150.50013348269272,608940.5865822132,206850.8365138404,0.2047854014333268,134107.959079999,65674.11854640287,216697.2612491852,11297.030835784424,625889.2989107512,176.14054127966247,219565.3960080948,715570.6191734879,867101.6017076225,1606874.6380733063,923.1090703397058,31541054.86120145,901144479.2155548,75897.12089061737,0.1953861034726287,15467.473139937463,0.0017818541600149,5.657968146899819,58535.95107668463,3624207.990634088,0.0002526285182611,390536.8677794583,906.145675944426,294978.52772604546,707327.354475835,192582.64360959412,68202.27441706684,6867.751653313434,0.0042963850319439,186632762.5200074,0.0179135334024795,1912927.3483962195,7377741.807490336,2914519.7951310365,0.0021988995149513,11171.648100125603,52315.99305107672,372455.4887017408,1721605.576181749,590.6688042773898,66640.6328304112,132443.52056291554,2184188.253451314,8754567.739692604,22943258.56542436,330668.7064273263,11938.64921394769,2846177.992056545,3993647.963147469,155152.10012553126,96898.75361197809,969440.7008058684,0.3359165516143703,0.4932635278338972,3708879.93787649,12194.268005541246,0.0188462548582268,13186.669469196311,1405391.3728252286,414805.045991544,207911.19293282088,91.69601957965642,5224045.906198055,2093146.4161964431,3576.325918111396,1608739.508524711,69786.6238463819,1758327.2244519005,5930146.485995406,46598892.41803813,0.0174285322104372,71783413.85955189,0.012903554688382,8318875.869947701,719662.5570729245,918580.5923592746,520150.1076177447,51.7240105007143,235202.23833948697,0.0007552031576141,589569.7871571142,3901155.032104212,695375.5656490034,329094.72686809325,40654.45053438574,4119548.373118682,472787.8322390914,105772.39714317016,824.6662345516235,3389833.501833097,21.165267810409,189584.18056156568,6.364960068031628,0.0200180409370265,38.14522796100631,10957.21862495936,1824.790661105562,75677.22828278877,547150.2466348204,2545258.3650731384,67387.53861242533,1455.3715790548797,1.9613677028037948,0.1973247117636667,242061.05188611668,13960.75634429953,188880.2052042788,3162022.180385583,75964.86033793681,20.15737623485302,0.045200840069814,20743894.474208765,0.005533427709556,205750.58498006943,2534429.686308195,3499.1138158105314,4860.660052250253,242758.1018858943,29633.149007657237,0.015438483030524,7.424791286082783,3997301.203863428,5922.339354157448,0.0230442921109446,1.0851035471543724,9.881007768124856,0.0,0.3870352503678608,203233.5217590449,0.000829227548678,417054.5392306831,13990748.06207996,0.0049021669159401,148328.7936996949,1675226.16130762,19355.943868288963,0.0004090146331208,5.748388952188235,10255.081770764738,381037.7392157376,8968726.396005504,0.0006481310500467,95162391.86024116,60.37030698580072,0.0143105287548062,11.844280803433708,1438287.2596639218,591982.7464699261,1553.9583257723252,815291.7724636808,2090782.9693120024,10499.554991293357,0.052349703465602,1798.4041996905362,1206896.800858928,12730679.885416824,0.148967288923927,387550.72257361526,30555.63694183185,5709289.520133629,0.0173062311917213,0.1592812718933687,0.0107407358962383,37243.60661305953,0.549818252602257,1039410.4632148884,1070978.298535794,1034.691119099036,762.7540569129633,1180.6890968639782,598815.1012266637,19349.503777144844,0.2408821287654796,60032723.19093508,249494.71003442325,198629.66509888615,1043179.8954306276,0.1724813062632648,0.0087006486323564,379192.0507312188,12702.843548551202,107600.76376603892,38023.1932230184,127.16457330932744,209258.91907078188,0.0002427769704809,505919.9801564976,0.297717239104081,0.0135904055165037,1419139.2128255663,1193107.702420123,5017554.636691444,0.000713285004811,0.8818792256682957,8.397103789561768,822.5582076229991,1663988.2575570168,0.0079016028260521,187943.76942480943,15937511.407429207,375475.287152578,67153.36978167295,225918777.9329898,9536.204510577025,22165.27557229996,3688.608507998525,0.257856181345856,0.0024161708459123,0.0458248165366796,5741.466450810191,10.99949571845982,7.16079337867092,3.575336853800022
CRI,10537.321533713415,78.1290166748417,92.34964490813373,166.83080139321785,14.42678363230229,5.219763020387482,3883.895611320304,4.280954705697553,3018.8554380182204,802799.6386951945,1.515378718402649,32.410860397247006,1914.462259171169,10994.210433199822,19.137570370656057,1.7867176990222255,31607.412459415867,10.526055875623912,23.602951949161973,20.868915171326503,58.54775819849532,0.07610694935695,533136.830761729,1255.039037855874,54644.50299068914,11395255.129642196,1732.1339010909544,382875.9003918632,1851468.931379512,0.700054625771946,1.769127307475962,7.008320431790936,0.0159731795756306,48.66975993110544,45.34136922127628,14011322.302433671,0.0022662221135608,5330.661295592489,109.9711058702436,4720.689091313243,28.1952531171994,35.17722163132248,163.97612808870184,25.332436859649256,739.011563629198,443849336.7914959,0.1567314416772367,1.680206336507832,1986595208.299432,9368973.74841903,0.0193750139884221,19061.46077371001,2.364590946940601,23185.18914489452,190413.44760565192,0.9406123401329596,3.76741931050118,27302.87627647412,1183901.4038203172,8145.277132413943,43411912.78022877,920.5265389867178,5.397968262827675,1598.833116734779,288529.986336255,4568.230067919683,61.28300472046233,10439.49975421791,38805.2476265872,4.440161958672336,343767.3330273385,291.8915455151477,354.66325079291954,21.98430795666496,434184.0745170339,15.16580385567908,21.78866098978921,0.1796768560745779,21.348951378059382,3.579778191456023,2.430113515911572,245.5664243265682,2.994257633834585,42320.26588854087,224998997.94709447,103.86004206177158,0.1573745737874833,2057.356891485796,0.1152038663564574,196916296.37442437,1978.0510598134897,1626833.484794255,4456.7233661679575,478.5175171559012,375.0693896037388,0.0068746925904232,100911.3561363162,208.21362052318412,367.3720968562018,30197.54701906602,116.48060735304443,11741.232020791524,892092.741420602,60.62792510660529,170.95049154577913,5502.744909378568,42.5428884003315,62.1854625282731,36.12769351953666,36707.61559897335,42.18500372183233,1.9545686922379963,41.68304914352117,17.121617132475443,8.72581256310526,473.30379741033374,46.33968990935095,0.0827915345322932,9.73020492788401,1.771185064469994,18279.54393969653,822.2424198880833,34624.56793879244,55622.244236393366,221.69710702525504,50.1150329076424,0.0300921961963979,561527467.0090182,1556.5677508344777,4.977588247129244,143.19618817365316,0.2106381390830609,105.53127651374528,709.4028593086005,1169.4368903370855,5.493828860146095,63.978337914569714,304.19060217358304,4.051641956414491,0.2063661397549553,9.179626174177011,89.53815853085888,0.0,2240.927520633388,94.832137448315,0.0074320055297061,78.52538949298514,744465727.4465706,536.5800956801181,27385.722946676426,100064.89121739705,23.173685021641912,59.3116399264926,52.14906821867787,19.61614668727608,108.49145930606292,962316908.2544364,0.0058604594963621,5004897.343492846,77.87984949191859,0.2420086225650393,51364.86940287724,87059.85065776888,92070.3414923734,67.19079267078254,230184.7486222821,4924.838777637009,0.7541593252875269,1045.0839464213711,1.2151288778139442,10834.046044602866,140072.2763037548,1.312703612444392,2282.187580586075,94.77118446957874,39.18241633648245,0.1560904895973126,1.4555822906571008,0.0473700672178662,148.03663327391487,25098.761559628903,6.641665493444301,75653071.1361317,0.0155809268320528,47.56604081192841,813.5775873522849,1663.755945505882,40.34510340794132,0.1103345366920357,1027.8620558952323,2774.9944169555333,1470.1002610009095,152643.3018075846,1.55358467504322,0.0544024283992935,74.9569374295178,9577.428699685172,72.53429629413195,5.009914645151043,96.0454406220472,32.69052371314649,1009.9300810885288,135.72392770414606,2.6029930369462377,2485.5793905326423,18.29481313105885,342.2046730293205,2388.020175844056,1742.147251500338,8.212342974951007,67.94279017769658,14.665663416597424,38604.02160567592,29252.93994291564,28.777090191181,146362930.68633944,120.82051799656249,1.726131719081124,6117308.855507378,1010.3799647651886,1920.78469419043,69.26685658031657,2731.2968096931368,2070.756035496386,51525.28178175744,24.955678181601986,97.92537270293484,60.11955048038024,30.46557753404829
CUB,17952.88431720808,178926.85468692693,180.52898634462704,8485.410586969403,1322062.2258895417,314.7868625090369,1304.9541139605146,102927.14159842598,1103.2649977069686,1674887.5434246638,3.0754482532005776,30082.621884653192,2803.364080770424,6323852.342565853,168338.09410267134,3.551452248615866,4336252.608514516,16898.559823112428,4536.069033429874,956.8335404510132,1216115.681848816,3.162452551693277,128832346.71008466,2914844.245921012,6873572.442789513,253589052.85823485,299120.3111476456,140455.8594821412,5892677.100769016,6762.917141675716,3.624021836270302,1631.0840079093036,0.0325917495495744,96.43791636031864,7062.636043140861,4793578204.844247,0.0045927617622085,4884838.001051115,223.44340445677256,154798.66608438248,25315.169571511426,23557.12165630586,1393.2735336497772,1187.6906404012898,39.17442955417104,458580351.3171168,0.3138919488204794,5747.6317723295615,308303275.2740202,3585849081.693237,0.0392604526469142,4098997.4209741335,33316.19609179857,4763552.238165065,35068405.644302875,47.444950286767885,26275.23445254832,5285916.883176744,99990523.11928172,11717595.242194872,25278929.96984547,261205.0346945821,8801.880872463278,1827879.012991852,56975967.80063052,2336050.967866643,36716.41214553005,13698345.149980187,3068.1521900677185,9.06065214667456,70271411.11673038,381313.8107374664,148.41292896170057,818.6980733786417,57461387.89012992,819806.4156430861,24262.506589543096,958.9545730887912,87048.28258901095,11599.222775614138,29.171666626813757,2096380.5663063491,5405.7896366249815,169605059.24278182,1186184705.6426637,544432.4345081953,0.3237262238141605,1147126.056641894,0.2336727252537269,931200531.5611956,2915009.5032894597,89194699.42340025,2415891.40727788,938.5827267123302,12831.288269947,0.0140712850882066,21933159.208311968,1090157.6428104325,441196.8201974345,30188879.61034868,49075.9507562392,16248543.2477797,85749469.26296598,81449.0614017637,350.4001343657648,6658654.002345443,87.493519163956,194275.9574329691,74.18947036863702,17675.563834504308,85.3035693382501,4419.962412127759,85.95569368702128,34515.11888273642,13908.467102589098,875647.0432740748,11243.388567148111,11634.106592722062,19.80258701795129,3.5725843409859257,2839963.6896207654,326304.1742972719,3028471.643410657,23495351.658390462,289204.7153871237,100.96070319181324,0.0612592399326598,10275749086.326496,414.3564147494001,302111.7435877357,160364.38323348973,3225.202600267483,3264.244148337297,870870.9022630673,93670.9527489896,0.2878015670020452,127.80557088041434,635201.5758932687,4866.7442003798205,0.4229235882345055,18.14045764813747,183.14753140616384,0.0,6.875329732133578,33112.861957172245,0.0149469512199189,32477.14285120504,459062631.53054667,260.994364533636,5490789.451265815,50219803.695354015,483.9300702975044,25.002027367333653,106.13221631947974,708.6939887340993,58900.18198556455,225369827.42212495,0.0119075839021475,2030669.2108347977,160.14846441357608,0.2685925975641063,685.134786715654,14964920.804095242,3309460.7126045357,1180.1293659374132,16223999.022262964,1758.0796224123224,17184.97574793787,127.07448446162972,441.3742300604079,3842201.588715635,77981547.75183403,2.645121047653109,155697.8377895763,43165.76462173299,84634.77368178515,0.3177583334936011,2.9640158449762533,0.0960624717129468,1580045.8377548782,4519.703440457859,12103.359922800322,88344565.83006972,2385.778714890592,1484.651031956903,578286.6484960616,1797279.450908681,439.6103666697259,0.227999375678479,625800.0974699261,1946705.793511288,1250043.5988564347,31029182.890687265,3.145514875130848,0.1099641474084267,275716.242216639,1632032.15331766,46298.36750575359,1607.7323687307148,196.3936183609953,142899.83804484707,232.07465146534,305476.5001439129,5.237756517553201,2049.6081003910067,47711.632959531125,1249376.5372145334,6217626.9868958015,482.38120828550257,17.003467011453644,136.06450637966577,30.349179883647658,8939058.43611323,18717.70565975169,58.45067311574036,27909591682.13435,416374.3786071156,7224.56769291803,20017398.144822225,27267.56365381228,51728.83656358719,142.591055545835,375.32893016982354,1605.534691918595,30802.6868223272,4750.818413373778,197.7761450105855,118.03243828824476,60.4331387076336
CXR,0.0001099758956115,0.2898251870481143,421.5607818484475,4.924854994214911e-05,0.015853371994126,0.1472705019324394,5.896586142162466,0.015481466227925,0.0733386028927043,4677.302839962673,0.6149236719959106,0.0002711426655253,3818471.754035274,0.0990085927815016,0.0708205375037778,4.975950960215414,0.0417185777550912,0.0403463484690576,0.0902560594055543,4084.275515935915,0.0847416888283589,0.0002773393341399,0.0091298905153962,0.0411750117618794,0.3437266122582514,0.0116336222212254,4.950539596393355e-05,0.5081663417322559,3.2057557069737,0.0002633092663018,9626.716201782228,166.6031434600336,6.24539316049777e-05,4.078355846499107,18.96170912268974,57.51561878902348,339.6516418457031,0.0463708301804217,35.73077888527611,253611.04527577665,0.1086391783441058,0.1363862885638127,3810.674617593393,0.095596425314028,0.0001426891884079,0.6028109559258468,38.312988167628646,0.0022159755214374,0.0251404262345076,0.0754088476589061,13351.5380859375,0.0002095960517749,0.0040150168279069,0.1001041634422712,0.508022853907562,0.0035698133180233,0.0004221460110329,0.0813441468698954,0.0251351332969989,1.046933468131236,0.170953045836292,0.3110347750503308,0.0208400861795068,0.1211784992920002,0.3700196619343572,0.1056584027210192,3185.1849363122174,1.1166679460893647,34.67467103862964,0.017111817449404,0.5894099093319483,0.0036971138688386,38.91119504059755,0.0832259142616926,0.3910535844974703,0.0556864431090291,0.0840875462770611,4.171143700659741e-06,0.0825683886109232,0.0128099479979937,0.0094066786468829,0.0692094662329623,0.0001962732646916,36.81760359590747,0.0565354333819456,0.0355830517917752,185.11456973850727,0.0893364856451057,0.0004408594509186,0.056938711764392,0.0530552648137927,0.0155589674209295,0.1120393233375279,12390521.353695003,62151.66933605779,188.50588035583496,0.1052901639396139,0.5713061145944218,0.1826724179427716,0.2705544123858914,0.0073886540617422,0.2337143872017684,0.0063222482112905,0.0307390582677133,50469.46226342438,4.271739758298377,2874.7046362551337,0.2286115693400461,299676.1715860367,0.0005407081381179,15717.994018910684,0.0073109827239932,97319.83839239924,0.003449944919339,0.0336086690986121,0.6784273378573649,0.0003402745151106,0.0002092991801418,12317.453952908516,0.0066281091922064,0.1147455678674305,0.0032680795425221,0.1274367473189066,0.201457747539905,0.0387360982726932,6762.807271216926,89.46644678089069,1.1997072766195205,0.0001903753473655,0.0152743810334641,0.3733889070394101,0.0002328289920114,202938.7168869346,0.0080754762329888,4.264451677199233,139.43834859784693,1408.0555167067764,0.3798239565064112,5.723638241761364e-05,49.67289613932371,514.6833730067033,960402.6864392756,0.0,1039.4192077603077,0.2648249023175708,0.3309124410152435,0.3033352800358457,0.0665189358780935,0.0001675533421803,0.054552318196329,0.8862996934730063,1226.013232407267,1.3044856132182758e-05,4376.57213763081,13.84169386235523,88.7423532600672,0.0391410204731528,2.13961376118732e-05,0.7431645673470513,412993.3399597481,132.46459500677884,165761.28709628966,0.4872193077799238,0.0049035166983912,5250.7001375420205,0.0618941594759689,0.1831198463595171,0.0020327605541297,0.0017898077471301,0.0045329351236773,0.2471179826429486,7278.504862527189,0.3309474431501371,1.8570198950333747,1.5155996093730613,0.0926149858389067,1809.8800735473635,0.0054458294915775,0.0001794057643564,0.5657371040138557,885.5746123321755,0.0255481991001147,0.0102482614774999,5.621912350761704e-05,3408.7492139955048,0.0003744146233657,0.0825950375160573,808.1039516035771,0.000418585167722,0.0628765726033862,0.0551025580298301,0.018614848546349,1.3026044757173167,2.8937958358847027,60.839519903063774,0.0812811674618387,0.0004421101893967,0.2777848622366825,0.0192811327601702,496514.8772871941,0.1204090073047154,8.338725706380501e-06,0.3795080824426264,95155.20759487152,0.0066210781335911,0.0027039448947334,0.0924405356179409,0.4017223282996646,2.3680580284235475e-05,13688.69440338388,5721.326092733323,941.6860075814844,0.7602555162876286,0.0001946187786643,0.1098113899351741,10.02278619496526,0.4270982716256526,0.0002625303891363,0.4178472879628501,9.718399587654858e-05,0.0002212327754023,387228.36539348215,257.05672054341994,8.343983428948931e-05,0.0015707516295151,50.1815212031307,48.73793399159081,1934.388776039833,45.9946405890546
CYM,280.85505643486977,731.5503384025263,0.7826606057619762,24.943153777334373,1834.645899846657,24.464281809473828,4.290241630546514,55.78453918452371,17.75555672000639,6149.723518648255,0.0121072176683902,49.68227902999206,10.999196566291394,8726.411727718283,185.65542461827005,0.014801340365766,7726.961155011319,12.715561609986544,3.9188370449802736,0.1710504058764077,2703.8791231857986,0.0070514255990208,237632.39444185796,4622.988372406388,14376.830729862912,1674849.404968083,595.464686290361,282.58135204594385,14225.423279947338,9.810160610359162,0.0141775672369419,0.055331394160639,0.0001288179258409,0.40079461837716,0.4337767302021363,14105861.902601682,1.7809998634987778e-05,9186.490375965775,0.883611284806153,143.2159682960369,51.57180328708901,14.901859685320762,1.386176520225335,0.2052512509128417,0.7726481257878519,3377076.5222990704,0.0012787916157561,5.863998861892647,2186898.769627048,3771750.061321288,0.0001550381233812,93958.54462465644,58.45629507926704,11065.75046381787,67139.27745321194,0.016987698314102,31.91840732563287,10666.382487010527,153312.40221636742,36555.0190590549,146142.54117811023,991.1691353059696,20.507325253727988,7478.941457547131,141336.5477654093,5406.540726310059,15.866919675993914,27930.000798112847,3.5587703047796597,0.0359922492144595,148988.78543569078,831.8156629456207,0.073124269701847,0.1773961696029893,123858.77049475674,2249.7106745263704,20.905768890344063,3.6251472113654017,110.28506933864377,11.923820241884906,0.0197683841549807,4193.991810917626,7.248599756007024,430147.17264204886,6268822.860140994,2896.2998809952023,0.0012673662967745,2731.6868351539624,0.00091034121552,5711457.605092862,7796.633475237953,126599.2039368078,6401.59588573687,3.759796131307135,3.098209697284437,5.439229252490741e-05,46779.00703900271,5094.982107851574,788.4079510620429,70188.12109552603,231.2079732743125,35969.36089223875,163539.9788674116,196.67460897285895,1.3751449664422202,10089.069801823349,0.3476716838781073,13.62712172578183,0.2872840174945754,199.8925734990189,0.3396894687602738,0.1260816650180913,0.3293916147546807,33.22033108674967,67.99152964824404,2853.5753564209235,41.07869881263469,23.05498268562769,0.0797354813760531,0.0143167812041724,6662.539407201866,672.6979870231589,10121.761969140694,92223.6477838165,794.8415653221143,0.4111730992831237,0.0002449614709706,43310505.24653143,2.783158886187496,527.8454356176878,196.6381421923761,1.831529428959584,0.8461168196181104,1633.166114056837,324.03789788744075,0.0011226222626665,0.5330729351478309,1165.6236900951003,7.673658681102097,0.0016632048498007,0.0778309023809929,0.7215776544292192,0.0,8.460173019272485,79.19644520924352,5.9545265493454735e-05,41.12890223993787,2306428.736943722,1.3395588872978692,8449.115863210987,100908.70834556015,0.1814737902410217,0.3495130661085568,0.4184173502530434,1.637139205293467,157.36580226184444,1534155.3666639775,4.8264628171201807e-05,9275.524607981515,0.6208379419203973,0.0010291503066086,0.9141474316484154,33426.884174323524,11549.33090533549,0.5462283894948232,37291.12407570233,0.3930780156333051,44.51027351279389,0.4610515108062766,0.3673195903678938,8347.39393554232,198673.01085435183,0.0110214114049271,335.98253361085926,8.943556506147477,39.39570408382712,0.0012838617567205,0.0118476094059295,0.000385245843292,2583.3759846534986,1.3727026344688862,50.6953032849507,395781.9661140591,1.8685251250863075,0.5160224860357767,1370.8389194309711,3410.8788954357005,30.098681972971068,0.0008905921538933,1469.9734670589155,4302.315021423033,1081.9762663349138,56072.351408278,0.0122824103790719,0.000442610694545,340.2589810335593,3041.8023738861084,188.7399436572533,1.0555419473417835,0.7645789002455716,0.3662477928659182,0.6633019857499249,533.3557572158973,0.0215198904394835,20.334753009258936,112.86890353327423,2274.919603709942,16235.66760050962,3.561189203718847,0.0643429477032264,0.5607403248460558,0.1183407202864437,18196.160183020453,156.64345197708863,0.232623791344427,92199943.9763673,439.4405072154981,14.802741079678526,138521.9129213133,101.28907993854956,152.27102842461318,0.5471091900241148,77.07028182795554,17.75507111991886,198.35904149413184,1.607060575470276,0.795729314429613,0.5029448678113073,0.2536448601385981
CYP,1.501226561042131,97677105.96888992,612729.0757634732,0.0016128110718227,1291736.0434103012,625057.469812436,68.80178859561988,68898148.8804779,0.0039193270010429,99109.68778136087,0.1975495718853306,0.0092471056121752,18470.547075505867,1398045.1014475315,119475427.90034866,139773.64189310308,92198.77073542294,503327.8519884064,433384.551123489,7599315.219258547,14751531.788002493,12982.753887141123,0.3116999156810465,1416762.5901589394,23247707.40240687,0.3882897870729955,0.0016541785561656,18.023101393042783,265443.0464546073,92.91466374578611,0.2301765574538876,4277313.737653127,0.0020963201332051,114.2424003943753,3287838.101023238,927383.9858379642,0.0002940885658517,209461.196105358,14.207367333980962,166367552.07246712,1032798.7059111,8061891.37850526,9594091.635617318,3161987.602788766,0.0049832439414991,15620.879072069642,3021.49958248114,71.3219033996161,214.20931252255016,2.5652667262711937,6.357358233939522,0.0070763900834265,25253959.715393063,1500443.0350021317,4157094.993425935,862378.45681113,0.0143731422855921,1060391.541914314,0.8422511444803149,582633.3005180225,5.87025384228977,8541303.198051222,5464141.850206189,70968.77021610619,518780.8634274142,4806609.96632719,75731764.07958536,10155220.615152936,0.3907618840621296,0.5787388052695519,1747998.578767952,10118.582958362997,1.7720918832296473,4063837.953492272,1085478.813339057,147874256.36216235,948170.3866224354,1.4206587084991045,1277272.653075013,66484.65727779956,887694.2183384448,28456856.352448165,12.702471443084733,2046719.4603806129,600.8070819314075,63242.59887073957,0.0206245026236331,67468.47391819599,0.0150231711211858,5702.685314274321,1100075.3267860692,0.5202103617617695,2500747.333116381,96772.02800504152,158962362.9455545,141.96984115744624,66713.47338655243,424145236.4379629,109586458.2755603,365240.313877496,6085626.937696457,2983075.5974063952,0.2151910197555935,9091760.117760587,1761367.769350662,474860885.1084488,734250.414515763,110145979.69454718,77487.42307977399,0.018355880118932,417071.9490009481,583977.5406281948,618562.1156738641,16734756.999206545,495638.7232526243,1905691.5757686773,30.378270614108715,581.8750338116879,126034.47669541616,0.2275633573083268,3864372.904673457,5456.776329291635,6194421.737058467,95647.52568414668,4981291.876086175,310316.382119254,329.1194137098969,814.8727694497195,0.0064862273645918,2785685.7601237297,1077248.281093441,1142.3074389100077,10763301.470428552,871139.1312322617,45338480.25967345,1.635819950029486,346259.6702025658,179587.25569901662,2.561580957920796,379.0694525307401,55778.93449253916,6314.771722788159,0.0,0.4490321093164233,1399003.4895859093,0.0009690106671769,6660339.06509148,427.03391663151,0.0057066842200583,216268.33941682708,5293693.914123168,15136741.456488492,0.0004695359987181,6.7303814261127375,1714700.3118416688,47148263.12609066,1333.767578180279,0.0007578152604494,40.409643318567845,135459.3059889388,1.0591440501510403,1977.70842317012,11390419.089525104,0.1665583911474755,1496263.2630181964,32840.027356579834,6.339883198314876,2030893.2461104395,0.0612136069372457,186171.5632533133,22376862.80769313,1531973236.8507645,123932.07628193471,33546623.56533097,9357336.265419332,153743.74810722968,4.460098761050062,0.1863181505670414,0.0061403923222087,450821.5284570219,0.638367155708977,322895.2899961017,13.88826020895442,413.7322404384613,1619563.736289596,0.0612516078217595,4883036.114082694,2288401.3676958587,8801.244628213346,40417.17324735781,1423140.026852846,317154.6206676364,12724922.34213771,0.2006757084420769,2307.7225687476434,145065519.4098816,0.0150217027930921,5190723.792643178,268324.631136328,732650.6634472446,67726081.64798307,0.0002822907703361,69198743.80363858,1522.7261467890266,0.015722576237021,405.2855595827285,194600.3494041168,1171194703.2518363,0.0008218653492093,93311.33477513552,1685716.8139379404,861692.8164809934,106476978.6955978,1.9132841442271056,3.721928212582104,648.1248917323944,89526288.85832524,29.96515468585721,74527.14715925278,0.0032268850266063,0.0073669000755671,632118.0622974932,0.2996126228405202,0.0028219451835043,0.0533813772940447,22205988.31871937,248.59757443480905,167842.9034754735,16444.00396040146
CZE,53.07511074362537,18569848.21077128,36160.91087075209,47.36281788577414,42194578.815101184,64293.58344419565,272.8607257645429,11677223.19933046,0.0133479326537271,415731.87432199134,0.7094727391919111,403.88362978057546,687.3439514223252,1403968866.5056138,20933836.489944644,5886.051836492979,45928391.78586273,1129846.656376639,2441142.524496956,774728.1899620943,244593181.4917868,2060.8678996190583,1129.1400409574762,320851706.9334668,1098222548.4088712,3430.520456610213,36.31447068006141,5576.687239523239,1973961.2824913748,1030.467930783792,227.12257366112607,491718.66587046057,0.0072426594889175,20.192466204892938,2503920.9227549145,73904779.50657664,0.001001327609415,143958458.39412117,50.19876240182355,153906318.55418012,775265.74251877,3605624.055758272,884651.353424044,201715.6668203697,0.0159646972135761,326517.4303180118,90.57474084084534,9496.653673785611,19379.33633738405,47105.60127400493,0.0084669494575292,41.30197415783678,1001187.0333549436,2130314082.0484853,2032404209.4504824,166574.5737301737,1052.2088114281396,133367711.96524628,61367.24463090308,35137253.36381099,32548.48836577242,3063518.2884074226,2123635.4555877657,480995.30556418793,76394520.9063481,204061509.7505844,23025969.635419626,896763988.1482711,1.317334454719135,2.019233393822472,426995191.6010882,643636.0012303411,0.7255937501020673,220564.71416281868,125622537.28713912,72710306.65987547,772410.7479519248,313.9298301159288,1248554.979392158,52376.83935402221,75156.02641035579,89535346.72703464,1176.4471419751312,297752503.6194211,28205.043787905222,340839.1846860872,2.783476890828245,785725.2762457449,0.0511525896608163,32151.471295625444,274035059.501168,26848.12794441681,584028199.1747628,3734.385139915192,16513742.479683928,1.114927901050384,20634307.4572214,58639753.00748231,11798405.59146785,32184275.706616275,985833.3999046488,491459054.4378464,27586.308179481108,1361919.12893159,2506199.236730537,676964572.7588981,32610.473588387813,51956195.52384314,4718.040563365243,0.0621777492661991,394691.8490953671,84088.51184737949,13778.826889238586,1774951.5443377472,142652.94421176004,10503619.249661822,1046.4596545071515,1004557.9053333764,2445.652735432393,0.7979046641665697,413735408.1188569,5556232.965653459,366521740.7656105,9896351.595426597,74747412.43433236,9688.971519099698,49.90989253102181,12968.523127709548,0.1276511583353628,36554359.65088737,8573681.809194092,37526.65967807057,932823.6025934312,41288459.31632331,88642896.99431461,4.726696970237775,7528.68346503787,2733163.51676018,53.35505147831711,3.5631529559447768,948.236831321259,2633.8823617632115,0.0,1.4753256316557115,14153682.517592251,0.0032875974228138,12792910.5931481,81147.79269766317,0.0195889490413154,47460285.96507528,704847049.3265771,2266120.665151545,0.0015795892857842,24.01014210762792,171329.55266604788,9732851.374491064,30982.76809880843,0.0026229454376787,62793.44412663913,16200.908283271425,0.446104813460176,45.35168708689269,3888240025.954688,9251.06342203288,2259822.033051217,4525023.161613906,627.2548686672633,330452.5248345186,0.2077401181207,29578.163318642477,980820790.4557314,11927331172.05448,10096.41955026304,7835613.025304479,14646146.013569985,874904.6793466081,0.7713145996867067,0.6656446483694184,0.0211226606325884,29361003.810263667,2.1342078870397807,268117.4787836873,4229.425174767172,104533.90828384832,504228.8024841696,880.1089316028376,317584686.2586287,936212.1891467016,251.1217709198246,622097.100739615,688017276.9719863,126091942.5694694,1157156680.3263214,0.6990672382427559,27.385207961637107,10619584.49849878,1136.27453752198,23061784.646426827,272845.9943256349,30839.05451292979,16269061.42759953,0.0009465010562949,14803860.184610857,1.0978226628056629,0.0523853079018881,13890.121634040846,11402352.71417965,361803946.9560579,0.0028264880898091,25233.59844022092,62174.89165090679,38205.74704878471,1766543612.182021,1.2632482647240195,13.087692881270282,1190881.595844734,25607843.52194641,683.4167399202955,1862404.020987018,51.42443838876397,178.8057106016682,49767.82434627815,1.0036756447866817,0.0096223328378741,0.177264742071258,3503359.229798084,43.25523573324588,8891.945173500038,16.296163583666807
DEU,844.5787629413755,57141818.79261451,84347.07552000548,627.6393140185482,109861060.2154532,244754.41362739744,5711.763591032943,30590509.63523654,0.0571347093413199,1757439.1274645447,2.890115721578661,3511.7218948751324,2736.20156305722,5866292145.443102,59459756.66393026,13916.499149074923,407785495.2476,2009631.6942891576,6031774.640519906,1910023.80519358,523823467.2596593,7048.776182802346,22016.610780179748,606575030.0594453,3099871289.4403,91228.8489076921,233.02345300528145,70274.19088539276,12308938.822338693,6376.931328630617,141.83867469928148,1443365.4057056676,0.0311966136131403,87.15003839230403,4674676.209230637,457049600.32270586,0.0043074145945243,1575110729.175959,214.74107838135865,557526616.8953736,1458029.9379912012,6696227.684738577,1874547.0344334247,547551.507987819,0.0687710721167079,4391951.44665829,403.01805626250825,48771.64502789714,491624.2902016801,422634.7715782845,0.0365409316163223,865.839074107459,2817519.8997259964,4260348892.731282,19233911790.6567,309967.49572738656,10522.086160694553,1340688155.431161,429743.1609842985,157920626.9532766,273856.1935781143,8559538.045446556,4366420.910398087,1733611.727328305,597871883.5293535,954122564.4420972,46257932.09757652,5828845199.607775,5.653811126403101,8.65982959831654,3645300094.159505,5357054.1158507615,11.644772173952674,651867.8771675015,1294684995.3732028,221565507.4774257,1838634.9379093784,2186.904561761883,3686884.2879469134,330022.90816285834,146999.929139308,220174485.8504051,6057.334816957457,1884464048.5492527,737902.636248954,1699425.5802870248,30.59284175019469,4342143.48572005,0.2209613239180755,863849.5317700531,598419492.311141,211292.88566453103,1213221943.191824,8977.028644504404,41650753.768146895,3.0777834452708928,193070795.49134308,158926835.46376806,35283896.83342526,283819136.49131024,2972765.206106945,2599796184.5926285,121674.36516160656,4149084.089896215,10118363.316068465,2620491000.5754232,78228.61200652285,183263366.8286938,13175.83889126644,0.2675177590089401,1475848.5169252756,194439.1914594566,43419.34344206642,4745125.5316435415,494619.0675701896,31460536.44992762,9601.993055299625,11390303.42787453,7117.50802112522,3.338998713796098,1498706840.4594522,53131425.86564473,1455058389.0480523,58575584.39635173,173263608.29763272,29213.771676743152,63.93367646726257,1150770.7966060613,1.1878095860878817,81093061.26425914,22439771.25342528,119644.61608602943,1803676.8959790592,92744220.59517068,322714780.3957335,16.487806484094563,28042.407782862203,8384271.831519952,702.1880873684851,86.31285967784783,8959.514888184374,7681.777702322279,0.0,6.3456798784417385,36687317.23240174,0.0141457607577182,26574863.042138204,1404804.2604373568,0.0841675996027433,525966703.5494464,5561422392.683191,6486331.542612068,0.0067902273354487,102.61274714862788,582315.4818764961,31608908.313190594,387222.4997614538,0.0112395419747191,617412.4634480592,72196.23936765127,2.8787404756089146,302.7115613782135,10490564185.280304,73897.05314629356,8285913.971213149,43782109.95030552,11917.06202217864,1023739.449262164,0.8906469293564977,104546.0226193803,2117312931.04961,48235228786.68725,11306.057079588532,19525436.75108212,28619376.696998022,2293296.519135548,6.417378013455293,2.853920578028072,0.0906110238861994,181103103.36771005,9.153403643312606,681447.9243529752,237795.27883523863,363482.29698754847,795841.7202413036,11919.38538720544,650720517.1523349,1862046.418313123,955.9262573475442,2962896.2388473647,1163181185.9811573,381317863.6075926,8477526908.97452,2.9907793637229307,226.3271855740661,33031678.083707474,5655.720158547414,46595152.38959151,585503.4488219311,72577.15142476691,52082036.3641134,0.0040655255101009,49573869.3517389,16.521675201687387,0.2251070940315003,130487.03390795569,39795275.24574536,972651745.5574548,0.0120970853300147,132237.9055412138,106549.6183135999,105062.56694921358,4247365637.127148,0.9853568888047994,56.08852567539931,9350483.10858235,88312024.03430912,7855.677219726474,16101803.01601059,1604.8336617757363,4044.863970611228,146446.5700440727,4.308888837738619,0.0413755763716956,0.7616785884152257,6898474.30207856,185.50093781377436,25258.79832520889,182.4158237259728
DJI,0.0072607963566042,105194418.0387052,3792035.7838183534,0.0032287688579746,24617.824937440917,2694275.398752015,138.63327629262574,2447698.7756891223,0.0077827303660695,207172.473616972,0.3914433012132678,0.0185528935793595,361.1096549795943,17798.00674834515,7537513.1737215165,2002333.338142559,3.3119903894673826,1314681.930749091,339884.9600916899,87372625.18898532,53134.81338982915,37642.7998426978,0.6343152804032157,113614.18419587218,46532.259640640055,0.7930140615582851,0.0033012026916692,35.0412628462973,1065.0802049387628,0.0175602846748006,0.4576767217811266,39604329.30176314,0.00419450400301,14246.738378670372,129465363.37429792,9032.791037483634,0.0005785561665732,68.8072701955104,28.29282806895572,142546115.37467885,3057654.8576340782,99809147.76019552,231470492.39601967,48213650.66575736,0.0097170148383485,40.82581027747516,41836.40222081076,65.25728833773394,1.6930435766704888,5.178075120263436,0.0050363993576638,0.0141991767532889,76113.7568554801,97.32541540287228,17150.719968826397,35467162.42990899,0.0291405032284828,676.8732664230611,1.714612068467808,345579.4531929774,11.656489417036608,1313436.589398315,56602882.20836057,913.799282212922,25.913298912228807,8131.730676199255,1629092729.8403716,112887.91954973912,0.765775175949509,1.1613996206291155,53.924330019260495,50.66533484188193,1.9873293024553995,50338408.694527686,2634.733038783207,2983154.6973671224,3727258.5889082174,0.0002902047627522,391072.1299505108,4641.984653307275,10220405.647608474,140808.31976785505,0.0129582950248341,45512.79425499145,3.806727699876568,2.441041691734121,0.0406651632867465,6.087273006086936,0.0296309888252928,3.869267221721816,30787.87085831468,1.0567127961650868,2971.3000561974723,102250.17607621945,1631974348.7272177,372.4001961273855,17.697400825480187,269911225.7047893,57600797.93765691,352.98736741764804,192117.0701397333,115509.3479331815,0.4363405588857461,1638157.909577981,312765.5388445012,74521813.0951715,17068642.725447044,21513739.252465896,1972480.8117392133,0.0362912233238637,290919.9351080824,1960694.1316481829,11636869.927113228,183448.19089694653,1012490.9204171776,301317.8170765598,0.0224824750164742,0.0135484715867413,1452363.3265904116,0.4546475491969062,15758.562799093768,0.2244925531850832,8799.131916742204,15.14922424959252,13099.73000320798,3956584.373025916,1802.5607931309596,81.5842050614717,0.0129328154100483,2919.747724938172,345427.466913442,427.1725464410765,130544244.87857433,18888.624228509296,4577116.6013964005,0.1204670656262854,2997095.639182519,45595.30143571515,0.0039239410346567,1939.03094856727,383992.8205037385,33219.380248016794,0.0,0.8911352493821614,566824.656432943,0.0019388828187629,39392099.448019,4.52790882537,0.0113574731192329,123.125881928659,28296.13183132921,123685272.99468344,0.0009234585847508,13.509976815197415,8833088.767911173,138398277.93028158,2.621083714112902,0.0014816619571416,51.15229854503848,206264.8471765634,0.0338245017371146,26.953931151940807,49338.84619919043,0.3363590904455087,187098.04855189688,4.302171862802682,12.365557931949391,47743.84582348704,0.121411634552046,739080.3319144398,124745.70851700028,80405804.84780306,2185501.4705007523,157421824.73912457,110548847.78814152,37480.37801712017,0.0580276998970745,0.3796321041453123,0.0122845683868604,5052.4993907665375,1.2545373043730104,262559.9480831931,0.6852000330522152,0.0039351624145069,33833197.502408504,0.024719554590149,7755.779873713254,180480780.61304557,86068.70188329741,4.262007976467169,484.4730648126198,1992.5412348831744,28758.213406988787,0.4008729315549857,13458.225267555576,6667365.269656603,0.0306043106764377,17866840.50293289,991402.1918388624,15125484.879608428,27496913.78713616,0.0005558841011445,29753885.67073992,0.6698231079850423,0.0311553262658803,0.1872587269144698,43093.34827092434,27285079.90888064,0.0016563033248564,268511.1616543633,22847789.956856888,21911117.056259237,571992.6912517943,0.0129237081926292,7.412093032129816,690.078611397401,32466133.77825385,0.0175118316637004,28.242054758235653,0.0065268986900193,0.0147717686964909,6343114.503937196,0.5878560004737061,0.0055743769318975,0.1032768183661261,85693650.71288717,6969.459091519626,1048953.4506739925,62906.62748519629
DMA,16330.193367004396,336.999156953166,2.4947235439077406,11485.936800599098,30225.711919428133,0.7145781478543629,10977.04087501491,217.3188093429303,117.5136010124919,20538.805615852343,0.039778552791807,87822.42027270794,35.98538657507464,36176.53985503096,2386.8983434998268,0.0479664181238206,13895.19205178693,40.58904564194216,28.20157206033992,0.5513512842801997,19354.87383053856,0.0023764353803281,403804.8132128716,17246.00822603466,22822.983622152064,2775273.5386923254,2172.8729998618364,410636.66209876817,3266066.989380045,2702.8194818496704,0.0468214498032466,0.1802806583231131,0.0004285136521957,1.299876350345727,2.0762455108565394,14410600.964972757,5.9437533394657294e-05,36504.79564505635,2.891588517094981,950.1567476371488,848.680322554821,4182.638192194666,4.484867368970308,0.6653882474060886,7.458248213363799,49412629.53407398,0.0041837063025269,14.59068039466854,12004325.067095038,5917459.649529003,0.0005174106595404,17063.206434622407,32.15126504073032,26460.842770458352,167920.1038322706,35.20984544686137,324262.1245365143,49018.92991097354,5808473.268143535,119466.46095386872,9980344.446841558,2885.3818932200265,665.1293081482313,14825.83000814699,545085.5850462243,15325.33618040054,2044.236509220662,54472.90917730489,0.8390145874440242,0.1175227610275548,412056.9564155082,1910.900101169944,0.0343316860801556,0.5737802180656006,235487.7253490075,6653.3616783302905,51.046240078752106,8.116355061531067,684.4086760719491,109.57843430052654,0.0628161128403235,40899.23127369778,1237.0813309848309,244937.93968126908,14783800.413579568,11351.733961193626,0.0042159019732253,179139.48162940424,0.0030379530665598,16452732.035935223,13496.570187979218,2501824.299749851,5963.746710695551,12.166317155242751,9.882832851520236,0.0001809707286639,75214.17693837985,29507.313438469107,4961.588186140059,134691.9866014811,1177.6632999141789,150865.9719740454,1199196.027212143,450.8574837518862,83.27753414391856,32664.171206271614,1.1305872858247632,37.18947756667546,0.9388958047687268,281.3997292642921,471.0885059251643,125.95264772564792,1.0794499916196294,484.84934486592033,277.3030180253588,16138.893926174303,10372.816177845,123.89674488361923,0.256924595099548,0.0469310685114976,8229.910874210897,2538.3011819012463,19941.523189288717,276927.0731118415,1197.668482671569,1.329179689928358,0.0008101744935434,60796748.86903818,12.734012781826952,4854.699483103582,1008.0769469612962,151.7466229274869,2.757264145083259,13535.781814518918,84.80776062080274,0.0037354075443296,1.7040074399551557,3471.0937189073265,20840.43180847168,0.0055044027088806,0.2462899156560081,2.3431408053946825,0.0,0.0912994378981797,173.47930641354645,0.0001987211520599,61.921353423388,22090291.36837316,10.3690153882535,22696.002159573138,249157.5926419375,0.6010927011474152,0.0026510056694633,1.3698866886830787,2.4344574845956872,18.63183886097425,11485762.411294935,0.0001472816910244,8262689.984185748,2.0306966694892945,0.0034339569650896,2.770539045778735,74619.48830083449,1680539.1187958715,1.7915659955950218,166892.41559506278,7146.22102063879,155.00860624646242,19.19993287045853,0.2165459955170678,27300.141741613486,476576.74927901145,0.0343015341114973,2056.099948850665,1139.7394153378066,259.79241392770336,0.0039683581897946,0.0374520847565418,0.0012337150888726,313.0445681664325,0.1308272099100822,304.85851694750147,2543699.1604733467,15.884451180681936,17.13182204150926,1899.3038619756696,29835.127849614408,7.74171964405013,0.0028756355573644,14316.520650518009,5954.792676311001,3719.958472605518,149605.0093109049,0.0409245805173554,0.0014361765779384,3467.8621638341883,37787.29518985748,171.57091330128824,51.13876437658291,2.5031942504269478,10.766970329626275,6.412767027970403,691.3286650670191,0.0688013559471869,104.68086256450728,9688.03550939262,15650.410127507805,95738.50256673463,28.25927443848923,0.2126132067101593,1.8084876487965,0.3823998460179361,68245.10786807028,287.8544861987333,516.9300689710358,76595882.03065781,1063.2332371819425,4706.8340274095535,9354804.351627847,23757.28068590164,73086.52165603638,1.8031611236095688,0.0604018468381339,195.89358085016283,1160.2006910443306,0.8091602026937831,2.5932900250382183,1.6191579282003374,0.816302230646734
DNK,89.5380580445908,6276446.339231314,14582.797105749189,124.91869703557,4171248.982225449,20474.94821499463,118.16854766817865,1947012.698423408,0.0059741685651536,179794.03429549895,0.3036848748456856,1000.369932072735,285.8699850137532,75365651.92101318,4511661.179398786,1514.987929654502,16958928.375342824,56789.103904060845,159669.640850618,283188.95207360364,22784258.675076004,2546.695887476837,2495.4199069007277,18328121.84833515,268654540.58014387,4821.061735187205,41.44602861881552,3791.342807450063,1047450.589781995,664.8118329458297,6.765363246730605,261187.09132836544,0.0032718031978049,9.316130448421529,166909.89976142053,70393396.95111334,0.0004534919009917,26201278.9330322,22.3573933282051,87824688.70218465,41439.39642763096,220321.3009280793,135498.2936653607,39782.16724510047,0.0072872947094645,244087.51779330272,29.036050925242733,1967.5654701429771,18109.47399914061,37111.98439337959,0.0038718090743703,73.86491076370544,163018.55889977398,67596258.94373477,365771307.69677806,16257.138822598434,1132.968217309934,346162257.0446314,59442.63625425197,7594691.697773127,25732.17154866248,525887.7395536427,135531.72075306202,69425.17738732786,37683411.73324597,131028644.76566388,1765852.3015461834,1027519504.1357892,0.5930260734342561,0.9117857023439284,129564779.00999697,1095064.1114666164,0.2486509878516224,45086.5404602088,149779331.6138535,19367466.828630425,40368.4976612961,181.61992315898533,147096.89577969947,19673.079955215908,9080.365480681612,10018913.12248638,459.3780829964854,350448281.4608893,52349.71759298935,143904.01473170138,3.048044084517508,372862.9113083465,0.0231302415856186,41468.08305460968,13322444.050450437,30346.20198785169,32285501.410697546,1866.0371740701023,4449434.380803174,0.2022107070818977,19434978.88927499,11406648.617133215,1717876.8956471626,58312513.550691895,192982.7648167364,52483830.045503065,24574.0726647887,255916.83322375163,1778860.2739242131,393076332.1915835,4698.669808012925,26082686.0861751,2202.799957836344,0.0283125150297652,253251.2010420269,12654.299347902595,5113.900928807121,261884.65154699425,15162.839155839232,1386021.9997712984,1825.4776785936945,157850.0285365726,301.7157475156081,0.3309770333480777,168695349.31792334,1220195.3612743358,176787774.74921077,5083502.925273847,10533167.972068924,6030.3939114508685,2.077619383336552,39472.66795356797,0.0465083758102014,3536572.833248979,604973.9417333769,7909.826332340017,184161.50150182424,3414194.7013898925,52069855.898812,1.0382533195787005,3512.590574186792,190678.82942001583,163.88646361561297,3.771416505408358,257.89454158479555,2840.5401889012087,0.0,0.6694983307415288,1255975.9655594851,0.0014917732167001,775115.8721719002,54239.941185955104,0.008785239074978,25935260.8325046,1485363587.7530758,780737.9993840574,0.0007129395059304,10.726420440214016,25891.838653758445,4220531.604565325,17830.771881169876,0.0011922102301373,62462.96544594024,17215.725300386697,13.51791432261962,20.54242041528944,573950852.6542721,12654.82793358075,1314691.998521805,4075974.94274057,11.654403414961893,65254.30807932725,0.0937321724486094,4943.288021357012,93604842.12220667,7271717524.155482,1274.8832521931758,1159442.5971313815,1103449.9807756334,49994.430284462986,0.0319405896635629,0.3006693760381859,0.0095357269714733,33023855.14685007,0.963694931623908,24500.648541811257,12088.542637761697,9347.036643167958,63349.2544417836,909.7461060439018,23764448.865025785,81976.52380728086,89.24667739632625,235980.9534244719,38474484.89278899,6588312.706394402,1978423953.2132905,0.3134752353323502,7.386771592226423,1442292.1427722168,189.5567515591165,1340509.834850544,24745.339140351414,3303.9032885470274,6721468.130934842,0.0004289096754698,5302903.606525652,0.5015831840768077,0.0235859812119609,8274.446763186248,1478030.4956608594,60463818.20501941,0.0012661671336691,22416.282486537268,13147.402643821011,3946.425255154026,296338200.15501845,0.8427226070457943,5.883055094626854,1008613.517456568,10711816.99644747,639.3280717943705,1172912.0146992956,201.745519509843,443.1659852388253,17641.266454310222,0.4539174604321224,0.0043447932066287,0.0806118118520795,333804.0227321668,135.56192150049182,1164.368827798422,5.824124017232883
DOM,29850.044739484787,66749.98013020758,80.8610005616804,23747.229555796832,659315.4760910254,73.66208015076475,2596.866233023186,38588.71571488874,1789.120032799516,739324.835719268,1.3626217523280717,63646.9325805353,1240.9801571805374,2361724.7031615158,75299.67311748317,1.5835759436037478,1619485.189545853,1677.619943260938,3586.073755706728,76.97849790341162,579618.0169139641,11.111982736334632,55697023.46418962,1224512.1802672837,2342883.675267789,166488869.82051957,145483.92925471067,249366.8118736696,5148999.392391666,13561.219827875497,1.6044141651327664,6.3568860678389285,0.014391852934068,43.06819025503055,306.4973848538121,989591358.5946136,0.0020254024016708,2503189.9898207868,99.03261282166228,167746.71203998095,10076.42947078595,1352.69857371371,210.67581204031023,44.460010788217886,28.71329505139707,325437436.7693824,0.1396670314440911,1931.8919878166328,182740686.7310606,886033969.9090072,0.0175274360560706,1988438.8423781395,11529.976890159523,1607983.9319796085,13713144.834219608,92.31858610448931,31429.037958797067,2219866.372900333,1112592678.6122766,4349211.712746875,27117923.687353484,67454.56655039628,1900.2000497345557,960584.1659249908,21757435.016351365,1158847.160999322,39297.68859514279,4710742.334370202,384.03037134272574,4.009380948692577,25619623.3660887,91115.81210280862,46.434860644049,24.6618808447688,19343890.018132016,225493.663244998,1479.6175948589537,468.6052610203624,52449.23835784326,6037.115285862658,58.89329266467371,750734.5993587184,6295.16792615829,24132501.083875485,805189095.8032501,420436.4412065681,0.1428517983088646,943403.0900289108,0.1034694612567435,649320659.4030066,1230295.0986940912,802420930.3530407,1019563.3347955134,415.98500402577474,25483.017619598304,0.0062079283653257,7108207.24972799,711691.8183023854,174163.50975710276,7443813.300258021,16302.080190475872,8045758.376048439,130862143.45877266,26548.18572547384,17631.442489494497,2427566.440486695,38.014719920757095,51142.48052216803,32.76249444686202,13510.936813695866,37.79790960864954,548.1562138759666,37.87206799028481,14680.27106468237,18707.158562799777,343653.5936920411,16920.159910068847,7977.989039874257,8.754739115766853,1.5888049407369778,1017008.1923603328,121979.72134633736,1154860.4834579255,10689448.956063038,154229.26258915837,44.800250611427785,0.0271334587939091,3993742963.299231,265.75833605646346,136481.0283010652,107843.44199993357,753.4885883951483,96.1197720366331,414910.217679552,166827.28824261087,0.1268526120605457,56.79998600230351,230896.04931144696,10803.940673947334,0.1857721184520793,8.080728282990371,80.95886535510206,0.0,3.049042988672257,10681.89955024363,0.006635477505938,10881.545309723337,446363332.7428278,74.49312374200781,1836268.6006318715,14032681.442093084,21.093409048564933,10.525743147661728,46.994872570178,5042.564547374299,16189.598657376708,140738745.69222903,0.0052642648613634,4506992.748218482,70.66079335864303,0.1182221044874154,118.56994199276576,5787728.862773536,16941743.114392243,58485.90429369629,6640198.683899119,244.49026385729357,6469.152659002897,299.0300871350153,162.01915001000089,1873911.478453507,27278833.742656868,1.1791032331221247,46842.75048214699,10370.399715673317,32287.14853549932,0.1409178770673378,1.3091658927548022,0.0425171990530088,242878.41349058703,475.89158055176426,24430.95718609513,75361391.100698,663.9461637490876,326.13417832470856,137425.6422317028,685311.0099607921,201.15671624537137,0.1004965310272822,424962.0509189359,675801.2497724828,615401.7027126349,11165896.467157954,1.3926666565928087,0.0487497860934316,164978.00114959586,4300931.146640778,7107.033135800099,533.3751412948752,86.83711949760107,24489.19177413253,195.23508175715955,167395.37334328523,2.328161427446055,1199.8890613035046,46644.22371248156,431138.3614979386,2654345.487650325,364.0218547020312,7.487555469674623,60.488918205397226,13.23550095093796,2780923.4915380944,12856.590955820364,309.6226660174535,5979014033.944924,210088.603609572,10812.601486255417,23450140.966691345,108459.4292653948,203486.7456137538,62.88699785093968,2.043708936505053,1110.3362918232758,37558.45169806476,1985.8418498756917,87.74902165333779,52.73893856599703,26.89146693452033
DZA,47914.88378202473,521827317.86214125,901637.3120367896,93377.26915994864,1151156071.707128,3273350.6105047446,258219.4584956369,200213798.8431479,0.0644788794488731,2528355.708115888,3.1290783100309203,515231.4818571535,4332.352725246341,1346309889.0100038,377117850.7273628,1288182.493260712,76708372.99132551,67648564.75532769,209522971.1385642,20745328.81992033,1415040619.4955463,69256.12685229903,2848846.1476233387,1481046244.5034428,1212891081.9731543,3546180.576497347,7133.436644793709,11793928.501076436,858169416.310025,537013.0457147807,9.656260405218612,11286855.657016942,0.0413154328698168,3525.7849967107595,79848266.00865118,60586761.08770645,0.0047665264205516,773379819.4144781,1470.2700863677671,545710140.2497942,110264742.35797508,170570096.20381007,69479225.9663267,19889964.39967985,0.080291413315888,193323515.01234075,5427.935190882584,7012306.190405839,18247690.973597378,20520859.74877885,0.0410852697107557,47527.78077822829,52091234.402729765,463862073.4173276,1348452711.818899,998409.25184436,774793.1360827286,76798261.0418845,29137380.70397013,12189338792.950891,12770625.866608636,136615724.0074411,25626782.585638717,177861593.05650538,2886630569.543478,117311924.0967249,355133697.9691247,541940902.2667468,6.5267218492186,12.334877381757885,4816644926.86109,1199481.4047009647,7.25446954857996,25060898.52999552,262165122.0892044,732211174.0930061,79225485.78883407,36323.70238569216,492569503.3858493,79997379.96422814,6549519.369179242,2393900771.162261,392382.4892059332,505178757.5209072,14982039.64414872,87565705.5143766,0.4965860158827279,160475170.13770705,0.256957790584763,21784746.15402223,1412701981.0468683,10330711.54976459,1219558070.7588403,74686.55698139779,341740990.5930966,53.892767431163534,59793791.67917693,1940858979.9091327,553345520.5581179,106053104.82092308,36993861.30906502,8343372120.057365,3328357.803464867,52689497.11074752,6219755.732668608,2760262325.0800176,1949040.467279372,322392645.36268115,89002.59123080995,0.4319975669680092,1364223.5028052365,4276429.306849075,1589439.543219093,59262723.81820415,45223236.71300858,1158421948.846982,582582.9071430403,3205055.4484628155,246351.9222428281,3.118469710765993,232336497.6379208,8133912.678787112,205821430.99882925,2425963961.984247,250971453.13742352,316733.7544157559,319.9771810515402,47855011.59942396,0.1616319360873206,432484949.1476118,1459890212.0282712,4582799.376946317,23939076.514709685,660604998.7132322,161588472.4727358,10.51338089742647,425338.5592473988,1010225652.5243876,92893.55163881928,98.5352177389857,103818.5174508919,16850.820560036067,0.0,7.61207385672143,351922227.75233704,0.016678651254308,516326930.22803485,38531660.34715845,0.0965356888247015,73867647.64150971,478179457.0162414,33181809.1245352,0.0078270950867253,112.40932119516138,5819330.946972989,191748471.319272,19883188.74658034,0.0115819301348139,38228039.32422505,57007.138641605416,3.078361583044108,1990.790881602367,1761214234.178311,8483564.805341568,4402055.980768902,235751144.20500228,687696.5608881571,12078100.019111428,0.9412938734672602,1191230.1184102437,2996544246.2226315,16873779249.368229,1226386.0957348768,228458224.6273476,184389661.93264025,470877154.7734922,11.240420720563344,3.884492404848345,0.3935884293291325,28038844.08811501,10.874046470270509,66061405.88697785,2352095.8819393665,1071688.5671196347,2558717.553416421,12773.134576743383,1448068396.9377823,28237018.9931186,62899.38474467008,104102061.23070896,623602381.333927,503544283.4747566,615898718.1742506,2.988694412115919,2071.1431746208195,367551474.1223481,337666.9962553907,296993150.2006278,26810028.329117958,1214847.5569136138,250306463.161218,0.0044442381580716,380270700.335303,8.160314520944034,0.2649275983330219,6234134.241511416,2383645458.180121,7377417268.87051,0.0134536792491674,232308.6298713276,8916456.820237285,3826873.571914946,3815879922.709912,0.1309075739960545,6865.255385066483,41464835.962732345,413579540.44853264,522089.25059685286,503616525.3673019,198177.47018488497,402348.0487382477,2204912.5366572416,5.291020724700209,0.0463633041494971,0.8620651589168098,32694119.736947853,689.7396784629773,574462.343605892,6132.601180831085
ECU,4662.9320873065135,311.2498402551392,373.01668883502487,47.52169789355673,16.701205203802765,20.911782538021512,135777396.51104045,16.827898227312723,1019.2376107760132,3032500.3213003064,91.93015077535796,32.05795740568896,7037.769724789756,104.70967408285328,75.65459279702438,7.025027483131293,169.30217885835623,40.77091852117704,89.89294457587971,81.35233910147787,89.95580732983453,0.308426867019079,58458.91280282678,43.2154980028878,3608.9350893370897,1376373.7198219402,18.18347125230673,2810691775.866732,2499367521.1590443,0.2587905739134832,6.851630006868644,27.168794863618267,0.1764310123015287,194.36478272844204,175.66544768538512,463630.83093464,0.0089019516263196,48.70528114235668,1043559.6418884364,18429.51125654811,109.1091256182721,135.85148997492706,647.1090171389741,99.05468767681651,782.0609475366659,37875569704.11247,0.6167336260128096,2.2461245504265337,299671466.277339,2081031.2678940208,0.0766964698800745,18374.77387008169,4.2625839212549685,273.79436277635835,1989.2120367498228,3.658788879994884,7.699217445579303,85.32687265765699,678056.6987219602,1113.921568433945,65068277713.53817,342.2193237273136,21.118393318793032,128.17266941569136,488.4291015097732,244.3096061625104,237.0736193666605,1216.0211052644345,2345.747534523692,17.311660798936664,958.1242362599468,3.839806456831452,286.15985093231416,85.63642890682299,900.474354292091,59.220264276005686,84.2678987493214,0.0043090930657448,82.86344739553348,12.77481874875918,9.400712503573788,72.82384022529192,121.13134530318658,38685.64378224844,23840224.523929283,83040.56915679284,0.6129539175894549,141235.921228838,0.4515481475427775,23261504.33270065,55.59621634724149,455747.4511729328,117.65326587341268,1817.5903218889264,1462.8493813386815,0.0268576512771614,108.43325268603286,612.0150883722115,197.3061474174372,276.104754557619,7.806812453579159,246.2312574277744,214355.8310104696,33.51778934939402,668.1917879309514,4488.293945436207,166.2503434662673,245.24838504400415,140.87989293052854,24392.71814275728,163.90022353003934,7.738585402926024,162.20497031600337,3.6422448754244408,33.768208796664595,731.4135751380102,0.5968590988047848,0.2092598010371497,38.186618738702016,7.099434667611453,1490.464385625919,17.648659344415552,994.21127442222,214.61999158386425,40.4556922730382,197.7206397220808,0.1177553236516101,53898304.43766811,850.671803766148,16.317957768654303,380.9196194673331,0.2382496082039411,411.02820775756334,8.497710342248855,4571.7017348066165,1.2639942493855512,255.0493091788352,399.5237151179083,1.2869048863624115,0.8077393980065503,36.89871849458033,348.63407046479097,0.0,74.63184500423918,268.002480059986,0.0342114877888102,304.6448864192158,66565771.35477736,85.45951693637716,89.9754973074728,1267.601077089122,90.10388489330728,12.873395425362906,202.92433799854507,76.17571026619828,422.6940186777811,676303014.0359281,6.698026649059482,46530212707.217,301.8296294528937,1.11214946449652,26606.087301726468,1012.7200917999104,34862.914240468665,262.34567434594885,66.43282407126634,138872096.03897867,2.118223762040383,9367.591857836427,4.860775319306244,259.5293104079457,92337.73777051456,5.18128557433352,646.8806250378505,368.3228294064298,94.48990279171076,0.6077893814889729,584.588602665398,56.77862643170218,575.5295511112113,10722.525274608352,25.7911007106233,8946551.735469148,0.0600763993850907,184.8777390506392,0.3704849848598543,87.24922836085835,156.21299013949815,0.4274391820598633,99884.61962020263,60.81960199762483,19.43247326298928,1525.0358959644254,6.070003060211848,0.2145956115062834,86.22145508263597,5440.95994402961,278.80335293570715,19.42797868623197,374.4522084296408,129.86250391205425,152.13764652793634,404.6624991629875,10.33887912273056,446.4795464916124,45047.3710381722,98.0260766102584,427.4047364764528,271.43659988158987,31.87946340473293,269.6420876013888,57.20689700138636,2681.9620686357985,25377.41849644756,8976842.75807924,7446212.713638883,454.0313555879425,109.62486311053723,166735138.0327709,43.52980546238042,153.60611035924666,268.4229010705318,2235.691900098561,467.4881073023158,11591.95316823878,96.57225278169976,495.83642304587374,243.3429874935411,122.18754504507784
EGY,103.51716252632868,2564462427.332331,55442484.034500256,670.3423520598719,18480635.252717428,20906350.968342263,1233.177750431592,322703238.5063654,0.0664182617331943,2059906.496439711,27.527157176693496,3126.7755812609903,382072.8462006468,8919540.911117371,697405114.04584,19109442.349504285,849293.2300790993,222454484.17005724,252684427.74826348,366979870.1864948,100059468.4441511,484796.3841204771,1406.191518850797,21198367.57708704,157269688.17913076,20083.310564163687,1.5607918828955554,7946.841222588958,7024003.240770141,4730.092609145933,3103.933465595947,171907127.88618508,0.0374326186856706,107125.48353555128,1073746232.6566951,6120724.091091603,4.480966221978418,2266006.3611091925,240.2875962704459,2541051866.0006666,262067474.1082679,1895754902.253204,1219813692.493564,375059577.6042432,0.0823212894295251,2376591.5566442003,183380.6979385719,702864.8093918263,281927.0103769491,18725.899185427097,324.8890320435632,69.87661360439864,40506212.73486155,8371676.378634348,23935765.69079435,45624280.28792538,8212.60672971622,6015608.333966979,46910.5395481221,112916063.3434608,228480.31262369012,464083484.6736941,547186630.2928706,17204128.811986126,11001280.204482786,34338059.52039525,8270981906.72312,61768593.32603099,6.680799294523484,10.553917540309396,20249901.324985504,39308.11499049504,4.39603640661404,507805240.6658021,6144249.2777039055,679751985.8379215,276722352.2251177,148.40052921117802,337793064.34896475,21684023.00007025,114128007.71251088,183252262.51368168,3463.1498482758043,7791317.41724982,49468.34404443578,1780160.7144960945,40.36286785854991,2901911.498420744,0.2602835980755018,77609.55129536848,15841376.671858145,10055.755760717147,16380049.320382437,5000483.591651555,6430825448.968953,4465.762454685057,448410.7211478841,7899447997.294289,2050546262.1093,1459155.569138503,103260692.83697589,69459444.7365537,5390.927236824738,240813824.31974623,22025689.572312597,4950749415.482347,46614595.538868725,1239156783.749252,2987556.1067579444,0.3072217077310595,5937226.455949287,29766375.8667036,35251296.63387612,82813959.89795782,75028467.44630772,79190254.69643177,9976.935721188904,6836.599926541808,6235000.472378001,3.577443375697662,25176464.782802824,61169.12537371826,46131924.50605708,19709746.759015456,34289351.99453046,14008129.157623217,12319.202936369702,210143.70353986075,0.6375856212528584,14600229.655449163,388393089.1352246,126085.52877953934,560249596.1445929,10468547.699446972,399438476.4905401,165.60069561780855,15092801.201431386,67199430.70618668,449.3414396815889,46420.96494249893,2808544.015910418,664934.1673689953,0.0,1053.4608792656918,498389405.2310341,0.0168197878239695,2665522056.7298083,148610.89405454753,0.0986562222478255,1065255.030313837,33556370.78944324,523443425.4409536,0.0085887329098817,116.15590977640866,51676472.01422576,1350093752.6801746,107970.85596599108,0.0124743168827595,172689.27733482348,1743913.647550973,532.862727734971,265690.1496759353,69828341.56448618,33546.26249211818,14222907.366073076,856835.5080232775,139.98191777630657,34752683.64724877,1.0029786993319396,7051301.614964358,141837640.3548074,9380204335.85394,16636308.89882037,1740214454.210434,2156708420.8465304,46953468.27175165,922.5486300450206,3.426776717458572,1.7799150441262557,2865193.156748533,71.38597060060759,85536537.34195158,7727.729613671794,9579.892333835409,70117874.60209168,76.74036027242167,30209037.93804138,479244750.9878329,1157012.0458932193,2185651.8099101493,9567868.140076982,3596191.318848919,84698018.82377197,201.94876472441487,72593.10468150536,720558461.4014114,341.21348795168683,2234224208.876559,101658831.5675734,45299128.55164353,1136269848.788838,0.0046871801489233,1183566787.493029,16419.547462939005,0.2694063261081746,49943.15211028763,29795223.8089826,5209516190.398486,0.0140291073547578,4021109.6815679856,143349663.2270931,74496434.2159279,652713063.5226674,4.576099779371653,63.00740461209153,69714.7732290993,1336537169.4628386,4539.575483101407,5305643.895199171,1272.573960609349,2434.340652367971,31107896.5058034,5.194153416062527,0.0476906840475736,0.8880657679542807,823610192.6361759,39242.07814033691,17195041.028822523,766224.1261230349
ERI,0.0511580418766968,850619598.4416122,30664217.838464808,21.402708828035195,262919.98581161705,21071065.247802675,985.7040470681118,23594192.861207865,0.0549119365331978,1501283.7949780007,2.7743970206021125,2.0623977488510743,125855.08568202764,166495.41381240755,67020328.197524704,12122194.08708888,5978.919147029227,54224205.33776491,42518957.44965533,238494228.22126636,609493.1161256693,356162.66481391754,51.74782721996675,509833.7540801512,1478610.5365076698,92.95034637843244,0.0233616915768279,243.8241451672893,35566.74999266419,325.51882427869936,10759.396218876358,117986406.15977617,0.029548714046065,89264.80941409321,1164580284.817965,556051.5010990343,0.0040986544962935,18375.514317883368,199.59487648390703,776607086.741482,70836279.6123328,1178103462.3455944,1263165101.3238506,341496675.287511,0.0681317580855204,292.7328327859863,167932.06648164947,71682.94946268998,6135.837881814238,374.2488628417687,167.21571040749313,57.16995488241327,801079.0208273493,124992.6510051162,91787.31258529476,61044450.58643527,273.41753271301314,19019.824437472707,11305.888216502744,6347003.297523203,81.86682164052023,9310782.933481315,1878923699.103984,1031243.6008129908,20973.836094890947,189638.22182250195,15072344776.67772,1300915.4304810702,5.416005570094004,8.169015873721346,108689.50587974284,269.1522771925557,2.200599053928313,387703615.69392425,42414.64839510928,30018237.02196344,84868972.43276039,0.0021243999210605,41145962.4498286,1982530.6389126,81149228.57891747,2408938.7674623365,35.70006441384543,240237.19513156443,53.12399769091317,2669.603162158191,0.6021103004689986,57137.93795956705,0.2101783561807308,27.72979985815396,355768.59343891783,399.7245959331098,276902.7275569045,877501.8776877886,4750862419.901219,2990.8705982761408,694.4061018156708,2205858462.9946933,489533817.9342458,5719.4006023635375,825347.8012822919,1877995.9712306052,325.776167509723,15010016.767242853,3893355.775216613,665836390.1722355,63581044.95874848,174195097.54847506,3920583.242942421,0.2563184682543609,1541721.6402979824,16635744.780481713,28377277.19448362,1094168.725515748,17658644.213814434,3032343.9360277727,3172.943238404495,0.0959466599906664,3640817.4593012594,3.178428474192634,217491.28408019332,28.822345018177277,543087.1117785394,1213979.3764802814,338995.29168065696,20416618.64525644,7315.549966470648,1746.6648013779654,0.108084328003829,183467.56968755208,54484331.16828056,3341.25247347645,388777980.9466216,241317.28563123784,43577005.17127935,35.09448281914148,19849934.839610133,9574726.557447731,1.272493658312742,31408.86660869076,2066321.9447293172,391491.3776171228,0.0,6.249134035622099,94533639.2206808,0.0135888926609926,911164546.4977806,1970.25206504704,0.0804838431804597,2848.9860797615,561374.354328646,383212558.5797869,0.0065406144405688,95.9566176901867,44761081.15032224,661884230.3427634,1353.0920728604412,0.0106479630403564,356.7652879867553,625124.8162088704,1.471187553657858,10009.522565975538,661135.1792426251,946.9982029856134,1304414.0813779964,35.322235462628164,86.41673704209354,225715.76921714444,0.8548888012789841,5897463.297786815,1465425.4909791425,655840213.0980786,10472868.984236224,1220828423.9707358,3099371331.2618704,4808724.7341095945,28.074829161944457,2.678254413417955,0.1265473059169126,65651.35880597017,8.82861891604907,14799494.211485362,4.951289653304608,838.7727399796277,66252670.70013188,0.1735464067991259,379800.6046312474,906992749.7918228,750012.1076554032,31827.409138251103,245459.57674627777,89294.97958969287,746232.0181044962,8385.567186180731,105664.075513905,59233230.29766706,5.4541967098527895,895409858.7926235,30381709.23469024,35416509.672259204,229720751.80583224,0.0039070948162858,238795335.81400108,1405.809267916227,0.2187886204118497,3148.90612432724,700167.4125686594,248188489.85656747,0.0115984382409993,2099431.6592102386,113960687.4769302,92148125.44559269,9060651.664472522,0.0920769724934827,51.9098022459374,19351.157500246973,259930617.83581817,67.81631627903532,40325.977637607386,0.0535670513772561,28.24965661820981,23452488.01251352,4.146119536660243,0.0391750167740459,0.7281401687797899,438564821.41172326,65919.38130081228,5610494.365473892,638615.4790409282
ESH,33840.4685792923,25381885.37302817,7165.260563678639,27227.053849268705,38599092.64890766,143964.29316710396,1481756.1309303832,6823448.505586162,0.0116085271480264,319774.75420141296,0.5426676263773249,166974.55298543535,523.4647442925498,34190173.05846712,13492994.625955315,4360.372567011888,4676183.2720712125,2631201.475407282,7562930.797614273,525635.966852231,46816718.31409362,5727.934951197618,1009840.4039460263,43049940.72659004,39128519.47845668,4449351.136989158,4868.923797133844,30217681.772791702,1187015075.4057877,278601.78061676025,0.7136597333529267,324376.48606945656,0.0064912217803225,8.269022248814679,2328999.0697138007,32580856.32142708,0.0008747907037687,22018927.069274783,2191.304205774883,17468018.183114298,9418657.8635291,7398926.355713072,1432372.3583426678,313080.08306952164,0.0144861506196347,283660900.7568978,4.845028112430725,1785503.5587627664,16698969.620513665,10447357.530709688,0.0075329711060021,39207.77050425857,1560379.1962585151,15019194.209880382,60371982.70481621,12799.77656925965,306327.684184134,5746060.254262744,10393862.205539456,460749133.8316029,34068964.879861616,6609716.833449012,613884.1994979212,91580734.31310172,236169449.257845,5549581.505741366,6623440.365441768,27387487.96871936,1.1764687581551865,1.7935186439682056,203424030.9967524,219784.71535488963,0.0692509855859771,480587.8885119888,34731476.58912845,30368039.08549113,4029256.876871053,5042.215136229992,68272092.22827795,13301077.790950596,161348.3556291209,81284083.85200596,220415.9476094842,62289845.76421734,16716782.753156291,73508917.31244297,0.0637459104673823,138666760.400926,0.0462723088557428,20795090.20517958,43700244.49179784,4374897.136424378,33688071.32859752,262.46656940153093,6638178.022117896,0.0293764784272121,11428626.965929322,102506942.9098427,26238761.845659584,11922246.952389354,1313771.72653611,250146809.2630048,1819829.724069312,2494101.482666858,240099.45189928904,127414471.63774551,29664.024853908013,11124202.053280529,75.79655828918561,0.2184090459416756,53288.68297175868,226426.14661300927,66718.63995069017,2184734.561998427,5678208.14774848,45928011.40310115,275969.57104188204,83583.9557380043,1579.1310506060515,0.2518610733753803,9347722.720514396,398001.9355931692,8696871.092070635,309566850.2905542,8025971.688568242,17.344991568387513,3.6128585322367024,50019192.58491244,0.0202290654994335,15103064.230190028,91319562.26594684,125083.65508449078,600059.9842259653,20212992.77818775,4541627.199984775,0.0573135922932719,12605.633051595903,130901089.71639325,33747.51345264912,0.0467549698685161,154.6680242096958,40.22384947982102,0.0,1.366266349549701,5694135.8101601405,0.0029511834178492,12988687.146997845,32881222.617371123,0.0175770159419244,5504132.07528317,46462100.10549471,683711.2646869713,0.0014161835098178,18.7858445417922,230239.96002733463,8743151.025238613,18162609.534737658,0.0016221853589541,113483963.030001,1774.6989221939857,0.0529777194806366,42.4253530232575,60168162.8941747,3019905.495647788,158271.5017351347,37349254.57142675,1614457.6139099947,443977.4244881431,1.5642152715267796,44856.83743528576,93089319.96966192,645325094.8993458,1444.974398333717,10446104.222984305,2096006.346430716,75218558.66330385,0.063442693483747,0.5822286963100164,0.0131408801323686,1336927.1884465057,1.9331972245125857,11393295.075631808,2317304.436607361,30763.436778068542,34621.006859476125,12313.36294948087,45446906.17877375,845352.5573878121,1523.161540053782,98441669.86769108,15954166.60744062,14844179.249397516,38987556.32093892,0.2670500525616717,35.05720666775673,12503275.31223638,95387.53769010304,4244512.368232486,1284942.113748081,28796.47301606819,9937885.865748651,0.0007520041053652,19687746.891907956,1.044284471339152,0.0479818344892953,3987282.4799895594,60488944.96782325,275069480.2591145,0.0024263063266118,10522.395591471472,26876.348175162017,58570.07645451573,124974158.94018702,0.0193344474806385,62136.31285388808,35912865.17750509,18490746.525732704,257561.93722730875,436578854.3020645,53695.08950146288,125806.75588995218,217971.87150342987,0.919345691360646,0.0083419666396619,0.1536126596752183,442945.5134405096,15.655427460446669,1304.8848192795872,5.108402834171628
ESP,41021.32104163105,253861430.4460963,196298.2499507637,46094.61865512005,862851948.3956947,1650214.763740879,465416.1878721969,93589374.46585236,0.1121139205275472,3187628.3447955954,5.6397930246209365,261523.52074203495,5241.294634266293,3502013849.671423,167656316.46114597,285166.9618454199,580636000.5750487,15053757.578284131,37765301.79153094,7929676.26598681,1149002361.0109253,27796.297402104086,1844307.8129419968,1557582858.7232609,1943667415.2306523,4034954.329781001,7891.02465045407,9762187.27189917,629907997.2528541,328495.62420720607,6.678530006015254,3425398.8669971377,0.0599740685915257,179.33326333101567,31388917.498384956,364409904.62284845,0.0084277835022277,3167479943.850707,578.0611416359436,302428023.38187444,16316120.0961963,39497756.1724547,14406726.536330868,3826325.7567540472,0.1421016501668211,239013599.60906112,2059.012761835952,1778674.1209677972,19794633.61703969,15729445.182025695,0.0719256823452045,40350.72856372465,26934371.281077422,1377585148.5990238,7121106625.845216,816907.1359546715,393395.3990227428,441201938.6414174,19878499.02784062,4373001882.064614,26329857.036239047,51601852.18385808,15273055.790563611,38233663.94709433,26019635205.45485,324781794.73187506,202957002.4244394,1751420767.050212,11.167792834677044,16.61544413554277,26961872599.103703,5780490.978908941,0.8009424544631131,4086566.246535914,1948056537.402267,391557828.5159315,14844837.2470116,59079.10425364971,56444965.49955589,10264966.247210562,1044429.1174807408,1358566515.8288398,236224.86148496123,2130045213.2841053,15603045.403351037,49730533.30729296,4.478942560057172,114231856.57703814,0.4287263895622444,21023964.31804249,1820422611.2197976,7775824.426141576,1627456736.4717383,3589.8306138718563,152161254.44491044,37.7488634243134,350132997.2332388,782658529.5555084,197057397.70550975,390698426.3984171,16219328.43916328,12284784443.767763,3008952.767000472,20568013.962781545,3427637.841018744,2168662185.850044,384895.94362800487,162985122.02635103,155035.7092771629,11.142292178019154,576775.9591223856,1165649.658863881,474678.35618036607,26001723.96697469,5607639.010650234,343273934.2594675,331981.64665580355,12932903.02957877,77802.54199743671,6.693357807411603,564884492.8405987,64418329.7319644,556537399.7832189,1363110283.3898993,239681766.8855528,139210.69788494773,112.16782190428296,54961493.086856805,0.1882293826137984,323273806.3721013,193332458.4220637,2412477.271368891,8438748.183979081,557041409.5402195,116042918.4650665,4.795014470096581,136551.24419724522,176398367.5919324,45256.14145831857,57.93697642856504,36681.56061027419,1511.970359597338,0.0,12.523948450325806,109166667.7325712,0.0277221487030168,142790942.08100653,35787760.96194579,0.1649955838930523,512502243.2918405,2356576957.7086697,11090058.699560888,0.0132701607311718,195.5414066069749,2394560.553489693,81409396.9272589,21410835.42361682,0.0216961757898672,56821411.047419935,41072.94847712944,0.6109052856811493,477.4543866857216,4089367537.994776,5117483.4824163,3032864.158682704,1205468885.4696512,553104.8803325109,5371348.587641753,1.739468217569957,453697.24452399503,3175929008.669161,23620362009.42988,224944.5818627049,90125747.50231808,128775418.70664562,69599873.33545004,0.5813590599041092,5.435186555150265,0.1759650478854358,105520727.29072832,18.032618166718617,9191836.89728332,2227144.885074626,1701334.5404621365,1394913.615083707,40842.12120728698,1441739201.344067,11095147.44069058,12105.42451494973,72386272.69151245,979802637.7430892,1026625361.734858,2875259499.465131,5.771702458499945,871.9005656988465,151882209.07399923,248406.1671501397,186745558.09610045,5271177.265577723,460730.857558577,121366903.47562988,0.56682213419532,154224608.49696818,9.52170008643596,0.4453808903010484,3759529.840164376,766688326.573657,3599061704.121761,0.0235681227089543,83739.24711282061,1388540.8195655078,915566.3508805264,4310015805.242834,3.768157451191433,26867.407933348302,53702359.86818808,188850500.80804104,293252.00559356203,402426771.1933528,104448.18993352116,221728.07023546472,734468.500663307,8.500456992770081,0.0811523439706379,1.5146560717212063,23087835.34809992,364.52765353690927,147415.8863870733,1186.7245975431308
EST,1.6744245537909137,9975056.669940433,886.8336161325092,15.586967983272936,1792850.01562709,7716.882252758901,98.63103559477372,2123072.069559164,0.0051309635033551,160471.6854693962,0.2603110018939499,54.85002919311542,249.09497057031476,22917452.351451635,4728679.157364798,233.45823926698668,3276807.8688941,52572.37265567824,153802.1745564719,405787.22794807487,15525205.59352712,64.66811845285463,161.04910451281853,8933893.509972785,198501527.2278052,2930.1243148834906,1.01565557827337,102.09897097402772,63530.12540220543,43.557156174182936,203.37449184350876,278675.5918601143,0.0028117771134077,7.643020363161809,200619.8185411639,63285213.11969527,0.0003882419742353,5696474.395139538,19.15013843398029,164415628.67332506,58226.15575831574,314767.6975017842,53449.70470343584,9264.032158637769,0.0061393913776848,20491.40350040768,2.802126530830305,174.6638516523524,1469.029373343997,7365.002175403411,0.0032928798050022,35.0963507549617,78383.30433953181,23245080.13803701,85614582.32501704,31622.34446378156,20.39115157006009,18854490.75478665,11909.942276754908,1883468.5484463545,577.0989097648986,308907.0644000754,252574.7121173304,25774.885208534943,6659559.413965869,494652830.8053208,2612422.3681852957,1405885879.754072,0.5033150548946481,0.7860057318750009,23483982.76314866,171710.8287164569,0.8659514597456693,14762.26464674286,22748409.17513073,16922416.39188591,47358.682733712456,64.77901918487623,100087.13631476632,6982.713618235709,4365.283558983965,5402166.707276586,98.59881319268068,221992038.2682964,5395.525464704799,24154.824370689792,5.908287079772034,76895.35734131053,0.0198980773496009,7695.610623704504,6068932.475433441,2772.571393654732,17927372.86700628,4755.663457226941,7458122.555095109,0.0017043475099796,4040950.898968605,10680800.256517088,831504.5674986714,21310143.223563105,158610.47214422934,11941932.460749527,8087.908171970308,186116.60858853947,3067713.2088786736,582596354.6627083,3757.236382542177,46927493.32578821,1516.3387161960932,0.0242153217347836,538916.4054569877,4450.839171149692,14343.543591074122,158074.42533587664,13976.18219227796,410188.9689360377,88.63248711204159,38193.548773717135,282.0340215586416,0.1777809378710078,94173104.57880118,260139.9250892829,228331678.83719,1432452.352625301,8310154.542533337,865.124799823432,0.3081736661208895,9135.716927811867,0.1820806739644499,1622390.408649528,333187.08681376866,1950.316498780623,285309.0543762385,1564177.9273825735,93250549.78475994,1.7124470486535568,1148.3780251210194,75252.35284794882,24.41286108906417,0.7380297792813252,191.0073811060888,5377.391736805108,0.0,0.5694452582564933,661408.8416967809,0.0012588807481961,833093.8005051739,4151.112944835076,0.0075295267693036,4235114.352892932,428572287.420509,906427.756152187,0.0006148873724498,9.304721769294463,28470.877721847668,8494388.748886902,366.68315380534136,0.0010216639478743,909.9315724864248,33502.639932667866,0.0613986470610621,18.860075006493343,150783160.61933818,1099.8737470331994,2331656.987241968,1086187.0621343742,7.965090728833338,57262.31875277916,0.0798580444261852,870.4268345843864,66421540.76397158,11968790044.206491,330.53688723056104,639259.7601982532,1188165.2354789511,44261.6990387136,2.189734869654573,0.2588393994106937,0.008192831220354,25299820.96420244,0.8216160134588355,25062.15321450777,73.23378810068786,2311.5093308389187,65876.42858435801,499.5997816584604,13723060.513585735,117048.03676415088,9.50180682430407,34736.32143986726,16766534.980913876,2700075.2505697533,911953207.5010244,0.2700785854840966,1.52196029433064,696930.5240189228,4.273242762359708,1418744.6507143157,10698.99241070623,9638.968821260269,11069282.88669312,0.0003632808065701,5091852.381497938,0.4204654605830011,0.0200128175085039,2431.0879898269486,368762.0937317041,44220089.75332858,0.0010920584640385,25242.1948056442,10143.311957844346,4688.520497038361,197229746.4203696,0.3901891351258497,5.076081842087682,391097.0784692409,13360550.824321622,69.27680672341982,173129.53658358552,26.87676757579599,29.043656160724854,19672.010212279325,0.3842365985940281,0.003673685420454,0.0680187545816792,415257.70174216223,15.860732694279012,342.33798376943327,4.482278892944604
ETH,0.8049184529976641,996052225.912177,1082602452.4237163,12.800246558239394,5077009.267738876,36416059.7075941,15562.680123362215,27039539.8387115,0.8640745016800218,23836782.91800588,184.26392735954337,391.6770285738044,80474.4127612963,148363.9168346887,73207695.68990906,686847743.9627876,466.138807739836,485235913.8322544,277511147.64269423,2061006280.5742648,6787705.33886982,508729.31364577054,77.19742948043593,9399059.221089292,4476780.127718841,89.15838994188601,0.3692536551677132,3864.017741981599,2824110.155778656,131.9545623806822,51829.82909308141,776121206.1285532,0.4622704226674501,7715191.540934898,35914860903.325806,453016.6473836603,0.1531335364004695,2429.5928420227524,3159.9262761413243,2406058574.830043,683442092.1683974,21927744012.842457,58044697182.99248,10443281454.05621,1.071589284389828,30370.79060425699,2853283.6036923304,377335.0037892614,2938.338846978228,676.9559669652651,16.52125797989912,1.5990963999473042,571274.7607179376,99174.05968464668,81946.81112405431,336353144.56606305,993.9522960599692,6766.15296444069,9202.477225017788,65332907.43924985,1311.8853397485448,17119261.288201675,4228106244.792113,4799544.328420102,231116.9403820309,1086111.817826226,254724293635.589,2631643.9695806424,85.12900127296018,128.97412887492516,152263.24378314867,31.39971192744517,8.868878433325092,11169125517.502838,80952.75850242327,27113302.328911383,822274183.3713528,0.4675071587570834,241035370.80216405,10266059.088016313,2030881727.6291327,27278487.743810143,21.14579541400622,310019.71022320713,431.5402998909324,280014.85678231355,359.8404102095876,251683.1164748372,3.2989983863544725,561.8133264384434,4277765.433651093,174.680041395921,3303055.5368897426,13577158.688089948,40739640062.14947,6580.765371357476,3794.9410511436,2659014840.6053534,522512666.613808,2186.54812310588,910742.8227933496,15067150.013080714,49.21625469097667,14178782.560164085,4551410.639762965,673431454.9354554,5516933156.402875,168068928.38812026,84459026.05418387,4.004627829979318,1453521.5870596175,20872549.79535192,320777003.3126465,745394.3020281376,177684000.77449638,31813207.67470782,11.567706998580272,1.5086546684852546,98906702.10814558,3374.444172364898,1592935.345596318,30.453232768878877,1168688.1356102629,1665075.1685159984,846203.2998597847,276002038.2476874,204180.5310346705,9070.590540986475,1.4460721125312184,3475283.9210133078,331129979.5548713,33621.13807979205,3706399110.1811233,3958432.6122263386,30597802.153363086,313.81669931578585,189988809.83078983,54519277.53994126,54.34355716249503,548561.298469021,59444023.01991038,9093703.56257392,0.0,97.59802261479872,629448292.6189635,0.2111500982434853,9828276479.033596,849.1384520744812,1.2628595520314985,1625.2665966236098,1413757.7271895225,2608207419.517008,0.1033055492726827,1958.0526884146832,169996655.84760684,2246415147.139431,804.3152175318619,0.1672648749454006,5664.805316236428,11466849.019860152,32.660660703264824,2982.9849612631565,3642120.1846076334,5251.2611508069285,3579515.427591402,1664.521989253501,1371.769949277182,171944.16286974214,13.422007176582238,7352033.492930893,10731501.477570005,675988941.0336777,611411522.5783651,2509637207.041252,37921845648.78799,29009862.042166304,3902.926076041516,41.90933519450025,7.477647395681094,84720.48295918039,138.15850218078674,85123659.99236584,77.65524064127243,681.5110660849499,4462407538.150264,2.707249503739747,6914056.808745077,73686485819.23407,21242335.142239552,324852.33280073287,1640322.519908707,463280.1189287403,4965078.714508846,44075.583062198246,183652.19125298632,51334418.550138064,3.500991876948772,8522608155.913333,276549727.1091741,550364059.8815315,229022228.20294777,0.0614770701656475,281170781.09034455,130.49403971132296,3.4354725650493383,10204.652866304054,12838796.85557624,268354539.8569893,0.181207608146873,3183705.879415649,3947426419.268988,7616480837.802501,14088954.656229844,1.4458747458616596,829.4928399523673,75367.38968578314,278390862.97196376,255.6925459496873,238968.63359190823,7.423745366318037,122.15686329195428,199449904.58887064,65.33571333586703,0.6177593195812178,11.55855313460598,1847832503.99444,965597.5821278192,406013969.43262064,8922025.436016317
FIN,14.25724011439388,36625396.58938639,1939.8179962482936,37.488419361639146,3968872.9587739496,30752.18118872592,442.3645320736775,4921223.46365783,0.0210942793244356,790547.7026528134,1.0211165816168506,287.95104354468737,1119.71339843311,47826029.80760848,11532244.497418128,1595.3555943581348,8310272.663437763,101490.89362590616,257186.03183074656,603849.6894379588,36292625.65838307,1250.6296172832583,1248.4635749124632,19236534.84467773,425146315.42833817,1468.555501768784,11.386443166928636,353.2891960960727,112524.68490832404,236.39286718335444,22.66697953505445,424892.3917214521,0.0135779077635067,8.869483740360131,361678.48884684657,542241722.2054156,0.0016033830322328,11740517.890691023,69.59631626004827,699995202.6528139,80380.22251312732,454835.5679076632,127361.93125856709,30260.5749181876,0.0245071777713964,40667.03942249663,22.46406788085219,501.5544881305021,2534.2657267565296,21364.8838257725,0.0132781686472682,43.45322545495728,189539.02158653972,47326464.06340866,205999562.239263,32335.286152750563,1398.8562919126125,54854598.8461255,24367.206890820653,4599277.828726471,1323.7689723060782,652311.5072724132,393894.79305431095,51202.30879170384,19723115.308390096,402004603.4736678,3068277.1765072006,12374769712.683117,2.136456166327161,3.8089320813151386,65124870.14840993,858346.8790747337,4.873389701656657,35855.342074802975,83144791.23094556,41374957.32563096,98619.37402400508,120.5690158659977,184490.02287869388,21245.343915368896,6612.789029468146,12169385.08554703,144.2538106879205,1092833173.3033905,5198.987768451031,46214.171396505495,1.2077908213550597,171573.7615672145,0.0915950646553261,15863.970682236351,12465734.391899956,5470.659658310256,33549490.113447845,7917.061085576711,19632468.64343263,0.463078819719919,17118717.42635447,27763931.69468777,1877182.67282736,125436231.50574684,319790.5369635045,28906703.05983909,7394.287913701262,425344.6716823519,12381646.817683054,2244667143.245282,5732.194984395367,193034893.7054022,8808.495755001708,0.1000632602793728,1968366.703620544,13650.847555275246,23748.635611080317,375201.79119233135,12779.11394968171,1091437.2352736942,365.18436685946017,70705.37838222564,605.8184055097297,0.0001029559238645,173005825.93374604,550409.9316372357,306453488.7638463,3356947.5800032467,22671978.210780345,1656.7033569807909,0.615361393589869,9551.468543682504,0.7151298960821247,3650033.033157158,630781.123111256,5905.669356177318,524112.5515038063,3131741.4000336872,410076689.1123384,13.127414303697885,1856.325010633322,138505.55392806832,79.16477595687525,24.39369408447215,308.9183154744501,8824.706156208149,0.0,2.464356901700422,1273649.0071748346,0.0057170649208782,1210709.9440235388,13229.171013675566,0.0318900540274142,14696784.45303607,2786097094.823655,2189165.921491826,0.0026930206100592,40.192752730504544,58878.05546713591,34343764.32997428,4880.856799905901,0.0036217716304917,2607.1642950542764,71037.45347329423,1.5720096707846736,100.58091975224283,327155710.2402742,4386.894940940307,9492066.8507247,2527287.1851580245,45.749080166335,116733.72494781972,0.2842703795517859,3548.6913444651927,159030181.39936486,56881385160.89368,1565.027726839861,1452204.4817254632,1995244.7411160104,94080.67623168632,14.880104096190792,1.2647219619770158,0.026665096140368,242470491.09929055,3.658395716194712,14847.91920783761,985.5675956896235,5854.98479952295,53594.8384494654,2763.270698133914,26222798.0746079,142468.32443640492,21.25780479786245,84263.44591331936,31192464.203599013,4781636.499881133,6228526527.113531,0.5722656198557852,18.99869280922009,1740949.605483159,70.17452043306312,2231878.4533156287,24769.7492600512,27414.103100130305,43860056.9388111,0.0013488231488973,13413254.597719714,1.8168448795791377,0.0844272454620389,3222.8969510189854,997012.0314082708,107861839.3478966,0.0045170308927423,78023.7238449604,10693.623360444511,7045.901612313925,499578912.355863,2.938819470259232,20.897547190575303,2031579.2301034,41365062.27435519,267.1451862478136,363920.1726480637,38.63285355462415,123.24600307896624,57016.32231931664,1.7451348201341947,0.0153533682294416,0.270403740082151,576360.160477444,16.512735904397825,1039.167349636965,366.544306026345
FJI,0.0113913769279037,32.67204377673707,38.73280247037695,0.0050272752655835,1.7607774924487654,2.1857443740780527,971782.0668133151,1.804256956113789,43894.39309432171,3596202.385621012,12.377689806914328,0.0290190374423142,118578560.1257392,10.979373711985303,8.010025519441452,0.7397756311394641,4.532562333683835,4.284270179062887,9.362527226175583,8.65674601901436,9.501263800229758,0.0324827051245043,0.9980866207500282,4.555240633138275,37.827372493278105,1.232684942190551,0.0051663121977469,15741.7514630265,5170.825473444036,0.0273988802749229,31657.808391221428,2.863551236885506,2.477355177671541,20.267801512916414,18.46242165853512,6427.349473282438,7.484902214877946,5.133620826619223,3477162.6941809626,3255.783563854829,11.519632195639163,14.288039221282164,67.8266087579052,10.436473954787871,23210.567814235317,824.0625015327065,0.0643267361126147,0.239253829611267,410.0231172567021,8.151655122194953,413.1710526495615,0.0221300770471846,0.4468753082828556,10.887899448354464,55.43204538348431,0.3868934193951039,0.0465694022842382,8.9293431220504,2.6808070278818854,118.21287835520044,331.7489747497957,35.99241813560013,2.217545580104113,13.600727952270518,40.63992489873711,11.423268687999109,25.047979684963103,123.20601322805317,242879516.10434303,9808.477957086205,64.25126283987035,0.4059728347646256,3863.012563031234,9.041771581591895,42.4848026605534,6.288129051814392,8.865970243531272,0.000459817430932,8.710075625986665,1.3358079183629203,0.9955087461527397,7.673570287702696,0.0203626617834993,4086.141073932456,5.927478539931557,3.9208125113079206,71.72063252565442,9.753159022410829,0.7795839366690738,6.072325334681727,5.867984894962436,1.6567549463299631,12.398344698020816,281851148.18459785,171.4973977586318,0.8449099326040671,11.449165184255406,64.04090047784534,20.62710888002261,29.145747001700165,0.8143500691143872,26.05064020355545,0.6822777419859438,3.4855258811312053,50910.13708984779,472.1856266287019,17.568205874685425,26.04606209360001,492.9395356904961,5762.92227791927,6139.5939984833,0.8143440058461584,178.85069981957636,0.3826935734443406,3.564567091705936,77.80983378633522,0.0352825857219389,0.0218043213618952,33.85458106662823,12.82308407271158,12.682428579864393,0.3560049529561322,13.862712073611922,22.59511072417194,4.276596802637247,20.74657908729576,0.0224731619216428,128.3229248870169,315.8079648291084,1.725092044850735,40.26714103154973,0.0245102730180448,52.52331671040342,0.8931276121477527,492.4028763615383,85.9212822232644,26.60108138829809,42.6534115146102,0.0061480332176948,0.6500236815257414,3.818944107856302,2135212.5257443176,0.0,37513672.51905071,28.21875262298152,18490.58787406981,31.9966170896523,19.098986952593467,175200.76093006134,5.994322617860142,96.15809259830988,9.457086767496584,1403.581744480878,22054348.261246223,8.13817548591247,45.374401407997546,75.82396459697792,184.85660362701677,22700.078512942386,944938.7928313488,8099.2229833398815,429301662.1255444,53.26286100682787,0.526810215692056,2355.5916052375437,6.753922747942499,2659.541012758099,0.2210055841312135,34015.303291373566,0.5081167666048892,27.45559905742041,9719.900315461584,0.5466829242740181,67.87840461300081,38.718233269801786,9.98015099915495,641.586441037402,3784.214835061565,0.3245220069523622,60.74899075676952,59567286.43645038,2.716709145141597,1.070785416591487,0.0063734544486138,22.0367326828637,0.0389538187418025,9.223761505341551,16.5301124017625,0.0452345591836815,6.836041014994513,6.008084916750766,2.045703774878993,143.34585294979487,0.6412372337883188,0.302152129132664,9.014523420198593,0.0469548942823649,29.096406079503048,2.0435286391558867,1128.769972378744,13.737554184471588,2549.7653641044744,42.36697788733788,912341.1968778232,1806361.2921661967,0.2942628010227178,10.312102485268008,44.945224921182486,9580.521237969864,72.47294971841096,28.22533398052003,6.030032332686852,83.68242981737211,75.65612924642024,9332.638386237602,1109.6797045403064,47.68703154187947,0.0275523881495627,44.936223326675545,0.0101199828045028,0.0231995814163656,7618.686465797339,54828267.45170998,161584.44835501537,802685.6899180487,10.384888486620715,491.8087999070808,25.11866736417776,12.674124472707913
FLK,0.0023860135736839,7.020125774784864,552476.5445389625,0.0018470320812244,0.3696867811482285,0.4819423942961954,17575646.60091179,0.4025834423866694,0.1232883218505848,182762495.8602156,292852.8022286436,0.0066709297087215,752739.5586037962,2.2774168589894157,1.7296705880878065,1185.1681788196474,0.9163465513981564,1122.4141377428962,301.3823015676087,37.91933651990925,2.0267144287533374,0.0069365241045936,0.5284475317504941,0.9464596162834518,7.737962299683384,0.2412549395569401,0.0010222841729287,977678.589697356,8582538.943395734,3.024424846097155,0.1434304901501519,0.5667508290573995,9323.673173487186,282448.1464181348,168.9249013070218,1368.68968719758,0.7429626101147662,1.0778368584394524,2810073.3288492225,410.6221376021074,11693.281101108434,4088.483166812647,54301.586046966586,17257.15907321711,0.0492329506258225,49432.28530832773,209.61368767561817,2.375963383544082,0.8711579238173897,12.766175481838946,3.789532507071812,0.0044616519009625,0.0935022343850349,2.2326687367307247,11.217234677638906,1.0522866458565407,0.0093263482701662,1.7961182212159028,84.36762471986646,25.507918992543168,28757.094365069355,7.948467114316674,0.8985104563860146,58.971406316618825,8.420904333780074,2.336875452892814,4245.180680518611,25.51594029527955,3.604034226619091,42444376.9900028,13.13603256849504,0.0812903165667577,0.0141264022391712,24149.2537252812,8.553481716438291,1.3478066692746695,6778.652307665907,9.233668853214638e-05,4028.393017522183,486.748319116872,1372.7481650490222,1.6125821216738072,0.703224540256099,857.811558939552,1.14955523796903,6507.902462060068,0.0126921344182326,12378.491397143624,14582.53067455208,1.184243065463577,1.2173718478686542,14.22611589369054,2.609482576708664,5903.082484090619,4888.897756028544,0.6249654030466033,2.304424649711499,13.616223675649644,4.375685558050766,5.853923428371892,0.1694862496452462,5.497887087390269,0.1354157305423555,0.7367396888150757,14.204658687312168,99.12533841163764,11768.966710426495,5.630276131768056,4.926571193664389,0.011970162358817,3.535837672252602,0.1713635746702753,3.341447604530546,0.078877991164882,10697.5688322983,17.151951874299968,0.027127205571074,0.0046345387558726,274.65252756372684,156495.67291076016,2.576808189791448,0.072085249859775,2.839825030706523,4.85653678703852,0.8864729721704097,374136.0741737209,0.2045391871679604,25.74401931718137,0.0041402207762792,0.3694497947807245,600.551895815278,0.0052028806651769,436.33659727660137,0.1873169136290826,110.50674234177195,0.0112893118854068,502286.6049938601,45.91785944169256,0.0017677535231008,580.2118096123969,55573.51078483624,73.91909096809347,0.0,206.26945005360744,131.1134614271505,0.4404035244609581,9610.51679262436,1.4158015233521888,0.0150631262678189,1.2060919818213325,19.531841897473,4.066594432735668,0.0003010470521829,159383.74425076487,2.3169246088325,16.1710375464042,0.9797947020741212,0.0024037320248848,182164.17046678872,6.268774716524315,0.0107281511964604,85.34853254707214,10.83728430698066,2.454888416796953,5.752924822334849,1.362869777316768,528690.4184812962,0.0457441663120654,0.536423320446717,0.1083051216968826,5.766767920351578,1996.3595563189976,700.3000396910304,17.90356366084557,8.754467307419679,720.3791993386558,0.013031085645532,4712254.967657842,6551.600326809334,12.175340929845044,5.521939119597562,5587.668771844918,0.210306892629474,0.0013738549277846,4261.141802716224,0.0080176634861501,1.959390751888454,2190.4934823453377,235.4773387442769,11407.805066810064,1.2541600702433868,0.4259999814892836,29.522386988243888,49325.710625086445,15.048157787910656,1.8681647460568032,0.0274522515718746,6.119515869546822,482.31818791181433,89.69955984476331,2.997807930821412,0.000183492407036,8.963146543235517,308.3224468510302,0.0370603280887616,259.6925088000028,2.183281568476124,9.587306729498271,0.000535163013986,0.6487959293800539,41553.9963218887,1922.2987979154216,17.306247995768185,0.0040369281673147,2149228.328438992,233.6647467315264,10.104212424921291,4.057547810552154,32922.76364016138,0.0021001702183909,0.0045758028211491,6.081785732994456,25.141714445318804,0.001807526779884,13.991124678164445,7.401259951984809,3273570.011478436,226730.8477462259,298508.72546404804
FRA,6904.424651637386,153264024.36060885,202061.25484839507,13127.520780125193,591464536.4061092,913917.1594350804,21633.52165111977,75393120.28662673,0.1208623581629286,3615083.854424953,6.097105749714388,65123.65996199212,5716.352758522189,7542471680.279305,139808314.82423306,93537.78029130994,2048286376.890368,15238005.656010551,39203096.02732407,7424812.076410405,1136336418.912197,25627.14812692252,352044.8219979722,1568417153.1176682,3295347700.458603,625284.5445853788,1691.4906049903357,449122.2980959138,68664913.50191097,56740.33564643748,37.42646990935809,2780138.3398606777,0.065332016569755,203.398482646819,30928548.554790884,740159059.3549271,0.0090729981055397,8552064726.993349,451.9750155986082,545850987.6977761,9495417.068055186,36959272.05483707,8033997.941652261,2302488.9091152083,0.1464056017764521,20641041.1691795,1686.402932259182,697668.4509425489,2568189.6563407825,3611258.761775391,0.0772009693210442,10569.691981470209,17597900.01721236,3803725748.2354217,24599310063.19932,1105344.0738661792,70342.55528636972,1357281248.5342636,5120046.036129118,1472177188.845029,1015663.2281053048,38445375.24332759,18011623.637295585,15547712.85156876,4608121298.39923,890118607.9447348,208029020.9363901,5398526791.293282,11.97504928573452,18.152713665924747,42622037532.44026,9591966.621378422,7.932049342856808,3098457.000308277,3848157349.5728087,385401805.7022507,11848192.27168937,11556.982328646816,29312515.50511653,5339143.307990345,707630.2944541695,1032067263.3330468,34856.17379269394,3512790552.1525264,2930155.9222169034,7948445.116011938,15.718629941135456,19579076.71508469,0.4644660587315604,3805321.484250579,1935239545.626452,1821194.607408265,2064424831.2452435,6190.367419781742,140538485.03198373,18.031597104380808,591842600.069365,536153315.6764721,142152117.89515597,599141169.2267406,12414370.013274984,16487753806.050358,875179.8243729017,16502383.355656069,9453091.423137655,3165541684.1879616,366621.46136740537,215414474.6987703,39667.24508716994,0.5631487210929597,1481575.3257576355,892935.4883353125,431634.6837597954,17931927.818295613,2453516.077352683,227744371.26477647,68912.66451915777,38224050.54778181,55428.5327628844,7.247348697521694,1339457054.7195828,240781634.73186025,1342462582.380595,382678532.40693945,261494690.6975719,144722.47742723368,104.9621770128372,6973740.5217284905,1.651511310019343,263233238.7020277,170114817.3391443,1369425.3934703767,9496187.914688956,418074853.34663546,279124942.1839678,5.570397229977055,137701.3522674098,102553865.05204962,9121.431126925036,46.93417965203663,28479.645437427826,11336.516390364042,0.0,13.446561419257575,144234170.16060308,0.029851406782221,169494505.49959856,6727953.034821081,0.1776972561819292,1663959524.412824,6316904528.094169,11938297.17905566,0.0143502508892039,214.7906025192537,1645953.5300485247,62248397.65852382,2446341.7925713933,0.0236450235762348,3329301.005080926,83096.57675678677,0.8411068450416538,426.630942893371,9240962851.213549,1153382.1735631807,7330230.981781512,232697186.43135375,76066.29595540694,4044307.980313788,1.8803244933498464,297432.5835111405,3679244844.867491,49109236376.713776,90724.91502946457,72861879.39031684,157004347.1946431,33855720.078551434,9.466848828893076,5.969652497671488,0.1913472323348579,247105162.5810321,29.050469189185392,4091841.6878194665,469112.35400397447,2550900.468811244,1546954.8423685844,52970.79823326087,1486707881.74838,9395763.75346015,7506.550678100413,12727712.442061547,1511079406.225603,1192511186.4777398,7930714494.560308,6.283658759705283,729.031858917712,113587407.7175536,58284.677131675046,254554737.76768348,4194104.327629245,674651.3173838956,95030734.6181481,0.0086028759046284,115524793.51826884,10.098034668628127,0.4774721481918568,710192.2058900009,438676464.18429726,2812181387.357852,0.0255283730174555,150019.94071261332,784122.0758873394,490048.6023083802,5409416068.319837,0.4656364488986049,117.9681227109064,23185680.969222363,168382669.6631038,49110.16644624576,75516807.14679326,29494.3042102592,52360.20015762729,459503.519008742,9.11100973089167,0.0871504946878639,1.6139319688228824,24675128.66773357,392.1356969730234,103472.89623499286,778.1458955015407
FRO,14.978478914126754,64443.89607930936,758.969620319156,8.24921953305602,69579.25889587402,519.6011365975191,3.569401927243057,14088.245245444588,0.0002088085917861,4875.61749447611,0.0105818252753864,22.584304517658893,9.187906653547536,1430706.040958643,56415.3836259353,26.666859674589237,446233.3361740112,321.8426005791281,709.1962149444896,1164.566935616033,261552.3283109404,1.577905603660355,255.7874779697962,292889.7640593648,1915799.32895124,537.2802264281559,6.4955466799438,168.40963485272812,41006.14975127266,34.85714748501778,0.0119022378009958,4182.307930156162,0.0001136762359692,0.360207670591592,1351.0497727899242,5324848.865695717,1.571655141674455e-05,754043.651393652,0.7516412995786399,711337.9839514721,730.2678770080529,3656.401974933136,6014.066937554479,1854.4390447657704,0.0002730365774432,9734.0261712467,0.0011241249259796,84.62586170504801,1667.9626822616392,2055.611265359767,0.0001368144176012,6.556346330931547,5273.115403980017,1040183.0576937116,6262647.558713421,155.96111580059846,79.49361387174577,1078673.9000473544,2949.2487849290824,385539.67698543257,4117.285005851479,19041.576074592296,692.8303351734427,4225.718560682202,1494164.5145104122,1004374.5367196798,5024.064872954201,8281487.426618457,0.0209480977061899,0.0306066610463418,4195361.251493588,1190149.7589950562,0.0011571971064887,3527.199384565091,8396834.271314714,155724.62066140014,251.07335271549377,7.948173493146896,1960.46013413224,333.55679986411326,114.30119708362514,239590.4269449408,41.75039134733379,32201459.568431787,1387.431426653544,2559.604920091975,0.0010250709474242,7175.714265725294,0.000802780737068,1686.8022909438346,215684.18055260368,572.55156458483,396182.08295844,3.2291644871460883,16090.595831285002,0.0485808318087306,1122020.179167017,159191.23932157425,49974.62796271424,15456322.893667337,8973.602046073414,1126819.970356757,490.3372991972065,11469.222357053575,31135.171326499887,5118823.053007728,541.6713330482385,138175.85783576424,0.2395347169358661,0.0009885465949723,3573.3649026659928,191.59342218132224,0.2718329252231388,9911.944731593132,298.926511137636,60338.24583955133,21.75450461916625,4787.911574602127,0.0687413870143274,0.0103647534472059,1153745.335566759,34355.803964316845,1231135.5143537614,182087.92867824336,101214.41521683894,84.99100500634692,0.0002142339898484,4455.4809855390895,0.0003416743138351,51080.68433390185,4001.930308549349,537.4856368303299,703.8908986462582,50257.982990920544,414915.04595674615,0.0151373446982709,0.5196403269969423,6257.096507318057,5.0393312983214855,0.0014135577854581,0.0697524899198809,0.7196465228357525,0.0,0.0243066952698103,3162.3103734078,5.254611278360244e-05,3246.924154808028,3102.8196936992417,0.0003049741021641,610917.146155119,40262600.40149665,4886.761516540096,2.625411514145526e-05,0.3518687359268926,529.7996197514062,26836.54107472388,1516.7573063230843,3.940785725653484e-05,4848.575127088577,505.87229956819806,0.0009039459879662,0.747323432031674,4233752.810321093,587.947953577037,29249.375371956317,203781.23532447263,0.3453588378541563,3021.703218339011,0.003254193397937,134.24823941317914,964825.114065927,86255289.63049209,54.07161528216395,13020.394483001352,4292.002242659184,1237.7886434085667,0.0010605388658149,0.0097359506620469,0.0003282521506662,2378126.7705793483,0.0345409550428739,701.8737875920825,87.27432448309501,284.21008586883545,219.27959117674084,131.93929906189442,355203.32667544484,580.1513563449937,0.6133293709215248,5806.050128852925,419896.241707325,81588.6667791605,15719089.403978646,0.010702657237573,0.8267471959910879,43697.64445204288,37.71974551177118,5326.007645822689,127.41204115426564,0.6435038875682526,42967.82223331451,1.5250888994344791e-05,78312.54739232003,0.018980112844062,0.0008503538974116,364.5067698776256,80586.86706460292,1003693.4978775572,4.408516491949399e-05,405.8576571784153,176.95583897795476,131.71267329266556,2942386.98997598,0.0003275187396152,0.2001751423746228,139797.00120239926,170051.06151022887,41.86933969939128,31201.995466089505,7.085023300722241,19.28992934175767,39.56690832948427,0.0161160315649731,0.0001526330357686,0.0028859576456738,988.993141051846,0.6786738717059944,0.4940229827675764,0.2294813708721381
FSM,0.0003732655243311,1.0929584845396323,1.2998008914666932,0.0001670877062901,0.058281808417441,0.0736194277045206,14.682151216961891,0.061129133430973,47.65179286705738,10701.543815086132,0.0204039977936318,0.0009391479956179,175666.68612227167,0.3612736086437362,0.2680167592519439,0.0245827063420783,0.1493170723532486,0.1392650593090678,0.3017099428872904,341.1766995418863,0.3152423080757374,0.0011290090668035,0.0322451306367138,0.1508666756503134,1.2381440416331786,0.0400918190577375,0.0001698365192483,1.873738011314452,11.62420422890052,0.0009075209394735,109391.53760481252,5.341249556818598,0.0002157978082317,0.675890654602459,0.5943767225685275,45514.52156106291,2.9977446733053803e-05,0.1701761596811053,8.852207278149125,1591158.1821670649,0.3723188323255419,0.4585186627127414,2.232626230317103,0.3397053579686708,3.7543667107523566,2.1144381607893505,0.0021295599803469,0.0077264307992359,0.0858579929668641,0.2650076738194936,0.0382376697468256,0.0007245398532125,0.0148916348540555,0.3568650129103003,1.8150518484919211,0.0127307223223727,0.001467804556459,0.2932488704183834,0.0872223388323722,3.885455793993854,0.6123012359188731,1.2179015370442663,0.0723772958008128,0.4536979120070392,1.336794852416883,0.3735723298197557,61.63655270594956,4.0534211959983,27186.897347034246,1.351433635016896,2.1139558566418173,0.0133392621779719,187373.7742483521,0.2941919670945167,1.3865642077004197,0.2094221888534154,0.2857618524129526,1.450542567432711e-05,0.2819975974340017,0.0430745221236042,0.0320648520206711,0.2534690047041397,0.0006668327218309,308.4649873348797,0.1919192427755607,0.1292059418105635,24433.916494306643,0.3193830368769709,0.0015311452112413,0.1953870813545055,0.1936421914879304,0.0544730145811437,0.4098187150590426,18355465.647120744,3164.3198068205397,0.000314723423291,0.3751181556481648,2.1377511567798497,0.6856665850302338,0.9505120276444904,0.0269691672104509,0.8623557659614791,0.0221300953984655,0.1162035641233929,886379.5000795881,15.574942305178054,1.5413542975761652,0.8706705670627104,173945.80892747326,545.02598753265,130178.0439055354,0.0269084174529964,76907.67622338727,0.0125561026951972,0.1153040145527,2.6146458356095303,0.0011567053687757,0.0007254271970585,3351.2232613004385,0.0239500076466692,0.4187087185824677,0.0116903209963926,0.4556615162788704,0.8910273405260787,0.1405973525097283,0.6855959194440326,1.7660778301405449,115.8097318887393,2667.0307200756224,0.0575084447256579,1.314166454666606,0.0008061970468342,22399.303032065694,0.0296069582188718,1162.1544361985184,14092.40865586826,0.8823188596607786,1.4180845021423338,0.0001991672996526,0.0027844347574689,0.1281741979753617,4440935.443080907,0.0,5650.770536357866,0.9285072840540928,1.2153430051720375,1.037660926003936,0.2302745271676023,156.92731022322073,0.1958319282196251,3.1478667614318416,0.5631419123309906,108.19807309057796,3493.8751039437484,0.2599933482737324,1.500047620770908,0.1342650244759098,0.0018727252633439,2.7335727601906,10005249.111171553,73250.31363726116,6572461.687776103,1.740399549552555,0.017088405625296,141903.24316599264,0.2215041216584119,0.657519662880169,0.0073004592185099,4.192734362119472,0.0172657587859554,0.9061537392778848,370024.2334707827,0.0180302854982457,2.2630564094469525,1.2714063576823376,0.3253583562966337,2521.729540410772,0.0295601605361253,0.0006413878074952,1.979649636083393,363330.4280679793,0.0877850481314239,0.0345664592562376,0.0002112042237492,8.596384382897801,0.0012937090654627,0.3049366543408925,0.5502255361875991,0.0014762727927723,0.2239037076965487,0.1983227918359766,0.0675333701828497,4.717303067444938,0.020754589145054,0.0012592158992717,0.2982495503481858,0.0015312641231597,0.9492428799312468,0.0659610482627529,220250.91364275984,0.4630499849727749,16.74657332668744,1.4069983622788844,3989.463213931964,326.9688535710853,0.0096340717792795,0.3381768201482873,1.4916412091369575,241.4826406735665,144989.09401401196,0.9331513280219405,0.196175161423903,2.7561522516863373,66.1793355446269,0.3885606365507971,14411.112964502692,1.585241542158472,0.0008984285131427,1.4643051785302703,0.0003302927984022,0.0007622161522782,322977.0093872552,23338.54975094341,232.6813978660002,1304.9492840195742,0.3241339730125818,1.32960858946692,0.8432967132056535,0.4226587026832832
GAB,645.3795013510891,225115.43816051577,2071634385.295194,196.61435355548196,645904.5561340523,207.22795606407504,451491.5301994251,4194.034088182384,0.2651164162219184,6741688.534480143,45.61849190452933,682.0622053801611,11830.411462852282,22053.51798901357,13391.52167715466,325401.03266062704,96.21017148431405,773182346.3678973,413718180.5490012,615.4531950612625,984845.4055255298,58.17169638476139,1118.9016419264412,733186.5890723466,309364.73716916546,5569.747187930865,0.1101816984444619,2494156.0646991306,489464653.5667787,10078.795222753022,15.243629485199158,59.844068069993895,0.1398503463584361,18177057.866792127,9046589006.427448,136124.94919922258,0.0197853290504319,127685.72895105924,958.0136010164472,41256.136181636495,2825873286.790882,21749629230.540672,19502617740.49384,30662392114.56288,0.3319929431406563,9510684.21849702,330392.3461058688,244928.46234433827,61286.27452240976,11584.257517848073,0.1705504680986251,3.9550548187818384,71388.94904731138,35321.39980942063,151185.12062634254,90662.88208497092,611.9077092437446,312.3884438818508,29156.147597911004,15258822.145933792,659436.2492407778,933519.0225435628,2812293.7049587662,2208348.671342353,1864980.078513344,77927.35744310966,31522056.212836884,20060.162382094084,26.348605613921382,38.51802995187666,1616178.962502357,8.530258118836635,1.4884498158632904,66792999070.72759,954.88364647165,6486.639223894209,2339784488.536834,15.904498793629088,981994144.7235264,27068105.58065102,7211401481.489789,4375941.494538437,4442.126866452361,86135.19664532662,10585.28477932816,25443285.393736698,1.3573362410522816,27700288.307684906,1.0048295207978484,114493.3341514928,656788.0095328877,3513.95034395235,128126.79716080338,4038.487908511449,1008050.8871216702,0.0593173555398269,260.7596655638598,1151349.4398712064,409658.16974578286,613.399711432457,40704.13101646512,3053228.701920978,1508.155220362885,161763.94024245878,1487.1564280224236,33631.36135150268,526928.1889561071,551.968031185484,313.0174173240332,1.21817757634376,365.2345139169594,4830.354864581362,528.1263715435288,14277.063930689006,1299845175.1522322,19887130.44680225,1861.144667819506,39.608770499651534,1082.409398068291,11906.137169457896,4272.735172117132,7.693464783249968,26703.988858622928,2028323.3830047632,109789.11329971686,10198230.044780614,0.2631328063733043,43041.82961920373,0.4346053503759979,301953.9493334512,393547176.20024747,5334.118086649871,12707.747289172728,456285.01090363786,10261.616277791803,1.2098879279941086,47255521.43716031,20737656.33579366,145.21774434195538,75216.02086507465,57181901.37129828,775.3499913752659,0.0,29.971776595395813,135830057.69545427,0.0652755156299456,10699277287.00822,118490.43274338209,0.3894020346831297,126.56612819975555,2195.904975004525,116713.58204460327,0.0312559747331953,451.0697928535304,5096.350031734774,9889.038039213954,131057.10036285846,0.0504936588014494,2688795.2666903622,669.4534096637492,1.1290118487332623,920.5816996580388,57505.10078621141,8569.595509055815,584.486974101351,41045.005628154,158679.05438453378,9647.47010598456,4.095130280892852,412.0586272225164,1728262.045659709,2154842.948482976,41903.62064610405,709319.2144362946,429594126.7525953,41342047.74072565,1.356451638804434,12.520449874576052,848.7033303851587,1269.7649868574006,42.66137580102245,519686095.1516564,1176.7844572690242,53.1650488141937,74045.4595260365,0.8272531851039702,851997.217009276,666869782.059355,128980503.08829331,29969796.80042832,70365.77342212612,97600.94430727526,171019.0153796673,52864.797818692976,102.15522189761444,263175.62634442386,9.789812677796675,1103705866.3710337,571146549.2184476,1056.754129123613,453.6783035472328,0.0190446136212374,41788.039522382416,23.110258254266466,1.056860641260613,106153.94835509076,2291879.871690177,4329400.968631451,0.0555528777315399,70.14068292638646,116963041.05886996,2401879.9415611043,1193679.1523879194,0.428322176358401,12781.23755373329,88742.14738073663,57211.28119141586,3848.291918546755,31004901.57977017,376.2913409133053,541.1000602082739,593.8896158439968,20.131793982897317,0.1899855444550484,3.5902686223451443,468590.15325901366,2458649.247716277,800580795.7826183,11648829.943966048
GBR,1873.2105686490831,17529354.81745812,11028.506855104446,2926.6763864195027,30130790.809131317,75206.18320658154,1513.0736888884958,7381162.8235830255,0.0345954306167809,1008482.4534944658,1.7398051151897496,19131.43219453333,1622.5669999021788,539933406.6116041,16981019.124577798,4141.76067843171,345521895.8275999,363637.6720862608,1200556.500733205,317054.71418656275,96778608.7708022,1789.114934992758,141640.21195656195,107945906.80640368,836512338.6936103,482312.2617168992,987.1003991029831,58195.36815331607,11596023.689352425,23017.78328595949,27.17434678149909,116379.30364341669,0.0185853075009179,53.62864779763771,1162481.850067051,738391721.7877476,0.0025900966513123,346267581.9172132,127.9479635130648,210914801.7721569,519994.7268668495,1507955.928601808,645560.3945069872,192244.9613227864,0.0420277015981708,4952563.886587612,192.6373427700551,25276.21967059968,810981.0943884696,2129248.958150075,0.0221281528050862,5406.963780947424,1270021.8084172816,393210408.1436439,3138058248.5682216,68887.32608417454,28539.223015891395,648169021.0379971,2297756.6094698347,110878899.14603291,297844.4972092841,3085891.125270621,750976.0985351119,1141244.6677298716,551642566.680644,341084853.0228163,9072701.192164116,2642851475.740095,3.413179846189234,5.172125421054844,2145478416.8118289,16203650.432989543,0.618525699519366,286084.1850013401,7292117442.843012,63688276.09781553,400121.252671011,2117.5063868979923,1907818.0000111049,319790.1216049951,57145.87303320227,69594595.1859056,16669.502152265508,3594083929.7047205,2182322.631939856,2126608.0827323683,2.154198888775352,6162505.0583727695,0.1321413943735377,2183103.131789991,96515151.65493366,627347.9290023447,172216243.9684739,5710.1262766867785,9724539.442120995,0.2399989450861418,620965817.4785099,47397199.40022137,10197950.28735266,838688224.3174726,1145515.1339775312,536037067.9497778,228415.5164085108,1532997.8465032843,4457720.100573683,1191822918.5358613,26488.95472430332,62984369.40870147,12185.15857222853,0.160956727170616,732984.5370834434,63245.1141706752,22463.443738100646,1544256.3282438228,162421.9110445963,15514030.35639466,25105.11899855263,1979254.4247345796,7449.696207443729,1.8510806425543485,432278390.9349067,20467633.551795065,461518641.6527956,67288416.73407847,35119996.485358715,20722.29410832401,1.945984224000936,4604104.811151579,0.1427594395944063,17324346.284135345,5345413.257260731,103134.76531859487,300006.3201410547,20588581.706580818,121130770.07700916,3.7422507095104858,9818.285932803576,3466651.4274235778,3193.49145298863,155.71452095223526,687.6096284182713,2298.782887654093,0.0,3.855116321715187,5861162.5988705,0.0085166719852836,4483072.354159748,2260341.7543313536,0.0506485050609608,558175118.6402775,5730483775.057675,713013.6225415787,0.0041027816208711,61.071557245799504,217648.14439670867,10133499.579557829,758901.7667516766,0.0067378215930509,713564.1546552398,32036.9106515295,0.6165119759538351,123.89437254395384,1736766458.8171546,335373.71332305647,2675519.551174511,50897500.594386645,2721.5449196952413,392534.0363622883,0.5363059243814035,23673.690540291245,393139327.50992185,20487390617.739265,9828.077567097356,5564968.79967683,6188727.7101078015,1150268.0081761335,3.4700111418148065,1.69962361956419,0.0545198273053414,220213427.15588596,5.535662988133836,286488.4033177433,338649.92024068395,84353.65897341818,153915.34599238716,41014.538872474426,128637791.19221231,447731.1329960283,298.66819764611665,3665453.867162431,162443178.57561517,47267520.76117176,4691969455.838412,1.793024898025081,103.15022741106225,9684244.95623833,11050.436341184846,9616186.588570274,118408.16290457052,52351.89843138038,17054904.54060983,0.0024602581546498,18589239.158163548,2.9007989797514018,0.1364296751975719,240082.5337845701,24828600.990195733,283187430.6394148,0.0072975251892392,57522.478895081615,51599.701559306544,38530.051280521584,1013009958.1968333,0.502221663322283,33.57158961046887,18721552.327812582,37356575.20687195,24954.04369551973,22936949.61813473,4997.657876579171,12988.258579916066,63292.60632066469,2.6037226437294683,0.0248451961713828,0.4615956833841554,1595186.6150743517,111.16809384344936,6331.737905700758,131.28832989622364
GEO,0.0152693870135915,219707701.72898105,1837.3473108763212,0.0155173669422195,4150694.984726709,153785.4229252356,299.8806446680755,321241402.3758496,0.0157761732062649,486119.541058104,0.7992745861438988,0.0740703937568001,1808.1290809356565,13290545.034440195,973687469.7691476,9100.194554399925,1078793.3804246678,295330.0802165719,646992.2011930717,6115007.606687406,76847198.8035424,1145.6416292473878,5.669171630554445,9394818.03118703,228927122.85536543,202.00121818995348,0.0068756423203642,66.69287286651937,49465.50758241445,2.9722920438812825,38.9670621737266,3045725.380077864,0.0085327391635606,23.61368357098377,1107019.2496220549,15359133.225759173,0.0011730314431429,2210684.4635273186,59.11060117336338,1298851522.0038226,163343.71587428253,1161230.3472668706,338043.1148920042,17211.82907482313,0.0188718028431087,1559.7880640287497,238.45109565096047,1515.846388240834,19.258026223986505,10.903536163082428,2.258819060380757,0.0297284639801705,565717.0304471672,12869680.558396416,30597235.541441582,135515.0109755801,2.7237577984347925,7232788.799326113,3.9137351184136446,1510479.663279016,24.01765449500822,877034.8166751123,1262117.655316831,6133.256369041167,1763846.3122218458,29958097.88251292,17747840.362271048,134319409.4456027,1.5459914358021072,2.3839703588147074,8935775.024407985,75735.88418063588,28.745203689541587,9900.759699466897,7414004.621849129,2838361404.4733534,315679.87708343635,13.82247295257898,296796.1951854403,30965.29763182365,2946.0741180989708,44439393.41076357,2.441700342107259,39893010.24275915,12393.338884857108,3812.2280110691486,54.73291872643891,12221.21099937696,0.0604111258948659,2065.12708487743,7799268.941635707,2.216271196021376,21147075.90966525,49455.52457231216,166520170.37928426,11.900951828465278,1089899.57919372,499334626.173075,9659422.108667385,3395309.1729639745,445207.12762078736,14540134.956893072,0.9273125080467132,620837.5127851379,15488414.298926208,4690122237.28896,167946.50190018688,650822509.5746729,60458.31781105906,0.0789413487340853,3381074.212073974,43087.02660965291,165896.55752674973,585762.14924748,22560.21087319629,1263300.0154641073,22.89451995028764,10817.958213373244,21302.24699829309,0.9405277341924838,45595876.755104885,58222.67970744236,47706465.8636816,392861.4912666736,30079265.293170866,24733.235211308613,110.67974019325746,191.19687369425324,0.296535298341928,6944545.119995129,1216775.7464783683,1312.8040046708056,4652304.329470546,2468882.485336269,530111653.9746448,34.9051703875565,87671.56021196787,212670.95216957183,0.0152492184051062,1.0292368676994783,2916.666838022663,28529.190894570293,0.0,1.7428803693808634,1873477.927104002,0.0038595193794051,3731506.870692487,61.47899881513292,0.0229227476338853,1622200.3039363355,71743162.30942002,17909107.2145745,0.0018750304893185,28.301951417147897,499758.3417182986,175343946.87436807,9.318046437874663,0.003116017700924,99.68329519593397,169905.53203313018,319.362193369453,113.88019475426115,96321329.9247382,1.7745326616548431,10819265.836691605,55651.90289644447,24.47083377765798,169733.69042983177,0.24512625090764,24165.36381941983,156043207.29238963,20827485067.949284,16755.450497927937,3675957.8877532384,6908931.689584323,101074.13993343248,5.388908399820312,0.7863908093404106,0.0250360493716958,7703341.019529957,2.5176623252122305,47774.771652766416,1.4959345810327065,2662.5264431502947,223279.67850544208,6.44935416438767,24066128.634265237,376873.5680141803,2.17909164557192,11387.984003974354,13802094.581113344,2602749.2397371167,141596301.06202736,0.8243545047202862,124.9631958146393,6024848.901124831,0.0634738740789462,8945354.298102735,88818.75320036575,261328.042782754,243309917.09450155,0.0011066550296082,280881234.5416308,3.0874743724524665,0.0618622453417421,2.0051068710466677,545961.1890779446,1076737983.6093402,0.0033423830285518,175669.0069523065,265383.1456964154,84895.37774067881,1078042258.7562585,2.594809730982944,15.366202878305645,160026.70284780362,451716500.4955038,2.521664254016172,37184.09069122748,0.0152241931379829,0.0463478883414457,417055.2758753506,1.180434454607059,0.0112324420408947,0.2082101405819217,3436916.7569779875,50.96090041995621,4882.8843826281845,503.5639749255224
GHA,37949.24241350591,25964842.249666173,27117.661164116165,23460.21997266286,44208550.91428334,322456.9099833281,2286231.695840157,8010311.965464094,0.1909462786005353,5165137.431086062,9.595607867584306,164019.51182463733,8655.77688352555,29417075.942215964,12884157.328365292,851.0612766051622,1057503.003581856,6802279676.417752,11458265028.519016,233292.93080504096,65137012.55581175,3406.6044343769786,854581.2610639367,65762826.26651415,35099089.08364801,3647063.944850181,1743.039988770854,60182610.97683011,4691001123.5390005,347709.25007309765,11.326680379880427,235425.9384370208,0.1019355340991126,302.49016279421426,97917577.17226627,4226809.189973718,0.0144030426539352,16045822.36673444,695.3400496600858,4677535.058999253,22635645801.59564,417211469.3280904,5084303.636958923,2764401.6253285706,0.2365287872812594,360718593.0468376,0.9767978378932308,10614453.41880653,18094246.568355743,9384600.049391871,0.1225985853074291,25213.98817687425,2317630.6556199235,18269672.891414955,36195017.74798583,8642.418240294703,315027.1409992662,1474096.9291056811,9424058.946088342,1048678830.93344,16131298.125284016,19737903.03795787,731394.0711099571,180070037.82408243,145000090.2300234,3667411.762381388,6427484.8619191125,10115635.801637122,18.852547372841546,28.338557636185907,137988405.09692833,37183.709219008575,1.0919362545292346,8073817.889970609,3810753.77588825,23144763.8566887,25202479370.34823,924.4573188598732,15311371823.263374,744379393.9446039,4580274.3207205925,142590878.0693193,340623.56111964444,3759688.91650158,14720172.174751569,357948661.99899226,1.0084507126713338,512462699.10866857,0.729351358010538,19616166.499292783,52629608.138268605,2806979.765352236,30886560.90682181,2932.75394652079,4840927.16782414,0.0437170829555146,630747.4854808367,195494817.5435642,38118621.43388505,538881.2807667246,2243487.9370560045,298324319.1403086,1698335.847133763,10761391.854145125,1934.9019406753769,47835809.46791264,134860.2476517241,4336199.66532633,231.9594075775233,0.8812843938713927,264.01105773661976,378869.3079722292,59772.23801681989,2798029.2856158954,6438056328.154245,313995217.348536,290768.60456439666,85813.5113419567,1684.3263642240263,11.092035984746012,8938640.80889903,312682.7901906747,5834921.562764996,194002541.535776,6663018.780738009,1285.482713419192,7.648679454148681,40492890.86557328,0.3183954308568408,19078391.057363886,12192610581.941444,350684.32184015494,809193.904376209,31759560.04522198,237914.14327264015,0.8975116750809742,34966.07422530206,1536843233.2159348,29902.908167659305,1.3227903994487265,5838.687815256467,571.5314722869591,0.0,21.44793838842285,3026521603.6703343,0.0465830916759699,11226464417.482355,35376503.31623142,0.278652509719393,1070059.6535914703,9947682.537609696,360986.7859471217,0.0226414689918854,329.25993648282895,417839.0681430156,8331189.683994323,17060369.755179565,0.0368974003056238,75087814.9028716,526.4163420882247,0.836386476619615,658.1235632660996,35966906.429872066,3258849.3580230945,420.604659966321,6636888.303138793,3181975.312379044,718680.8706576341,2.953059207126865,135086.19865807306,93813283.0194198,344497600.0563744,9296.66776647102,26350871.720944878,24183240.97111935,1984723195.501428,0.9919721045315396,9.211719644662992,29.719696538269343,284664.0993258261,30.495297751104754,5165798660.07736,1999792.8464363504,44430.038434242015,19644.95710682372,15374.871317947893,51202860.07150653,10183010.29869877,136199.74882430298,459739889.28379416,17100182.061688945,15985574.660256129,19140001.453527305,9.791761777682002,12.788237535753549,17892544.37245618,68054.44574967606,380259129.561764,5447075713.264246,10025.3219745411,4902034.3545583375,0.0135555919465919,19904121.46200224,16.380632125883764,0.7581877807977068,6697880.080080143,142987207.40407324,368631303.2353215,0.0400205950982075,490.4197252962397,373155.6620143298,116996.27933586568,98781448.76428466,0.3168598203735029,46280.75939944932,28066175.152581025,13560043.954143437,325245.0352973626,1000542571.7826552,55656.20066191035,115508.53433199727,171705.3444995834,14.42481754395022,0.1360348689331297,2.5591368071427567,619976.6109604103,620.4303581595207,9437.362636648044,193.101155474488
GIB,1.1667091846466064,4748.089769439237,1.199847989330611,0.6518597714602947,17520.111044883728,20.428332958050305,3.576064225478224,1595.0157237946987,1.8631166334159843e-06,45.30055960710442,8.819619122091282e-05,6.822924531064928,0.0804960074614036,37775.39613080025,3305.4540406242013,0.0025589399612968,4155.316490650177,328.9163958460558,858.0170683761826,105.73304794019036,18210.31202326715,0.3139451339229708,55.595337173261214,28432.914179325104,26913.24251100421,86.27990050258813,0.090911982464604,368.5271564913239,14316.461088021102,8.319106936454773,0.0001024390754764,60.54247303131959,9.383533097206964e-07,0.0030023838129604,528.7765634309872,2589.8926099149285,1.297340475048259e-07,25672.277234077454,0.00649583302339,4856.62391027101,299.3275421255676,1354.3366086429123,692.9119219703912,103.01351152533096,2.261824801452761e-06,6629.315773051136,9.357423829570166e-06,35.360129134729505,529.2537575176211,322.6995094468002,1.129350152950792e-06,0.4482224541716277,672.1819097995758,12997.849922300782,54798.501486796886,10.844720123815932,7.296905517578125,2905.761230324395,495.9961257325485,178120.223305058,478.3643971341933,1575.1945617644233,234.16682277618384,1144.7903923988342,254614.01026223967,2718.104738906026,3012.5796465734493,13959.288700066509,0.0001788987076114,0.0002603709869379,167873.6147609502,127.17902541160583,1.0300874444535424e-05,310.88745155035986,16598.825957454275,6818.227727749792,352.1891740127976,18.399755477905277,1215.3048789771274,274.2858438193798,43.20159053420255,29390.243188139983,5.213673114776611,26584.349327463096,238.11685413043983,1320.2965635042638,9.23192415136498e-06,2735.6425742087886,6.631233333109776e-06,300.4681357192603,30202.605231978,229.82933709025383,23741.34143911316,0.0274155352030696,2454.702730162041,0.00010846514173,3913.378344468773,16781.00218698685,5475.289027460472,4507.368346777395,489.7734329998493,183334.69532867332,89.30993513017893,395.2862863823521,5.645575638075698,40300.32973028891,9.947070681808365,2207.5373210016896,0.0021043799536988,8.263094302130014e-06,3.107935967521211,83.91807976504788,0.0024017141190713,919.5326919555664,190.10528503497332,8856.766668357566,4.948555186390877,82.63380491733551,1.3697460865885986,0.0001047255660608,5685.176938533783,385.5019357800484,4619.170822346641,71720.18729737401,3757.834169998765,0.1958681775078599,1.5782821095391975e-05,1575.155990940994,2.915503950706721e-06,5381.578735262156,4671.529708306021,60.42420530319214,314.1129195263723,11677.104393959044,2087.546708441368,8.177559998934214e-06,0.0039075865119748,4758.231648585324,1.1302286386489868,1.2062710644134e-05,0.0005702423600964,0.0052568161867752,0.0,0.0002050419316006,2211.941450407263,4.33747828765263e-07,2825.934451611116,634.0542984211352,2.517443135729991e-06,3702.741079330444,23923.246101325374,192.34022738916968,2.1671756655905486e-07,0.0030727173019908,35.78876508423332,1604.9057764528548,424.1322868331336,3.515758533190194e-07,1261.1817626637433,5.872148752836456,7.496679089058489e-06,0.0063070721197133,43667.438463538885,75.86202924139798,12.138280263905088,27231.534440165386,18.84710411257404,158.38171054795384,2.7928239724528403e-05,8.109790980815887,46797.98747865722,333796.88497724134,3.1737069326355254,2305.9425540849115,1937.76435814433,1791.6487537138164,9.352082635416537e-06,8.652054973268264e-05,2.8062608166123937e-06,997.5251867661228,0.0002910042944059,166.24136380455457,11.714735361747444,22.227174758911133,12.821976319011783,0.0376392971897985,23875.9787953496,157.0910458112429,0.160383173264563,1876.7108485624196,13781.838626861572,15385.90449810028,19614.220136987045,9.062167205797778e-05,0.0019322376040422,3911.586785331368,6.836219988763332,3058.5689647513955,159.05375303514302,0.0056144018387902,1734.4972526271542,1.2528707848957765e-07,3885.448213468771,0.0001577042848239,7.366522201124326e-06,100.2005248516798,18176.74694936629,82650.61288874222,3.88722194877289e-07,0.9193324614760848,41.66580332786704,40.04563809197954,68066.69201764092,2.932159119950484e-06,0.0017122113172413,696.5505456600972,4628.610731191468,6.231218796223402,9230.770763829234,3.079455329105258,4.334612652659416,0.0683116575372111,0.0001375377168129,1.253660829817621e-06,2.3623655550863987e-05,472.38927660940055,0.0058372312913461,0.0037630961808723,0.0018707375215631
GIN,149347.03480362892,14488239.609989306,48302.78336390355,66778.61052915547,28207405.094065376,152885.9369657823,15894599.368055947,3809173.149474885,0.166373477962952,4512484.882905752,8.408715048504645,460192.809134491,7599.32664006263,20689413.87416147,6768153.534774344,750.4167526191,1080050.1872405345,165464618.14301747,2526701339.209679,191590.1365439664,38700838.7195069,6225.5829785057895,2714269.071242768,45494494.12975595,22393331.31641747,16464706.605985478,5550.571287012349,227974626.4982737,12573011107.544132,902802.7290184498,9.960715782514342,38061.60499377667,0.0895090036712531,262.31500431315044,3674468.9123512143,24386425.80180224,0.0126288838138322,11306936.016416095,2364.310068245062,4703077.363738883,4995903151.2297535,11277930.31268661,1866642.7854498003,554885.9856376227,0.20625161889365,1566937626.49183,0.8562985666207341,14596999.24103706,65589476.62645733,32871564.24808796,0.1079235857174012,124819.42069146218,1855530.7954775903,11296879.03009154,22173031.61504561,4565.0304699392855,873164.3200411815,804828.9483022471,27582152.763982,569198481.0790478,91356789.90079704,10073086.10335062,684913.0264375468,154930595.75214145,100936148.3536489,2458366.965647032,4093480.906501619,8448763.066535098,16.494555156629715,24.898512411560667,70130260.83954003,20411.88057715562,0.9560306965306083,860592.6995215679,5990212.293146541,17461185.471396107,647301794.6463228,942.6537086136232,29002689929.89804,2524846227.581533,298928.4918938885,97459709.96074627,848022.0943590105,5467286.917117287,58958929.70547325,768569678.631043,0.8871910329119999,1303326100.6033282,0.6396626489069046,83206581.27654104,35908700.67709671,11414393.245655492,21669271.984514374,2569.89842255674,2227628.780691848,0.038387047483851,2230626.02890581,98988692.9361903,25635172.2806079,1360510.399101054,1517608.0985745825,234470756.9267608,6098622.893738257,4968319.379831859,6471.706165802087,47361801.80307248,2296.5038547806307,3590048.027622384,237.1983452624069,0.776236169849166,242.5834889249737,377186.3198898608,10045.945179747236,1810734.9122189195,2723703858.748864,151775143.1954618,895217.3470959514,28992.10826026632,55.15490147272512,9.66822272515353,5329988.439774401,112021.49926322389,3946573.808606231,123582729.62439096,4872252.896875101,276.4597983817597,0.7652771368844579,205772469.7713598,0.280072361559266,11994313.55872932,11622731375.526749,270736.92866291106,317040.84567969124,19313884.557181764,780028.5896355227,0.7909314926925441,351.5324321974644,1403289324.2540393,82793.87473259866,1.1613357293643631,49.83261427651908,503.1331061465947,0.0,18.764789883638667,200192216.5893753,0.0407156495353717,218189252.6742532,138663452.98282146,0.2434242322826776,1015776.6836635844,8214902.208607428,144971.23804836953,0.0198932764981378,288.87730150663083,162608.3531560206,5890070.485542055,76269915.99829161,0.0324232157613986,430509678.9753982,452.2655632502738,0.7388458385220682,574.324442649952,24520292.19023901,9321980.366092108,19056.498749465987,8384160.263716216,11447558.06904053,462347.8932872999,2.5839018267352643,53772.00893838157,56756868.5340759,252176683.19204813,1165.2392002161157,16445311.539918471,1283272.619781875,4473952582.148332,0.8719203967760354,8.08894582694165,1.44813444865218,218448.2339877945,26.669044152544828,7663998803.98206,8762296.455821274,29368.97813891992,20545.69482133556,24706.043923282785,31879979.661906585,544193.9858041112,1275.522868288646,1050352159.0963848,9459128.811166158,10654073.93527047,12901358.34823498,8.563403980302795,0.3100410461928308,12763606.384962192,182727.2661045913,8969245.039318295,96548117.1598834,8964.710249654016,4906840.430360732,0.0118263299140533,10213444.685490573,14.319409018341888,0.6601686021908582,18478495.31523043,87659806.06418431,216000330.98171487,0.0349823173349368,106.57327341680062,25253.02301435176,65563.00021639903,72994338.0232191,0.2781909718437543,529062.2853876352,122505385.8808596,8650595.169065133,821765.6622447353,3219559106.0650587,161952.08987051435,338720.2898451444,104890.57806983184,12.60064658860953,0.1190725408076415,2.239858688133893,361311.3478210507,539.0347145300806,42675.504330689146,166.3881323374427
GNB,36032.24764347077,2866757.7248786865,38794.82837329288,17230.13186544925,3776794.202303141,23884.64613580428,6554731.587665315,561510.2295726546,0.02308916467193,599045.3002856547,1.1633615305877547,125045.83804320171,1034.0067376387267,3696122.401686924,970214.524998766,66.9004399792272,193137.54634761097,1417021.255934691,39461579.45016839,13186.136791237484,4913678.641898226,293.6600991891032,775225.3692531317,7153666.093418101,3470221.0416706884,4915332.32048561,2206.0263607751112,63892053.42083976,2861560018.616963,229783.3678817749,1.3568915377477424,30792.4522537602,0.0123326104398984,36.54726773077925,260502.36005351244,5819025.436602296,0.0017501914724107,2461309.1831549206,2485.9459475405456,806307.2707984333,46158510.04803024,952606.5867746512,253734.0705227062,58283.42064385984,0.0283600345519881,363328126.5278385,0.1177502631056697,2845135.689181842,16733820.181620114,8627432.55991433,0.0149389596185756,30365.67902466189,303527.8280775546,2148688.232605027,4250320.66806167,342.7944063860888,219274.56461828947,234609.1351465919,6964621.728317604,81681277.39388913,26949609.38818945,1385467.92713506,73652.71368526656,20513830.53083594,20906339.740713187,600014.8224624774,729253.650786188,1204140.0300285004,2.28633422202139,3.3792589964927764,15703948.94740842,5526.550190024931,0.1306867269339354,139974.8263350393,1700042.3167429112,2602552.775726289,6302432.176555164,69.09209772269242,1355279078.0334966,666408492.1978779,23794.88613120426,13203894.910868485,202376.38148224357,2646919.8590745707,17084728.6611626,137966286.6118576,0.121591408267399,241520538.49419996,0.0876614751521387,20716990.733828343,5686493.092996299,2786338.4735914767,3838499.759227133,351.9281154977079,338878.2757139988,0.0053009464220821,739804.9286254192,14206742.113430591,3854735.4364902047,721447.7190145164,188120.4062289986,38437930.36672643,1542721.0459046364,438969.185463456,1591.5714436030205,9592477.919077106,204.43158351012795,764735.7793102537,32.24954889434804,0.1058004006951467,31.747708621608787,51188.65308211045,1395.2376306632257,313821.9938501354,33110634.93282616,21162175.37192949,220383.13160967827,5833.20144576343,7.480063104317395,1.3233402827332554,899236.4787005818,14399.06493072268,782637.0239482409,18670640.43817208,555783.2590764372,38.23150649140239,0.0238394234747251,58133507.0819415,0.0381940296754215,1802542.877852478,869038008.7801187,37478.13041028381,43724.56822915509,3353889.842544988,76306.31790565155,0.1077084132970043,48.941741257134325,264009861.56744167,22354.447031974792,0.1599966028834725,7.002296197535141,68.31377619807641,0.0,2.5900385072624723,3438476.622923282,0.0055168955803992,2454758.973126817,35172441.95612329,0.0334893408498828,269231.51688120124,1840437.1533623708,31500.77765189544,0.0027109412022241,39.50183034361013,18488.59910754305,816868.000305389,19564046.70751356,0.0044265348522802,135016452.423736,59.32838947224539,0.1011747792954231,79.13704562044946,5292441.80404578,2420725.880114309,2828.1697546660944,1701024.4004323415,4133037.6272963034,50013.16423639095,0.3547722719830855,5519.644327130549,7933462.323925758,44634206.77765629,467.8456803489652,2907471.437580294,185476.2928127699,1271542432.2937708,0.118487539734275,1.0966173486268,0.0365183844844239,55433.562743204406,3.6704623769562303,141246373.1370193,2612076.213405907,4130.163744688034,10251.968725634388,3408.033204097317,4754831.030388872,66832.80068699105,59.070858931423935,184650396.0294835,2146279.0463332697,1661917.2217254303,2289421.4128500484,1.181515833792275,0.0415613880245575,2163361.576410287,54597.468052223325,634219.6380360022,804772.119196244,512.916195464823,759714.2431545479,0.0016161998824149,1649826.2838123313,1.9925345908711307,0.0913842011080219,4113934.134634286,13060633.40330444,32032056.7268243,0.0048367278394998,24.48423736798896,11481.68117544906,2554.726520286612,10515560.700789489,0.0374763726833453,318311.242174751,30584085.09639332,1607751.3044626764,215635.8813391328,695831921.1820725,46478.79345230758,91891.60642755032,31234.785807057782,1.73413555669944,0.0161945864107833,0.3084032145022775,26911.16037473986,74.02292254145145,45.5025517123312,23.21902886920149
GNQ,232.84888869610583,5089.253732450744,46953980.98655094,84.72409024852666,107877.3083399711,136.29372662314088,8231.371765243453,6005.735178459978,0.0256917205554856,661863.1858750137,1.2827197463847133,112.17583491807218,1150.25214091363,61000.885771109686,1762.7443424179123,14116.339874251504,3136.0951100608304,106417241.74311364,55117144.771709725,17.628914819482144,359364.144923016,0.0683361100364656,711.9033310491527,208282.10535419668,160741.3020648805,1373.3475815846743,0.0105450934082469,389903.6350420114,62996222.533902,707.475009968477,1.4768314112825465,5.814909831302089,0.0134886032569738,573879.1457944183,1152582529.8296356,13069.530665396942,0.0019052801376346,13035.788649661374,92.81664140245056,4583.247484725014,375503501.0169061,4071765802.160461,851730600.4066445,1426077364.6957152,0.031947757469668,1183931.2094228235,4899.897314902909,20051.59587272457,11233.512271016762,464.21183372535,0.0163890331323273,0.1395208392835236,26868.32572289925,500.87439366294194,48397.028424262,10788.110364947532,18.925975184857663,176.63664901214258,6525.971255047606,3996029.954436319,10220.324559459164,240800.3724018204,308478.7764634144,438835.4188980652,189481.91103654128,8917.908235021765,3196800.369740183,11459.713612691226,2.5487176031287646,3.722080308448639,380930.7510960856,0.8239500400413817,0.1436858126085829,3890095804.359109,113.51730567817955,20820.705789233485,325248422.364932,4.962933225933796,132128195.95598948,2903979.020675659,939410777.088614,1061746.6718801723,398.46752532730034,8309.746559030933,6791.48949883134,3780677.881295972,0.1312482463324329,4052724.121837533,0.0973361049553602,19001.384782541765,131246.48573403538,530.2593577799146,105523.9887025712,391.040687008776,61573.57678602806,0.0057742802465909,23.35386470061539,124680.518400811,89112.98305068065,59.52536918231618,7574.698089231277,712930.5681690329,82.68808376109268,26917.231089583514,144.2154451268919,12755.92908161878,13572.194811694324,2210.2084411379783,30.43279339591823,0.1176810470707891,35.40629189972511,102.15597187650326,34.91836236675681,6117.595315475904,165021613.99292755,4592382.606893221,3331.0851799564425,198.04144103399756,8.21461993692111,106.28071127396402,15818.07308967877,813.5886387253889,42832.35615214759,476797.45861888,10824.315654636472,163712.34063839848,0.0254141076803702,3684.365667210968,0.0421703683780063,229472.58799054608,55579526.40361005,1327.9758976615633,197.60526789297768,60608.95461316041,981.6589361793084,0.1173413145657562,899151.6331479779,3100632.087662028,13.094594877281908,2.2755361923647524,1674487.9991181495,75.22289040298583,0.0,2.901979378496089,19174423.324350446,0.0062945119716459,1658004333.2114768,39673.59842143164,0.0377002344102948,12.25676802156596,6279.441626661794,19.33514263330155,0.0030580657052041,43.80307761152712,1804.6662447055144,3546.255444582173,6121.18344878446,0.0049876781962332,182105.69396281423,65.19430220525797,0.1088249798885918,88.94858439451664,28244.938077843613,1474.4821824058845,56.55884966519608,5077.257843013375,32992.10808565654,2592.678038628657,0.3959217922069813,3.171127340138444,257125.6845726986,473884.263748813,20739.85258877103,134130.12653003843,51504454.24073479,4665249.749072627,0.1327390258326346,1.216586188969992,33.12471315024163,123.52864608555676,4.1289616971184415,62083807.68869758,17.853238955945045,127.65733810423126,10393.468877596632,0.0799649757345832,74015.34361371002,69210521.5594298,15737156.340052366,3973718.3189225607,37706.70325585748,14341.315477347727,35464.1813197575,1205.2931778073173,2.0158412982275644,106592.63996016918,148.12623259429415,138300357.89034426,79615328.96231127,80.84402132494975,17158.72848873264,0.0018356542064008,1941.9818735496588,2.2183506665371624,0.1030736059282517,10923.360615125906,608648.4704407108,1281778.6494920156,0.0054259840747761,6.83718077483395,2674513.8547526835,125053.47664670722,355893.2366953276,0.0414650893710479,4330.601245773558,5081.97902140547,21054.10318897956,418.5968657683352,4165660.1515784985,44.45346271079855,91.7912439771194,57.83386306414366,1.9412137336557915,0.0183114952535332,0.3472424403762488,37223.09467157903,87633.11217478225,19712929.48918756,140683.61983584953
GRC,588.1018677696835,510668678.2775022,3933757.7417568793,927.2014921298404,576053416.2904079,3602425.809902902,985.2662844629446,336494553.751059,0.0547012748711863,1498789.7321702663,2.7401690818483955,13936.406651148533,30622.43585260893,160164933.30636907,586316049.4208179,660514.4369172243,6684674.091218093,58733652.3168634,115426680.35427769,73576097.5746032,2910322231.5374494,84851.02653497024,92617.0327352186,336082654.53952616,823224427.9320103,28838.577479477583,256.14207713834656,14077.890441448426,6714636.58011637,14087.438008358198,84.82224701054851,26030443.486418888,0.0290267722647357,7252.978711210162,155317391.658633,13694081.732177788,0.0040908156397225,41893424.485149466,199.8628772712155,954953135.822432,47866467.521482274,222994228.6092158,72824668.85015619,28655725.79141952,0.0671902974887546,1063029.5011604524,12379.82060369784,396123.52549017465,332970.6698838088,415161.1883238743,34.876401353531364,572.1300223611391,61595452.23664796,116699585.0268199,183105985.4947259,14243014.230245154,15991.206525551508,28095313.86822865,543982.0943009661,178021316.39508185,24967.262421178035,149021494.73872295,155723982.23599082,13921040.97395774,38075119.72095591,88830865.8414034,2083370939.275044,369229250.8389685,5.4681914159467455,8.051923629336255,157842565.05734324,399767.6620355826,9.45212515725325,37661747.23120824,39039634.64182575,1032744452.864648,54041522.169784345,128.5113493795252,90911662.58061896,9795940.94280361,10496183.353708563,4966306055.307304,10540.305927670252,100648649.13667388,64824.42945613671,2375080.1613470297,8.641719581046953,2959485.033464002,0.2079569847514966,149132.87714341094,233567689.00666147,198501.6404516033,334245016.4023019,347393.05252113007,1542372677.219782,371.3600631928518,3967761.091519999,2253052156.905143,515213532.8017507,15254166.418090615,71590641.37770599,819346969.6095214,89385.78115883277,76207925.94225024,13943228.222935343,3670326722.8307047,3996424.808753177,535003663.08726704,271572.34534026025,0.2525534936293648,2795916.2176682954,3878192.742553876,4028696.5153986234,90637437.8654338,13045808.73227517,214575642.61600143,18124.713504410884,184429.06176222375,736886.0526212766,3.210295158503801,144661688.67844784,417697.20758037845,147979131.90877184,21748513.64318153,301551185.9227616,964767.0602815448,1220.1330987355502,691756.3157128062,0.9356820828296386,797381892.337269,325632890.1550125,369000.0692680478,89504438.00512432,158824917.8061636,307353807.3730725,16.685712558928568,1213418.743533858,100774825.63145946,2275.9043806756854,5810.397003726085,264971.6983616479,91075.27600727275,0.0,6.117749808849739,411315136.8367741,13.044630451687386,689743296.3636606,493278.8493344773,0.0796869144266878,7976594.453110943,174855281.92513958,94020218.21463116,0.00645210989365,94.8307635951898,10997896.46137153,268537749.7289517,247950.17126563092,0.0106385309415316,235852.9298287571,227264.6160863092,19.040118245434908,8401.585831756756,604703509.96772,93709.8673748945,9576709.625717744,2178404.4556730147,86.54202782880819,25215277.85147048,0.8447784199213907,1183094.9508783277,2474391271.1436267,22512708345.959557,689848.7269075147,334590026.4000767,789423658.4549075,58256876.12976523,169.95422331665395,2.6423762342437658,0.0854010110535545,16222486.033939026,8.764726587083132,16364528.709768264,11575.22019650115,164207.67193623818,18948085.488176685,40.07290261552576,990660185.3098544,64843280.32923525,91950.9749494779,1840519.0702331208,161550555.6873362,60926775.18811135,345559310.9611536,105.87700779403136,6365.460208448548,490761824.6731898,1610.0441310890874,1030799740.619844,19369007.661489133,6016247.151428985,335642080.66996604,0.0038843908415845,375783021.1804066,1811.59580014451,0.2166662753021728,95026.62491129256,82968583.5454321,10342861884.393604,0.0115100212944109,335672.294085833,7538525.738569426,5004797.258641615,3737522164.478581,2.4785939228221103,52.13678958186272,543927.1018367619,475351512.1642506,11080.791843090848,7261597.704060866,2236.015595497298,5616.456880463151,2647316.5119089065,4.123265779175619,0.0390597721693816,0.7310423589662225,243758786.2038277,1410.0772601547592,1329684.1969986332,94937.29819864432
GRD,10352.820037841797,5.088948136892905,0.9251265054672216,1239.2245212495327,697.1131459929309,0.0532703645537755,74627.70780083604,0.8955006306631361,2.5916875834925577,7603.097713584859,0.014920575594902,10674.39046818018,13.300801380627783,2376.254740140102,240.0348699958356,0.0175394776890556,1586.6588044769596,0.1013681802791781,0.3835244468359531,0.2039432779197063,41.31077598962405,0.000799010956954,71015.04258541018,692.8293911175546,5172.85777845243,577672.6837562248,233.928737141192,1122904.006409095,2457446.1968536777,3785.7574496269226,0.016721295572097,0.0674697088983293,0.0001630793328786,0.4826306481296925,0.5330816687400195,2187094.8865159974,2.254688470770816e-05,2683.7599381057607,217.41208090647277,46.6102967996652,0.2954075637713762,12.199003092874824,1.6024125050458091,0.2454332757529238,0.0511589275894293,57649635.23924437,0.0015461108911232,0.3923921723169883,6980706.744138928,1144045.18628308,0.0001962732646916,5353.409662075341,0.2170710431223028,1373.6661313558193,17389.498118074305,0.009000474666803,16078.97207212448,3257.877346087881,873833.7341232598,12104.624978892738,9728883.250010869,13.872681686533484,0.0520747395312901,2251.0134494352533,57796.851787692125,331.1093901849744,0.5874069616421197,9248.561292584429,0.0295902933591181,0.0427802636197789,36970.18054933749,65.70149960638082,0.0066003873685555,0.2129163510813971,21874.98314869097,458.9211072498531,0.2597449592538305,0.5772115788422525,33.24271180605719,14.909309016942856,0.0231835394797599,776.029018659478,85652.42866230011,30341.37202635021,3644142.26383527,721.7460639798232,0.0014605445207429,50124.52851996151,0.0011511695769854,4236388.928023515,1269.3165688748088,428437.9002109766,396.12442503845847,4.506304608949839,3.643720603155396,6.783788909636712e-05,7734.0182167944,831.5480651085572,471.26799089785777,6978.85710535209,0.1642410776954577,13541.415537520232,201007.06878566745,0.9921237248016764,1.66381852479276,5236.541858537511,0.417349596839669,0.6235378504419202,0.3470601481821482,11.774440444903115,0.4122606360224488,5.399737759545175,0.399264525188844,0.0090199650938984,0.0839554424783273,249.66350601047648,17404.485423088074,0.2840318738410516,0.094414074034212,0.0171480004170803,3174.147775636376,332.02606120161363,1065.840368078287,26083.481344528984,330.2411597762384,0.4921168256425871,0.000292503213784,12822283.7165703,0.7234950894882046,10.729337615830396,39.15069891944573,0.0168978528658954,1.0199302504112038,485.9684988552284,11.862014011961891,0.0013462076294601,0.6314338708777072,892.1922428623124,1882.5519905090327,0.0019791815176199,0.0909975650522108,0.8700653955303217,0.0,0.0333590653546918,5.684908622899382,7.538238514825935e-05,0.9722746826136852,8548300.305697799,0.0004375142821118,1393.7887436353485,16234.342265137491,0.2225306348260645,3.406265162197997e-05,0.5054700114273325,0.1897558433139962,1.083957056609317,9539892.375614643,5.586946715485652e-05,10875227.417351596,0.7453793727932281,0.001302871210095,1.0244199387806605,8871.900020269772,214140.3055705726,0.6555520977407809,13170.441123661876,52340.38937996563,0.0554681529864851,6.5038593070185,0.0124643508885959,1343.860840269609,55322.6154427894,0.0128676198014305,138.79658810638537,2.2589061198864098,19.034881741246664,0.0015061134318763,0.0138878181157178,0.0004574923223827,180.9908269134204,0.0474833476204343,4.910753848780116,890860.5364570618,0.0005340849070307,0.4664768779892261,184.1550856232643,2069.437897839418,0.4023142413307534,0.0010797914352593,6618.011460045244,1011.2864421459192,1431.07319597397,17660.81178344218,0.0151122851719947,0.0005384218098614,1.2627181159478056,5147.033265829086,19.91743115331489,0.0482230189459755,0.9279586654527971,0.3299584375886795,0.2073517239577995,803.8755833911273,0.0257782102819206,8.978503972355044,38059.25367081165,661.9729978154967,4511.855535644946,3.329000138605416,0.0792520600881232,0.6694360079471038,0.1419270551451141,3955.453727557077,22.410301351841007,6896.988691727558,13649629.99994356,4.467013001850576,23575.356776714325,21205398.213331416,2707.2899151444435,7956.61590051651,0.6644786627328851,0.0222376599672977,1.9089105599377263,36.22132427182692,0.2406600794471066,0.9551206329994076,0.5998342463094706,0.3008495858379998
GRL,208.1382807967301,324712.7574092899,57.38582137107992,265.968309751111,1135981.5487088135,739.5927322727541,71.19795952803958,133528.79456910078,0.0006515845478433,280369.3609499357,0.0259525260864803,1827.844130473243,61.35363251190267,19125232.05461416,359887.4289616399,8.570799622797747,8504448.297468904,6600.453308942332,23657.79416989057,1757.4540224807542,2818847.291817755,25.865383575973336,28126.010573080755,3839914.993140341,27541850.87464709,24575.84633969527,487.06939735624496,12093.990596027494,539101.0590633926,2305.470496270053,0.4240038363461249,2086.239616843472,0.0010024451695878,0.0742113604340594,24866.57170052765,5317872847.829109,4.667296493215956e-05,13303738.653348966,2.706160684042778,10811115.860714007,11152.615357142666,19741.02008680181,3860.8512194893383,1029.6419608090348,0.0008322535291818,582818.3645402268,0.0427375482181474,7120.508104867879,90725.64466032162,210024.7363958894,0.0003886352587509,343.3880129067652,16658.086882120053,12916455.138728984,90227354.32639864,583.0382577694033,2727.469216060804,16658269.226993293,146221.039596851,6109056.558140346,39064.96670414935,129780.427830943,9289.457679391448,263788.4351813627,29783689.78153336,14978557.02963092,86817.74157235614,152562792.71457943,0.086565772701839,0.3286661514369198,80415282.7505223,1258969.9951466906,0.9391414177680836,974.1468585852108,137381562.833508,1202876.0752219895,11607.459585314227,130.003956107595,65722.482446044,15026.1997340272,362.1484222633925,2044863.31771412,1794.7362238832195,24105485431.215435,91604.14317406104,79375.37744511406,0.0819117851292589,295100.7408739004,0.0046773541972732,148273.25614033855,4016086.5612167153,57815.89340558642,5686353.517833429,81.3359373605711,139626.28154822692,0.0001904261502956,42492610.840930685,752192.6919277416,169165.36556912443,252430119.7204846,18255.993367866788,22342557.610627923,22545.08470963668,32032.174177260364,329687.1723918891,52649845.81477664,154.12969022544348,2275670.19386633,40.07211732949661,0.012099902010086,30951.66053868216,1255.411520611253,233.3465689990809,27985.054591946413,3411.3034187287803,687052.8348373506,2391.6415290889377,80437.15868570958,15.970108899560412,4.4417504923705e-06,14999757.862364924,594615.5735080639,18502284.326811925,4801708.447130666,1221067.1321200556,128.46380319062223,0.0082483653467799,403149.362528411,0.036419807743735,527295.2294846221,212696.4501155256,2745.92292711707,4182.722669298313,771955.5486801096,8483600.732616995,0.2639726347253084,19.40724065002611,410195.0691561408,332.4093379802137,0.0021450069376705,4.561724074864231,63.25280441144251,0.0,0.1244061223084385,88468.32984301797,0.0003016821323238,91463.01707149528,211478.6073442082,0.0012849329075823,12277107.264227526,412858011.3881548,8088.037772383808,0.0006258709351567,1.6953448166350484,1247.1749264656034,167587.5933226749,98425.15465846716,4.7613412551940695e-05,68388.98381922027,538.633587796433,0.2478479379711753,9.236768517160035,54840870.82477772,31105.353453156244,219481.18472203947,4033098.371093364,409.40583420039,6633.934946072085,0.0050971038816798,608.2002778871758,13442983.607665652,2413637935.437087,4.6944219239526,72645.39045704591,160762.25725795492,76189.88352231383,0.0170023230269412,0.1076149894304743,0.0004429942726977,125774757.62564884,0.1865600891033089,9344.900908102309,16003.744512782176,3079.567625740589,1373.2606320141367,36593.075773326855,3781698.5703558726,5177.283928878879,0.779495178714756,154331.35709463622,5032986.306868256,2166484.53809474,247820174.1949137,0.0017599304311632,0.0181630079644841,155880.3984942213,1922.8895213339924,188763.1387127768,1922.4258071407369,162.63073476646417,489092.6353288319,3.07796236074815e-05,268067.33162075485,0.0982504472752047,0.0036403291854046,20027.93367035285,1008811.3665453608,5393834.313222774,0.0001612076673366,1535.8606186236552,696.7242519748592,1244.8185614706483,30112070.746107846,0.1838665088411207,0.5678266338905003,43817376.97700672,733921.0156774245,2026.3271185746069,1383324.2279030443,529.0351105981823,1275.7165051325928,608.9244630072228,0.095386131737447,0.0005054467264411,0.0082693570585011,19163.664599103075,0.1010482308682491,3.644310286920653,0.0462077244762939
GTM,745.7150170094536,17114.945404823968,173.7013448874706,488.69096008812426,104422.20854440224,11.773285486418544,1074.090115203144,1424.847383556807,7201.9883282573965,1632453.2121642989,2.998550487612861,1019.935285719219,4136.734821071896,145372.66717057533,4310.423217754853,3.430634495822685,261631.8072012365,80.78789434188862,140.46809806896178,40.91634006475358,44567.089842122055,0.1817632237612099,3430892.270012868,144856.81954314085,418183.3247355241,399704454.752319,19466.931815261956,3470.6570460764124,426810.9383119019,546.4294862336512,3.54237395123862,14.125357447484046,0.0317879992809864,93.32934862499044,100.99556571414682,996775268.9821488,0.0044713723360882,133002.0963336238,217.0113724347352,11648.555113573231,409.5985847874584,73.32608540117567,319.87304812180423,57.81860811552119,268.49875835457124,91269920.90234482,0.3041046289008349,121.2475428436178,71370259.42522435,40773913.71870296,0.0382406280886158,63843.47246897272,8692.167162965217,182685.58726889297,1965189.2635602567,1.853641012867828,1192.9832628180934,329477.2668611198,3351645.833688194,742000.1696336659,3965904.257170822,27422.129784590128,12.824785941930417,161732.9856229771,4529041.415841603,192713.6830235381,272.7826417381636,779402.3790521153,6333.241393462784,8.82848979315817,3894752.2933164896,24761.37819360741,4056.8995810217034,43.65260772014033,4583056.282613322,33810.566134067456,144.55689812422213,70.22773033835963,2830.111262850253,47.79181203825861,4.918561859489637,101379.2329451576,345.9530732376228,17167819.441036016,7255680285.053792,30501.157928765413,3.312171109492537,82891.74562326513,0.2280366463189591,1257577015.1159823,200174.63197946688,1997995.755164785,184258.35986759813,948.4064373776184,745.4493694282942,0.0137787138239847,1373378.2730189066,177306.9390776439,38506.28700656377,2312142.8731732424,7866.977643203492,691417.5358775489,2195826.59543501,3512.1340705486705,338.5062894477231,457358.3589390456,83.1574292396237,3976.4135643501295,72.4260219266798,121253.80786532177,82.91310232788311,34.17904366721744,84.10947492134628,760.0540514069548,30.51910290482827,45071.542189955086,908.7520510822848,310.03151015652946,19.234537972970134,3.465097530004356,275247.1315987895,15073.672660623,414614.1145280587,2473680.195885862,12711.15768717938,98.15628373833025,0.0593561420298993,19651046262.522278,6524.623052614696,17668.501331403033,1963.768355795715,80.74778397624058,209.72514208182525,46706.56268122394,6530.325644641828,0.2810608328810158,123.91335657210388,13115.19988071783,135.69250778531426,0.4124279105846403,17.573168351238344,178.36824368549728,0.0,15734.968251803431,367.4784157658879,0.0145738474138621,354.33211006072867,220331476.43550488,1513.9192358680589,473645.1291402721,3793906.1492345696,46.96253972091658,274.64618733988027,103.4039154238884,40.48941158093564,9003.180649348717,35538997.24586673,0.0115508393905289,187342.82777034977,7623.896649410348,0.3018295634572021,63629.250354054544,805907.8053367538,141143.39975601604,132.11981881815245,1502642.8155419629,93.72706110774658,4450.238990807925,161.946979111319,3.537341338554398,233472.789100161,6234075.871554532,2.560029369761528,10925.65521248457,446.5520475467883,735.0824162720762,0.308209836685109,2.8803431117418787,0.0933142894900027,94892.32381296656,210291.36782169505,82.31217635819708,488670267.9426808,44.07985661330292,93.14604051399836,48571.454863260034,64862.58367693039,87.22448365232597,0.2214633913706925,89252.21159084525,85590.22314355837,64554.6248493537,1239091.682392886,3.06604633479587,0.1075939308505321,44426.77534854483,32063.620157647994,327.3703221811774,15.797014213745491,191.48434019598068,56533.04795033998,1407.4916732392198,33994.72820099616,5.080539031004189,12507.52965375732,4221.295422905213,42419.516070923135,380552.9355876224,6396.066229047916,16.65424179997697,131.8225257795482,29.20172839113738,492429.7523426551,133605.8399928682,56.63381889881884,6994868458.749224,37238.67434722186,315.49546280643136,3258927.769382588,1424.1217517308426,3151.935728118158,139.3623608760758,34001.40480852903,9508.886206641038,126070.27461472587,50.73494326069794,191.920768881021,114.09879570657426,58.55333731481617
GUF,106513.03872466087,175.2680207956183,206.95477084863143,20804.184814014006,5046.674993252725,11.770306760644896,219712152.42226213,3494.2573705613386,0.0680697240549577,1799351.585261997,331.27758461295866,193932.6793868272,3099.430470830058,68.83673729434658,3832.567054671837,3.988708763567225,1761.0700722724237,23.86205256265022,52.90716083792897,46.76110703186685,58.22606213604122,0.1710721786062161,770470.1570361009,507.2173388960544,1147.090346492244,6455605.947437447,1878.8535033158296,2139125890.1572323,40167251587.55798,297004.91935682297,4.004383194584079,15.869038679373872,0.0364007086594142,109.88151954750168,103.05515107534995,7198491.101529565,0.0050692191345262,140.63406056953716,78314.29132197522,10509.510927587453,63.66252033528683,79.95400374655173,366.7861183178607,56.62117162567251,0.0846474798252032,15381127258.761503,0.3522985847170172,1.3828613725976826,80738636.13174805,10777684.41802087,0.0438098773261685,63785.82310043863,2.3982225263395947,403.1389541334253,12276.606985307582,2.1129859958715453,345588.1161803752,22309.96873261024,7555410.88520705,22224.240119742342,1500819860.5258703,637.0827678548271,12.325466056317682,2080.126246390536,55944.63714696225,83.27834624778586,138.67228439871295,8554.560907902884,6.741554357934825,10.018259549401735,30798.68079529562,583.4327888346581,0.3864387247677582,49.1988174242195,114728.12050423904,38.06831323638362,49.38032227387198,1.115882961086761,298.98884715491295,7.473097140579323,5.471419175571725,35341.61928389707,315373.0426076893,80322.01259998098,30915552.65868612,1973319943.8548188,0.3581258784861969,6054309885.379202,0.2588445964230743,47936097.74868079,36.64349648500775,4596296.822821819,66.82119956055304,1039.062449198738,841.6639560638173,0.0155516999086087,6230.190627544119,9942.162189344575,115.74863081060587,28621.38554833441,4.417208281527287,12382.47644512732,2439936.531887099,18.85509695797707,385.3935772089271,19090.25296109504,95.24457982501782,137.39328980861492,81.79420577589991,139.44782677366692,94.69049992625452,4.322270607424471,94.66922492413008,2.0661375825498567,19.71297782189288,11681.038383774749,289067.13418450207,0.7567770105076548,21.797717293554648,3.976856236277655,2398.221775109852,1.959696592902592,829.9668945075689,25471.857724428468,23.03247478331329,112.94097531730488,0.0677273068342274,115943498.20152706,0.1129665895690808,20509.038650450835,587.2361382176098,0.1344412849471155,238.00686742781696,10642.720023205156,2544.0047163295194,0.3183031652495316,817.4484853282089,2317.495868915311,36300.97051452845,0.4654656095601301,20.63350065367765,201.51398535335213,0.0,7.678896936135636,157.2011245453837,0.0168259957099508,179.1494143360018,103712232.25200744,0.0996942051719997,1483.831083819711,21591.795897913737,52.98532905721936,0.0080095983782655,117.65454762501756,43.17918027818199,240.0466024622429,200072770.8637102,0.0130800093462322,5654416590.380402,175.9096392005107,0.2950094053775438,235.1263232983162,20989.577295734383,1732427.2072232312,150.3734807784162,28022.5223759621,192646147.81829008,1.2078856330333425,1.053042738092035,2.7284337874941893,370.3464549769854,129761.40015626707,2.9347146911490545,357.2317180611442,216.9924993695913,99.093425709372,0.3494355203703954,15.952918511686123,116.30396518506572,333.89090805982823,10.947752829209254,15.026694625441207,8847750.78987936,0.0344053099994425,106.4616996567137,4023.0822067914055,63.57127292667414,91.23104555557175,0.2480488797831137,6756678647.654371,544.1359388907605,11.049397031662451,8276.513590765177,3.4948715870617093,0.1227175827757324,56.62423361285016,47380.51402205399,165.5999503036802,11.40555366025132,216.9258916215028,72.30848153716138,0.0048763362567672,228.0786330381225,5.863105768184546,0.2703602427675993,6783977.657877501,157.10955918307545,33788.11407190798,0.0143310133627494,18.611896110241503,152.60670437180184,32.98741238940999,5400.452316863403,3.577736601185936,23495435.65107693,67185039.40227805,256.74877919352366,312064.1747640185,16415500662.760466,37699.7796596908,85871.93514308985,156.85129233153145,5.148398766595752,0.0488079021292488,0.9181929500998792,53.35338535938553,632.5991755923068,135.91923116270783,68.67236244244232
GUM,0.0002434078760131,0.726051030767008,0.8604510428860734,0.0001090010150937,0.0385759937868677,0.0487366240626577,4.7560299346392,0.0403675519024662,11.608179177312463,6876.519959422034,0.0136662952478119,0.0006314239158768,245650.02776136764,0.2401069586793198,0.1766678335914351,0.0161618751558556,0.0980165522849176,0.0919194777515025,0.1993136839929676,2402.9657259356068,0.2086462608414633,0.0007459952418634,0.0216961526019808,0.1000847567162317,0.8261220048463063,0.0260280541875546,0.0001095694827755,1.2427304268379122,7.687239417758239,0.0005918896631555,292621.11439847946,0.079537902194545,0.0001382282651718,0.4467882515603394,0.3935078928878772,254530.8923350935,0.2699480428360594,0.1118276833190137,0.9788330386801484,10759077.470286643,0.2469274304280821,0.3025348715112663,1.4763547906428334,0.2253938009283642,1.5961470936598283,1.3985031246229365,0.001384789654292,0.0052014216803868,0.0568652439065622,0.1755206069024846,0.0001743309180142,0.0004638955258959,0.0098259072741484,0.2372557933029116,1.2026495291564498,0.0083202498366454,0.001030080547256,0.1937360445103639,0.0572935181351637,2.591194782333276,0.405004145497945,0.803449652084475,0.0478057153302968,0.3036602856469415,0.8855361818123951,0.2479419992618545,964.0709554841789,12.5662225994188,5015.666637754148,0.0390287208721624,1.3918522839777323,0.0088395381330599,8533.513047883775,0.1948844042473687,0.9191920932597952,0.1389244250293955,0.1896971280330983,1.0207994561639566e-05,0.1858712777740309,0.0282812224346047,0.0211668907397779,0.1677409326130828,0.000434408428811,108.45260288313249,0.1265668420555707,0.0851424975634373,262922.58645904064,0.2105704936305823,0.0010230742461914,0.1290488578058579,0.1285248527492498,0.03540133645566,0.2703939121247833,32349570.23102082,48458.32951606916,6.089299048639418e-05,0.2475482289821612,1.4111440175636245,0.4529045449516168,0.6300127544604104,0.0177227328693589,0.570846411022715,0.0147859935252654,0.0767383966725171,4630869.0956885945,10.348638658162107,1230.6407433252084,0.580649247071154,1171414.2293675449,6.1764564818329735,865532.0911000986,0.0178348007108919,540081.232783087,0.0083806806003039,0.0756710389238861,1.7328066538267703,0.0007541403672206,0.0004639573174722,56046.68134853733,0.0158907385670765,0.2746950199450637,0.0076406252095324,0.3003551935666125,0.4951486744763108,0.0934593260596459,0.4517007631703853,36.42924319870792,3198.832443388818,200.58006291820263,0.0379286752582537,0.8728323280730579,0.0005374495901406,145765.93399861208,0.0191888728618181,11091.252744240866,87762.53211912513,0.5855199273247829,0.9500630786963749,0.0001317103904909,0.0018484442673144,0.0845972055770971,13960456.806120332,0.0,642.5273963998544,0.6111527856315061,0.6883130591013469,0.682530374007764,0.1524244750961587,18.33081037657217,0.1310451397755017,169.67714127838016,0.2030830587436436,2.943531479686498,1220.028139649589,0.1744294110901323,0.994954603343812,0.0885996011104017,0.0158128750177699,1.804013204835644,24584100.225647368,35335.472931206226,3172106.012886368,1.1618751766025426,0.0112314295681592,767708.0121787712,0.14633874351557,0.4378903265067538,0.0048980965999643,12.226411574555517,0.0114273241313815,0.6032612658160448,1942804.5626679675,0.011889943337464,1.5464268182616383,0.832975017969489,0.2167201112904304,14218.584835521877,0.0128889676243587,0.0004203602614047,1.3075014135886265,98333.82297378266,0.0584629322756051,0.0230145148148732,0.0001375844590256,817.0408715382731,0.0008286856942874,0.2020437974776587,0.3545173586077474,0.0009643183451579,0.1480640866405718,0.1312232832908222,0.0447159558104601,21.52494969229237,0.0140515208679836,0.0005010273794665,0.1965712928883389,0.0009831698092312,0.6217984706854568,0.0433754305051419,1412294.9184206417,0.307211866141607,1.938812076317845,0.929922781444102,16964.489328155294,77.29101979278312,0.0063438621988649,0.2269373214690753,0.988800651318862,15.042644574068165,795745.8183896644,0.6186859341879243,0.1297414767216256,1.8221722270751743,5.003975093535278,0.2568349369127698,122258.41733806088,1.0492204659005582,0.0005917809729467,0.9676899914617862,0.0002150957711686,0.0004944733144078,2233194.10093374,2566.002313094097,22.77258758323319,139.98852553463075,3.339972477519615,0.8781103315827063,0.5578570920720849,0.2796193640416664
GUY,442852.3224616051,428.3360522444296,1002.1335018365214,85902.66755031527,12344.28122699866,31.9389889341306,421133956.3535975,323.00596395219515,2.115072412288104,4433877.533620244,560.034630630608,589608.2656606404,7676.477218260708,72627.02694205003,1174.3012546097202,9.763225965656332,37659.09136249127,58.934415003388345,140.85524247335266,115.27079375347884,5925.640811427121,0.414855476274197,2898026.67181196,2738.290309866225,20284.6251658654,29185334.281968422,7002.855858734822,4940753497.774532,64990123983.57211,524752.3923389572,9.834435198686036,39.26558493107304,0.1048766734807031,268.49454953800534,255.11685017870937,36726646.15968748,0.0125267225839706,11888.37078295507,246726.92120752367,25928.29050084208,160.77807570380185,199.8012654036164,909.45704433078,140.8316606413429,0.208249429342133,62168072396.24446,0.8644216237453808,354.0923040452652,421473966.89707935,49295256.61767693,0.1077929003039344,293881.22004875384,172.8060353165377,90184.4343966316,274762.16635867103,5.181529977914776,1217123.609762253,26178.60820349365,39243471.87863448,159426.56447390487,5911523506.018095,654.6947345601146,30.188956237807567,8665.377739895432,509175.9266767408,8178.885499826955,342.1894406244133,71550.2043225693,16.60775356963239,24.95852858941393,549940.280685937,598.2070212569305,0.9556652868532116,122.28205038053235,346251.1516608432,95.06819190099614,122.4665126293742,0.999304611721989,595.005619133477,46.1366408203406,13.605896406543875,139146.44807024364,708618.7200517684,191941.01954983053,148138024.72711778,10074043.36693136,0.8778121968272856,8963113624.029509,0.82518790948264,215674253.4727241,8838.034202960127,19497598.389874205,29282.85362857068,2565.6314859279987,2089.1167713938585,0.0385526109277587,42101.95646016313,1348.4761129871138,507.1343317209605,179542.5809436939,11.489249624319257,177945.97045694932,10859500.760302868,48.55336149136352,948.827566294322,88527.50424540392,235.0774003296339,338.44343427459273,201.95804068462263,103.10571023292734,232.12958899750757,13.175305616425732,233.797136069314,6.864037713673511,100.6399489565884,54897.262378135325,802026.0512167644,1.4094137631724983,54.15102008386771,23.95521035884704,18166.17640310381,28809.963627367004,45774.21655944124,236863.37742513928,1046.8846876317366,278.05393991144035,0.1667143926472663,522624091.4569942,0.4567611169963083,918.8939894416256,1841.1298872514485,0.3345571212413176,586.7022232223753,12589.38810726677,6302.466940338132,0.7806460769302355,355.26900354770453,2595.6987016486587,117679.43806381096,1.1542279080389122,50.93253782007052,497.4196161281012,0.0,18.934108931726307,435.622007578958,0.0411933385436782,441.7837535507478,477647024.7419319,0.2451357833292604,45000.06798669185,214657.78885707076,130.3342225841876,0.0198446440334123,289.00781467509165,109.28188298985684,591.8793607937462,1058406379.413141,0.0324168240019719,18062652869.30357,433.4201519608166,0.7304537723068627,578.8256527437311,188891.5527216489,5735590.932717885,370.4064028916963,186390.97349099812,377435532.1822409,3.441942643659697,49.42377384006784,6.560756917739447,17811.073097347118,493072.932729808,7.253679095392055,1051.4086084383496,570.3574053727905,334.56503029845567,0.8673611979392959,161.16689640540227,50.74924353136105,1476.6658239817496,26.88563106524217,104.13399486121152,40594655.0013053,11.826594343759837,261.9215730886015,7021.696330234846,2294.690030633845,225.08105330307035,0.6145621026625969,213185715.1859393,56583.94284938658,3593.6166059375914,219801.2853364409,8.61124173496134,0.3024222149314131,2427.076564768038,185433.20975611676,418.412288744816,28.192580983966224,535.0537179626424,176.97202814538946,0.895039690914067,1003.465423279688,14.468233230608764,0.6689860104790981,16742450.081006804,10277.47410886378,52835.924146356105,1.1074094032216992,46.1268502734421,376.1459896935987,81.78930641140965,31745.32281082656,117.14912634883235,41164756.58086933,362439297.58336,8107.086263881093,805845.33071629,73171406625.14154,80369.68170475976,201845.95962706915,386.6935545222167,12.688252192169836,0.1191327299139748,21.74944510578146,140.46565773290857,1968.6763701605948,332.8171999313206,168.91646094894256
HMD,7.824400739764314e-05,0.1975270683546102,724.7979455467208,3.503862514953049e-05,0.0111923819270529,0.0650641254155475,6855.871323896573,0.0104737967616319,0.0717513214847826,6789245.033051431,15116.386592266434,0.0002029726281733,808184.0343042497,0.069770514631493,0.0484771131245214,182.5003557815241,0.0296973574150172,0.0299728049868367,0.0672958868029489,3530.6493691294613,0.0594140621259062,0.0001800282420101,0.0067516469348301,0.0289496065615981,0.2454424596710058,0.0085714063540163,3.5221358829717886e-05,47.15404039366399,371.0781192061259,0.0001902642725042,1.6180504818445058,0.2314531177270566,1.3812070894055068,1461.9186181904015,23.906114900527427,39.93990331083621,7.851365321315825,0.0319659004727697,27987.03590913137,3674.53575304136,0.080618155386787,0.1035329234011919,4824.37800593713,0.383033129804454,3.749070097908679,0.4401675657997957,54.10234039502029,0.0015899796055531,0.0187074986852585,0.0553376315868698,25.07128506526351,0.000149225428022,0.0028184644579525,0.0713054529076387,0.364370081565613,0.0064021300267005,0.0003308821803393,0.0591897418360913,0.0186226816829,0.7388513653650757,0.1232046287818953,0.2056862212768422,29.76299430420347,0.0824235401421056,0.2636505341615068,0.0758334419643596,4105.906572020163,0.7951506665708106,163.9415194113536,78.09898115380156,0.420947249810979,0.0026673597710953,0.0005794287552832,0.0626917774523407,0.2837107185086984,0.0384977024997382,0.0628575787296346,2.971304764898264e-06,0.0612712241221017,0.0095894076241673,0.0069432439980232,0.0485717576537054,0.0001396415720078,26.014013914700985,0.0420910875763768,0.0255868973184363,0.0004374725871012,0.0644135413441657,1958.930897527642,0.0421225736134664,0.0376006387354009,0.0113408160377712,0.0780525960126923,61613.37886251549,31721.246444981647,5.872131537791574,0.0770524588389397,0.4263612748511076,0.1278991657741838,0.1964189935535858,0.0052649519944285,0.1631984292499846,0.0047850948719307,0.0214511339722713,3.823897846656709,3.011192771154473,1777.841558244844,0.1565768027412115,7369.083198581196,0.0004402060132238,0.2720922705664301,0.0051099132258265,2932.858322866903,0.0024543423140137,0.0246436705481158,0.4583935489054945,0.0002421019205982,0.0001350469549903,1033.1405087010749,0.2997994767935044,0.082679837822237,0.0023262224271745,0.0908532708943728,0.1421513773560331,0.0275703395760976,31053.71647611409,14.192043988963803,0.8694935355315463,0.0001370149238954,0.0104539123551892,0.2689900650833291,0.0001656496907003,11688.011749434476,0.0057485462671884,2.8234722470941107,0.0003875143838709,6487.551357624081,0.2591665470487578,4.235685641873488e-05,223.8535450285126,1623.3576888253656,6067.982064865169,0.0,871.280445359791,0.1917252208454483,7.91014882735908,0.2247899648223911,0.0487231510530228,0.2121621868573129,0.0389059271084946,0.6369357019268507,203.9945866376048,9.292473443167635e-06,187951.005727608,0.4106651708593704,1075.7266952294442,0.0286750543206704,0.0001674027054349,0.5329976936094393,1691.0994460668055,0.0005301077984325,16646.40457113823,0.3496349299931225,0.0036138682521262,0.1799485236085907,0.0449726270145471,18.9701397065308,0.0014663849400404,4.124562512039852,0.0030419610850127,0.1738698026491266,57.95420503046803,145.06262214708053,7.776776137398818,45.93484075338534,0.066787740825644,14.21554375732734,26.667577902992903,0.0001355395923887,0.4133720832260173,459.2423852672116,0.0189623313910169,0.0075169627577391,3.9997943005687375e-05,1630.7392828438992,0.0002663829032769,0.0578016036668289,2662.840104902565,0.000310134402782,0.045323289817498,0.0391285153404297,0.0132278582190679,0.929116319994308,73.57699160999711,29.92132194541773,0.0579611984284849,0.0003163916191155,0.2025514577882886,0.0143925282711627,12794.120932113998,0.0801933714406715,7.610941727964615e-06,0.2651798636630567,301.62770958966576,9.382662007993872,0.0020010923606617,0.0654212893094234,0.2802196946729557,0.0095034138706342,55.292191102376094,7232.00666295244,923.5060683002936,0.5418665345752446,0.0001385404933587,29.11733016777353,7.015361313400186,0.2976586453458136,0.0001868709117536,0.3018078624666246,6.914403443003536e-05,0.0001589826185792,3792.949855556241,296.1061964560613,0.1306215064294313,2.662149798939936,42.09846254789923,1135.4040769944495,9183.443845848387,5221.1241474126655
HND,3524.404136097117,1335.216431546896,192.89822205766225,1076.3601477827524,133499.63483484523,82.8908829854236,1182.4714559645354,5769.384062075305,11371.37425297009,1786480.4897642708,3.3125664524503566,2121.5870831979823,3005.565166776493,255343.1855554696,13550.04142598344,3.797842949040692,382541.7525277528,255.3122639943693,118.04641285340368,45.94355690100321,53760.94540787744,0.174091940600893,5344323.511118596,182195.95456262527,464558.83120839903,650895906.8838899,26932.507993150382,13852.27014447635,319583.9174966216,473.0162390008487,3.892406894716864,15.559690484669414,0.0344842805000209,103.2725835686568,120.93954448996509,877368258.964389,0.0049468777628655,135475.81958017257,242.0398416660292,12848.049450163,223.45635997229655,129.92203178173375,2281.9049918374203,55.21535654535077,1011.4885694845788,237372291.54231864,0.3362923045212976,99.81071290837738,257412558.98908868,83973937.05060421,0.0417612614417288,160542.51194043027,296.2091421305547,142461.72874525175,2153654.442476073,2.041794547689799,654.5129349724623,523853.01614623127,4292965.8240953805,843202.7790873452,9944498.760383349,19439.04611349229,95.75313515819298,306578.09771295096,4045269.043802273,299847.11608702235,434.6695327891788,910132.9605929534,32601.95969681783,9.68358754198799,4701597.23752408,33052.59009826796,3086.6181821436594,48.06194441340413,5432963.290310301,40374.9655781511,708.5706384380182,123.63434888976496,9552.648405213073,210.39467314707483,5.397377262367353,74884.05857083667,70.13953269743966,17364102.88094202,7762780883.383849,66192.64000470442,19.47377009239416,84345.31365502722,0.251681194210709,6383961189.502905,151257.33734188403,3640855.837178231,118669.76353505804,1223.374700853939,914.7688462037164,0.0152076829424916,1982156.064917064,110452.46912974,29201.44905205025,1324350.7387347375,2473.583046554707,729602.3623341476,7856574.52066346,2595.3633553557206,373.0173405023426,393997.6196701973,91.784553592186,208.78501101425243,79.72199978272685,138891.54377690377,91.4319090174474,36.71280007812564,92.43785264056356,350.7353849192459,436.0531294086645,31385.01230204381,1009.5664670850676,638.6536361222715,21.194994842351363,3.828558359078072,317497.83779338695,19574.48904059556,471399.2868074678,2740983.9786676485,14620.204580329815,108.35693719444224,0.065061549228728,12097904391.38408,7247.201362144031,4380.529270814713,4405.314257621936,356.03068370830675,231.01529489347303,59295.84714483452,3574.736425202444,0.5118197286288958,137.0283434301848,16872.88429406909,296.89478310108683,0.451879856009439,19.48529843241078,196.3231819078536,0.0,100134.2998437362,1260.4139133679037,0.0159123407936068,1713.893494246194,1771680562.706423,2906.0213992442377,461124.40614288766,4061915.7157514985,51.60715362091264,206.1734068119913,113.93742713537978,60.491936527902055,259.8248938521293,117027487.14219113,0.0127619071253628,405574.9480732736,171.7272246585124,0.3953680268339218,26680.539063316333,870061.1424571591,210745.6018782663,144.8232974706632,1450629.0483411816,117.2443040913632,878.5824096658808,1421.5684687860485,8.215012206868067,206677.4999213618,7207939.550434095,2.819706582784306,12843.041194076926,2186.6238819544883,1157.425832908807,0.3390854603726166,3.172891065200954,0.1031681955322805,264756.75376311864,104787.1383929286,235.93776780047008,1642234212.680711,7.813818108724729,102.76218635355966,44536.36037128469,161810.69310216044,94.0706397974811,0.243555930803288,59770.97762237249,39187.27864680872,55888.353959203785,2153686.9492056314,3.376432009718877,0.1185063668674594,6115.837502365032,49734.8462287861,683.79607092617,908.2191983702762,210.69661599737455,400.6782579593872,2179.4603597537343,17700.126918022397,5.599553149496928,12188.063016306667,3967.225985034831,26067.110238486395,322015.07369717094,9465.68030226292,18.30032604633884,145.62025117335523,32.107037665458776,357583.6410981388,129580.75000223654,62.41675744118187,5791711801.32587,34828.19167582901,715.136827179995,5340351.458199257,2268.1902982540305,4449.70682574245,153.2348653297682,76552.04745333189,12643.056326614502,202544.1520165476,375.93269518354685,211.70959503810388,126.65963495517347,64.88424402537616
HRV,70.91035500535634,38446182.46277404,135746.33160464955,524.116949801544,181866585.8347522,247463.6937439677,317.51236877076144,25668379.158874128,0.0154418711953543,458609.5564977739,0.7785649458429486,3048.454316717753,728.0145154179337,724096028.1730194,47116500.53841529,27125.66286759043,20197806.27634243,6380515.919816748,15890392.606868597,4003012.480595828,550319886.571342,10715.849452885168,11504.557179498135,1356948907.3334804,813875122.9356594,5731.68025347248,7.398743201615485,12733.478418700168,4594713.376694731,10767.788604636393,1.080390643661005,1421547.8895360006,0.0083321720398998,27.0446482683837,12084585.748506209,15686825.692692744,0.0011637853187389,114411593.8365111,57.574990321748615,147493979.42927223,3982492.813005577,17373919.38190235,3670043.2840549033,1158682.3341836592,0.0186894359153629,561569.6649843765,420.0339265803718,88707.20511594292,29999.414960507693,130019.56628945885,0.0098834617284211,224.27838696026967,4455364.030373186,444925909.4518338,547743039.5160885,565925.5892886394,4343.876566013575,38316420.13120762,109962.89552399282,121432820.7489453,13568.952667403471,12270581.704202509,8835439.36835965,3084178.791709129,79471374.86593732,75292591.80585694,106724859.7743366,335975493.2992452,1.527123267057416,2.3154027652958677,341916640.86295146,226181.85838315263,0.0921428898301025,1437541.839062082,49314345.37558794,110709405.95792525,5126683.675016574,445.52481581573375,10823452.862257458,1101722.648244996,319892.2816201464,318461608.53998506,1991.535173043758,103507159.91670832,22338.737993401384,452364.3692157546,0.2941686645178312,1125271.3869157543,0.0594441341610831,162158.93404753646,1396412255.334371,38236.2091538659,1461823051.2129557,10356.507883598591,69521810.56869037,6.442492224621082,6084989.628279073,167723414.85439122,39389432.18165293,13003941.754542807,4305431.676509589,1788524053.1279583,18618.388027212884,5354092.336994583,2460894.9413858047,701987110.8286353,164920.30109345927,57027838.62156185,23293.671942026616,0.0718331888887397,479879.7974158757,335229.8686765488,245240.46163354887,5592680.154136062,1042825.8612692622,53217123.207733415,2540.3619696293963,553671.721982019,27057.849569005262,0.921511014767483,165513537.04632607,1870073.1670689709,143008517.3648178,26486503.61667729,128531224.08456334,65867.74887910683,60.34525343779502,63209.02032288832,0.1799364458655369,122707739.1744201,61411931.65513929,187209.84540197253,5340704.894299784,174170127.22752094,73321400.50820899,0.5403497001978764,54001.70085669696,21022360.671326037,428.9293403270632,206.92882381396043,9303.893926755189,1871.379905902434,0.0,1.717397540738873,83535660.3170323,0.003775811947186,84534650.11455427,136489.6978042622,0.0226677855892205,21183538.85408636,241618436.8079183,5500994.978296284,0.0018281678741001,27.3518712578534,561235.7149161593,16609538.874011356,42742.41890117664,0.0030198513566705,67387.19522866281,12619.860953207406,0.0745499143778425,57.14850385574696,1457657485.7214048,26803.973881969563,1889599.0292214232,3438868.7042521434,1869.9065469750076,1384894.8611653838,0.23954417327318,100852.88537663844,2043059950.6928904,8795571125.060728,19135.633657103248,26447395.949055716,72614904.37691583,8232346.15154132,9.567656336931666,0.7629598128329912,0.0244179497071481,11931403.090146996,2.468769583194776,1256439.823152011,8096.957612742937,696126.988702774,1410013.615768435,289.933529098742,1097769618.3525834,4348968.521670481,2822.9665260327083,806565.1610793564,688939461.0790721,401361822.7599284,409906975.599338,0.8007504998507606,194.15693714896008,35492806.186617166,2657.2743110042,123761907.62950996,1994954.258660765,288951.49895031995,27016835.13539036,0.0010999727138569,30781884.16345618,1.2891724341816415,0.0610682164688249,34098.08335997493,47984287.89395825,806860102.904128,0.0032544604167645,34470.762522133664,273870.4295622173,216284.6629743315,2194346675.0973616,0.1154703385244506,15.026014085180082,351710.2640450309,43428109.99020626,3002.664287429294,2652353.646445451,339.2151020383993,1739.5696561303491,189322.13000250937,1.1621370353593434,0.0111136341949226,0.2055652253337374,10527463.515926408,49.97563156264594,63981.48232919262,2016.061184103306
HTI,11580.83995127678,80930.51446446289,44.5580881473519,8808.620677389205,246998.7350511437,261.81699599754745,2226.070401262597,53078.61239683495,1129.013219929387,401135.92982004577,0.7416324849306131,21631.81486813677,677.5562947384533,1005722.7112866492,70467.20177753302,0.8678487071033203,664131.4484759048,1658.5202390970803,535.125561651284,10.218962908583684,181419.3701958452,0.3216900047050011,26916865.131967247,620657.3807144469,1134113.8909516777,102659966.05280767,59525.23206210136,72243.11680574449,1718102.2083232475,2775.445860266685,0.8711696041800678,3.4487294865112403,0.0079163645725657,23.60786364645626,1820.9514476787851,619163850.8711905,0.0011086998082419,726750.7052577721,54.08427398787381,71779.45008941465,7504.421870360656,876.1142877910931,492.03155920933045,61.2202708968953,26.572095146122823,161644668.00886673,0.0766041065976423,849.6912025878122,107081516.26153006,556094829.9304692,0.0094706936647526,1411545.5059640408,14113.693002680466,718801.0309940869,6179094.042038431,18.110080922565857,24212.82069015503,940169.3205163302,253042197.20166305,2018715.715391592,9932949.819913715,55390.91349686338,4100.437439709082,494508.4187082432,9701870.002883112,395481.8880708484,3777.78464570702,2314155.77518826,674.3156896887044,2.1926847935027567,10635971.62963771,46946.676507629454,8.811024835928931,43.93034112809666,8748975.06338032,91848.28299190388,1537.4055923933624,218.00922797620296,11020.800937911572,1912.733337229392,4.660716469690925,351670.03849563794,1665.03977134265,13080169.228912162,487762781.8906654,115676.72963974318,0.077128186261163,348176.59798221325,0.05625413108298,384823314.5879859,608158.0220801795,419260027.1854973,488571.0210270143,227.4349063677936,427.5091402758717,0.0033712091773985,3617177.7061252063,372216.4336703643,89431.84435011218,3948062.3070138847,19781.9295004625,3136882.886382568,106585346.56214523,34603.672644574624,83.95171634449181,935173.7516249806,20.79609824325877,24770.94375572541,17.86958362668895,8722.163526370034,20.62491944585763,187.5947338493097,20.64353326616317,7774.140891860533,2590.308964996532,141375.86915109854,6146.852662086487,2426.2825621123197,4.796626004614197,0.8699739631389889,437536.0245022979,84046.54148567095,543856.5253158372,5526283.992590865,54744.87251966944,24.50115154925205,0.0148814651645545,2515803007.212827,43.45502861608894,55139.911699503165,26333.72662337128,287.8361389840502,52.05288980063418,188115.74407934843,3582.46962848894,0.0686481003058219,31.164423658689543,63344.79988875281,3144.9436179995537,0.1018355976256319,4.437574023927492,44.214951173299966,0.0,1.6731088380848549,2255.5383942765898,0.00363533401935,7354.276524855709,245280703.29248855,90.83220024227649,932962.169313386,6584498.941492784,206.15411264646968,3.836373654245051,25.634746671225145,522.8054126076993,2131.753750665307,84077993.10677981,0.0029012029215138,1419943.5595846518,38.53026658493153,0.0642214111715127,110.64236818012051,2591990.34892271,5094024.121172994,32.84291867244042,3296151.3853957225,707.9712951879501,9075.503177039667,16.86945719787457,5.058034841894955,560917.7513967626,11404012.571328975,0.6455764137943216,32476.416522987533,1161.003248644815,4973.763507942149,0.0772710276763106,0.7182799098683281,0.0232771162468452,107725.6661355894,220.17650905160923,6397.157831632402,43451011.68740988,349.94623277452047,24.703099864867823,77300.48780822754,389852.0926027624,356.2072212629904,0.0547351835200622,174881.67964638604,331361.06604525767,311856.6286189528,4490985.359171715,0.7615828596842107,0.0266052093001247,51023.165750191045,1322011.6711292267,1461.689940019047,240.65314962866452,47.40408501018977,26332.07945420057,88.40417158770674,165805.6458795944,1.2745915895931574,929.2865240933525,15993.607966129188,213845.71307684085,1142795.4025189646,184.6069007980612,4.0680187226384525,33.135761399539554,7.220869130033947,1567706.4666883105,7470.313600731833,14.161969371994648,3738007487.561949,92968.81390528176,4722.200433118269,12223788.68553147,30175.70271143317,59746.42212533951,34.2584394590505,1.117592372503374,903.9699180520388,25162.245447161036,756.3686460118539,48.00344243701425,28.997429736557407,14.760083975077702
HUN,21.52925984856253,40385264.16291142,90436.62473093336,80.74516938713549,109963511.40217976,185919.97235839823,376.9677182031437,27368572.80955456,0.0198095575600993,615150.7488471542,0.9997956633901997,819.3268150287071,952.2723514519251,731998828.3224157,48579757.35574719,31038.645953360327,29114396.58383417,3465873.4724860205,8170819.051205587,2959952.608651043,772686264.0475416,4314.734999695986,1673.2013053718947,1027192000.974508,1621641281.2929878,2367.7492284717446,18.73777033557652,2229.4658699365464,3027961.3269484662,1978.6977924287755,39.74587836878031,1603236.9607293466,0.0107133331482559,30.2176436413822,7101454.170242712,41141914.66113229,0.0014804885888382,102186031.55164254,74.76718820636368,240557262.2127996,2215955.060473168,11552408.06060549,2526284.029472163,603503.1020113546,0.0239356479492298,422928.30755205103,266.41370903374474,33471.76919335534,24252.18607911101,20393.6037109308,0.0127412894860543,50.07973185969973,3038687.8916471014,708090221.5272049,905610784.222886,596665.9054461224,2551.411912442627,83863776.19738588,14172.65822576259,73830965.34096149,6753.0166789437535,8276526.057531118,7273359.346981581,1500542.0484977246,62457549.32155288,145625079.06863266,84013357.72746377,679002759.734066,1.955685409529276,2.996074512727508,346846734.1176317,461535.9518298664,0.4293454703476762,657504.755489876,90822214.7870202,162632529.64887282,2225637.480216009,314.5052919197217,5149719.538643433,588636.8650416394,210958.0366559658,260690303.04093847,658.6374754723342,219868279.10523295,923.20674268559,306638.20713213435,0.8088939639402964,622986.3857801263,0.0756944563709379,11173.567977552222,921768978.8878014,6213.073357040066,2726513932.8650403,11804.2387267185,52700144.0580382,18.02418077011806,9654532.655751184,148360177.47762105,29521193.64607178,24898837.584325287,2827851.244218326,958580194.1273768,4734.580377901041,3960110.561655353,3988862.523801208,1113866911.7204735,149887.48376584615,88988653.04639065,5059.538771708972,0.0928035720215147,680083.4843931178,241986.5413110663,131414.4333025764,4329323.93639972,450558.7789731485,27691285.575669665,771.0113694574325,530361.0207364458,28028.228601722964,1.1995788553796916,333596035.49539244,2450083.290285081,279907876.7368559,16533991.948056407,216974535.67720145,19854.469410325357,81.5424331310524,7755.145940345185,0.1096123792317558,116797246.9714242,26521362.843905363,81717.92030081875,3456762.9723407887,124201505.1793443,139050633.9243709,3.630766665383157,16816.56692778016,10769683.1000206,154.11123149157692,1.9224834313285124,6200.195335396988,4572.289627533514,0.0,2.202708072688868,40529101.36175165,0.0049313601056456,45403173.97952357,56860.25152494074,0.0289663422923803,36945240.09622368,532965330.3950151,4153955.118727088,0.002368030405662,35.64709395026212,438205.724104287,18260181.721289724,62204.287526501495,0.0039286435198913,25061.471377902955,28063.57987571536,2.441522672066156,68.29210957939453,2891584034.2457643,3158.82476949417,3696699.988386331,3051171.7309121704,31.18871626566312,948366.9260848606,0.3098130286950539,71983.83996538898,3842695281.365918,16219331073.594269,21554.34633614829,21138644.098131903,46857674.65458053,3277801.338207477,0.2381575234034276,0.9921809144100616,0.0315198423001797,23322799.618342984,3.1806664030492238,649620.5956758648,20.138218938653345,303584.6825985397,1391166.6717922532,838.4655648541332,1331453836.8685637,3344044.2729787217,1170.719359496174,528585.7726458278,1350958240.811209,261228617.56778857,878442065.2422197,1.041604330720172,84.63058411218225,25622783.58616684,135.35147326263996,73375539.67818657,921772.52384808,153141.75809075363,31993723.45716388,0.0014148705698819,34483353.745985225,1.6420245092314647,0.0778508477535531,4876.0613982148425,29304827.87885083,908231806.1681294,0.0041962963941042,34717.56042808541,186094.57354196697,264545.8737538835,4424489952.265821,1.5054372110825098,19.40445137899342,421111.9608591004,53478328.825220615,1121.921373192385,1261746.3881095329,745.6845644829981,528.7010213775214,140847.74107542622,1.4946667842099777,0.0142575291142242,0.265176878028299,10555017.083752418,64.5309268178461,28903.846090536077,481.6245593315409
IDN,0.713224387896428,2129.365780405139,25150.37862815184,0.3172883490471946,110.4861217951436,142.88879272886282,22543.74689488428,111.64343047335164,4014.685949790815,24473774.673197165,247.1100760449156,1.8293295120436524,14954165895.356136,686.9198094641773,500.3817920821182,27686.853051095684,285.361379862796,271.09681986103925,596.1035849225841,25002665.212700345,595.3071381235151,2.0452651416807663,62.92157387870402,285.85511398233865,2373.597229166952,78.12395555436012,0.3256705377522435,3555.209754987836,22196.599462819715,1.7247447480636495,1458604172.619128,2062931.0201091496,0.4153849423405429,2077.880583035446,11604.704293861225,18240195.44240716,70624.01774829408,321.29258779845685,53774.03353501386,4159923180.216271,725.9199001831623,1172.3922200753375,340334.9331505687,6094.372011093367,3359.262866772256,4088.282182259797,1860.1920127435355,14.947818790940884,167.4480706546116,514.6130708974056,1756689.239989284,1.4058726420915384,28.05532288037453,684.2756700752833,3487.445744197148,590.0350324417894,2.9202055547068837,561.5936273875961,169.4635181857388,7358.911087115641,1176.9958828749602,2252.256797995453,1221.0467266549376,845.4980225007804,2549.030185165586,718.648733204746,1069640.7629376608,7739.740720226012,13272149.713069892,185.89251230467443,4041.066050558965,25.48568280329877,5674913.757231502,784.260722920008,2672.903428936129,392.0975107958715,560.4302980489347,0.0287434798397556,550.314663454285,84.77531464230844,118.40507535092642,481.147163750886,1.2778967964968992,267141.0170067258,376.0006051392212,246.50358433853503,8668672.090292329,612.4743593577955,3.0543017293579484,381.86076165395485,367.7981827869802,104.43918134925876,778.424803633666,798220773394.5608,158626713.2453168,19292.452897473984,720.0138815576722,6734.641509123211,1335.9706941156392,2622.950289650861,51.54400399872829,1628.0324111670304,43.29861820935792,220.17992530722665,2099642623.310502,29640.48785287049,1181530.9110772423,1621.8588302490489,931283972.9796064,42756.86634577815,308007347.8375031,51.279010129703785,275765429.09593755,24.03080015369317,224.5104046056116,4844.418521060036,2.2201893288419976,1.3846161451753538,111873542.9935527,45.90288279269008,798.2600691730665,22.49198956285756,873.162656209603,1413.2409391557635,267.7404053128337,870616.9001813228,88721.898726655,16555.366912043006,145969.50732396703,107.72737125879746,2524.646988770682,1.5598225538218982,212062880.04997137,56.24583321649324,3529833.5723098963,5987538.006158051,212045.7265542797,2647.0386188000057,0.3882418510502466,5601.154470062667,52516.45316654975,102535290190.44109,0.0,9901779.221140064,1785.756248807783,3643.870133903051,2024.0852128116835,449.0313395412084,17471.107440144224,376.1548046253064,8753.753957059516,796613.9503045764,8964.541757161405,6521285.914341627,11032.551884305902,5381.567651397749,260.3339445000948,4.856245900148839,5202.432538109089,19027081674.555485,29122826.042489152,83165125566.14401,3346.197435609305,33.29165531448286,331137554.46286947,424.72000472414334,1256.1573977200371,13.99398850558561,929.326308732763,63.52724621332006,1716.4296215149034,469769769.21475846,4293.661570963128,9480.0913692771,2724.8976110229505,627.6170917848506,180555845.46177357,958.9159064573944,1.2254834500389693,3820.4203712996937,209779863.6847753,171.4132254266696,68.01778312289272,0.399637228952896,1202976.5688294892,2.460824118605467,576.9705262202773,200914.51108956852,2.843849845517776,429.0408434258935,378.1728357607951,128.38378313612176,8998.976402392314,40.308876907427326,14826.358267661602,568.8548857727417,2.994493800948711,1851.6449827139177,129.14840313930495,2347359191.1116657,857.2799880153084,795.9796277136376,2664.8418326147435,842901641.9408021,105964.01917631952,18.593855102598184,645.8444180919861,2819.3324138518515,14412.54289095251,392718515.11575896,1034697.188022378,267598.3507410198,5258.792340269339,771.4179665710028,745.387469431935,3825486.761518964,3020.9846028454504,1.7349305832220074,2823.225721313532,0.6370436165307236,1.4564411818741367,1896198889.723872,23552839.825206157,25299.88031698241,74222.37087084644,28292.604077752338,3387.830470486172,191278.89594139848,6836.9275157013535
IND,1.191745489984695,1008298831.9574424,11185241.788823588,0.532725175094682,175.5338929361397,33210639.736100294,22979.92233861321,909682.4839854592,7.0404842053492525,35502995.0012873,6869.291528669259,3.076547733770735,336088009.4653064,1104.200215344738,2232115.366577972,41404821.97169018,464.0272592885288,5047.8967765475245,1864.435734719217,56543764739.48001,950.211459168601,224379.0653849952,105.0274524547524,456.56182655385805,5299.709847508706,232.44083764972547,0.5406220737263163,5637.764019474002,35681.838767116795,2.8778776268249846,14875776.963417511,28065974838.906483,0.6829476292943346,472779.92155555007,53130174.85178975,51132898.18226867,4410.32680625938,511.0532361893004,4651.137029272193,531531663847.19183,26319.36977680243,15630026.085032366,1383177688.6948118,77319269.2274679,2.1979725215143637,6756.872563720855,1695699.2634895726,24.721201956329168,282.45079375134526,854.1131791753729,243539.54265169892,2.326756702700854,12742.264060652193,1109.470773615766,5701.640316135874,12916107.268515356,4.89504137511098,931.43078305729,284.115122051617,14119.640239430197,1911.6252994187855,845140.361166276,22012850.92984339,1435.8387272952552,4142.656426414491,7646.858781977182,2611676055.4749937,29758.197542793103,149185.71625682735,189.09522655218677,6539.312775280408,41.910578993402375,48990.37166514733,51306651.11885212,4657.120742273527,706834.5396859829,21004.458131515057,0.0484132044347001,960.0536287614664,143.7565867830749,3911593.655837073,925.6556086602076,2.1193278639682656,543095.5981426176,1038.1700563238196,398.80398369923694,135218.46916616123,998.2507392323588,4.92614293244803,643.4470976438857,589.0938510984732,173.83647534209575,1247.0879914158768,8382893497.294306,656581426147.2625,658467.4030524066,1191.1785657872274,533802448.2353652,62263447.19272461,3026.3447058232896,3374.5384823473964,2580.68413367716,72.17101509305657,987366.9144026836,6193029564.147214,40815929.86928959,1782036221.01931,33537916.85042477,2805881836.1647677,630.4420051578486,1803012226.301494,5067711.15867897,13685125760.069382,1324.1020922045243,3325.464387070445,25339.127096648783,3.690885421552286,2.218140642627002,6390986442.682974,27931.361675881624,8036.773965385282,36.64528318978849,33366.188728235684,2255.779665785874,431.82647803135023,309715738.6470404,9396096.628870295,880033.6553245547,594.5187200207279,168.95199553967586,5421.983748713741,2.5337134501682423,147148405527.12775,90.12102551355514,67950381.04417318,188843.2049470551,281397805.5137772,5793.639043728215,0.6525068274354663,747885.4211675235,73682759.14901543,1336604978.1657832,0.0,87926.39849006514,22467.37474087534,132.5936743224731,530224.1416714579,747.2731332322354,1.858821196789111,614.6235678412605,32557.294944112764,69400378297.18471,55.05064836491758,10173.673911343756,113816479.47341388,24812126165.075607,437.0304890069089,0.2485427863690492,8295.809213151244,1388000046.9538891,255801.97059261377,145280532.81887645,5627.840574881236,56.05443190706976,904886912.870036,700.8860916640592,2009.0285160419169,296.39988895232153,19.771054873775743,6454313.138936714,2745.6523397706715,973009717.8768684,30887452.42502205,243099463.50333276,17425771.3908824,1043.3921489529123,3229755.2965348437,61.85601355750383,2.0067710093996105,7302.190014781456,905759.7469100708,290.1667198339523,114.52511603732772,0.6294928093894785,2452742810.522093,4.008973473933541,916.1966001451405,369781117.6781497,22636.63425648561,697.8862922710232,611.9128955206297,205.77177415560965,72608.99314172556,4035.268294323266,2688851.920676101,2896968.691471545,5.046858360286161,1002994.7695420549,2157.84767582028,18007213435.219704,84789217.82253586,103.74895423965468,34669184.41059381,13514012.802485775,36.370572491567856,30.72548030772749,1035.4543657163392,11870427.429047631,119.39648681807104,2769884842.5214305,1488040051.123597,808280834.0582169,82079.48887142292,2349.1474553414764,1207.6199628822098,59687800.97006306,42157647.60575909,2.890487476521133,4652.37222709879,1.0701438613300782,2.4444268724832803,18935229576.005062,41299.38240506605,544.445969446506,531.38605721135,117836006.0502875,450531.841444116,80014637.08934143,5408090.360378105
IOT,3.7994976992195006e-05,0.8397308929376939,1057.8903357731078,1.6913286988495813e-05,0.0057536297342579,0.0203145260242509,0.7371356397289234,0.2571253387667878,4.1715292549593386e-05,1471.4731611825089,2.3039492174948064,9.824596214413894e-05,141649.6005300079,0.0358008015684845,0.4263454026472679,508.30597429462375,0.0150228375231904,0.0145097033214114,0.032150216310898,13797.089424519594,0.0308618144932139,0.0002518445220928,0.0033122292950464,0.0148798124983642,0.1235515986065038,0.0041008231537687,1.7276451275805016e-05,0.1843069469146632,1.1578084332447214,9.226146060825612e-05,1710.82186794281,1340.3895148851093,2.1795245572775457e-05,52.53734529749206,1248.3294780056576,23.408391869438063,9.389295436441898,0.0166745362963212,2.1572044040954004,602070.1108234635,0.0387919342503126,68.68512645897968,10085.949585527303,30.49608072851315,5.099419252407866e-05,0.2161320362928672,25.05189151593368,0.0007951543293898,0.0089941727575244,0.0271611964890529,96.41537356376648,7.314507789657476e-05,0.0014403232565101,0.035808457190367,0.1827768698440142,10.54827438544208,0.0001594808948794,0.0297107935924426,0.0090035789843438,0.3799878918755939,0.0617770483188886,2.29154552779037,2.754123928430991,0.0435063999723368,0.133166249561678,0.0375716318647469,16582.657412775454,0.4038981037068545,0.0040395364763645,0.0060979460403505,0.2111762115728537,0.0013545573814326,2.7566444674803385,35.88283651168764,0.1409351329500762,0.0201842688132353,0.030114044170292,1.4867251056926989e-06,0.0295343728830352,0.0045422033318445,13.114836500986025,0.0249982297352577,6.849567256317357e-05,13.33277846737222,0.0201802503718224,0.012974024688928,8.837865560509954,0.0322389809680219,0.0001539906956216,0.0203464786328975,0.0191935052189886,0.0055240818600132,0.0408128419674983,1324467.8158283436,173662.8276676265,1082.251772120595,0.0380987862699548,9.483770318814347,5.04396070042831,0.0967139950535607,0.002669186131726,0.0842543008101548,0.0023184492404766,0.0795894604723951,37497.92744220583,1.540851901908378,7281.326341395511,0.0833487012672762,287944.41924808547,0.0001911743267091,8337.882422517083,0.0227325230804495,216401.9646688481,0.0012466029895534,0.0119191075576736,0.2473654589061216,0.0001188071805735,7.242185156464132e-05,36553.26274729846,0.7963024789932849,0.0421414207006254,0.0011774294169981,0.0458694551626822,0.0733117683098744,0.013912095633832,10830.494511475456,698.8761784777962,0.4299475653882918,6.84438409833954e-05,0.0055629151356288,0.1337667211723918,8.122689165190877e-05,452491.6677103172,0.0029389942317834,103.42179333508976,4.19206692747678,1200.2352378235537,0.1373943784576894,2.061260384778052e-05,116.42292800429276,347.3395611985204,234111.49897282827,0.0,0.2007569543138859,0.095140295178123,1.0074713671315294e-05,0.7653583334963745,0.0237840027152405,5.947831112962376e-05,0.0197164807027867,0.3189455968046575,2466.784667119399,4.939702520800893e-06,47.95660089591599,9.263079605336504,743.8009437180029,0.0139500168629895,8.02950136213898e-06,0.2701075488623741,161844.39592595954,63.47508228678002,3506.1494434018277,0.1748902325607488,0.0017619634777727,4918.4326293628255,0.0223489082151897,0.0652710989855239,0.0007256849626005,0.0006373230440679,0.0034822888464336,0.0889502538718382,3040.780368171747,596.5608520566342,62.10667975303557,248.69385172419211,0.033272477988449,574.2193283699453,0.0019977576750734,6.473623227520875e-05,0.2030553585937124,1.0962977863015448,0.0091393967137327,0.0036502650499752,2.128852608507259e-05,13526.060016665082,0.0001295236723706,0.0300820353207598,6774.851138142903,0.002549223753006,0.0224925644925346,0.0197497933716235,0.0066965420678215,0.4693157824833711,2.13998180392084,367.6498814615188,0.1491343158793618,0.0001566573131697,66.18612220788307,0.0068872822514283,581297.9824883863,0.0436690741391974,2.910058242378e-06,0.1373853068821216,2873.1560389902443,0.0001663460948442,0.0009772353531158,0.0336315665519237,8.173733221645092,8.773978992238085e-06,23428.719573562263,6411.891716908471,3769.5238857888,0.2749223384101613,6.804815221195248e-05,0.039182600852816,3.618313864227619,0.1552175524445065,9.196564158564512e-05,0.1493796638911765,3.3915386746130594e-05,7.741457280019404e-05,323060.71052752045,0.2545343292135268,2.9115693093431302e-05,0.0005486522472679,147.3134817424315,72.37677079257472,3011.646139946605,338.6216699321151
IRL,851.6417297672015,3882709.632873997,1080.5982838985876,1324.9716236522909,8843281.396758314,20392.00534064256,205.6300176485333,1818245.45683458,0.0105151714161359,305452.37992716656,0.5290370120086755,10001.581670846364,493.11767103265447,144788417.43261096,4174314.407024935,442.7342346793858,78364097.87200762,126748.86733253556,323249.6742852454,107158.23872697784,25748488.388811834,608.6922064628618,69232.07634583,28753014.1237934,203238082.77086475,178155.2522249356,675.7120599633499,31655.29750643355,4295461.758226716,9681.35245258562,0.6357089505797369,22047.849073886217,0.005624530138188,16.368937988651634,403826.1018214856,304811197.2875289,0.000783773356574,99651830.40087314,38.95640104642248,49052809.31851633,166129.4921634256,496792.1652213185,184507.99032973987,48559.17351338624,0.0128043444525635,1989475.706123738,1.833311117268672,15521.47031515701,281414.4182434353,857645.7803922353,0.0066929824549415,2139.1278644535155,345063.1887450422,96690073.34635124,741860924.9792595,18145.28217821532,15068.659596903715,142552093.59148666,991585.0011986956,43450222.53706112,99845.47581653816,852037.423110013,279908.35630614456,534471.3476574009,191565751.42775816,81371565.40444219,2335336.5626478856,649114021.879418,1.0385353146435496,1.5677596112100898,669682555.7042592,4583382.820078105,0.1279555557452843,82184.87088626178,2011478413.8198397,15924809.026885848,161188.15154389234,685.6094861837337,675390.2064482173,137914.06922444014,16815.23687970615,20617143.794096597,7524.233322455926,1263459022.5858548,720520.7755516542,985792.042697633,0.2774128756156221,2829006.958045246,0.0399627583242676,794567.0289939308,25932565.59155901,352109.054269621,43351292.847667634,800.0174575934445,2568317.628071921,0.415499574128605,1025990191.382906,11923970.283998728,2654568.7936100005,288385347.86916053,317600.9583228173,163246859.08971208,126499.6180067432,467161.44704637246,925986.1869768798,297571654.68293595,9450.810952907836,14418141.092942746,2528.1186892343803,0.0488349495338407,153438.23306736187,24146.315030888367,4722.322783887606,426399.970550776,88555.13899754277,5317172.815800929,12440.09887652132,543515.9638738036,81.89553331666446,0.5962940767027516,103909017.38737392,5273720.746847905,107293455.47762996,25696047.43167989,8561654.392620178,1795.8513051479456,1.0882248039596147,1604366.6198275075,0.0181820071411957,4716505.496332656,1970177.701931836,32110.91186566651,93182.85600422983,6001380.722894021,30762925.088132665,0.8128226347397881,1971.0900166403271,1326797.0832372652,1902.5856751183744,3.409914792924551,10.156455515927236,419.1050942249283,0.0,1.172587377526695,1647500.415436955,0.002586564746418,1403699.3245121592,810737.8140963214,0.0154708555239224,125474610.2812965,1368374472.6078584,219181.94124276296,0.0012486420430076,18.529260562508416,34519.86877131291,2164385.685562044,318715.6165512403,0.0020508575154911,264498.93154148466,9344.928265053755,0.0471055770393992,36.00900763505452,433202030.2094483,158430.16456082396,644617.6853580719,23986020.826810144,801.7149018677496,107365.9590779384,0.16305677301749,8035.46125180849,101459985.30820438,5175378757.933669,256.5545431742714,1560620.3172422803,2027030.065497048,576915.7796937835,0.0547108370455044,0.5147245149198741,0.016579443176488,60659327.4398043,1.6848509915701724,141426.27675071865,95175.07996523756,25064.471490668133,40955.93993684753,19407.95160966972,33353452.06434613,142033.8494828896,101.92156363854568,1802500.312855784,41616497.07693836,13360619.047271676,1069742678.8081487,0.5444710811142517,14.763908671622438,2245407.2238564584,6121.328950885567,3102590.295636185,45337.07676137306,3133.9457011023205,3929738.586840495,0.0007471384044436,4735407.908979293,0.8829482534203688,0.0416148794357608,111825.58446557511,9147288.712833392,74600859.44908258,0.0022170685785262,13369.07672648921,9072.564976216288,8054.65056503312,249878277.7330347,0.0447267569234538,10.204172930342558,6590505.728053755,9169040.533499217,10770.199607206134,10251887.93126069,2489.545083040299,5669.273718999542,8211.523603635347,0.7917588377734779,0.0075508928626278,0.1402860495410203,524206.90703843546,34.03082801477588,2299.6625824236294,10.055423370368654
IRN,0.167312724645297,25572808976.591232,2246149.113623115,0.0739716827169151,1382953.4417604115,41957129.594180994,3334.383250680279,1067187881.8971404,0.1895765647360303,5119429.1390423775,149.29002255282097,1.6157975022669455,3361273.5886144084,12439196.106442396,2976042115.906367,20015300.91245132,1567761.0554622677,466075.69795216,407587.1904169398,2343082001.423594,45325802.18747866,744394.8321129957,22.773408527044214,9355231.880219836,270917419.90895617,19.33076238202337,2.289875147278025,846.338314146146,7374.263852229672,1.3943193547876882,83245.50800753926,1402891757.7787654,0.1000096794562225,204535.1378993676,36977074.5185168,89682824.30639245,62.69720440614012,2201863.5507445345,672.0499587609993,32001289990.654823,464353.8371013481,16483188.914510936,511578429.0396133,18935549.39102678,0.2350183983791861,991.145834486768,676836.6869344307,263.8657683238922,38.98547153619538,135.29904112581525,7206.1135356477025,0.7603346355969136,1376108.352157848,10337305.750939485,45227562.1889028,21023838.507316865,0.6791956570559833,8693733.690364113,39.66947855931837,930552.61411475,289.3860780517328,3835981.528358177,108173654.48051491,2056.3023864161523,1794076.345196622,50253966.76331367,2090210020.4041429,238376542.0114426,2093.4092609796544,27.632956727568956,16310870.684769765,45712.02881865154,1262.391329452099,12110639.299313975,5194510.697531158,1436723884.6434212,765652.4651842476,5.2640450423027,295310.54981171014,11837.287699923552,1708607.9562388766,18977272.8468771,0.3115926389662544,40128604.10592064,91.01731859177254,96.07100637104998,1452.1815859211197,514.6921007147624,0.7168310255377706,88.97080486936763,6043447.887662741,24.86023219235881,9964878.501891913,75745158.22868595,26589849921.88389,42207.01301512376,518583.2780025539,38074824360.7063,1123249716.8333764,2357042.357391328,921616.5678804432,10266722.507402169,12.274504155186978,6371910.811520714,342626088.12268174,39595104399.74892,247910667.24228227,11999657516.440536,22143551.61379032,1.1129297679032004,89144891.51837559,15966802.83153211,239941276.49070543,1902999.923172896,231986.00797608055,503467.8913050245,0.5220276933924075,13097.776712155792,77671442.79994008,1762.3130943617975,54036253.535005726,119234.89916126795,70493925.31945066,163534.92145350296,30448356.298758224,105320124.99642292,124745.9647444845,24297.651972758817,8.732922705376398,4168009.095298528,687813.8737552436,1030.1486812005865,3783655254.7829647,1236893.4165770186,4461709684.102173,2596.757237548112,129469635.84066422,78882.64769450687,0.2227932732724538,146479.89368072082,27023856.56237336,13256944.188371869,0.0,1139.7835082795214,1919100.8584413296,0.0472519906360905,11698744.951564662,106.42150862944295,0.2787478284071591,2022784.37155587,132905905.12494618,4456084346.4305725,0.0281489062795434,323.09876077239176,133413847.67421047,15186850838.980862,61.59453331396161,0.0350785380967232,1264.4694965051262,22162821.884138647,6662.796263218235,1511647.251775588,93855299.97269168,7.742421546863047,183894583.0472355,26977.17328982967,301.0957464916895,275180.4404977698,2.869078325823791,14706328.55297608,123483264.20206772,61356875445.67981,15992725.342123162,593022003.4651538,161802910.51186076,63889.112914023885,25337.73993403474,8.989365376763846,0.283461918089731,16625933.569322608,2498.463069553849,69359.31970232209,15.670345108155422,1268.8142569334896,176867015.24861455,41.315988633875335,17679601.780262224,115107657.40839484,13022.850077875482,903.3365483091716,6004487.927160422,1728626.9723835862,252211995.01060808,7501.622947619528,546549.7486269327,87942354.844111,0.7306543115081054,28417766.477755424,297210.8357527711,227944822.4543227,11119383405.363184,0.0135279959593072,9971663671.623772,104255.83247820695,0.7611097070461679,4.421728365182272,308296.8824875317,2029928523.738548,0.325696876954595,53051643.14317168,550938521.5596597,182622048.0313837,938664674.19155,30.86043668108208,181.08810364145248,2024423.98534468,11726998034.671192,0.4100006125899307,7221.051466461912,0.1490513859653464,0.341664788273965,361440586.1654986,291.56130749729897,3.1826843361568224,2.554434710818722,600352174.2329669,189138.179952099,29294922.17760916,2471855.1067735394
IRQ,0.0442026967246358,3610843816.5404673,615511.8274143888,0.0253788193540998,804636.1167802138,17964192.49542325,874.2811440851167,650876538.9992186,0.0505542965821632,1280469.6658896082,216.98178689120124,5.871159638868769,616298.8732291936,4483518.815935197,1570139873.3715498,5438004.041407362,615334.6052124008,880818.9098304034,747258.8646555503,311307653.1336482,16456445.811854914,383371.32897629606,4.187835714907406,4113088.8726698314,104571239.90415864,4.850420146720945,0.0204753887835054,231.95677299424196,8283.393074688072,0.1527553790657038,7292.190259848236,171638751.7276836,0.0263524011573552,33673.02719498875,30990523.45155282,20073041.006561466,8.798679312108836,951630.5594088604,180.9296391364822,4939654889.899288,849905.535553829,15663787.073104888,183991443.4895351,8041847.821002386,0.0632344228330555,724.2682127851815,187399.16928726705,200.23288404026323,10.360865470999393,32.63988785938234,698.3240201280054,0.0889637613386058,4667222.213791207,4811851.253393332,18888951.794006173,10093524.30879381,2.9725588960041804,3103004.263340733,11.333944221369247,403062.1890789364,76.31297405626717,7010807.457446717,57905735.3243878,5203.366485695366,826146.731123605,21453214.408058982,1171416083.7798517,71596949.36000691,8.123255061330587,7.263171342336088,6093858.572485754,30008.353053495077,62.64148981523006,4668201.045510843,2778652.880923411,804779237.43258,1444706.3737056684,5.64893713629871,524516.0708857031,24273.76689298534,855141.1861759315,10881621.49237904,1.4494810553937438,10298537.809999384,22.975669621094863,1869.764964793201,378.3508799930911,719.1884747823558,0.1899524115671708,43.11107554191324,2524856.603986812,6.564384496952931,5222786.2369591165,10225951.439946191,3790488741.7972674,5817.523740797316,231031.92961649867,12937064472.836954,3470715841.277656,849196.1420999466,2373503.237823712,4565419.777300632,2.727080544720687,21929440.69566026,56521306.32755538,10326679900.594584,52935077.70773822,2229797149.8104057,2069498.4152998107,0.230608601822498,15109054.295200348,20879140.503274705,27535233.72822865,4055272.422197693,181646.317002154,627817.8914417352,0.1391595001968543,3004.9052164841305,9020407.813200817,2.88759658579614,21573919.07624153,25144.1675432813,32657359.230367534,64501.68696143261,12814045.4234648,26107551.2655786,21190.53073719476,11695.676030249617,2.240127372276208,1967647.6235415589,809961.3899903992,332.8897448471984,476208412.5325512,572730.8091366325,998451037.0864664,400.60343571253134,29529002.903538167,121909.129137913,16.709982800591632,29869.45855746945,5872292.255532842,1292687.12083924,0.0,68.15217281445955,2408252.4053038782,0.0125370438230816,15170982.287668595,94.8753682194282,0.0743459870944103,759682.306244466,37096755.7618454,532550539.1104329,0.0059423991269035,85.69091983231209,47045421.37485598,1657010999.6091018,23.539712392485256,0.0095528736299818,340.63064263223146,2768125.8864342216,2408.274891627575,444375.97279770806,43009853.23485713,6.02165353506068,36434667.61578137,8639.356132549583,82.23848626296824,908413.4514312504,0.7793091988384336,6716055.469764778,49685794.0951805,17870601131.549767,3918256.412891373,409059227.9066056,113607226.161532,42846.69123058175,2626.706748955997,2.360433196763536,0.0778284605828647,4674291.112784755,21.64792607593955,180658.86033396685,4.185847845742591,769.2357640295702,45540146.555664845,1.7253084772881366,7798603.998454799,67625336.6061368,7504.168235529553,101.96600318399784,3023979.1816068348,681899.4051114792,84042428.83933084,7131.216998317428,96511.9631918729,474840561.28537536,0.185130454913542,30133559.206238832,459085.6640696696,26098828.90810091,1880474212.6801355,0.0036424282032466,2143045477.870147,40671.2746691625,0.2020943927746217,1.1794939183881317,139192.92065308426,4127669076.5060177,0.0106054167007709,5963326.746167025,117476023.72171997,49868857.40466985,391303028.5917575,7.453325269385212,48.15976341434525,304290.2267622494,2495480878.080742,0.108039042450934,1409.1411970265412,0.9571943299671264,0.8134940898855739,40530358.57325683,4.5829934620417125,0.0363036458816338,0.6856459002773598,283449002.9747598,87263.89235115837,8932095.377942976,642126.2707076145
ISL,291.9475004218912,789588.1548145612,834.6868910698473,774.7872001550868,1608824.8430933885,1691.8032985156335,110.22894627364144,283601.0681740042,0.0056083843820571,198128.0555439397,0.2388932613626812,5579.905479484415,291.5319811584757,33131070.204849888,741151.1979480826,88.90957282377914,17665206.873681642,10841.184877679189,38579.09938364795,8256.892313608596,4938762.957526671,66.94608975098743,51032.06826667198,6994041.403529897,47080903.32725496,56964.5934687702,582.8524852041219,18026.376827603017,660642.060187568,4021.726036580949,0.4088926219610671,3012.499290379192,0.0036241028547921,2.69745623997607,42442.48285706016,382429512.2963822,0.0004220027894741,23004055.920746807,15.724411209434228,15977727.26628922,22143.949205482702,55424.41036907907,24433.633768323896,5024.145243373915,0.0063427183792008,497617.2155803212,0.1550879830759577,7211.999502648161,117718.9927978138,333426.111646136,0.0032654449553133,837.2219067296602,33871.84607575848,22076789.290069956,159346977.54561165,2551.582891224931,5939.272973995363,25873434.96269864,331629.1032511268,6491114.647029752,37219.53220505191,164112.14701811445,40400.42073962881,178881.96759402734,43282297.140501134,22016228.091535904,241808.5968876112,256298795.54091704,0.5853905252536697,1.007121859612814,157537987.83110616,2953971.1938202363,0.039103729256254,10513.00121060372,254518171.63285613,2360798.741429935,11185.108490306551,142.7265506226613,84032.90166511331,32529.067903940835,2510.291197017893,3094184.046497637,2863.4613499223506,2221497199.5157065,178984.53458631056,152853.0125143926,0.0368657064950262,567728.6863466589,0.0253724954531824,250871.4559764685,6873978.57620963,132763.4234486071,10606847.146418652,107.82553542232512,355545.87417624635,0.0013540216516983,68037969.50704855,1696966.5468482643,343468.1231251894,2211587349.615756,51961.06265478482,37039398.20581216,47687.3300893179,76143.07821761545,252007.7102256182,89743676.7921001,452.2101734063049,4327910.559104234,52.047740837267504,0.0252331294271328,46738.529510783184,1890.1049469701647,186.0137564829656,67574.38393263845,4773.52193681028,709502.050114461,4983.542062159864,122419.62020639016,192.86110380499065,0.0341097308798201,24593560.050265573,1242032.5944850547,27481265.928448297,5811369.363303861,2300066.0123093124,253.698046976648,0.1826849861841303,527525.4134970893,0.0115008174712454,831132.8578214619,262422.3095613304,4287.287518531783,7238.380772830432,1192217.983099254,11874531.28012862,0.0884134416085938,564.3719855444409,422540.86242857255,1004.3990539356164,0.046836697218654,22.929138647606784,309.32624157012754,0.0,0.7046571558150846,223947.15145783435,0.0016045725603895,167167.25390467088,251744.87231927543,0.0090272507280602,21881782.48203665,685019442.1914625,19429.16416498401,0.0007678192789476,10.090646790960278,5340.970498226532,406180.2948366816,137755.0292176446,0.0006888733646485,76459.50200107115,1222.9142834299787,0.0303111232788286,22.486035504304976,99805876.72991428,99273.72331766508,216601.31078010125,4858363.572822377,186.8278856896963,17992.60172356485,0.0570077005128592,1812.1795842061551,22079585.404277094,2492437736.3649063,54.82450442647876,192368.62971098107,298762.99765183305,135719.63047170205,0.0348850437401749,0.3322540187444766,0.0055966760895119,74964939.57235408,1.0203839836861972,8122.781905311485,12999.869508674446,5549.859040564974,6330.397651829288,8632.729197304288,6545823.7740691565,19462.93153769904,9.967236790157356,259188.99200196587,9571868.122462455,3643670.359628921,396909899.5716992,0.0991322348107892,3.333493576609135,310193.65767514816,3097.4820351241056,433295.9131278739,3781.419462820421,286.3498241886018,966245.1489035392,0.0003124989892116,579679.9631399473,0.4969292233784174,0.0241711860370338,36535.74166037433,1261358.4031734369,10961192.79300522,0.0012166456666712,528.4367726712587,752.4493474094315,1218.9008017193185,54020295.375523925,0.013707779927001,5.146783257810238,6240944.403138052,1559781.244356294,4548.211191832935,2266887.8213031925,1776.7561439084093,3928.3214655155034,2664.5513504416413,0.4878139900335307,0.0040918144349055,0.0666361552953056,63379.40314439521,4.7106466915798775,259.62379125501684,1.5037296364007622
ISR,0.0033154790392018,164968796.05769217,569168.0127318996,0.0014545498168896,336847.01525361027,894531.722626212,64.5659225938395,41601330.38634467,0.0037430848208632,95248.07745739265,0.1844346025493052,0.0084218627574927,11749.226565950858,728176.9048738579,83886436.30575776,211790.4801380194,61550.446148604606,451098.89774193487,420278.44614136,18612656.830687404,5308988.045102647,21842.920621838886,0.2941321497374012,719926.5909442863,14051656.60181043,0.3614085597127693,0.001507753775277,16.751237827061605,15370.259286235609,0.008184719034034,30.012492957038432,9977110.107020376,0.0019230328763342,19000.696825366584,4870344.100152517,718458.4618605138,0.0002734706439682,100402.45960045722,13.154144275542228,216735804.9121722,687234.6349537998,7355755.25269857,14976198.502745006,3729072.173777261,0.0045998400067941,24.5736992157039,3773.466896693943,11.90125424281058,0.767306581835594,2.396373799646156,9.214719136192684,0.0065195630930414,4280301.71091193,710131.8461620449,2046851.6599140028,1521472.436276277,0.0136238362698968,547240.1247306616,0.7819376797281166,297641.5622382713,5.530514752412526,10134175.000394266,10843263.185341047,19044.353690302592,107458.350013341,3529337.6191437654,164210775.15793943,6144482.72204316,0.3685912471408502,0.5331573502797742,748382.546214377,1991.91270686331,3.0081563759703456,4274806.195286809,503105.7633325473,84567116.44431268,769109.8078725868,0.11173122031974,549601.3047379322,77006.87426994857,713355.2300697742,7964531.636947889,5.581510142535437,712108.5580796294,1.7209204251959564,446.5846666644175,5.376994557004542,392.0274786791388,0.0139727889450629,1.75360033681933,422530.7197067557,0.482931628844554,842281.0696154217,257822.5764242828,312459051.1096974,203.5570888485306,37949.052104088914,595549533.9844415,185527247.15641493,127019.65189003608,16374668.353009224,1329731.4799874362,0.2007918848010703,38139971.28012455,2323736.903996836,489692397.09798616,1203317.7948893816,115995856.19472817,137710.6463662987,0.0168902404241184,519668.08121841407,955960.6061636806,1319394.2535972423,12335086.991813185,250710.78474370757,804272.6142071272,0.01034635867736,149.29507597720436,368672.7867132098,0.1935848388423124,2354320.5535636838,3355.296053688378,4176604.969167573,25347.733562411617,2916917.3578378297,512015.2769812919,412.1483169437845,37.33404801481517,0.0062944703688651,602266.6864865402,587055.3001635625,476.4161373593706,27111233.00665845,268273.5067202613,45675505.97880205,5.351527575054088,673601.3026572046,56031.87349523774,0.0017881079066341,824.114596661365,86733.42287681969,46028.99778593144,0.0,0.4559605172045679,1233937.7874128297,0.0009062266073556,6025414.186392347,2.0809123729568544,0.0053730141827372,96954.54755525518,3621316.921307304,31281236.56036553,0.0004379878172358,6.301881883812049,2777298.575578817,79963924.48893699,1.308532853811892,0.0007024157097075,32.86359033307505,140204.62840866792,0.7570709766849548,1825.650297848868,5905071.126174672,0.1532704940806359,1179139.2672266476,2839.251457451547,5.922405004210176,6903410.0161857605,0.0567051183881489,314084.91408124566,9586316.229600716,1039952798.751697,201098.2124934079,65806893.9496106,19470933.98984713,45536.63319048812,22.44289760550723,0.1756059893033753,0.0056444225062151,260408.54246630456,0.5938474405898586,151709.08477475803,0.3108925786430525,106.37918422278676,2746973.946260945,2.590601659335164,1732993.695240817,4795895.580321755,8321.419935565209,467.4087232129463,693916.892945589,97284.77611878766,8445575.719399774,0.1794373715704011,3300.4025260823137,113007149.75637484,0.0138504899994416,7823372.169647278,204091.74967216048,1732743.6739747385,90877562.65650682,0.0002640508420981,98211042.4346081,97.87439691711292,0.0148678954279805,0.9942656376395628,59374.12912856647,608479544.2031277,0.0007795913317822,299494.6226157776,2472239.445316664,1604834.5987867494,59912035.985166185,0.0125401558216862,3.5009911378347693,1205.033787219642,115324359.96678166,0.010485356705935,1355.5214185339344,0.0029305545576576,0.0067426692499168,1525601.1761635588,0.2802429944346619,0.0026335688371631,0.0496387485410991,37677158.32022275,731.1803497835234,215594.03858922175,17995.825298249598
ITA,4198.87993528669,349521360.7515922,1067741.9708230512,11294.663512774028,1688415144.776627,2689391.763024994,2199.685297498459,200376179.5527848,0.0942677333857271,2738335.061719973,9.26701165902518,58328.26832539552,4398.566664253711,7287040764.657234,363180095.8513208,381033.4776225804,117045414.17798892,66006197.64319171,164045611.83878368,38298057.44097334,2351607219.3517466,42311.931678086585,493443.7401293402,3555578152.976289,2695706034.3324256,276995.167573714,702.8297371194943,248460.20183795047,39307445.339391656,95132.57617525864,206.1651975431396,14880753.164142117,0.0507523024851224,509.05261537911736,115146648.83796407,90873165.34383512,0.0070805623240122,2404125234.4336314,349.3625427291018,632796519.1468382,38716077.22307047,157012391.731357,31087382.814623594,10053197.689770754,0.1147952429291297,8231165.616210412,6969.2594689395255,1392737.5139470077,2014222.484541296,3147098.5991692096,0.0601637189608492,7365.3977336151875,42017533.22328107,2070643346.9586344,3939058857.262448,5601452.845868292,139404.90762573807,153523297.57350132,3438820.299583663,1262507143.9700832,151164.42583514622,106936357.62622634,77358809.0229642,36084884.40815568,894305326.899628,266049973.64494744,938767596.1482788,1176249768.2512531,9.32682181299444,14.065553297966057,4309741547.097267,1251000.439989828,0.6719952092745012,13502836.010179302,352111184.28060764,649408415.1921968,47187317.55569805,5603.759425966593,125400396.93170252,17205375.032293756,2910810.312071413,2571690826.2432265,58079.45638225488,490623092.9065039,1163193.0604864857,6988926.8032242665,6.08323074394852,16026844.644435516,0.3612670420664473,2067352.1532047968,4132148334.419868,1510695.6731912356,3637034472.801512,42870.021257718014,653875742.4840547,58.57709665299263,66700187.2226937,1442362554.886279,339020283.35190105,55120576.61400281,35467079.96523927,24380367172.472893,485625.4746758151,43460783.56771956,8047120.024526433,3113795101.103124,1167111.031424005,331973419.0495739,158217.84438498708,0.4370382745839372,1469934.2603067628,2651243.341640374,1821608.0697053133,46048106.26540087,8539362.486188242,515140480.9002564,91837.82460004152,13904489.674127853,385695.6166533212,5.595827933342845,584506817.1201699,12889156.121152876,514469518.0565125,350092840.5261689,436581612.8305769,686493.7438647784,1167.5975800770295,1975914.8821359463,0.4640835527739457,731235912.5704709,673704735.0483154,2768894.073449188,54037479.41489536,1053118362.1284215,237870558.7476085,5.413683057819249,452013.3968944672,272741968.2608423,9905.566447308487,1433.0628527777412,102728.56898758357,19233.025208114428,0.0,10.495455222123272,705430393.0140855,0.0231324144753131,775419374.7995638,4390207.006813138,0.1379653072199431,102253509.47624186,714154910.1270106,49155551.2097006,0.011166327296409,166.04279426715095,5299777.924481845,149135361.28819114,1536882.048602602,0.0183999439906619,1263716.6907621203,48230.06443510683,4.858826545235286,323.0597063163896,5112005656.0463085,872842.74587539,6368648.467337891,46509559.44623017,13837.738284306975,11608921.649213811,1.4615116770053744,781158.734637546,6286932078.575947,29812283995.66555,286176.11460988235,212837904.26626652,606961567.9192854,113665251.69816074,4.5498730995526335,4.60855065717373,0.1484582514645923,41099650.25730024,15.085796955794905,15013659.196405916,167138.87930075254,6051886.976665854,6654058.786739015,1965.4480884932964,3172658750.505378,39267451.36010287,23104.26487002511,8598419.408569258,2012222174.2400265,2265469590.837556,1311246159.492805,4.876730639341663,2699.727186542843,276994923.4640603,31697.46444139388,1052324831.942513,19704596.12938441,2902286.3976823217,192320260.44622323,0.0066910084659516,251757761.6826689,8.450635920904679,0.3734871517806136,772101.1649097521,496446248.6230274,5748926065.856384,0.0198428144492471,190161.92198679503,2950221.650425775,1807830.025952408,7011148244.733191,0.692026864697663,91.18501749243836,5089733.509254334,319281097.9901397,87551.25157358688,53642054.90142902,22052.047784703715,44921.36888306864,1208072.026256468,7.099657883883353,0.0676307496818775,1.2595847543172105,93604964.6950696,305.53258656476737,508393.4007204224,15988.475859526005
JAM,6880.084457397461,27815.253186959595,19.88580764639961,901.917876366526,84394.43586006883,2.117764700961489,116.8969108623968,2356.6463739160463,733.4374084291373,174764.3640499423,0.3283945917569344,2193.8647936992347,298.0202239039771,344575.65744773205,2352.0920724268226,0.3863256268872419,150971.20609595627,87.27323534644975,182.89638911755387,4.513062463104417,49698.93707778641,0.3884306553441492,7634719.777609229,122970.14825976526,226585.6692015083,54535999.13069773,17262.484286487103,2753.9456569012823,434906.2592977473,578.8544234409928,0.3830142371971305,1.5165697133496678,0.0034633853583727,10.451160801799602,315.8014691956907,312803077.953516,0.0004891662010209,295676.81931506714,23.86097723369417,15555.163840300982,1256.8415087065698,21.41859900382444,35.69507959054621,1692.741354355163,19.849213871198828,80280012.43066418,0.0338107260221818,89.397159402287,64555560.28373847,123830626.75017154,0.0041777046867537,918931.1139643192,1118.6973820274302,183146.97910844584,1465348.8012453602,0.2065889306754069,2128.855653472361,237632.26198350455,9844675.344631432,633183.5970398695,4347218.557299012,26941.541649544757,13.266500616269449,192372.12264586188,3006612.868639832,101913.38663522116,168.8052051457512,744884.6889043372,826.4710635309293,0.9623832884774828,3195907.795696115,27530.557526171207,94.02452582656537,48.41910660844094,2646166.812653688,23045.556206414512,532.6743874906257,61.89457394182682,7951.388110260945,260.02296412672894,0.5305708484426646,123985.1608228368,338.8553808005461,6540864.156248451,240461344.3248413,35939.48820825853,0.0340742792704276,65218.08480732046,0.0249916549574038,197678227.3460009,110619.4065948055,11159113.897043468,82012.57909490286,100.36928723159514,223.2075873350356,0.0014872196904534,1177268.7406116507,42371.280137130845,8406.141121487908,1473256.8703532782,2059.8022186889843,846052.8733014486,72926971.03940201,5051.456640603097,37.004846963480006,263260.141173326,9.197110186459234,9111.297849580533,7.841338826964744,5170.065493295888,9.118673730358635,471.7124007773976,9.056087149273123,659.8133964029613,163.02005366810772,39441.860209244274,1024.9511155225337,737.7224342849804,2.120897358168861,0.3840049429784926,120432.08405430987,20813.4874265464,117643.90868281352,1815389.2087071587,22842.464872375887,10.839819121209317,0.0065680954474313,1285881454.4089956,89.99392890636076,19547.01281073976,4683.540552120623,166.0401098286966,22.891193928341067,108826.33750901766,954.9967581562656,0.0302448803703043,13.836347150615865,37676.58773004389,328.0459423661232,0.0448781786354786,1.9764214686601125,19.457844344062604,0.0,0.7369934174181374,710.9047253827404,0.0016038186874993,1563.7133863430097,123898596.80827476,21.57487953832424,233656.45099487435,2326913.855130364,5.021851423918079,2.11953894358885,11.2840626660338,9.71637760549512,577.2523133987585,45633937.25739026,0.0012700088573147,116171.7277694318,16.930499745566642,0.0282396571038816,25.200967314006107,656321.1971045319,520120.62506878376,14.535422250734712,842472.5735644009,3410.764510444965,560.1966829094116,64.44020334442118,0.4202965951994315,205384.18989264424,3475381.5088652377,0.2854976967468978,7583.296059910382,1319.956980195548,5756.868952875369,0.0343102665399612,0.3157092564170201,0.0102562839257984,66131.64526343864,184.6974893181202,835.2447469605231,20064265.747475147,55.5248982720077,10.276984049691515,24559.84827232361,125477.26594972418,11.415186196785427,0.0240210501502602,34905.31058896777,78671.3226855996,52897.31814402164,1243769.477794374,0.3358790970041809,0.0117604265553943,43240.11573593925,158142.77841186523,701.1221209101645,23.838927664397488,20.82664296892908,32567.68842950853,99.29823067988036,23853.94202340059,0.5639080080302961,670.5109509563255,1997.3104065302025,35201.40470521333,284741.88560242724,222.1154360886316,1.7799351953980995,14.6922111366785,3.182017604840233,347202.96591994644,3782.7968851141336,6.252564356483827,2019345792.810992,19424.2335683368,453.56874239537865,4515576.191613931,3843.828482657671,6177.101518929005,15.020817945983955,3.302653668042945,713.1068670578329,9096.582999813138,39.7042545356745,21.203233378230426,12.927254037039695,6.579516652492373
JOR,0.0042079060812712,277081080.6856424,624368.4116046528,0.0023005946517604,603710.4646829347,1764045.9283268864,82.07181251333292,52642945.06534436,0.0048213912568296,129371.71704089106,0.2435504546709957,0.0107817749957127,51553.29890307989,698817.968747647,113440845.68088733,434800.9827658562,75852.37285801061,532496.5277593217,470249.0658223114,25968151.62093775,5831734.693697637,22512.56346544768,0.4039778363313293,878204.5636122555,16770470.622414704,0.4754618176797602,0.0020536980358087,20.545830977640165,2445.916800693249,0.1472603350898495,222.80194515838895,13316305.14243061,0.0027134771234096,18037.823095702344,5446184.70682288,1421275.7595377734,0.054963641444692,181740.82687488184,15.241817468304877,334524517.6787757,781116.3849087956,7043805.66186911,20430555.356862403,3461006.944390306,0.0059745063794784,1414.090486922537,22882.792840919457,38.38367078055733,0.8739350799144754,3.1676719388733434,61.74430633179291,0.0089258219012059,5244640.602469277,715643.9740910704,2513669.4561270103,1988980.916353356,0.0171455477840871,724769.8130179481,0.9794076435082628,360181.38024805195,7.341590712784781,10312341.830358382,14131452.95501905,9583.043120052556,278970.7984604857,4717327.090713985,210991741.1765708,8113099.922650116,0.4873711559637056,0.7407578856467344,1302345.6997842705,3429.311186129399,5.879091205562662,3858484.62046112,637568.295082839,106099550.77066658,721773.3429074257,0.4066674617093989,376714.29714357614,66494.96118435185,665441.7003286339,10315782.767517127,1.9046097260786368,916538.5418027238,1.9828171421663263,8.606230704881979,5.586142835587144,751.9865135614218,0.0190650340369727,3.4338685875055908,489238.3944338017,0.6049202307050694,1085311.0405723958,776960.4531306688,397136413.0245883,418.4740165162506,42334.0350774003,959247835.5423996,337155997.3426566,94539.58340167296,6233251.304749129,1622755.1348615994,0.251652688574471,57295439.16345132,3503139.101928628,766945619.1086886,2590457.547564249,170412086.13637877,139429.0551517152,0.0213638511883602,980762.6691687772,1642455.9450785297,2413690.1788035864,7954761.901947619,200267.27180764213,993580.529003981,0.0248062620420382,1592.9647415132704,522910.60832302185,0.1410248612196394,2796042.0400465173,5234.137845813199,5427577.712408649,60692.49826433822,3072595.535376732,1328006.6577617957,1021.437083936702,110.18984000213732,0.0084431984936209,885975.816428263,515801.10454338114,1083.4618162048396,39014237.829368174,404776.1932201769,68066620.54831816,18.40659110455304,1483572.6148477597,52651.75611629775,0.0021805439270893,1656.3386587643886,307142.9629855213,130342.30358679136,0.0,1.35035623560602,1340995.4695303862,0.0012835193963586,6344087.77711372,60.21152948967565,0.006974082955961,122645.07646620696,4128944.035208831,44526747.197055295,0.0005844636896818,8.02978988697583,4477696.592551855,126705820.76114832,1.421891644224298,0.0007840713331215,35.89892697241188,189903.9065759756,21.855262390108965,19296.24965299725,7007088.39666502,0.4737547617812002,2278917.955475395,7586.40394001657,6.920757900960763,2945017.8913681484,0.0656875188552934,461092.7192061567,10672290.909259018,1508355578.225536,248016.6677161964,108854347.5430136,24727801.28269457,32594.26863513643,260.9852821561775,0.2424229364865424,0.0061551845477276,405013.7023109563,3.3632799887457816,136574.61631867624,0.3507506883663002,188.69552797483996,4237682.774406661,0.0162913428519618,2146418.193835334,6605612.677686807,6663.45383671426,25.887908374422818,810529.9237503255,110688.7974353624,11113875.723059826,0.1704204735590018,9202.149043255176,148698570.29248175,0.0190258874814852,9401259.18715911,221865.09379537305,2601132.184906023,144029506.29348648,0.0003207471203596,164027306.40054706,9688.989377157335,0.0199668959455938,69.88388813488582,71776.00377431321,796267017.813807,0.0010087060565819,454766.4807499701,5400897.506595881,2906212.600968412,73061913.58782135,0.1351472913328432,4.317313732369267,16077.800051940992,188442991.5675219,0.2793023082273542,6886.680312653993,0.0705747236176545,0.059316988754864,2596667.1179747926,0.4438175929441667,0.0034326985318058,0.0638101464942544,47533244.07268957,2854.2361155306035,484229.4695647697,43777.27971506992
JPN,0.1162558908156328,153.4138195851151,171.5142027897236,0.0510223110940408,8.379196569547583,9.904976516276133,1054.5889608786924,8.497516276013652,6.686049456942976,1601909.7732797647,2.958194039823578,7.333922868300908,2096779.364278077,2713.967628698216,169.73100190600184,3.301286026186487,2273.1824017302097,20.82069315279336,46.33203474530446,295061.7216522374,403.43482707402376,0.1397099739636644,1268.3582795614218,21.271637116643788,2705.7813397731925,3703.715940905489,23.76510040675216,260.3258103167477,1645.0598901611734,0.131733753124453,3545857.1606683484,20843.02963100204,0.0313984954998988,92.379461067308,91.33346900014809,2368757539.9953475,0.5490638631206963,3151.137353618366,213.65900888658223,4664641044.736967,56.129356007984185,70.62053336318888,323.8868326175294,63.611981841918265,2.008041947570033,314.9389180669889,0.3006270132940911,1.3491759243445385,3253.224700499968,5279.34211032823,6.4873297678213175,44.68498138437034,2.060625903002029,660.1499620689164,45970.37674590231,4.630904182445345,0.2590895370517161,6713.693030502327,561.1443973628798,820.6116527761908,88.16732565575988,155.14534597279365,13.704250118964229,126.67758244414875,18177.327362426757,9674.457131668232,1761.3029061282268,567863.2688211153,5521.591657763815,8.706085297206245,13667.475391636206,1868.8096763646165,40780.373953125454,44.08016151106859,198848.07491494797,103.94789787266984,43.45811089660324,0.0064267793487468,42.5501811521055,6.572393940769212,4.841760610932164,37.579200705112406,0.0972584048390952,27314167.771070745,14057.956664900505,18.409139981290032,220628.72429813756,46.04828900517651,0.2241575888269278,30451.829651954384,27.259765908980288,62.60612574672452,800.1081912417949,335625974.47123176,6187690.951107885,1.876574080987777,58800.511512626974,289.28215102403925,93.69254630007258,306257.52920440346,3.7721473403253607,1140.4936482969968,33.34346092521395,15.691651975993532,25144121441.61705,330200.6922587676,805.4056102685089,3471.0520777994784,44187043.89012393,1877.37616843249,747582465.5648556,3.748446586027778,55996397.52096755,1.769775321093747,17.319655988008453,384.51875850759205,0.168796782768016,1.567890742500957,5258801.701811035,3.2322425356942914,3787.669019141281,348.69495408886536,11531.95679964357,880.9507598511384,34.56597371175052,96.6070160707076,2312.943471752648,4116132.671610315,4494.712713055362,7.873124383427242,195.12278114969124,0.1161970708626361,23000243.695892222,4.631778496683967,79962350.53355958,188672.9396433016,122.4321750349826,208.00011953863407,1.2842966450866484,0.4065067362755367,17.246068663868776,208500193.10769337,0.0,4713.399500273726,129.33386435782768,0.5836329627410217,156.31839838944057,6192.419306567321,0.1772112079404046,6898.801176056812,1133558.1737161293,17539.317442828127,109.61871068273295,108.51710600798418,52.89237974002945,295.25023616328497,670.1776554126511,0.0113566170270044,382.5590279756893,360977734.592332,132289.44390309777,28153386.69123951,14155.195289333153,142.54910081674277,640197916.0745467,2116.2984434674886,92.68843360252754,1.0329465655274812,1.919796724543698,2.2346207363497017,772.1787082391893,19218401010.28477,2.4008456271607965,553.4435622366401,198.8707856512172,47.43329836566648,264097.803942977,2.841349503092971,0.0920666304837987,1062176.916573828,307627.15900099766,13.146757813790297,107.82749841260096,0.0293000295038298,5595.027196825719,470.281976920593,43.04618524613318,82.45436687381653,0.2191520718301616,32.20113221584057,171.0298272887802,71.36082189103385,1046326.3469280036,3.0183081314902083,1.3214635039002287,41.69235099816334,23.299542497953155,134.77187010263927,9.990460189749983,86765224.13742623,62.15241694531663,18.609072038976983,244.44915952979932,58419.248766920886,20.256702866959195,1.4125867582545704,50.19321614987179,638.6694538134843,65.7278800470871,110149893.16716656,131.66782103675496,28.34120256001914,5859.817800555245,6378.996521786828,55.97023048270041,466533905.3676419,396.4305009177343,1.0881337641970612,244.2715932601901,0.391359467124026,3.546137188284934,174196442.41690755,8572.189701362677,121.83244196858548,454.6568476976764,161.4690392381166,188.64835064314263,112.9203919062713,57.764879924120976
KAZ,1.2970535912243606,3516020473.5091934,2243.3222959548075,4.723245567271115,17363586.748549335,731461.5263226427,4458.489139747669,117509908.83473884,0.2326415752557443,7419360.100563824,11.736596938309455,2.640182224889055,35057.041420643545,114178493.44407593,331192018.8753482,11133.907965597553,6965722.752425104,652457.6450881597,791799.1633900289,163631570.49041003,307129951.9929634,1479.6370749565258,646.5864715483243,68761093.429396,1598001312.6089137,145.40162573216793,6.720265950741784,1084.0172792075637,199047.89897847676,29.07057525683403,129735.03432971782,117731698.7899458,0.1270416118284007,334.7885508660157,4119618.9368480206,1033722082.9233984,0.0197694006768647,22178206.251925312,851.3219245804319,136373608330.27124,281696.7546256179,2617845.9019183298,325151.73057998385,14175.74446599866,0.2777044234297909,13988.559042650002,127.06572517411514,1101.5968414438848,898.4821286765756,2635.826485938672,16.44185597939903,1.2947600331808569,1361987.9746826894,78394742.42770936,244358461.54006243,711031.9196449722,8.096423996720622,50468007.896238126,1424.2596838105435,10174412.732107406,373.2926969936291,3279223.995983053,6014921.237741499,39238.684461339086,16818884.138224397,354136268.4182492,70067291.36139368,1683907276.7842312,28.5333960075344,35.53456605261464,100690904.7630447,592288.8255015594,1384.2661849926242,11540.387781239757,34285512.578735024,486037130.72352046,395162.33161874616,233.49959664277984,531894.3967180023,18170.014786446747,7092.601430160044,120035610.91410112,11.91454196700521,1291910666.4352355,221.6760802698497,39307.313048067306,4684.073144484027,52007.78884628616,0.8993372553699736,1352.719956759806,54367019.95940024,1060.5679526200477,103026271.44480556,7217221.524919091,3848863629.6768126,22.33596263229818,6598666.327511214,1182249050.3122964,19986506.370298088,30218307.902320404,2721702.517681248,126037973.84990664,53.69029615114695,3129825.6770267664,1949512611.836874,138483145948.18384,163922.85363000174,20113878325.52928,4868660.421859447,5.903329151012161,467149491.6607509,96376.20668876926,13541584.989036426,3238662.709692123,71456.03378778936,3845753.212432604,5.1198381714149415,139728.32871518552,337437.5961248649,6.736748419475295,331858835.4711685,989560.19986847,416939059.9325689,3009304.579549583,134022856.43256795,19355.30283281033,179.7569910620756,148893.8296166934,51.38885956576365,29392552.80800183,1902647.7058657787,11823.48378056273,180753815.8081959,12842336.052661603,62057830913.15132,5186.850913591904,68359.63890450128,479760.37227997225,0.91196172635767,27.190370387124347,8981.769758082886,6227096.78037555,0.0,41.12623955246524,2815517.753948371,0.0574025983835002,8161012.839878267,1166.5263759025652,0.3426380149383602,7457916.10126255,970622058.5468936,665955384.7932253,1.9397097719869365,418.7283133657955,3343297.916376081,3975630250.579885,2788.099284050483,0.0451437623828713,1801.0007120341338,26387252.18451883,4960.524509863634,176183.95837605235,641808742.924119,29.155736333811085,1612482781.2916288,1875044.8886619948,359.2730878705249,950927.0878771784,3.5793267795675456,51997.42785942574,755125241.4604361,500534894892.7997,3840.3048674107454,14374995.732361656,27760842.863593213,193207.8668142029,5647.590077500302,11.723056509224865,0.359491945449739,241216905.9950566,759.490847304437,128032.83556745484,22.267337908259183,24146.40219590656,934736.8908936332,1182.909201161261,124667272.66022415,1432467.556814161,3.21024067556184,49327.05806261768,71735743.53962383,19562989.24248922,1743546968.9688811,11.208436189842626,482.5845606038122,14861247.377519526,16.04658797879062,24879179.33267465,240036.62111768237,14200359.076146754,3796928948.608141,0.0171594318463112,810119815.9149132,2203.473115336283,0.9143117068105036,157.49473216169133,4431816.155623278,996384688.2523388,0.2933864167009906,21416473.237989083,332006.07848410896,93057.83703140516,3991855694.4042606,665.7855206434097,231.47747420212897,26040907.07516652,3515325907.734125,15.838902580885511,45532.75291805132,1.3228432911829489,2.0040623171667376,34374347.09630797,22.09460374854287,1.1682447585049425,3.090795516701894,21413532.24676614,934.1463929808812,6039.679800110326,685.8461470578144
KEN,0.3899533421707701,12544745.254639655,930196671.1951348,0.1668972859942092,378465.3531824703,1099254.7264780262,7330.741539881661,26996.951865493087,0.4193700661317052,10713748.490581105,9213.63333460892,0.963817897043188,334697.9181625986,28370.676272206387,92973.0773571338,3486643106.1976185,151.219423846957,83696119.18349756,30000374.65513698,536557722.5607615,314034.7851715282,3359.965848139589,34.5355252063329,312704.7114073197,195090.8939628107,41.14656627846542,0.1716923930916629,1907.7725600655308,1997104.2225011785,4.534138048306375,1250.597060619763,220610360.1128419,0.2200104933663169,27634114.41892161,11390758118.525562,215221.26908391344,1.9642783474213417,172.96196809829112,1509.4989153857196,704486847.5160903,149939221.64158854,5207491036.833123,106837029669.05553,4987935171.265387,0.5263548394366446,10057.076614966703,10161537.76354041,4183.6133940910495,90.73273227596005,278.3626277202211,1126.5968206478385,0.7495958281871555,16565.70105041609,6351.625445710481,1852.7891876987587,9287270.391331274,1.6407218702056277,298.14895892579426,4972.277343627809,5151352.140822538,630.7167145817875,625064.2398926989,126058804.28901368,69127.12732669567,7817.920954121809,25863.19247106219,14706935445.313904,119692.57070655616,41.38812989131301,61.24969417882191,21447.85967161944,13.494229047167096,2.3541338512437657,3986865567.726024,1413.8334322894962,31967.227772982864,160365696.63438693,0.0151042812064687,36344609.67402384,528931.6604252547,522466794.9090047,1811695.7695329585,17.14753159569959,139481.0949857367,196.8403615804796,153480.28102422273,21.78645848221096,134203.10647715733,43.71704494030534,201.4931512874594,99194.27176485027,6722.020054655366,68418.71128230763,4300026.620011061,9679928960.451809,18495.91689409072,379.7456990930688,9887235.12000412,1416803.189635779,967.6851787520112,52519.25996372405,850668.9211905331,22.999468610816223,219781.33753032697,1305562.959221146,734315.4340681655,41972542686.10723,78218.85219103558,26781134.196909152,1.92822959327114,164472.70087432172,74187.23198595694,136924610.36509117,5385.276853325035,42257015.788513735,3449535.8122804877,2.075648096702196,0.7441823228076423,17850412.0220619,175586.24231811252,157992.95393974325,11.918592030668757,63362.63226151622,37185.13343614653,35908.66046622775,1359141243.2138596,43219.87146091524,4232.39153370385,0.6850034542799799,719902.1135837495,18338862.559004053,661.1641784149311,1240005560.096258,207307.08376975625,86164.81893893334,17.704609751946947,1200169454.929286,917727.3122173873,0.2040747523243737,1518948.3381548873,318674898.23902327,1618770.5498414133,0.0,47.536366235882944,28426000.637686543,0.1019189166097191,1756666529.7864544,238.27520191890216,0.6117329405412875,198.82034759594055,115921.68576679064,625199796.7850593,0.050155784179779,4111.048144582148,16998805.505934563,299378137.495067,473.8078091581922,0.0798670793561409,8375.223060826154,3556502.225332409,1.867758134673143,2474.750893318909,30608.13240061709,17.63499122903055,1730545.036781894,225.0803970928076,673.981934086569,13965.058632787855,6.469105878307079,43837.137722560445,576063.5692717162,5140087.207472883,3149014856.771331,25559814.1017956,2640508561.4173827,1140912.5237264254,2842.210914300816,19.81597339328012,14.38435717848985,2058.9183234046177,67.30470971573487,16535435.058961976,35.83128696762557,32.27731776533818,671436131.8416337,1.3063063552767176,190197.53867408092,26772376625.089306,5907051.832797088,208162.43934661223,80852.74400194427,9926.285179185068,412079.9896373427,1320367.5845381524,790979.2798410906,253975.24958115973,2.011301031414177,957661817.4517596,52453171.13423435,184638207.02645653,435470.42787228175,0.0299667866492154,497504.3398561053,5003.991800063436,1.6746179630401088,455.2467573995456,1289389.2392905024,1647492.0658960096,0.0880245352349113,1490482.3492736826,46602629607.66524,55284080312.6618,376004.7087941464,0.6787128318693787,398.41806755336086,37051.45876538458,320018.676357402,12.003116725228733,125628.26156612458,0.3413403403103672,0.7726884293257825,72177231.77485242,31.77055446563715,0.2988025648757919,5.637194903235297,112059412.31849746,27035523.864659406,1192474844.6089137,76956012.15609923
KGZ,0.0289434527918501,220750272.29990423,66.8993381557233,0.0127749999674464,23898.00163054251,6722.028913415932,565.1747820958676,245947.42176006935,0.0286477444773476,932951.976914231,1.4718374686652822,0.0742696582701714,7601.569890175304,358479.2493663886,713321.6031464348,1.5764328705332318,3875.333434793694,11.506412121760142,26.47721516104901,4022842.72887378,249640.93263019208,62.32319314776714,2.792420011898216,462294.3620595114,1067866.4544425623,3.231760048462238,0.0171152585413618,118.61599468278229,784.7109646014161,0.0701552395446469,31314.65526884329,4034941.759194448,0.0159075886228095,41.43878289677281,50.82749075029066,6821241.04594511,0.0021793691716069,50056.58795319263,109.07331287677434,50949413693.78725,30.549528359937916,40.33625806483715,146.26717506014,24.263290270938384,0.0340456700838126,162.18191340893043,0.1712516991368806,0.5838634536064444,7.058114599779316,112.98472439280368,0.0184790045674105,0.0557824607220358,4024.4681065813,148761.75795214713,434986.3178618732,64.17547557407396,0.1173010274924752,24230.08296273089,6.917808034687072,14465.800130043335,43.74343767548562,1570.6185690138586,2894.6833693212643,25.634625704900223,28938.750121897523,549255.6271094902,103563.31451149646,2431265.275013862,2.83955268959538,4.44683478379941,147178.0309215649,127.04632292363456,165.84798893266108,21.675441154033468,15542.720821549274,978762.5167177004,24.152408955233376,0.001381384081176,23.55496492019115,3.671490979119069,2.604751215867644,101382.92206106892,0.0517018350050388,2365540.7647690936,16.10250585099257,9.185060677640235,803.6127291917788,23.015233360984404,0.1119338677118984,15.879943501956657,303463.2052419872,4.173914431091934,263381.32533515105,2067373.303437072,61589617.12225028,0.1100152437466566,922.4709435963226,7394915.169073798,36088.50413178615,26793.32436285974,10138.646953730376,284719.45987888915,6.411146594543318,5200.096026340464,179825220.27640966,8258518047.441142,804.4769152151657,17813024215.449776,791474.8712784147,0.2456400703966866,50513577.41164046,6.836195123779358,1173794.3886574935,16712.937005080563,9.417094402438408,3533.27464576958,0.0879967256016733,360.1091125793314,13042.996541294946,1.657340266402782,264312.6439213449,77.08039178134803,498119.06185646175,8056.054335097111,299104.2182027346,50.56757830290741,2.3514279141732177,7355.595237694836,3.83492805546273,39692.32094441511,103.06271043065055,1.8719268975249288,7129460.437461147,38862.04012155467,3736864500.1815286,799.0293539739547,2166.9400186116386,97.20127130310198,0.0156117756378577,0.20452701748164,177.59769545481754,1433732.3454236456,0.0,3.1908013717947856,81.10645121239212,0.007121941334347,87.47681770940602,18.122062294515487,0.0423225499449131,3418.33552482082,1364954.040839942,19317547.477784835,0.0037546636636065,53.07012386491357,6896.214491034787,102583087.6899652,10.868791635289345,0.0057812006742252,177.26165095657504,4775364.614066896,680.0547887284908,59876.25100137368,835926.9092035885,1.3505076518468997,172078248.3051086,50.92401546508718,43.9176469269397,3317.3411039866014,0.4499034580512351,1628.7491858756537,2570316.0411878573,4863064638.620765,1.1155811560203512,58557.80380584146,653.6185965804576,25.54942548865616,1106.979296994864,1.4794345708285284,0.0463368796300827,585300.826236444,110.99658611115544,7.130187241626405,2.857408610236865,16.312038643093317,2797.1260157860797,6.56569546991328,460266.2659772803,449.08096707371817,0.1145236210132323,16.073730141737578,88537.08406474396,66776.57764555726,2303015.997441286,1.5305045837800328,0.2102528155015273,41505.33743180575,0.1200694413492158,120.9444752436255,5.6000556481873325,1580639.1262624864,1004101917.5382928,0.0020293676035365,10808128.799041783,386.8881532662907,0.1123488175881108,0.7357575309430584,12155.510576363688,735904.4975674339,0.0080492207176869,3544248.1331704743,11346.738699308573,243.7048773313306,4687798.092133225,13.265720182342122,28.32522000594845,869829.711881387,617131323.4515897,0.0703572620076862,113.88389257661048,0.0258565120689482,0.0585744136930941,4298207.965507972,2.576588440110392,0.0219634832350279,0.3788356984154433,47884.21598891594,92.89746478854084,46.78490088278512,25.181077118193933
KHM,0.0671495362562382,7251.264381510322,214.37445672824987,0.0296327444008206,10.018436465244246,1146.8577872367773,1299.1794524158445,9.694158638787938,6.432341059898041,1958361.9031681165,3.632455695015734,0.1718271684884129,31431945.575721838,62.65322032925023,44.34497813041657,15166.44110194846,26.10630162909044,25.548486787403032,57.22252334656888,47841576.24380151,53.72426989296372,0.170873017186212,5.900594868849035,25.99921250758866,217.2040659245609,7.402061208577236,0.0302231155503804,320.1610188083601,2024.9590408360116,0.161101243605799,7238530.610572398,2126869.779342413,0.0384028839229841,113.88762885801212,1025.1742869186078,27546551.950006302,408.6252883210837,28.96831792909717,263.15384513583564,31154694184.199608,69.00577864336738,164.1731356097929,356692.65019487106,17630.322158604944,0.2411053667331975,383.7617310786612,2859.6829248654144,1.380615694127174,15.949051408455682,48.25539494178296,9105.110875420272,0.1324217044461711,2.532690633831386,62.74286370137079,320.32604480731544,5770.54516564821,0.2754847579875683,51.7477043602354,15.96385831751895,671.9111239178368,108.72789835664388,193.75945267973148,3730.512224128956,76.31520951427905,233.100286850964,65.88700226235292,1148277.43687778,11959.129870874502,7895.225636233458,10.716582344688046,369.2635097714083,2.366121306195822,12083.436829303184,4785.87967173987,248.33678386726083,35.02598457497697,53.45204180870009,0.0026996903193801,52.399960016253466,8.118566798976286,6.018616063462416,43.69323892264029,0.1193357822722678,27301.29996022341,35.8424046554303,22.6765355168329,43905.90918999229,56.64853245876176,0.2755389696428212,36.26826789074315,33.46505573626784,9.774150033650589,70.82050728910939,2475180642.3506827,683040018.5403811,1522.960932189198,94.02289103017164,28629.547235312697,7732.917506120102,196.79350946956524,4.658756316577535,147.04927619398757,4.084704602775638,19.437485551190253,1785570538.5467486,2690.644415190559,900989.1178033156,142.97232239516572,15508387749.877213,7.774876168342084,559402242.9167445,147.90945605779652,6611618611.03228,2.1761779332731948,21.310805133292845,425.3904739216941,0.2066831250394614,0.1256305202287766,316493811.04556924,4.2203880493807215,73.34043997853769,2.049873592516396,80.15470436421492,128.43220999220543,24.480348455505275,665875.7998194522,258531.76497905853,18494.95206287929,10.258586829391398,9.649752337818464,237.44383609950296,0.1440236891552757,1648008536.4176672,5.128965912871792,7044899.178324476,71958.56559135328,527537.9527628337,238.34597859286376,0.0365058656936412,23.859410264269112,78487.10975593349,892095226.4835516,0.0,4498.48255599245,164.74059493916457,0.0174600053038886,191.96471157206827,42.33321246668139,0.1054318205366939,34.5686765097877,15469.598636960623,2154301.016867678,0.1422467721822577,1379.2053861391478,51702.63665195176,123308.1768317236,24.58810127790494,0.0140071149208385,470.9987807536365,1912785278.312702,44332.60622171052,45197206.15252151,308.2245785369144,3.1439608689495326,472834121.8843043,39.292423091221615,114.1035560605194,1.2693972753866474,1.1167954481833826,3.5882854996192783,155.85386964174768,492451336.1570189,12198.26961621692,11541.203926951564,6013.515715195384,58.37511094618327,1411751.4407072216,3.4966226051822447,0.1133742662587646,684.6619358405512,225849.94396435065,16.18317988522417,6.460471870539756,0.0359447061492517,2001629.180549712,0.2252185854290616,52.24736716700794,61854.64681158024,0.4238473303317649,39.57393482731827,34.5284099524328,11.656050742988905,3791.0177780009776,3.703490597878997,5093.206676522648,51.246664756666135,0.2830925231956698,175.1590823428342,12.305414125932325,9788922628.458715,372.4492927668325,0.7871500408485982,1306.3295591162653,1842019.665038786,0.2863058195585603,1.7453034049221938,59.30449537095743,254.0070268622582,6.098581512261818,979222284.8259852,1749616.3411972506,275921.2192532209,480.48117411220056,262.4384953920272,69.00699321593618,5690796.524814039,566.4442485424371,0.162667684246724,264.021819206653,0.0595020605315679,0.1363503877551721,14640118387.191902,5723.187284231472,14.74577731337552,0.96101517743039,65513.50902408975,233.15307102722133,61169.51030276659,799.7601603023048
KIR,0.0006734969319666,1.9148072347405425,2.2608419075505477,0.0003015887134434,0.1045616103023476,0.1262849511276037,3675.6141653880018,0.104147902675288,2519.188822919037,20998.11136152697,0.1157879229811609,0.0017414247308166,912752.1533006612,0.6498007139848383,0.4711497626861876,0.0434694223032146,0.2681409491216584,0.259952850688079,0.5733656767342385,0.5119371618154274,0.5632561476430911,0.0018612701339325,1.9531118295216512,0.2697403568888461,2.252299861715696,0.0745651641589568,0.00030465285308,12.743980447327129,33.307050878084894,0.0016365303838341,22744.7426264678,0.1736819882885392,0.0003860317230959,1.1868645071628974,1.1171701740351396,61448.64006007889,0.0050435593060065,0.3029121259167375,7839.319421309211,41886.17464388775,0.6972673665972721,0.8689258317966018,4.023299800178184,0.622507920148812,1034.217956499715,3.8903439126752017,0.0038290537467138,0.0143964058264158,0.1596134598975703,2.5266308600249605,0.0533149772107606,0.0013585583754537,0.0265864739294414,0.6463648649852255,3.289088726188183,0.0227927634250451,0.0028169965176774,0.5312634100069108,0.1617524178663414,7.042562697033906,1.1145681793970352,2.068518201446228,0.1328960009787852,0.8163635747292801,2.4215005199093245,0.6814883771690923,1.506349571106648,7.335712932391507,307716.9534787813,5.340084434880167,3.802270816355672,0.0241995352669164,49183.9854107083,0.5400686996288347,2.543674534694261,0.3687237273277235,0.537358072745738,2.7852627109581363e-05,0.5298839676868123,0.0823210199042137,0.0598690323342125,0.45514427171815,0.0012019855266309,243.98753157297412,0.3599259900656767,0.2327357084854036,3691.804832156884,0.5781188836062903,0.0028761934084062,0.3655400701431726,0.3469443491280588,0.0991706535261691,0.7343314226802948,12419383.480196184,40.81652683772111,0.0001708534313666,0.686107471625348,3.760758742829188,1.2020519873643405,1.7448720104912705,0.0478517679198136,1.537919143114708,0.0413006685101677,0.2028696824562748,69907.31652199816,28.131420757102987,1.043364303252009,1.5232964297911646,8596.959780415384,273175.58388113487,1479.6936995603571,0.0475994287491694,2097.5743999270976,0.0227422509743675,0.2146111040708263,4.528683340966524,0.0020878869937774,0.0012847812472953,0.241264029725003,0.0431926186625428,0.7547427425110182,0.021051047877604,0.826871876978243,1.3508905838472725,0.2552423042952702,1.2353889040899213,0.0007327176372155,679.2907586235162,19522.229931508897,0.10171084919501,2.444112390487989,0.0015164472583961,268.2157996727201,0.052811362524789,31.308022565799185,2285.664402230765,1.5832272655655295,2.545366736371219,0.0003764128222698,0.0050662372898242,0.226928224183851,637966.8895103778,0.0,46574.488067107166,1.685677497593979,7.021919482474914,1.9456251298621383,0.4284506153097385,1723.0304326415062,0.3570939760297253,5.749480395288417,0.5731746675476599,3316.8534419834614,37944.49714460441,0.4871794475036343,2.701237483599868,0.2471849982773046,2.211589808209227,86.39252050427444,936611.6661682782,7710.641510592527,13715956.349738415,3.182134479867022,0.0320155127290315,1504.947501072959,0.4034887784192038,6.799155954442865,0.0130266030465655,7426.77232820406,0.0290386354368439,1.6319562408444064,22690.83064941621,0.0323381389483925,3.940623508205432,2.311719508609925,0.5986708093709856,115.19265601398575,2.7992836165068797,0.0011626841034573,3.654385879190393,1183976.2698453595,0.1639947310511034,0.0652386290054103,0.0003772131757955,1.1617363521573456,0.002294948049851,0.5477334038354762,0.9981465537834612,0.0027543585553322,0.40542917921241,0.3588889654181244,0.1207843127751573,8.534129863371453,0.0382578103846036,0.0013518957696073,0.5313267056542887,0.0028992341422267,1.7482840692809134,0.1241172537229342,4905.870329977226,0.7949911747184082,628.6920461973641,2.498421363542469,4251.082229871419,5898.532605412504,0.0178126248874921,0.6146694629681926,2.660877344247624,2274.597292194143,4598.840902488648,1.6710944274223745,0.3605988576776366,4.990649286391139,47001.944366595984,83.05151631541202,45251.35374018919,2.823916619428836,0.0016503001172951,2.6835921131378777,0.0005973967810044,0.0013711138904533,13882.940480033903,124228.1321915614,2968.521512123252,43598.4840535,0.6244142894539366,2.411300675510927,1.4770966053318564,0.7513148929680191
KOR,0.0128244527267895,276.503852695602,39.09517427881518,0.0081568331829987,1.87020908375489,3.0222324085795047,247.96049448565088,1.7728019241718411,0.5191095339312167,386373.9919883436,0.6873923561965674,0.0329917116609328,308560.4584616724,25.535874016933043,8.205733744278996,0.7556280167773863,10.216440401445482,4.925522375613826,11.06013757824368,466378.0861273352,10.126467832049531,0.031357409695554,340.7639010613728,4.872571471569308,2520.610110789648,738.5130262636544,0.3541030576533005,59.80116767987086,380.9996337642272,0.0309924945981556,880051.2653806396,29337.03289831349,0.007310504322433,21.170068840970387,21.59042066270357,328106080.97408533,0.0010222510841142,5.43241994483839,49.956078036148334,4745547661.024485,13.291352214101655,16.91642017936568,73.17022469036975,11.550469921721556,0.3657780179268291,72.92587351428567,0.0694955946198598,0.2637832055512038,679.3325731953324,1935.2659768657304,0.776144411757862,7.266387578618182,0.4742345725869263,581.2682062003897,14476.118642329518,0.4095431728179984,0.0525376651233924,724.4188846865615,12.534933238234476,123.96872061579953,20.57270959694959,34.80706577461558,2.257836995680524,24.225853878942644,1030.5168450699175,1797.9670022743526,583.5204088628345,54691.742865701686,1439.544465368657,2.033773719398194,1763.8916179134294,364.0390908354333,8242.409806846237,10.110900764103024,22342.70758884172,6.527465456704343,10.331394877721896,0.0005179482931629,10.081734763241831,1.554101771262748,1.1467255868929591,8.165909609866599,0.0228897153709792,2916635.9528960045,1960.0396589038828,4.2748552285763965,35882.412610366126,10.71372281637633,0.0521581447811654,652.3005707138115,6.271882817624552,269.9578541009812,13.864538931453309,84839441.01577616,4812896.872181283,0.0646527172445526,4688.417319552434,66.30591858015323,21.355274306934103,56435.83513331128,0.8734233302237993,33.16334381194406,1.508734133311119,3.611562109661034,4234198621.637752,216794.9789197644,572.3640210831101,34.603550019049365,29386976.65713226,289.58519831216176,2134559510.6098003,0.8544073731008073,54626496.136498734,0.4095194230288221,4.10446166526356,77.26436324623813,0.0395007809040262,0.0237216320792743,2002613.9994231036,0.769587752707765,281.55586083608125,3.505020577021317,3308.0400146479537,23.89286165214649,4.614951187621645,22.350843882938506,1301.4076943919526,570628.9974966643,630.2849299311008,1.7875162769906168,44.693804840539705,0.0266369312545045,24853855.32205421,0.9630465870662857,47839393.36748961,36867.93601787224,28.07882047886051,43.7120147244577,0.0069823897379723,0.094398139942611,3.944460564893664,58205880.15577599,0.0,1105.3272466014218,31.21417302824326,0.0033633591262578,37.09217918623037,300.972063251689,0.0582470218445223,4585.7013250037935,137491.60570447054,60873.38951426355,22.125611533152565,23.84514184059018,8.958127325058559,109.71337259982973,6.562793894885336,0.0026367753276302,88.30409870088751,116322292.45648284,32650.6717390476,7218081.65932712,5148.500447838025,1.572031278684796,1494058005.5241818,881.8515250512376,21.433747158387803,0.2400049490234548,0.2184620752493556,0.5051789747292356,32.32009475858175,6201274593.595769,0.5799102399807923,77.77225635506862,42.131091248009,11.08233141049306,83527.75413742103,0.6668782320995613,0.0214893602484713,122648.3005917999,52747.34450167126,3.107499849765457,4.90677507518766,0.0067107405570041,1680.6970127299574,29.58314277089815,9.718897575220518,18.791048034791235,0.0516773552427485,7.488314515870068,43.86454061563606,2.194413214862477,92903.11960306324,0.7047080688050125,2.530241812979306,9.68089712162498,2.2333101686873107,32.26704462231173,2.378246371883686,66782249.61289413,13.636308288926603,6.293297409789184,57.51762992828112,7105.471614646505,1.8937710353909436,0.3313328068106861,10.97561203722944,47.16315366905593,16.728392286819496,48076023.95462925,136.95206824030805,7.974743081924267,2151.3963528022296,1027.0419641621036,13.033486916869812,67637025.1138291,80.19833651811912,0.0311081071831123,50.15974595489265,0.0114771709428427,0.0290695494981534,126994611.40050577,1805.430428373678,14.92680264809688,61.599496541927735,51.94948266352418,44.032971312585175,25.635621959868004,13.193113522794796
KWT,0.0029953399326814,236843523.47342503,145507.09318809546,0.0013412644367263,2447.6890343251357,2235403.998041664,57.220006743782015,4851278.057968959,0.0031830598444724,83315.69265229622,0.2339392179593817,0.0364516769253,116244.45168800167,27395.759887399225,15477360.354595363,843641.1170447576,1344.7191122334395,136186.38135503326,253381.63916054743,45776729.91813604,149034.3441839539,39189.86710159248,0.2554611795103696,55127.84516932842,665975.4446417841,0.3194028842977838,0.0013587009960018,14.476569568766507,90.55762437703622,0.0072837034520887,102.51144980273602,22757451.75006044,0.0017188092943456,14565.853307279554,5575043.070969211,193691.33253145465,1.863189668539114,1734.4887544738588,11.63733154637607,290835755.4715868,283625.6140466722,2714846.8115173294,29482457.535699483,1584634.8986728394,0.0040089518652766,16.763460868621266,26349.057308397256,0.1240121943736212,0.6971182810196956,2.108408749799541,78.49972370895193,0.0057716923898749,93728.11784311933,18434.274148490174,123298.87860966494,1817176.470247356,0.0118037830871102,25280.176232922862,0.699302855105703,22855.43802565211,4.786250530713865,417929.6958267778,9319625.824877225,3111.669354663207,8673.81126176555,228260.01245562188,229604664.18927744,524509.9748772071,0.3207159303427964,0.4748502622673367,16130.179105352983,47.325033661889,16.476598179830198,880384.1793936347,4310.810460486582,5557701.873873391,317437.1811301249,0.0111263846582154,142336.9643361764,564.6602897102011,96426.1831659926,346234.03851820057,0.0053868204080647,18793.949858301843,1.5599730993060192,1.0078882739651585,74.30265148201663,2.5072917157557324,0.0123708015515582,1.5809217633281358,88958.37833091072,0.4325429734387782,58738.75270585476,1403862.70288607,607804762.8837745,834.7687807925977,58.82139849844249,582588053.9187677,94848214.74249975,6179.676442813058,135280.99718531704,33897.630889485634,0.1771775680277514,667290.0326605521,2486019.9235169915,232502833.95776105,8386238.642432606,77728672.21444303,315856.9404086602,0.0151747567426383,577135.6370043078,9465908.878188131,4327973.243870375,145212.9944705665,36397.52621611374,16116.15179895507,0.0093400828818346,0.3522636847851288,1652744.1952933092,1.4295761547782462,157776.25248408236,6.520810047117337,233450.61441876725,168.03365718604573,92698.35020663263,4328859.29391975,2863.215002378198,33.64076149447001,0.0116532634978704,6480.820880351486,252699.51520583083,0.3935422784934417,74548860.3815972,2137.4160242990138,24001998.36686797,35.32250685729024,4164211.77639846,23892.162263144604,0.0060007348181869,4114.226349271641,950648.1140627514,214270.812024783,0.0,124.65768335538456,357707.9828894156,0.0008044472573942,2997470.7255085898,1.8445353666398607,0.0047390150888304,6363.457296223278,282523.5245768254,69872471.30266562,0.0003772539580211,5.558494599046647,6452844.867973305,153125567.64123464,1.0901917950433635,0.0006150432963216,21.09364425395024,254552.6524253354,8.519946287118245,52725.264152493706,393847.4149763826,0.1369922106423216,1010795.6320447224,3.03368279983718,5.114418397266399,52791.861745886505,0.0498932274527887,736875.1429847497,738309.6362124576,267989497.5865701,626191.3783567734,51098092.458602384,23156368.727810845,1413.6208822461542,559.6175103063415,0.1538021950851321,0.0050341610203865,8817.542739380156,0.7253710327064071,34718.83639021221,0.2832273094068078,0.680419257502308,8228653.436512257,0.0103098488702357,97252.12925974072,12525398.052696008,1800.579794638494,1.760979926484424,18778.372897028297,6135.150179837721,535624.0279346898,0.500756679864665,13317.107618369511,6081358.002466803,0.0122296584476515,5474602.163350661,119592.45857374163,5118612.911935003,89507825.66371605,0.0002303653464554,65501883.7769132,1627.291140040376,0.0126638355517043,0.0768002749904575,141.8968010523884,37242792.445246816,0.0006733889652985,667986.011092033,19488849.16270873,7542612.58402128,3047516.327927749,1.2436458316853705,3.072077480037412,1254.1996495298974,80320004.90697864,0.0072101287598123,11.645749052137369,0.0026618699880174,0.0061017545069645,5549916.345913528,0.2462087659600356,0.0023260214599043,0.0441048032605237,55752254.08936247,7024.402128488845,1806258.847969532,102456.1677837215
LAO,0.0773416424088395,13118.984376676422,248.6293576578258,0.0342249060899746,11.57303596381005,35.452439548720655,1508.6609074546209,11.170400216632364,10.997828936501984,2319144.321055249,4.205931687691052,0.1982719407033738,24803222.222014856,72.33017774230298,51.33496704920167,1778.1415470344875,30.450354654179023,29.570126307368376,65.9660739810753,151040374.1392362,61.81379621483162,0.2045151792687223,6.842916877575918,30.05124440227396,252.11504770355825,8.583143015665412,0.035256978645051,371.7179437955202,2350.3271037366376,0.1864639683974189,6012340.4646959305,15173022.159239618,0.0449726561021037,132.88067471293152,892.4196426064026,28617021.6394692,192.21634010867416,33.68094398523928,306.8107015466465,91521532523.31293,79.74243203172112,320.1235381146501,67515.2385104493,5632.039691455912,0.8536607201737245,445.1586698866327,305.78115246745654,1.5981340913142394,18.461973836845345,715.113654636581,1697.2067949702707,0.1529436785552161,2.9418991599728983,72.88287681221914,373.4149968522908,2653.3913911983304,0.316356482903485,60.16810308558971,18.51291223371653,766.884411960087,126.82300520722823,226.11195825546147,555.3176449794277,86.03794431028699,269.4092709260898,76.76380059532771,324317.8488795143,1672.2147962014278,10781.98733093814,12.418355564097023,430.2235384877764,2.751866179737675,8978.467853983619,514.4237893566867,1066.1715885590424,40.54474767604066,61.89327737038448,0.0030883463978037,60.30940245344104,9.272568942569256,6.910482870417914,50.39574186316728,0.1379724057571003,148062.48008905086,41.49011374678399,26.27998848118249,28669.427555641712,65.64293430007791,0.3209111381421166,41.953757811645815,38.767398803697645,11.33127587338515,81.5360878190874,1697766642.78858,1003119107.4601256,776.1183570335572,84.23150750064417,19781.570225300715,1362.3546330807146,282.7194680327491,5.474947872150424,169.99787081841777,4.721268107113005,22.86665085803953,1934113301.979912,3102.83653874736,345156.4868708088,165.67233563153314,2589078292.181975,308.2070669092445,794888410.5560769,7.341218505619112,14310497798.507896,2.537546195238864,24.69257910106029,490.1563465314048,0.2396230140800277,0.1455174117877495,237513093.54750025,4.914342687573512,84.95224959250874,2.4099239625681,93.10771325715342,146.8114466286094,28.247223980309546,93555.17509541202,191015.3024287916,93509.0388510236,121.65980187164269,11.120794521008008,269.7609987006486,0.1654108942723553,5511959656.885397,5.932170317781324,21658275.505800523,41245.49109436783,79125.75974151354,269.9703841936489,0.0421336527949947,9.89781365366763,10278.866559645823,526722940.5473772,0.0,3183.438290912086,191.8322095213722,2.045716811001057,221.1793746010077,48.99373131288222,0.1222555720277114,40.24179924620042,22405.406810367364,27371755.406284243,21.536442331323336,170.66831723914177,40898.73839834555,1005392.8358046386,28.53377073121934,0.0161586022220945,548.8841697613063,526305794.8998069,33964.39908284672,49923304.08175359,357.9471744747093,3.624969386133997,538026046.6133084,45.53883235552478,133.19275825289185,1.488984843508641,1.2965477013070823,3.2451608435584403,179.63010352889378,548601403.142425,1608.760220127726,9800.598094310531,5736.754568409399,67.44195032222436,971956.2814268888,4.036034881506189,0.1313671861642547,11803.097995088665,563215.4400717756,18.76707192093653,7.452534599217262,0.0413205153736413,756698.774644595,1.7506060892075368,60.09196424825969,8841.368187360005,0.3104659407529866,45.92920548357053,39.94464535642731,13.570450215580872,10222.61665848361,4.296266423025344,2004.2105447273684,59.961065126550594,0.3260928677924326,207.39913207270004,14.258270956213222,8893917463.291735,86.58578851386609,51.94388809406006,341.4056358039141,1624008.6041590506,56.24579621489112,2.0145829599858387,68.01084007528623,292.9671719471413,182.5014991466332,1119313539.5456214,299109.7979882836,41176.716228524216,556.1078075419605,378.746393913673,80.08323482466386,16406952.078802908,484.8132503936073,0.1878047668258524,305.5519793209295,0.0693960753814999,0.1583639095590108,19988820381.131573,3147.56474522021,127.16221577010208,1.381568668239602,24119.608603854616,270.902426600651,8676.742608847118,434.32874678329017
LBN,0.0027223916040384,109012626.10517135,280815.4959145386,0.0011789981276422,429124.03002238274,614574.7593838684,53.393763602880014,51070128.161232,0.0029966540553942,80029.77400821513,0.1499996653180062,0.0067964295603388,14049.533205276228,649882.5699830886,91172503.71930218,258101.07890656943,74341.98164285874,89362.63247728706,108749.17530010547,13111525.288278222,4313911.106442004,8959.155803415924,0.243533006159371,653097.6551700532,14121463.332760662,0.2987542558699658,0.0012494542735979,13.726027222882934,8170.802375759372,0.0065841432588058,7.893620234006448,7101349.02075243,0.0016070488345576,580.4581827774098,1582988.3107190838,434156.02222792647,0.0002232169171065,125439.3786218935,11.030579855435771,171797743.54744992,152445.53590398157,2094802.757139766,5392013.586080777,1264307.6409350224,0.0037611755569422,58.51332711580638,7465.030141452843,4.287907787470296,0.6373355192053123,1.9788346300543225,10.363050747574562,0.0053931034618557,4224771.198768616,844011.5677199842,2400711.7905032383,924346.463325262,0.0108863959165432,575741.8300042893,0.6455630256903078,96157.71591496863,4.593511349532257,4448544.23339533,5808311.69158526,12728.378152108577,257669.0991918521,3009200.5425583124,89468950.83053656,6241075.040252275,0.2975712757584485,0.4429664656075118,921495.949640759,3490.876371860268,0.7549171529980043,1393767.6678275769,559364.8923792329,100707572.94417396,124733.37801261454,0.5124630462719324,128390.16575051485,13140.710658414657,276564.01468028873,6630759.947041895,0.0048871851465719,678158.4543772733,1.4206249959635304,112.2018820944416,0.0232765829255612,1692.2292459150704,0.011405260900517,1.453395885302295,274910.0788538334,0.4019414448914631,964877.1646235898,309947.2706675648,215813510.73047665,92.71644966241593,51334.583933234775,432962283.4505804,120927203.42241578,96100.5247397333,3443747.0259075165,1182255.6591786563,0.1642496624646128,6141057.605405244,1539147.2332210743,457757893.1902386,660556.0891490022,99930780.48097467,68310.53052733855,0.0139038783396685,285155.7039230205,486092.6533513069,944429.3918223524,21622307.70021057,57393.14627760805,513716.92190598266,0.0085908698218872,202.16668125964495,146150.05968816605,0.1784967090322311,2309464.8978615403,8016.688166308904,3871507.653355448,32256.58562996023,2814201.638878882,191994.33620771507,296.807454869299,30.299422020445963,0.0370069637376166,647070.3622207642,272091.67456634995,129.302391665522,17142343.820215885,192779.07804989812,43801940.411286615,1.6702211097863398,421288.4934907839,22582.064567860765,0.0014578582672584,116.95442540297624,60640.26013626498,9842.82674698552,0.0,0.3643212241927447,369603.3187667992,0.0007462948688043,1549660.798243108,1.7163006569174115,0.0043314451431797,138372.1202115179,3614354.399426012,21372927.80166285,0.0003639831579675,5.177793241169881,1787963.9377449255,54616087.75791036,20.879678450554024,0.0005696146008951,20.259139618712886,58633.44753200392,0.0128363700258731,986.585003427508,6216911.417131268,0.1255187860165136,951984.827308974,1695.351747694608,4.87027206981101,828270.6893115044,0.0467290711167986,153287.21548429132,9464600.477107804,1105957857.4703896,45241.40565614053,28455772.0289231,8650940.180603955,21777.083918466004,131.14938916794532,0.1427435323992441,0.0046722001363264,185676.817805492,1478.02005908751,67335.80528973715,0.2579254093014356,58.80451173335314,1645522.8876985076,0.010089366594002,1650371.2537137344,2250964.0339183817,2799.890392817557,91.38374727097268,597681.5879113674,88380.02107378794,8744625.096562602,4.875211983262943,895.1864038450507,152187043.17142868,0.0113517068930377,2792590.65077457,40802.377213266445,1277772.1962323731,68564245.86453927,0.0002156034443956,75764181.99151683,68.262180288563,0.0120261030355468,6.377991566170692,23215.56315341752,701878319.4745592,0.0006285764695661,66482.707128964,1428272.2785581015,676910.3877760167,62640784.790660925,0.1405285998654903,2.8847137166579984,492.6958820824159,93936790.92026895,0.0066307442394304,15808.649287620265,0.0024523845230532,0.0055726251894157,817141.6458537558,31.122625088953534,0.0021573389190976,0.0406462287398881,24403308.921731684,285.5363526935641,98817.14914741236,34077.36375037255
LBR,12178.941299438477,2722474.3006120403,264.33918066773407,6540.144050993025,3978370.316813551,39057.02925881259,4738614.010188405,504399.8089425564,0.0847768747102577,2218062.349884501,4.243144592677552,38551.75157497637,3816.014926279492,2209495.192180348,516739.3184802433,5.027386855826308,43232.70243963934,385518243.10259575,1783165802.293575,10448.607141097347,5715080.393910468,716.035502567386,205327.6755450324,6118155.8487812085,2425082.987234431,1335159.0754409663,238.53205652979,83920830.63019258,5441948157.471355,81098.31865692139,4.921878238787031,349.1387715322153,0.044582131489733,137.93480743692783,4752078.286081582,1286467.0572889005,0.0063672705832686,752270.9012518625,485.6566252684464,261452.630032584,9011007469.586964,28639962.482480258,330347.9101501809,289776.4621161467,0.1057811801314301,320911829.3555346,0.4386277655558501,2625345.259139329,6625108.384198577,2475942.197333282,0.0542992637383576,8762.944718157722,224041.046771948,1239053.6001511407,1741968.4569992162,68.65513286106707,76017.86084759235,36948.59880174659,2671324.9519153577,121285695.67122762,22057101.783956684,3102438.1960913585,59694.75954091569,26015451.703457467,14500127.483115869,319514.890179588,577774.317224795,1165315.11122016,8.422684184473198,12.419828627393995,7575864.325947256,1191.6215367342302,0.4785322792745639,35434.2358134967,328834.1905891049,1474991.4352758827,1477046583.4786212,86.54291639782195,6738064598.415333,206212871.28421783,26314.48904319118,16455558.371312393,98217.57549107076,165251.70548550825,5160659.220722724,235523283.5939856,0.4373365524641599,313900740.4430165,0.3222600560428645,7424312.134407029,6848531.070455105,1060885.6051721503,2055816.0802335567,1298.2982890290928,604119.0518793397,0.0191724210756234,145443.93158869035,26607081.17201069,6099948.29320704,106579.05515999482,266628.3019097593,36222365.08810634,469998.6401078586,2014249.672038049,478.2213991455766,4867474.368767611,127.3296069056958,303601.94375405833,101.18780337059847,0.3915953635826099,117.36769648850908,25235.33546378203,21573.005151555542,321773.176303027,8399618309.374817,34972511.576081954,92866.85867315532,12709.561255552891,27.393183349431865,4.96570455330334,403478.9258045488,3035.053227890074,472159.0022672752,15713468.279351637,549428.1308634882,140.94257137565208,0.0845982181324049,15123578.046684356,0.1402203686809002,2100078.088972318,2093113088.582107,44362.57080819458,110597.5889125912,2348160.592256511,4222.01928776476,0.3903086399854487,3502.4631521591577,250363126.1933398,6822.965222358704,0.5791388460662716,888.1080360986134,250.57184983368015,0.0,9.575927917054564,273981534.3371965,0.02074848385746,651360036.2936568,13792092.61059209,0.1237471218119026,60234.941205170326,552640.2475209885,25600.46727769442,0.0101798712394156,145.35371115425457,16305.652752044904,358384.0144821213,7897231.890361656,0.0164433146412932,121993067.1672811,235.9342908133169,0.3652571554785027,294.3812260594007,2357091.790365944,1075707.1046335176,187.8410970329128,774845.7210673197,4928270.006986861,82154.06090809914,1.3126593360173118,10280.109647071587,7292237.073490865,24016913.91023124,3.727911636080592,3849923.1445599417,740724.5826503756,407177790.9354024,0.4409521107415912,4.040337416465633,1.746925758931411,1984.116179191341,13.653915424439774,4530589178.714645,617115.6975498453,3993.1303596393263,2161.3526713490764,272.3668062236429,4485160.440017943,291398.2846270984,171.97855625806804,303338391.65319633,1065504.7683594755,1408155.759622976,1283361.7602199214,4.346576164236467,0.1529891529339693,2882613.1130526126,14674.68664495414,18152463.52980901,265071508.5380392,465.3020904324478,444464.8640730693,0.0060524917607125,2022850.585176125,7.344041662461677,0.3377742017173943,2225312.4788716435,19832396.47739663,31821031.343566563,0.0177879917382313,22.83162184921798,96390.95413331925,66.1747367357591,8237132.602979558,0.1384879968876475,246274.82076079573,10637220.278513445,564914.1711675327,88769.71280628443,579882423.4004679,16600.044174969196,28826.610335946083,2922.899587612122,6.4251541135584205,0.0605344838447345,1.14497991364442,20744.29178715937,275.00450280332404,22241.00283384311,86.5560462131009
LBY,9228.10687250763,621358419.3310695,5952219.324412609,15225.199840565345,331580779.7382098,4079525.9948024657,1574.7234834354144,171251317.7414667,0.024775630987917,1134041.8715724745,1.4141179931468586,93458.63057147613,28753.89072580614,155132856.4297154,341755710.6180468,5898580.851171963,7415895.434499669,186655168.94508675,419137551.8996613,44400872.60515092,612359836.0193225,101917.78360310316,511047.9401905639,306075201.54983985,347552540.8949348,601555.2265943745,815.9056377090226,746693.7057320329,112417792.78954916,110440.54186785247,450.5519255246464,20650703.05323112,0.0152635780145864,25058.33142099644,223672543.05080664,8717751.659708038,0.0018112402806522,59585018.278529964,84.66804330279149,661935431.8496506,190727447.0910568,450649642.38324577,205092960.7187332,62236578.55486964,0.0310873890052492,23793468.24090959,29286.07658535635,2181770.9039149457,3125683.048269175,3334931.4360454744,7.103417470455611,8167.873686997837,52786350.3581113,78063987.91300069,150621153.73113608,3481481.711690398,139588.1168578131,13384100.24358698,4598453.150808239,1133414829.9913957,1324243.458472702,167729336.8611857,60806050.37158768,73141561.75567174,214787810.1490908,42127701.68570078,870492636.6404604,156747972.03158948,2.52112947361966,4.481997808130073,378227014.26002187,195237.8050776476,13.423669881560816,85985100.15454301,37344424.69782671,535176793.7857839,180213400.89089456,1434.2431404334484,435425531.16161567,49433371.765564255,20670110.28943817,1236068461.158659,76937.66135882032,44674836.32508026,2175063.94017078,19365686.71252753,246.28827253983172,32359414.56680304,0.0995339301575213,3814573.327723696,260501094.9194739,1736852.0630171734,201079074.1227838,476541.38371858303,640466509.651583,472.209263461404,5161137.795721108,2221483217.8408127,649945043.994766,9917979.426572572,44311486.91869149,1206559653.108525,494228.2098314493,64645970.855428405,7277420.220975522,2363109782.9998016,8327527.2947566835,370030748.1984971,219176.46850642367,0.1103369458905041,1813153.5908431932,5523306.68759234,3241538.1403057333,59763466.12493712,61922640.33752629,1087627233.0433145,114632.46877279476,229074.14709575404,816076.6075617346,1.0105676331938866,56537414.12799124,707803.3595087242,67360262.20045584,254370512.35243464,93813116.45916627,2443119.0281199045,1690.0477484220323,5787896.053197682,0.1033272093055234,145410308.6422375,1329637971.9023986,1645054.5946071493,60195240.41131806,169987099.21696445,173869232.70537242,35.18963440163957,2814158.6381093278,499109084.4929503,17345.880991463015,2353.188502246939,555232.2811080024,74489.11077499161,0.0,2.9936509484511005,986104975.0171508,0.0065014873166191,1680712180.3482533,7281787.48776732,0.0371067103469613,7251970.425060624,93078726.92991136,68255279.81140162,0.0030542906633748,42.11062474491241,8587158.65133419,270557048.5383141,2941964.2324890653,0.004177078929767,4030427.7537339474,289634.03312480403,8.864932445971204,6658.10533216586,335007466.20299125,1329736.1316693353,5204502.966096631,22140770.21483524,5237.406370616569,14563399.18518159,0.3420674403939207,1427503.8797636766,814179844.3746717,9589350876.127882,4965684.267754172,309389367.39851654,619400081.1512359,268115671.26957157,63.18916368490328,1.4309157421031735,1.178229559591948,6693641.98824202,4.296219243482078,77281339.02491623,324343.8911274033,175949.87311031425,5896849.806875257,827.0717573312193,328201384.6557347,71641741.6529867,207357.1083330516,21274830.35939998,98715075.92484716,76263658.17065051,151220866.67947364,1.5160422941203038,12251.028340071389,373602533.0719764,49874.06715958025,1282363487.121761,68255517.79524662,3584044.795995009,295908852.6748755,0.0016737507638513,398405249.0082743,592.7539566023664,0.103945458851043,1167060.3535359916,325487734.15949297,5876285730.255714,0.0051814276652182,717630.2890628966,39542399.94997368,13379084.075147271,1463322387.427662,0.597933745374077,53.17807942909909,5798631.494394416,436399704.7276824,108490.3632222178,87099213.00504026,35395.81486459263,71247.03754474041,3855719.896865336,8.56159571828219,0.0177460277326694,0.3279422386649173,64735714.13362829,5338.52733340952,4010693.8663955457,104315.13716741628
LCA,13342.869079589844,800.4064508467216,1.0839856126686591,3493.021428346634,2364.046284730626,0.0636907827140493,29858.73536090084,703.2351822324869,17.420249356039506,9368.69573716331,0.0177664750993633,22519.96636044979,16.10209539912603,12236.787672638691,223.63798810389136,0.0206624175243632,8959.086139343679,38.54314588726217,5.563855468514198,0.2441477214355734,2070.707504344383,0.0013846486674671,165939.38139228523,7499.867321413301,13928.661709312144,1014648.4736453892,745.3060718029737,360281.3671250314,1476123.7486890734,2741.0373344421387,0.0209463474502626,0.0820181966112159,0.000191784605704,0.5697203503280122,1.7893046678076203,4384565.463136809,2.6515593276599247e-05,6419.568651651749,1.289120560942612,55.71269499464844,399.6994927829234,0.662093431726916,1.939963781215538,0.2983557554975817,0.1550628393563862,32428305.38352525,0.0018214366117632,3.5228863406168784,7034074.478484564,2255625.547320664,0.0002308213533979,8976.187504947186,17.862324766975917,3995.5986464622383,35475.29759052514,0.0109834629333462,75465.13449573517,11460.548455142973,1871834.8564451933,31853.77997093501,5490362.794873312,497.9807751961839,0.0811877647073272,4153.660352344938,123193.56642007892,3522.493715752208,0.718580432649563,26446.085239060187,0.0349277346761969,0.0526012987010915,92982.13785281054,395.7436196655035,2.587999190222252,0.2606891630652392,84647.31405751081,1929.2033209119,3.276488764313456,1.0056262128055096,172.8102448599529,18.23284900652405,0.0289782870589192,7350.3013639937135,4192.694506645203,71120.17356502495,6554495.3980382085,5646.428660276433,0.0018868597403383,58283.074878184445,0.0013544761760329,7524331.362616848,2866.9166104923547,865427.1736249924,4474.832465059128,5.437400407646376,4.4694566553755815,8.078427828550616e-05,25812.68921504932,6516.274872094125,5093.346853490921,30855.803864553607,34.94119180257712,49868.26204516885,372111.28371810913,22.49985531617188,2.0100265707254867,10553.495115417516,0.5000186031897442,143.75757038037204,0.4235286891920964,47.97869351520191,0.4941124368422365,0.6161442198805958,0.4922696471428125,1647.852224168564,478.17287116477337,1244.9235728109572,115052.7791595459,1.2622600193899416,0.1165371127904677,0.0204015134516453,5626.943442203337,126.87633742950857,7996.245472639866,35942.99246736405,382.6660571514927,0.5878665032319539,0.0003619078448221,25222654.893949177,1.4627658202795066,2942.0005642239303,310.43115389490663,2.282947356346994,1.2413583836059088,1302.8786737360097,13.863581385929816,0.0016713642975147,0.7527217079611717,695.2796685820533,5064.815956115723,0.002460707920882,0.1074511158827586,1.0528684595081683,0.0,0.0400801181695094,25.70161178740963,8.865121913004259e-05,6.629818945206314,11290748.962340832,0.000514525689141,7712.529888801277,66347.26519865094,0.2719694734501985,4.429365185387724e-05,0.6113765015488148,0.252395418525196,1.3127625986846632,7787185.532405853,6.596032290318021e-05,4228397.518876432,0.9160802628498708,0.0015322030116138,1.2318616094806685,24130.14857038348,527354.3644258976,0.7968495135083913,21436.43170757592,16455.72281409789,7.728092983159513,0.2791476200780041,0.0161349746392005,7328.749711356811,184264.04690255868,0.0153520179258315,1039.8488556285042,16.49703912394489,50.0851563604374,0.0019114181306463,0.0167653232348641,0.0005518665412864,72.15195831898573,0.0572993334951554,40.00614305623824,1257075.6528511047,7.004717550065834,0.556028562386269,334.83842492103577,2186.628819608155,0.4956181790903519,0.0013377592363852,6712.800884834804,670.5172466028619,3534.1142876265985,39218.21821211175,0.0183043272279519,0.0006361187168391,4697.2011241174905,10598.902174949646,5.357101398786254,0.5904317537247152,1.12681241168697,1246.742567569033,2.1471606692066416,84.8784817143992,0.0307391601902793,20.238047950260352,11704.927199721336,4768.19198652685,25419.33239607243,6.550318620167673,0.0966250466410443,0.7967586473888741,0.1729884716539942,23373.40564609733,39.70895041442584,1179.0368819881735,26754899.54186184,2643.1577803830933,80183.84606170654,7407896.245463132,7104.238127231598,20960.25658416748,0.8126210619576864,0.0268453043526957,13.822337655469369,144.45584217783107,0.306439518767076,1.1507338611544815,0.704718870174398,0.3578532675533665
LIE,4.650406117434613e-05,26945.17417682412,0.0917094784020078,0.0085500816458079,107865.52447873354,26.787370378366177,0.6055810862597435,14060.38805091381,3.1135202719578814e-05,992.155745191938,0.0015888984358322,22.55724533184457,1.5273733402024685,10143080.571178436,37517.698216855526,0.0017743500587776,107556.64589262009,7863.409853373018,13673.228049462909,478.35644248981873,372318.3999130558,0.313516880233692,1.9509615046685584,639855.1324570179,1320907.5675508976,0.729485526589136,1.3731784597403872e-05,0.1323817884040129,3183.019705149955,1.940575098153204,0.0019521657555969,173.1646626727533,1.7323444041039693e-05,0.0468486935544536,1666.886843644898,60373.68399916728,2.395089929052574e-06,2602051.5804514885,0.1186844190455957,134968.9292603489,692.5420868483263,6689.421510240943,976.5393525941964,43.84248834745216,3.761990550477101e-05,176.3740875857867,0.0047600680756216,115.62101513790184,28.999833144019345,5.56080525477456,2.084953945313828e-05,0.0010860802819494,2169.2875405475497,3242899.7748858896,11342698.980345003,375.21428083631326,3.5286913309792,210429.61984275887,66.4386307616528,149023.7279585746,33.12293287766739,7568.192953195736,6273.825059039391,1801.198003073834,216491.95104074423,222155.05095267296,64026.17512392886,924226.0998222902,0.0031116213635931,0.0048326525725488,2070511.6018060008,933.3045008778572,0.0001906824860662,49.384616668820605,360300.8283460527,139210.5181294418,1206.3269010725226,1.9918114971369505,9860.574654245229,1526.7126039644472,24.20474327894658,200941.78788965,0.1786149397577645,326033.5432724261,0.5171323003258771,783.5285333180511,0.00017079125299,1750.6282329597543,0.0001222881042464,183.6139092408155,855245.2936639208,48.51950746531061,1372710.0660431762,0.491838073378,17848.592848692475,5.249763639048055e-05,76098.91929278118,94879.0547295565,19333.70652715898,28731.6582125651,1929.786780167371,9192917.563062774,4.658871843835506,2502.023872958335,3058.372510607358,901381.4236812457,5.031160493061414,47597.01326982294,19.837785114117743,0.0001506639332414,138.5123013340751,204.00155038229423,1.7130807848152636,3367.6196947544813,94.08851508585995,28946.536640780894,0.2862962402869016,1771.3574176728723,47.7774097643736,0.0018935773999366,430894.12667030096,11213.68612410128,364961.3416612698,41310.70047064856,81288.59194252454,1.8259796220774276,0.0059536577069717,1.8313250427245884,5.468056352281314e-05,79291.90901158005,44371.70240661995,196.6063251644373,2142.9551043408023,102117.45330905914,76363.37652181549,0.000154725998581,1.629598472642054,15758.826328887346,3.3754865281034654,0.0002223492223643,0.0083779208412924,0.1058682674185622,0.0,0.0034842555206159,43348.6430158327,8.007651501884538e-06,32733.75005055184,279.77628675240555,4.647586916917135e-05,112177.67964622378,606808.7349857315,31.98616384382901,3.62592873415224e-06,0.056976334223188,157.84246090913396,7976.308976414513,35.07232195419423,6.490631272226821e-06,6.571448819054636,0.9777328716122944,0.0001394512016552,0.1065636473167918,4267316.115033388,1.4892747929952748,4328.230255648901,17867.85375580116,0.0484527962009364,491.8062808564864,0.000497854609637,40.81313388158014,1449011.4103826657,14356673.82021845,0.0090700410562329,13713.827824881331,27883.37921877952,7614.625430783162,0.0001726538239932,0.001602401189991,4.993841442946234e-05,34056.31294678236,0.0049968530687405,56.78328499456532,0.0036188426986285,821.8442687988281,212.72690157237767,25.37500652661447,619847.9469084144,1305.9840320892454,0.0256189445549783,693.7801460946969,1033043.3148055075,759667.8339028358,1104271.102055356,0.0016527544254891,0.0004223588733963,20355.287841070443,0.1216856740744773,48185.48344322904,519.94930546523,0.8993711109313711,14730.79880617218,2.312992230080191e-06,18930.03737850732,0.0025588783325876,0.0001234731623548,24.47505285167165,47841.79871353012,596385.8845610748,6.5763968652987614e-06,9.555172002313569,11.99500242111332,239.3432531967982,2102940.4217455992,5.40145420773186e-05,0.0309671795242407,1517.3846117600451,37396.27392596976,0.9134580993559211,6266.636947894023,0.018290447518666,1.7394272496403005,81.50257910446,0.0023886003582871,2.314450529765366e-05,0.0004152534813499,7459.087334507923,0.1018293383129113,4.605745776438527,0.028565566657132
LKA,0.0357747333437146,257323.506230632,331417.99059953325,0.0159026625632741,5.601960312093581,33963.464908891896,701.0316960401456,5.715026771495328,0.0398243272098959,1069307.239938448,145.01340321758389,0.0918886072914642,45612736.85846154,34.79321905901705,40587.71876176242,1843861.1293009245,14.45235166384282,48.83390395876515,29.79962552000994,371289692.5543758,30.183530523574596,27.31788279262865,3.182733746414871,14.499019981133486,119.96181273926564,3.9307525629162696,0.0163942283046392,180.3882309130429,1125.010796553863,0.086497778066132,1288970.9746213427,67914521.20438632,0.0209015781388188,25138.817029607715,902870.4321966978,526949.2824755455,676.7289420738816,16.306305465891455,144.27329356146876,4803387742.306196,44.30526463562006,316200.7821865859,36353532.3505879,860750.8799799979,0.049638446521083,206.79958547396208,53685.82285607792,0.7505042607493202,8.434376863621921,25.99564911630345,48195.151925086975,0.0706996577176806,1.4241156805305195,34.63953818591125,176.4988457494092,230076.22253486144,0.1463377061488557,28.335435382902936,8.533997204764404,372.5471522463495,59.76988344479568,13215.859433859288,373671.2434915004,42.85746891771771,128.86877854173812,36.28882603154008,75653733.48316291,391.2739252401618,4.2005099567419855,5.8044039698789724,204.83478139040028,1.2860173337037395,883.6389532163635,430116.6238404754,134.86211392233233,19.96673116046645,43.63610646392279,0.0014333175639222,27.573171158734382,4.232198583569016,54360.29978392829,24.396497102107556,0.0643467166983384,12906.134851645904,18.88494361603864,12.48362904480291,5043.615683505484,31.016531724997005,0.1506398900868788,19.20530447251216,18.64762895729808,5.25280368156217,39.36084314496936,1049912547.4961804,2800627338.16174,40306.10956867039,36.22426005584071,741101.3152489342,368416.2650707194,92.50907672738404,2.6243842479228903,82.66426123522908,2.1862168185439543,14141.004470304211,92317699.31567463,12948.201152265288,50150513.44240955,3947.500564585512,793819788.152316,0.1832470440135285,44110834.8595772,3161.542900485758,1240679807.929355,1.2148818172410074,11.290136070722724,257.6316659598669,0.1116769855446193,0.0704454033494244,2097860911.7085729,2.3285640674989594,40.25499671738984,1.1402640277597982,43.99311198737155,71.45577818807956,13.562165375022277,33720681.51687883,1293493.8426428773,439.3029275990483,0.0659280844861422,5.477931201989719,127.03962731509068,0.0784721788970728,4331272135.174279,2.845978985709962,827464.4735401357,6424.880177762781,12358608.828467812,134.00963933083722,0.0195089954419245,5369.705633207497,3301465.411470616,121617246.69381914,0.0,13708.889169572169,90.1008148012086,31.793092797930854,26467.84139220773,22.64996038880781,0.0584577359477407,19.01390383456811,305.5576571992198,67924889.98114923,0.0046908118249007,6805.663943305094,138544.88429368025,3356144.6002510195,13.1029331607618,0.007608250778917,264.3755234556518,129204463.46781194,4939.213124389257,18915225.58774963,169.05005847556504,1.67074099206042,37339537.143906906,21.42294196669365,63.83180082273564,0.710584944989094,0.6153274590866156,2564.759581855488,86.96028891500363,41049753.99957489,970465.556435131,2311155.308798679,373224.7775960511,31.506136369721496,245812.9377015904,1.8883327470551312,0.061878465136246,192.1265437353742,13913.0176533534,8.626948446994668,3.414118571505867,0.0202075340980627,43164312.76568986,0.1248213342339568,29.2561889359574,12875998.667902838,72.37085105241601,21.73207942624242,19.10798964457888,6.5132014216519565,1040.9896694896238,3.111067457920143,119730.45889911056,6197.696004222447,0.1503934128417654,13967.33340465562,6.821877576287861,2636094429.322555,14090.163067246584,0.0028484761442717,71701.92637299502,2634444.1093732733,0.1591249392713298,0.9375296534582916,32.74594164803212,18293.358657928537,0.9109171174570196,70945728.16704564,58776240.877065845,25035061.697106663,265.61078250914323,2.3684686257388528,37.854408828915794,30495.19987308521,50837.84618501752,0.087185947330056,142.69552981269803,0.0320358399237221,0.073214424368416,1110398663.6016145,159.5947505053562,0.0285253315105654,0.5361978123130484,1830272.1978334547,6151.19863752218,3979282.309118344,32547.51170940276
LSO,0.0167701975597083,3224.10198506426,217754615.57274625,0.0074347812022992,2.840104470522192,605.8738645076239,11791.648571952092,3.198590154362165,0.0199484181682976,51059046.16047012,4577141.568739634,0.0426050131839126,17903402.950325184,17.62059265566677,13.62729334371494,1644295.07791771,7.040918054695794,71004.18166816792,27119.457786241623,608879.9471914484,15.679220872760872,0.0779971802110459,1.4833051318939212,7.341322853927124,59.57280196294931,1.818627719467493,0.0078667979600624,437.0050849146645,3074517.601069224,0.0406226089230585,1.3331934173393163,122493.02407287636,8.546162206854206,370579870.4864694,939632.0579768178,10669.83343009384,11.012902783666505,8.34719075721705,84525.85578224478,334242.6104364186,507449.3711097657,648570.5030412357,53059476.02800384,2999782.5167712155,2.2099845855416653,2956.890064656708,117762.35174767672,0.3677316910766848,3.826296825421141,12.1757728575927,63.93668329704087,0.0335754858556178,0.7235220171460242,17.06641042541726,85.56224774715382,12878.094841065207,0.0682358744105329,13.759063577721378,3.946509561630876,196.66665936030543,28.7513151862889,63.82283496063263,18775.5308980547,23.55299895769531,64.50984479053665,17.82210794498451,7807460.054021387,196.14169159940465,1731.514217903791,24.479451795581294,100.5717259543824,0.6233587506185359,0.2232895016392744,2661967.274060161,64.73388664184327,10.517797770249263,307012.0873459685,0.0006841002943929,119326.31626089005,6553.094635336259,114298.45211163088,12.416056392964364,0.0301377539653628,6634.668776656996,8.515702249403706,4195.037237265592,0.0979455355310108,8880.469180259242,132281.8469993472,8.771068615593403,9.4043299664231,2.464779498224061,20.049401631048777,438294.89730582817,11681762.948638944,100.26254493587854,17.5425586803675,3983.3878657655496,153.48850734310693,44.19439498411544,1.3148738185182085,42.491061416647504,1.013237400669368,5.961185301482314,325.50392389799435,766.6809013932007,11070624.868485468,44.40312182584103,114698.20622834076,0.089373945271852,45.81713256731304,1.3369370234966595,234174.2161476016,0.6105874259212669,260353.0532046129,135.7787034972968,0.0535347800588397,0.0356406000911988,107426.01446958116,337559907.11750793,19.84153452166788,0.5529966395055226,21.64982145140856,37.47500714092397,6.813148961293528,131147851.99489564,229.65874454857828,193.94639173009227,0.0311712741931797,2.873766357277788,10475.537836321702,0.0399182241924336,1673868.3112296534,1.4230020765406834,877.4172410212354,0.0864177643222774,453251278.3063636,299.9251170090038,0.0092282312914449,59168.34574251296,34356727.77263953,10612.563792608924,0.0,13826.07661935695,3969.8623596212033,16.171578328711803,682354.5946180035,10.49703756366327,0.3094003573351074,9.207319254924869,148.4222963929288,264289.119123192,0.0023146549224293,3068475.0036848392,23177.408896854176,192631.08633844045,5.986519848304511,0.0037577581691081,180.6341683293992,5237.591434789787,1.7948686032439127,46453.481770954735,82.67390200180853,0.7799101063281171,91.24855511820664,10.376375452556658,31.888826528705778,0.3514049654912696,66.76847734899485,1.2931182344374434,44.71022895404259,15545.045109745672,684610.4695855621,9677.285740461832,552659.5519634747,11033.216218337731,5.121914254882881,23.714727298278408,540.5090947007203,91.92614386929652,1056.0696349886257,114514.75933792074,1.5509762846387505,0.0105305453025721,2239868.8197218613,0.0608839440974406,15.051953729539918,5748656.940642319,15545.246920939462,2852.516321464391,9.597799388402793,3.2996854371224345,227.3316783341545,122982824.21492767,7107.681164101625,14.548896142024743,0.0708881211266998,55752.323761700594,115596.86151122527,349209.6304109157,24.00201186928172,0.0014027811710626,69.77125270974031,7672.421881035153,32.87215187776549,0.4423704399120112,16.79293316917927,74.46120959153676,1.588722234739592,5837.058285674157,38149992.80866575,8508963.848996464,132.75432169425983,0.0312011100736313,18.201354497898212,1807.5406059603404,78.63583057283876,0.0408955199328033,2825.6935287669016,0.0148316187365935,0.0344165116259773,116307.11033762954,1044.9956718403882,0.0253096929315362,0.264932603716943,70418.85871883805,4173512649.967819,167086793.85976252,344397610.30529344
LTU,3.215826507803285,19454893.760820627,1509.353730965255,7.871429340388198,4901636.156227753,30313.253841382888,155.17595991065258,6154187.562679461,0.0080196187982579,254504.94611064933,0.4078955279815233,50.546717504003865,391.5897669293776,60716755.03945591,11598911.357000912,784.5696546969667,9474912.305743054,137531.83091978665,339553.1956280882,835988.9060977787,48060063.2055181,231.17870816755877,1062.1019951052074,27484098.40042148,993028828.69484,506.5989739849224,4.3929284745832105,311.4852304345292,136923.7045033686,72.86599726986421,2.7349575722889767,833262.3585350784,0.0043618007144061,12.055519027470586,640784.4956572755,75986365.30222967,0.0006033180892845,14295067.015501969,30.345924084446523,251763867.3326029,101991.44064516349,643578.1887222468,163128.75524849977,22737.19264550495,0.0096265867567744,26515.766625446304,3.091938572125104,320.1706344097683,4172.0794208237685,8435.409367041168,0.0051307034697742,117.5994941382761,262891.0088812262,72350712.66638145,218896419.37275055,54436.14593627506,91.32888954284232,33704712.50154173,11512.577501516633,4441255.52798281,2455.0838780083523,800141.1414807934,561727.766116027,44574.11356330856,14310783.295383137,338472975.59781224,7354186.236398205,1332150956.9098697,0.7927955584064911,1.2277668261935673,60957595.95905951,251403.680580467,0.5628381471159087,25596.0825375161,43561016.36138959,45237324.88982776,150926.42867134366,191.15916983014904,241033.1835056218,21895.16534603834,9229.59160648148,15378011.667790009,82.15750837413904,322215490.48882043,1607.034562265705,40311.62860114584,2.130287208719654,83741.87682560625,0.0308280646582583,4557.831512870926,19154060.578956697,4783.767915885232,51742872.22477142,4563.919622574251,16200544.392784383,0.0689612882428971,8312351.842098139,26910337.42709656,2149625.694575049,25859657.73456177,275654.4259347641,34837560.22284304,2025.701761284215,384206.45857670775,4716400.172424385,883309414.7628698,5583.723936151718,75601933.78169152,2816.5030811658125,0.0378596933793953,828941.7474063566,10356.966571948413,7443.865696031484,336434.43227079883,14465.128871688878,1643006.4151874566,186.37647583565655,86588.90944752097,2504.93328332619,0.4273860377425862,912080179.095407,811586.8988039475,716894499.2282548,2486272.4185184096,27939894.990119413,1000.4444845312396,0.4860704046173963,980.4813310025728,0.0323553383441337,4614477.461698629,1096960.5040148208,4261.887617525645,558248.3974081166,4544183.099916548,142644425.71957457,3.636227241269399,1870.4382565756327,195298.5494221876,6.839884734685924,0.0611938899826564,289.12326279479555,2223.010649894808,0.0,0.890979295637768,2194559.455497274,0.001978959161569,1737833.5248084818,10406.751698011449,0.0117845873792248,9993545.61129404,551746905.1182526,2075650.2874444344,0.0009671581029984,14.595541580239718,77190.00822022725,14901715.280075056,1258.1636597373372,0.0015846938861114,6318.173726486008,37026.31046360446,1.1562674166459614,27.45290209443012,656983753.0377347,504.671864300289,3485003.101206225,2139102.38157634,12.53310208914522,102953.7772406526,0.1255154972155102,30207.31905962791,203374323.61840975,15930809259.37131,349.7107346227234,2101469.999714434,3626571.698914525,115041.96293621,3.614667489580172,0.4066717668202834,0.0128551696545908,24377228.89356912,1.289264724152582,39956.92456914555,115.91184092832634,6837.8945427984,215775.89625656084,2196.1279604743395,41830653.08529182,289667.93512821017,11.598996790333503,55732.10749805985,51530113.327741146,7556520.955474965,1110817970.301944,0.4242219391317476,9.856810098045084,1847596.9685776704,134.27640565485402,3806395.824976805,30631.720697124973,12962.17046701223,20472983.135917574,0.0005700384233088,11800077.12778713,0.6578788735100156,0.0315817993900673,805.0419263865152,937768.1363314972,131784547.46794572,0.0017125842391507,26778.931913986835,9472.023315370265,7068.180792794077,688851312.3643402,0.3115517265487846,7.985022951710833,875746.3873748968,25279960.581612237,62.00188639690295,133687.62533140127,17.520140553604747,21.49410282446657,32935.6305366852,0.6038205695787855,0.0057971579721106,0.1071723221964866,1249295.154609956,25.92340425316907,455.0046915824825,7.261916181203213
LUX,2.62853420880856,381316.82112455496,210.2269012813212,5.342275778579278,930045.1035518646,1128.210396387204,8.57308038433711,160417.61800406687,0.0004545829866515,13940.390107342924,0.0231374850840805,29.680168704400785,21.615476641057317,25924463.44256949,365893.9150384464,0.0471276396335298,11957725.314899445,13423.821678488992,44410.90544096651,14208.36533841264,3134904.0183520266,4.54837091027764,227.85608681784703,3356189.6756027937,18750567.143509388,2451.0603318327007,1.526999987967372,658.7040732937704,132580.32132734658,37.29805576056242,0.0277713741383536,36714.2965361758,0.0002531458340513,0.6910200033289664,36341.76971435719,3498775.199865686,3.476862837104022e-05,16415186.996268034,1.7015539810378335,3177721.813331451,18954.557106014247,35875.91631786735,6682.06188478635,3577.000112429166,0.0005392757545115,94799.25781743485,0.0323650483012127,397.4465478178354,6126.727095083379,3924.690624978177,0.0002886498653253,57.751944477777215,28167.65811445937,19546901.72706744,187273006.43301275,1940.960592641197,267.43904406251386,10892890.120173529,2435.7654317867614,1868792.311608283,460.7430192329352,63764.7329727896,25048.74532922413,13518.396331039576,10220283.543013807,6648360.829832375,207253.7154148472,42266303.024225324,0.0452950037048316,0.069222208567337,70127991.70852427,41173.77772420645,0.0026010327565031,11892.903978147646,15244213.384056645,1188644.4217269907,7683.180135327741,29.07296746224165,20153.351677474475,602.1079745526013,1649.648271941763,1490783.8875414175,224.73560259016813,17648878.84182384,7104.260131513129,17588.394434839818,0.0024907735930592,77768.42152894165,0.0017869465528455,10120.34405031159,3345299.040685685,1428.7507008274215,5890304.818482158,7.580723160238389,155402.68462278412,0.0363162727040374,2749497.116609808,1076475.9133455998,275370.186331212,2679320.1599233467,18952.36746234389,19075272.276377566,108.5271326167276,30002.28121120119,62995.42267896846,15176777.250103584,81.31692060833177,1005879.7561472674,13.246549101459763,0.0020664039971376,3339.345039250873,933.314764077004,65.25299436897548,35502.866833817214,2043.52107142245,280837.48201346013,186.65050421655175,102998.71412849426,82.27911186897876,0.0269680481719731,9298875.523920596,2923892.767120064,9343839.219557596,823894.979060087,1078794.6668274875,40.014974939440286,0.0083546114101926,13170.528055874318,0.0007701335268009,498103.6021934375,186172.81683155985,1102.697072610259,6293.728715117271,724175.3724682033,1933411.7365028723,0.0022106717283127,1.0117873174032446,71090.28585203721,30.136867716297274,0.0032266194177236,0.6486599565403401,19.779194741468284,0.0,0.0501698810620311,244168.12513348216,0.0001162440963753,184076.06129764867,13269.283988516345,0.0006791475141199,10705872.235011935,46041403.14004093,39588.86068521366,5.287957340271987e-05,0.8104496016743682,2474.672762067551,169813.50694626034,1873.9851942656849,8.672394090336599e-05,8145.139817886281,135.38432028028208,0.0020226042649407,1.5386821632939751,61029983.51678151,2834.825274946212,31595.01738287083,732877.4067134218,0.7032885953682734,7764.69477612304,0.0070073551715492,123.44867551894458,12393995.374434428,299043266.8461183,685.4499416776378,132801.62135121456,161301.55622158485,15956.47162419341,0.0023080665659978,0.0222968247006626,0.0007088781839055,1435050.1848294383,0.0722226444214498,6726.219770857693,4479.289086505071,2667.2133083343506,7718.6568582190175,22.966221070382744,4024199.8236086816,8637.987283659913,1.413128707971123,28239.277352340083,6178371.084971964,1712089.7354502678,60336048.605324514,0.023285204922665,0.6928379562197506,241168.74121733892,169.27963349232596,322953.4664630256,5338.391196724833,118.65935400308658,315320.59009605885,3.1670074731593445e-05,314534.07489700464,0.0373545337424658,0.0017973804324414,1084.97853158995,437017.6602008543,6079980.541791834,9.560936327823732e-05,156.52108035714207,681.4180540801872,205.5575626628556,24038129.880493693,0.0007853227226579,0.4441077288930035,86918.02693256892,517615.7889378447,51.82397249049973,230911.5079664244,3.430719482479617,52.59041452833162,724.9302366546727,0.0339349288146819,0.0003316385249984,0.0060417439158726,37736.14118303595,1.463456185126034,8.59162904283542,0.4175045435295822
LVA,3.76889888324646,17654678.888392948,1583.6548950296055,15.883108741692432,3413093.2987605347,15226.742600513911,149.1402277881152,4182036.480381479,0.0077131415700788,244347.05645491392,0.3921969604627194,42.90552069857912,376.08998161395726,41080686.993564725,9120739.534306817,116.1062776728084,6824122.964349253,145221.14704776902,272797.0917075497,771516.5225719322,33197062.637455832,176.35868449552828,142.31631223297722,18499948.017336205,539094367.464745,1068.0159098158265,10.140811154160511,452.6900608574838,81148.5740529559,27.728943930930583,70.99088517605959,594144.469896633,0.0042077665507192,11.5159691971609,435705.32503315056,74630024.94889595,0.0005817537760549,9752821.470018642,29.06720053158741,253202934.0111887,109867.36010435858,448429.667154229,124566.06875415344,22574.63827342524,0.0092303146030523,14023.60902555195,4.156635463043762,569.8803770622015,705.529633049904,2583.7519961167086,0.0049099758855466,17.750234940581283,174017.64698357772,48509720.170154296,156580891.52341825,56500.69728527156,82.97521982982175,27569534.196141463,10687.339751928275,3365946.029362708,1805.1607708488125,613492.8029062732,562908.617363132,44224.66244295396,11420639.885623792,483424514.9147922,5762965.379978323,1588854349.4606378,0.7593173935090126,1.1836924533850657,43599883.15332693,236302.44808851788,0.7932166345865808,21538.2149340026,36740433.31557,33833229.47809395,129864.22005972144,139.0602712906657,145891.090767793,16515.457744743075,3775.341967954418,11065127.222917756,30.04719267760721,330496612.5649751,1169.395409161836,33957.541068829945,4.854518551909385,65538.63689098948,0.0297776787612537,9348.921902530996,12617838.418875948,1595.3570277903918,37329474.710492,3348.309947494713,13990941.592652246,0.0196486377075685,7506721.803616103,21114808.73321857,1617875.9438999891,27613000.766513824,245372.7639004032,23018547.13733086,6055.904297494867,322686.2464519545,4618299.219909272,898760324.168337,4963.928351996799,73863736.3027252,5303.425440500575,0.0364297687415898,977708.0477437386,7571.20092963512,16874.620236796316,257470.9575419404,24396.624683362323,1390729.492627944,50.92943853087171,58948.44205150037,1637.4055689078482,0.376801360079902,351235147.2920397,544140.2196623599,861818634.5723017,2057977.119164437,18314271.57281633,2053.724297508278,0.5688236258227938,2290.1574764477086,1.1032880403042222,3375267.432921532,732624.3660370847,3150.880478832085,477595.9205739755,3112851.997588525,147018473.04038405,4.645138492484447,1497.1703813116512,160059.8764611248,91.52816237334,10.230444392990195,67.2725029077283,11368.915301270084,0.0,0.8556397564850378,1613879.1934859878,0.0019049647833243,1297832.397124187,2910.245571939631,0.0113112193995611,7703706.340817168,573086282.9235634,1954870.2168283823,0.0009219372375388,14.031789332637656,56954.73312744561,15031923.25415554,2211.3771735351315,0.0015293247039643,3583.947840694509,42692.34950103299,3.2372408877894934,26.22320093654709,359427094.73294216,1041.1479653694762,3467572.9711933923,1791622.1130411366,11.997379751464129,89380.91165380817,0.1204542096065448,12592.246128904697,144429490.17909738,16944359401.484802,304.8548891415935,1443798.0411176195,2482735.5780809848,79493.27803755483,0.3405360199325762,0.3916653679480156,0.0123147647018866,28109546.114689916,1.2370413359686347,33543.608779790346,132.41512206926862,3475.922221054818,149332.40800581314,1162.559439022587,28772015.255751062,231265.3383179969,18.78953608944508,104965.47940571806,36131200.335326135,5307252.449237939,1157220225.329569,0.4063196905393694,6.342988322109683,1333675.350275684,20.959957295313234,2800495.4646313265,34724.6163355203,28644.904772220896,19556556.34634208,0.0005472740799376,9620977.623579482,0.6311603773013164,0.0302708400453515,1142.5594368214715,640599.1780199428,93228294.2396028,0.0016419435013292,52256.26303756224,7537.737469032575,20565.8260086316,435973804.59101385,0.5048894641448436,7.665039901392215,602624.4581408793,23032573.34881979,61.45556910413498,186583.23546171063,8.842760612407545,26.43149032083094,43344.65096108278,0.5792731073455945,0.0055800343313086,0.1024716992657659,918744.5172490914,24.67424599802078,585.6555654518486,6.911606400775692
MAR,43146.65487978235,193684028.50712496,116796.64999525974,54484.40399137078,595234519.0790397,1105151.1323690074,473811.36873966455,72904493.87690303,0.0643945782091217,1745262.699065586,3.200337064043257,311545.2131010189,2921.6855898528056,1136474091.958821,139267069.13416368,143118.8510678456,108944727.24562046,13648997.62726834,29988170.50914256,5672694.35127632,745838410.9138103,32065.821635824614,1656338.2926468574,923138121.3069892,806399595.8804066,2932231.002091021,6114.574898025748,13855951.181160692,837316891.6553651,397095.5870399671,3.771818094490365,2996287.9512239173,0.0340629931898552,101.99002362098742,21551275.28859021,103612341.28045566,0.0048021577942856,771590005.8521147,765.8652114713016,205084649.9436644,22523778.82525631,36591403.999081165,14615799.389629602,3829991.353626592,0.0794864905002268,235301725.7526825,1084.2397247929416,2193956.493863014,14773094.795905922,13554387.1022728,0.0410652767577168,36489.42250797557,21437702.35264607,403366396.1414998,1469684932.2015374,284429.5523904185,516444.6157741078,83975702.20053238,18594038.12456979,7863321739.38962,24640659.98639139,51361295.57884368,8040967.462243999,74058784.99578515,5385288271.4960985,94863143.6528267,95287721.82554293,481347146.8869681,6.402016493924549,9.415692929768042,5130870194.686752,1833311.3432820989,1.0716443721632245,4406573.466024227,361316980.9249362,318233285.100758,14978238.984817471,119360.86459545793,85701966.56331283,16985919.64964045,1359539.6626111125,1118010321.01294,258930.6301019794,649619322.7921935,12302475.686038584,69290318.46920732,0.3377056381904145,128537269.40962212,0.2459375743411065,16299358.77829188,979776017.0422376,7241157.381165089,802868606.0219285,1218.693454654121,94519761.8069384,5.995533454293291,82919035.49723583,734598020.4720526,219159335.7322483,128280403.98760884,16022055.124363318,5400635538.258011,2258698.08992398,21482255.104332067,2413952.437574125,1276692182.4492464,289524.49819849886,108701006.38956796,1043.9487661028238,0.3539650450598301,515149.6630311639,1317906.6913237986,471794.2341186655,26631725.663065385,10403212.824147854,350292845.2861799,413666.4114995324,3298984.5080123665,48586.27473640906,3.4422326351764587,181729064.0024144,10971761.95157764,158872408.98000148,9538034225.870584,145227953.63255656,14367.1508273477,24.449980239213943,41255048.08994146,0.1068877683725703,219896992.4945813,227973339.6041709,1827446.2535297496,6023227.249132069,357408515.0346866,66829856.17879902,0.7226946876175332,97963.17232492311,228872646.76601323,61081.24615037488,13.223888627296628,6513.964741000553,221.04443159474903,0.0,7.225980852215265,75294761.68114163,0.0159353522735843,97959477.26086816,29826079.56484364,0.094750184821482,100139368.57776196,577295200.7245251,9937171.54927864,0.0075771826655994,110.2033805271873,1825913.1519641744,64959743.06706716,17790316.594163023,0.0120586590046661,66977155.125711374,17348.57827097535,0.2784991261488658,222.94838860785472,1386315235.9852488,5168878.599583537,1760951.099854824,513165281.7096026,1130835.663682233,5369526.279218299,0.9764862087753488,332486.4423925645,1784498707.8893833,9670442437.081797,169836.635944483,80432516.50692415,60509441.754364185,99111022.26410146,0.3308036955450817,3.074172293270185,0.098190807424733,24494254.858069565,10.32441832273691,14289493.035849588,1760705.1752807803,746416.2370111942,595507.459850489,13596.47483843243,857442519.6673374,6991219.361990854,13251.36808263939,87781521.53597648,436332029.7211044,412967920.26281935,615803939.1704793,3.155263224734287,334.2382010024845,147434853.83491457,208937.03655013532,89955760.44786316,5347193.305482864,387992.67376651446,87532579.9324924,0.0045629482037873,144506571.6475197,5.536899575670852,0.2567638056822601,4507818.179030601,824366337.1785138,3142898403.906763,0.0134688854884427,72963.3800346711,1095936.1182787744,772255.0699712983,2239127690.382189,0.1075597319183672,4490.865007037289,37470496.65407401,158179658.89979914,357924.0992462039,429550346.2810764,122942.33024216164,246890.8931722804,945023.8356566412,4.877057198854942,0.045993096048334,0.8639934908124163,9294058.49501088,197.39957897004783,18573.05966771107,1324.8965658492202
MDA,0.260405728668502,21005917.18455412,12218.848079573836,32.11526978553367,16665800.402943784,104699.0013027367,123.12453438138463,18685125.100479618,0.0064320474671304,202225.90935190496,0.3238655177142523,480.4463452912592,355.1429197901131,58826156.38615063,33536097.347177196,883.7255078324235,3494919.0914798197,1054821.3947815949,2311509.325959743,2888871.3290396705,274569572.4914627,2452.0197016195007,4165.823591759263,55081209.26833278,435434687.2820019,1013.90271870969,0.0326118135640513,91.02870857948956,317805.58837959246,37.50151650867348,191.843516390331,776536.4327137639,0.0035052814185192,9.728422800331035,3254099.887409701,12008688.16991014,0.0004845336724337,14699169.562013078,24.32064820596433,162793319.68956137,484074.4863276271,3377333.8803464,376178.2770112943,97839.76531597326,0.0077269327354823,18852.96792761532,27.724993495289848,10794.872474619548,27368.133125251497,17645.07826515027,0.0040594516550189,17.289587754910542,1034717.7852885852,59857445.5432474,132531060.96995656,583561.7963776676,491.9357500746246,13333827.257806065,31070.273736448,7333180.569075314,9.937787958273002,3022548.695900441,5670609.949476057,174598.94715665138,7995107.919542938,35638587.32492916,65178561.6401585,193778464.5551837,0.6330453764485626,0.9773397292020776,47515985.85516348,121349.91103065944,1.799165519489332,109353.45670283574,13065970.569309888,138713919.3861466,636237.5683569498,46.54611853384995,1140086.8499068506,145235.25797737105,37762.527803142,80792864.36283657,51.61173326366449,53653781.440778494,752.7943437299081,41427.91383140582,4.465348237725274,67923.76373554062,0.0247580534540375,7045.76666234407,42060896.83633798,7534.777929463125,97543301.9932374,12686.777401849167,49174744.61504141,0.2703922364748751,2043820.1422184336,77383958.96136117,9278864.993818024,6503817.741113275,1223942.3564790778,82316120.05871046,4606.506924376732,1645339.859326993,3031207.829310617,705385684.3399165,68426.18296921189,60249623.52148862,3504.1587755495952,0.0298671479673606,759398.3026307742,72324.47012308003,142855.53957822727,1333082.2026067227,100561.38648740677,3943641.582888633,160.3399498535196,83365.63238077983,10314.539912014465,0.3890136590329589,67838010.16969559,366502.4290528688,61376271.16443718,1805308.351014485,321614189.24764943,4848.215145044882,11.45646511237182,28385.99481859404,0.2905122515371259,22090464.73318722,7112992.697296845,8665.137626647367,3131236.1661888915,11450217.05186195,90339979.7393642,3.3981726409950768,5973.186583535972,2573619.5141817946,27.33126282589957,0.1450203373198087,483.47041959559846,12105.280577390453,0.0,0.7138380131157305,9454956.432231486,0.0015856970162175,12277132.520647025,6471.468233426523,0.0094040775199459,4055036.646108115,123896066.38387272,2935948.511643052,0.000771975327527,11.59179675868839,284510.77092043863,13333063.051461384,1978.199615985897,0.0012637009443471,373.0853710844914,24434.784727173173,1.130763287176508,22.838827078975477,369771221.0180256,2354.0458643928228,2344255.7220834773,496851.2031825725,10.06651917209608,436454.3601813572,0.0999897252740734,18424.30414916482,1013021195.8272892,7945977043.019106,1744.4267813189497,9137716.635289034,21495816.979672574,1230732.1335797214,0.6383383494614311,0.3208082635639023,0.0102210006916844,6857726.069308089,1.0309610770549162,184364.82757077712,99.80043930852447,15486.328416734934,624591.065247402,52.60512024962554,117893645.6856201,1599237.673800342,85.36821685864282,59507.36402400606,59754333.56166398,14658123.4952154,223712781.34439895,0.3381690446418821,107.94641176857698,7561767.081585672,95.50105004972892,25755390.871747453,300336.09246628487,197185.96193207265,18990141.13726796,0.0004549091365936,20190667.482152417,0.5299826644536573,0.0252451435923758,387.4714313043722,2570599.2402860783,554560889.1336925,0.0013706262410153,29533.98290446354,29921.32817567733,61751.25835790952,2120347428.9946432,0.1131725003153593,6.331209322602955,111242.91594536294,34185074.53600478,72.74091382907066,120342.61033089092,21.288141530984365,28.51627691057061,64858.44386619833,0.4829379843840126,0.0046441197318786,0.0856968114032032,8631087.558012601,20.901455746747644,1490.1045014893186,8.288254259384534
MDG,0.4672143527996297,8716212.751404764,9455500015.690569,0.2070277475964577,76.88186360145171,818091.1587893751,214042.39644934016,83.04554040475477,42.47272239845744,209131326.3427657,43986497.78884492,1.1893500461705735,285960816.5020427,475.11045765365935,1434.4047216898932,854472847.355836,193.862692541138,4236526.519074301,1217241.7828643927,787287860.1549774,417.2248888331396,94.6455026038546,41.596652032204986,198.01601837079,1620.6608034436886,50.71743432325482,0.2162126158006579,2998.2259578045923,3887468.899644927,1.1329925237316765,59603.6493836218,308366532.203715,0.2781663888586223,3608053824.280837,816958512.7882868,283094.02718406,707.1579484665984,225.4836402426919,1824313.3787529476,1346184047.06629,12785519.954591444,252180719.0339415,20744922433.40635,570014845.7297702,106.84383989213234,14024.886308934812,77954519.2214748,316.28873975551954,107.61509895075037,339.4356664914585,13329.791435216348,0.9309098032112118,19.50214518350527,466.41426153201,2361.4247728739256,5273210.815754427,1.901049704579475,378.735913635276,110.49226712660317,14278.44262648328,795.3870384289792,35831.66326894215,22493840.561996296,644.8596229214147,1748.4806600574989,488.122516894658,4281241664.15219,5309.850133828246,25302.59496830488,7229.063018416118,2759.5265043026607,17.07748146939712,19.874820120340036,367236780.63775545,1784.978938952088,279.1450674705995,11483295.400760204,0.0189001792554717,1701876.742849892,21551.596457627016,34875509.05541442,333.6525142295945,0.8443841778580963,177442.777939437,239.9586221513152,38523.80228809564,2.6870487505831173,38960.16810281916,969089.0193513228,246.33545238639607,254.41440097184255,68.8767073913011,540.2348071578963,46169838.7021112,13304105649.503216,60321.24511984314,480.1547992325448,3573482.68159139,3411.678939078989,1220.4462001748902,39.04697252256531,1140.9171421126714,28.27517757259006,3118.6485136627985,7979977.226642341,20515.4354358239,5230481183.698192,7719.748409203497,107796142.18554592,2.4549445816113256,1433686.5707325952,262.7319266172828,378109111.7404232,16.63281289783676,5990298.663200611,46656.28118046837,1.47302079390069,0.9628592174160512,71850683.2553346,141977457.93970788,542.0207456435658,15.295511204129951,593.4767834074145,1087.3311869213665,184.18882142945424,119952122461.77188,184805.34937173428,5337.475183660436,0.8636903684041372,76.54863158649887,551812.1823950976,1.0655355979901593,2693982496.9102845,38.84094705288819,145414.86962451527,23.578450274746935,27874367593.54689,11325.352422714914,0.2538924314665873,23335070.034497287,4640507896.358159,9718156.886658862,0.0,96270.58378513512,992632.3615835366,372.3859551413443,102071375.13034885,293.5152196619086,14.76569038058463,254.1370358439351,4070.7132991153503,704093655.2061707,0.0634055859144382,40624818.814552285,10040005.94460029,295018843.72751576,168.95431177909518,3.5199446329309785,4255.996775600887,11549529.94987844,2818.8208405810024,1308838.2991068717,2262.6893446883496,21.698696499920032,4702463.649060367,285.16505374049945,866.3783667954974,13.876500253787622,78.67148534647734,11386.378919795696,1193.8689938883542,8281399.867045694,353184216.0736296,11428350.340234956,420216949.04692537,20886.63692512034,20739.416962535925,1200.2490666560795,1486.636995162535,2530.3141447750395,16636.712253657264,1942170.6326087783,43.612284922850925,0.2792562056328265,965226411.0200268,1.6715100487566232,403.2851888440307,3686343958.638528,538876.2558734787,112752.7402329564,260.1242333690373,89.18333553509902,6163.916460363367,168189748.32404524,5184289.457076838,828.8981362484724,1.9610815962746937,67388477.0203406,3192155.315169422,495261125.67103904,48598.21484780267,0.038396671054832,69882.98967947355,135776.4451243976,683.4398917024749,17.72681499111561,447.3605003028183,2448.6410054183143,0.1772193638388219,5510985.088615348,14745198840.799677,4067616666.73117,3603.331945352273,0.9277938775772988,1241.664962761498,48370.37481891396,8232.64269373516,1.1436108948944144,17631.36793431396,0.4182076761808359,0.9574660225063728,220276496.869743,41865.33158381165,20.96679631083321,49.45793296707306,65398401.71641692,4200775851.938457,12902245048.600224,7454423476.762856
MDV,0.0001318245588775,561.3104670583234,6125.1083991892565,5.8777838217810574e-05,0.0205736982508011,53.48951442215986,2.612391604418236,2.3469565877677745,0.0001450172898794,4045.050502316911,0.7755567527770252,0.0003384191789921,590888.7345529133,0.1279602825555273,14.200305585382592,10476.019726719089,0.0531996302286912,0.2992403412024784,0.1125630377448743,298161.6755196911,0.110592192734674,0.412042166530185,0.0117468784379152,0.0532732174160806,0.4426140100484169,0.0148532996477156,6.216448805764201e-05,0.6612888511397053,4.145568560215386,0.000318198338174,9833.715240676902,39826.64531117038,7.980886038361223e-05,616.4052301393672,6586.225068745325,1472.663913833518,6.906705944591522,0.0598717578550009,0.5347188298204397,9937095.609434271,1.3850233945557635,1053.480271523093,210406.826635782,5275.666942703191,0.0001835642372862,0.7694272220940936,362.12998710303145,0.002817931385114,0.0315328485718628,0.0965088783055028,213.2913846084848,0.000269761269716,0.0052262709345414,0.1283739223341983,0.6523398090298621,366.8113467384562,0.0005455386956102,0.1042565441364768,0.0319092282130839,1.3676259474814176,0.2203054834663599,25.919354449421924,667.6615587065625,0.1573048668248486,0.4767375826612417,0.1342661585881525,153403.1934391078,1.4430360606305035,0.0146324126365933,0.021720760469962,0.7567614995077241,0.0047247574601275,24.40401555775191,2827.763769409173,0.5010071012575698,0.0732452913111678,0.6194809836198776,5.39036312888902e-06,0.1038639854190251,0.0160262402581173,349.8729187130443,0.0898910973677462,0.0002399816870202,47.52768418275964,0.0710723224116189,0.0460124906931814,57.97507948598013,0.1147755257424108,0.0005666957148142,0.0721758563183237,0.0685801220329003,0.0195655514729588,0.1446396942368578,8814663.040667804,2331039.244186473,286.3829414519205,0.1346787006312034,2242.606861985734,133.47813067710246,0.3449861353473381,0.0096225243109726,0.3041850069730353,0.0081291555859671,6.613073932892585,422500.3265628162,371.05603020071686,177468.27852936718,153.56657715845364,3246087.340459984,0.0006915471069519,145176.27446976563,19.330020225663823,2671391.9007847616,0.0044620004460809,0.0425540100661062,0.9238230214676216,0.0004152082497786,0.000255814971327,1801262.9918257354,0.0085720565438803,0.1474331006135661,0.004230390654757,0.1629547143146157,0.2625291816008835,0.0500439540906529,177921.89527553308,9882.99522757777,1.5230164131922108,0.0002445297998041,0.0200918824115573,0.4748390563857507,0.0002990455115206,6605494.13707529,0.0105149233317843,2482.9123718269884,71.59439552620552,44607.40404098438,0.4918820843207102,7.341008033517893e-05,44.71986813497429,11712.120509608623,1534982.341120054,0.0,131.75876136835564,0.3450955193102666,0.1591739572401067,25.80650050725223,0.0847822789953953,0.0002165289333118,0.070255270861934,1.133791252396108,54116.84582237029,1.7058006546000204e-05,63.31285851850849,524.7626990854477,2075.718012146572,0.0489243867249318,2.7690172112826948e-05,0.967199612248078,1368898.7433097684,168.61008334491336,73302.78467180498,0.626574459233783,0.0062538106076151,119933.25896610088,0.0791056304606594,0.2362082306858694,0.00262612862037,0.0022634280034017,9.250043217452822,0.3202939434744327,157903.8632188807,5985.477549332031,3601.234079621592,1199.537664036426,0.1168371103863699,3055.093357244252,0.0069685927931207,0.0002291105569788,0.7179963681008089,241.0791251134767,0.0322244266660987,0.0128368906824901,7.275292789121757e-05,102828.60841425968,0.0004569865037574,0.1073036880093739,32580.65950048596,0.2786101288289807,0.0807147377786106,0.0707879365297775,0.024123803444233,1.677077817823142,2.609370309768403,496.6891219520844,5.626876595420243,0.0005697927846469,78.81925422600493,0.0253336933091562,7268882.896509221,124.90013336936326,0.0003730068629999,57.10492868272575,16474.51216978341,0.0005779348813196,0.0034948198892389,0.1205737849656587,1.5755017277225831,0.0125289308824254,302393.6584900953,224699.87948835295,91764.33794286316,0.9797069063564212,0.0353912280470213,0.1406858836995853,126.55530266403004,186.9980371042026,0.0003277573644144,0.5316810204410226,0.00011928026694,0.0002716719685923,3735753.83816996,3.4848019173701403,0.0001071701992265,0.0020155305877952,2722.6439242890256,347.7035365615675,22484.361182569624,390.0243746974684
MEX,8280.983400461693,247607.7836452134,1624.1274862870644,10767.756697213204,2080204.9648803205,1078.3933196935957,11552.475292780891,93727.49975594622,22012.248104945396,16116476.566635022,28.94170344372499,33581.66517163992,39841.54273333598,10536945.47043026,433839.978019435,32.42785107000973,9073520.21275206,3218.297056378903,4160.21181934631,633.735168658329,1961474.6687788009,46.24350230092512,43927190.24879217,4749039.997019056,16790718.13581058,635408040.7744212,454457.56581248593,165915.0693653571,9489176.384566825,7767.957615766392,34.352433944057736,349.8386511690564,0.3093889469927049,885.6611597553132,6067.712621020407,70391318172.97873,0.0430805435638377,9513517.96848854,2089.7188696585818,581799.8305462023,18158.204475276547,3773.9265603908425,12212.865123472464,6083.190287532823,656.0912028836058,479581744.1990768,2.928025933316688,6406.693697770816,275685937.2285915,300817022.6006712,0.3712539331821975,541632.0391143411,88341.3280644198,9891071.995902635,72463247.22049195,34.6158970286052,37167.088622970055,11733887.89182594,40686933.89126533,19059593.29649476,27539999.15851596,493485.1454144259,5207.731590094985,3481386.581984482,119928084.71070418,5914181.04851065,19260.976511335244,35255379.3351616,12867.968543778046,85.50608356693414,148066746.2314483,1355399.5550766652,60689.4027456489,891.4055538055011,151349252.44770852,1736838.7205754295,3967.426445937419,2359.135544768528,42655.88176297129,1727.8187450995736,234.1881274207462,3466208.905892611,5597.561677891054,1293092749.536582,6897347785.346642,930403.4585595536,1204.95253213981,1962312.3207479804,2.1967122551161813,1818707493.755993,4511415.1540003605,20833376.959735688,4005562.2907166025,11609.730343262208,10632.161838270416,0.1341857844907412,60755816.75869819,1880148.2871116488,536603.4202994686,121745377.76921248,117120.68804737854,26148374.26382199,14460172.281676836,178320.69039491838,21322.77822552447,17350224.885953728,807.6267959815348,228707.32550160823,705.4107845703242,581683.1993647449,1636.3699096687296,2727.566761377042,824.1438010843415,71697.54282815834,11424.280779247469,1452049.58448791,18328.99648423325,50616.1945132027,186.8055209108858,32.75111294381077,8314350.796499143,731468.9759013475,8934689.042162988,50825440.32177292,697335.0022821745,944.4206920837636,0.575065455662937,343958063531.1394,70778.77513474169,572351.947985196,107572.56757311286,5259.008630627339,2941.692958687846,1662048.2752852077,169962.80537618615,1567.2459657506486,1182.75027008934,766092.203078394,5641.30312082037,4.006275047200088,166.69476458847964,2421.148600491836,0.0,88004.17511913324,17910.25711960945,0.1414439958314854,11857.526852725108,359185461.3769798,3390.014888073626,10022195.33434277,166540849.27714616,7979.713652815628,1180.8528462456843,1004.8356400361728,783.8063078064363,30305.3786857856,147674409.6284727,0.1120662778154588,2396842.956850871,43426.13377696483,665.3404213261265,273767.44354314724,35339238.72716428,2385028.849930738,8389.002447903056,39334863.80930211,5009.423249225615,34265.001313929686,2877.070638192685,342.45197280858866,8143042.641403839,243090731.75150496,24.2113689973127,267717.9263388629,69961.88766286388,29059.5278117592,2.9941549588000824,28.0056907766688,0.9036295974403148,6869328.954966525,705406.7252299305,13944.603694280888,236090972.3878529,4074.924522581846,949.2498120368348,2336038.7070906907,3152341.1594215985,1887.3696672263345,2.196862246307892,1200817.986161662,4027201.485953439,2149566.0670297085,72148877.4680829,29.65437369017897,1.0315517591313004,589751.2748087365,575062.9760281827,30043.245337768407,1964.407871063192,1904.6395625510324,94352.78243110592,3859.916407814203,533188.9368656422,48.69769002761733,30290.15642834545,58462.64222705165,2031468.5270505752,9370133.686537284,16906.052344644733,293.71396371241946,1256.944710248009,299.5254776229707,22655933.00472105,885028.4434220141,542.6632620248171,311150660212.9313,1092243.1718799258,10412.56144791821,26823099.291736677,27403.66807205752,53916.27286660647,1364.425516386746,92305.88772986265,28368.419511053697,387761.472638795,791.0948230326416,1843.5106733197451,1075.6049036697334,555.0775900928857
MHL,0.0001449267507425,0.4328571532256752,0.5143750301723731,6.478102239687589e-05,0.0230911347966813,0.0291580332810125,21.304841919772013,0.0240736829696012,20.37464600951125,4207.824761223341,0.0082031310241869,0.0003745969995223,28783.711576777056,0.1432701914941274,0.1055205383594654,0.0096832109415987,0.0591113491248584,0.0555143937742937,0.1204680059387615,0.1123749301377521,0.1247772095434321,0.0004399762888637,0.0742232909975556,0.0595965778258418,0.4921187466145041,0.0159077805128826,6.6479475104117e-05,0.7418760679163444,4.606561775772282,0.0003522939914493,10773.403916470706,0.0371443929653172,8.525057815944592e-05,0.267885976381477,0.2366177137186265,20653.60227357559,1.2178356307845917e-05,0.0672335679772571,42.32146172209053,269655.42560389533,0.1479364004523518,0.1822743704821311,0.8840442785000333,0.1348894564016295,6.64305746184849,0.8391736813916372,0.0008456339557104,0.0030976652340997,0.0340933019575164,0.5097858983351525,0.0240516645737187,0.0002864999201441,0.0058608489827776,0.1419187325988647,0.7210177042203549,0.0050005114587572,0.0006010238745103,0.1158304774705849,0.0345775390984699,1.53902633150033,0.2434868706155418,0.4821423108780727,0.0287064732921459,0.1783864280587446,0.5301575351032556,0.1485741467976695,0.322425772569188,1.606665944565266,8454.775731537007,0.0275508478171981,0.8383695916352043,0.0052521842528285,84531.12591918759,0.116610762601639,0.5508503359313441,0.0829931638386117,0.1136618766049775,5.937712292736208e-06,0.1120240446295581,0.0172524205630359,0.0127634792968536,0.1004779167565362,0.0002592808586932,53.46668097167213,0.0762965965359498,0.0510632841886561,8032.284696730785,0.1267281045103579,0.0006180255572366,0.0776671207838618,0.0765997962467241,0.0213100030540027,0.1619744345570879,2028698.156368149,261.2879063317737,3.6722028460375866e-05,0.1480987962890873,0.8451357096028549,0.2708936805155298,0.3776962247971386,0.0106969416254515,0.3416580975075892,0.0088622649254435,0.046107693555699,167267.50206720963,6.180361274698639,0.2292431889304463,0.3439917948960662,24612.789509524235,954.6436574114856,25976.315249177056,0.0105712127264565,9481.56422206842,0.0049928480317835,0.0456897061502754,1.0352889169834436,0.0004501359252717,0.0002861699866193,190.51261465107623,0.0095100623507127,0.1645413921024223,0.0046412361712453,0.1801140750273661,0.2952215050305006,0.055971933527469,0.2712956814212181,0.1730806088612707,96.1802371181441,17745.589844538503,0.022747889522912,0.5201470045631353,0.0003249083769443,1789.534693832548,0.0117379096205811,71.04440771155349,4607.077006460866,0.3492511859643223,0.5584721588334137,7.957990904561285e-05,0.0011055683103974,0.0506142750033018,460879.7551094592,0.0,1802.2864754182835,0.3687131371943178,0.5267403512728244,0.4132240385426047,0.091885537161575,43.22803030768432,0.0779038506826397,1.249336929258072,0.1219735162913955,227.7180245178752,902.0713880120774,0.1029070513043423,0.5960210335312033,0.053015145467666,3.1174090972418966e-05,1.0827286260354183,1433566.729599421,11863.447278504726,1153546.667102345,0.6917696520212842,0.0067982485085999,33809.53255441069,0.0874135386933122,0.2618266538777675,0.0029045157551401,1.27679786863143,0.0067993634100792,0.3587766040658454,77600.53158746961,0.0071153220361696,0.892246922546455,0.5048578062918374,0.1287707319465813,278.0741870025303,0.0077231644729127,0.0002529757089575,0.784285874434044,90337.6227951248,0.0350212144717076,0.01385585559187,8.298402775430702e-05,0.2557656039591394,0.0005082013568262,0.1203545574407277,0.2134581530907761,0.0005822756224168,0.08888526937828,0.0786711469162986,0.0268520848207449,1.866504246588479,0.0083656520263151,0.0002952617031361,0.1179921399272785,0.0006122006677964,0.3767085765631464,0.0262073628992211,23849.57142701598,0.1825062074941842,10.986646315897817,0.5569325466678274,86.3609181369433,129.02362912920577,0.0038087336131411,0.1341576268730302,0.590218258630993,133.95472300355323,20699.710883883585,0.3697998675301993,0.077839945963959,1.0910771275582412,116.3628228809972,0.1544191333117966,17372.18404002807,0.627433989693516,0.0003550672860755,0.581056397978248,0.0001287636984182,0.0002965321532983,50386.08934662193,6186.8466855695415,81.38711705729031,301.46604836254846,0.1279161910876037,0.5270186778735377,0.3341846464373353,0.1674034811712769
MKD,5.295534688659927,29711546.261621475,100809.67002412444,139.3085094065226,190369530.43002653,173268.5818987111,115.2360685992505,25589493.16579935,0.0062083259142182,184656.8553454544,0.3099250285991964,1168.5154432139882,290.43947306335724,43483778.6462822,41596742.07220777,12704.6667759588,2136129.58033716,4063435.6919551017,9621563.814752685,5780104.339065759,839526726.9725451,2820.9636177027933,25115.458055046176,83619400.9875657,137606941.86104023,1334.2000051825853,0.0033950756629148,396.8234106953784,418016.5479415048,661.2096920738652,4.675117683986173,1648649.3054737786,0.0033288795531234,9.571221943191976,11843136.793397024,2696646.5426535155,0.0004602413950465,7894518.268624056,23.080537252160976,73191337.64804927,2547947.9988485062,13540325.835287897,2237950.6145993243,719243.2827759659,0.0074512651400446,83111.01185582404,302.6717480545807,41437.44809353709,56905.14187459437,55058.574211113264,0.003880088159974,118.06700674112356,2928876.847137332,44298044.10206291,53836513.14359261,770425.8185093071,670.0747630550636,7682042.223442299,58306.166176357656,22149807.735829,1023.0927258361972,7559833.7272224445,10068912.36275465,1598463.1273132,6338171.9537245,15278282.23826624,139033360.5683514,71487614.73163912,0.6096008821934396,0.9204436294612428,28965558.061350103,57565.53151308745,0.7193758479232043,774059.2052259386,9789862.700277198,86770557.92968602,3115081.648764305,19.300581164832693,5704299.838078478,760672.4929086012,158004.58472220047,711870838.9176772,712.9479109912405,15718745.40292063,1856.1773255234973,82909.24058326884,0.0337873502789642,179173.34679474833,0.0235127708959428,3003.7981736076167,54629613.65648973,29754.298996372265,148868266.70567986,2809.8045225310884,102754212.75962904,4.153709853796662,1249848.9489982154,135737772.98031723,23948702.43457509,2079556.5996957456,3127082.860026821,122257385.75265609,14647.403339598595,3859321.442710785,1144382.1036769988,333045410.2400974,119796.53686004384,36423596.69502332,60802.28878163874,0.0284680925479461,310662.4037467055,157278.2697383128,299566.99189372506,4793466.410975218,801914.6739114758,18561911.16994532,1943.3095439959684,45172.84862256795,62734.408239287295,0.3682472923235522,30051889.83348766,111032.77978880238,27452999.94025516,3478404.7114583086,58307366.48201321,17270.803349477446,88.97621983715061,30424.07860457101,0.0104932648142263,338184364.5233722,29975051.093290552,36590.32991939783,6533235.932211257,41771584.56348085,27682938.51227725,3.780590329882429,28048.032761030903,10428995.003874322,234.37467028531216,44.10103372634735,22136.07221485655,552.6623767625399,0.0,0.6842180135621698,39882395.78345455,0.0015108075337337,53814176.36135759,64667.64294376128,0.0090734786937218,2797438.104399387,35431947.443679705,4731172.532072512,0.0007353026670031,10.895344027344372,647013.441959706,16901504.109191526,22866.708801150005,0.0012001093184619,9221.637813184328,5314.7425609851925,0.0277765338389359,616.1696531306368,176256865.12636542,21770.612243583677,842704.3311585406,340469.7602972216,9.7096215204203,1097348.8129971847,0.0955623740814509,58383.58866381247,756207703.6174887,2556880567.3361464,20434.184355241763,20041754.320094567,64479009.46949183,5458810.636741145,0.0321636221468217,0.3048088518648005,0.0097192087588169,2739244.742090348,0.98555999652536,887156.8182253444,10.45971682429404,19089.95072197914,1373965.3808510192,0.0556038724340623,492944457.394997,5016051.480563946,1111.8585108314155,97961.4045130038,74296352.59218884,12415672.216257216,76078530.7960392,0.3190835462976125,235.02732748378924,26700675.798308197,500.9840876672699,90293918.66395593,1256571.4794294275,516917.6879475061,21430494.978903163,0.0004367946325918,24122217.637262203,0.5145323253368819,0.0243576005332681,20708.136595616805,10724586.62369209,754137904.7346352,0.0013017422319134,13880.28069358538,270542.470682642,189233.0584474486,630321193.9071894,0.0196098414104441,6.025163313933069,81056.98576408684,35456362.63920376,1324.2027838681197,421844.2111997122,305.73476490127496,728.0845401739876,194274.84919128809,0.4628144628259831,0.0044300674614943,0.0816224406948649,13924283.2958255,19.973436084688583,37086.091004909744,772.0999768346426
MLI,260634.4294150127,152456410.86572307,213945.54190005796,292253.6746165544,136035769.34321558,923410.8807997326,17584162.230293162,32640089.29113383,0.2274683468816388,6664640.035733819,11.583139833566497,1827742.5167875527,10788.608992707872,113454673.59705327,60505903.588667125,77024.7000665487,6782272.273510605,169440794.66267502,7000948755.1564,2480943.464941867,189000311.53008223,36977.46683494594,9786483.38623248,182977954.26975423,121840777.01807757,31382088.336984627,25613.44862915565,197609680.60381612,9540035672.509323,2641008.540799913,14.357081764015904,1618461.7383781683,0.1276095157296737,558.2241242523737,21554243.227170475,85424534.80158873,0.0172399667101982,72518695.44106776,973.1890447899526,69695610.3109542,2704778649.263326,83922693.24601972,17205748.241646588,5314712.040003909,0.2808477729167681,1533196127.1660624,365.5281764565087,48016834.387898535,125741082.63168828,97908784.46965894,0.1486008831856451,306306.3768686276,9621035.768537164,56561608.64966303,137610649.99938065,99354.93526661408,3051482.7999019595,7039851.3242816925,101161702.5905419,2737029250.622444,88481198.47019142,45856916.550090775,3230961.0565663287,698876696.4735183,442147400.9974135,18721008.27857612,35364240.082312256,48615827.97468233,22.556174287189,35.513391297330045,429746844.6910213,122455.32082421976,1.3761094973058965,7229962.452416126,30872618.71306037,124662474.94938684,511900097.0691687,7704.8364766805025,24937514560.52872,2710475712.259188,2919843.3450023048,382850205.6922292,2113740.849748271,42993018.37253171,122645151.79242776,710715317.0884411,1.2880533606255726,1375987344.0700395,0.8900834922124282,170229701.3383395,153126985.25834647,40154824.92813076,111950600.8896203,6791.528223777792,35229932.32950063,14.059546068220566,5600589.546461659,577783471.1450851,145631806.8822056,8147941.036435852,7595952.097544316,983946381.3602704,16068678.307512254,17650606.134804748,608308.6433852642,381956861.7160082,256728.52479340983,42839323.79563496,7448.053797002568,1.07075871141033,154436.83613560183,1576128.5614691596,409569.1980690544,11492371.00323096,897898832.3657134,542879248.1429398,2774865.5836631358,281877.878463562,21412.30792015723,12.398827896725813,27092124.62961868,910106.2960087484,27497898.666859318,1024223620.3227588,24182187.772414982,22002.64599969402,188.49475253514044,389941318.78223073,0.3986690656691318,57239071.069553934,50869520096.81369,942746.11353467,3991105.9649270847,81469464.77981359,13571795.023492578,2.265486843422684,28885.16281283213,9865347341.444431,349251.4679816528,2.567754405098319,15482.400051651854,1143.3582060965707,0.0,26.021472475484032,1689131734.188557,0.0564251062467067,570730944.3932215,285160571.233262,0.3356694625533141,7727938.951176794,48001408.00168134,4906249.413487078,0.0273271715531291,405.5111347011729,1141105.1764598405,51893037.548746936,127433486.27002648,0.0446583169136006,387445853.8345845,12506.48591579002,1.176220205315354,798.1888296615649,141903919.65342647,31649730.14609218,446146.7224934919,43941005.53475919,8985419.125063488,2187870.155506837,3.536376353753593,362191.2251343044,303727857.58873075,1873833221.5634449,115546.46729262586,69185067.24202366,16184128.929748636,11719455355.142029,3.789502037155735,11.628179616906436,0.358825552608534,1779500.708278698,36.710729860424514,2963656992.026812,17420975.679414764,123557.1082640239,259626.96276472445,76111.55966210463,158190744.08930534,5799405.04962078,23271.27761648511,957813503.5875154,48040036.90994623,48251844.17019745,67417113.83820316,11.605620066639638,212.7219372270293,70036902.95699915,958910.1432054484,63851165.21600226,80754511.46704581,120261.10222009508,44340572.66734362,0.0160292513014409,90370454.84621064,19.541234162182317,0.904390795664046,37794174.70730853,328652423.8871315,1328965202.69622,0.0481894697581441,91766.57956209595,539637.6622184888,616702.4095878982,397619455.2962167,0.4326548469044725,709150.799807155,232488263.12136596,76340232.74792488,2476478.046544371,4071869282.296864,610179.3990757918,1321450.4899381548,1052857.082531977,17.342223778407174,0.1623989482618535,3.0232026718114544,2510459.321667786,710.4640270992377,49502.360830802965,224.430884226819
MLT,60.63142538070679,1332280.4346553085,17551.622051423437,45.51506868004799,4130751.806274414,11476.238955615088,3.524686422810931,632760.2738900185,0.0002101644711558,4919.2597238369735,0.0102447073127223,480.5275118649006,8.989279763755583,1680502.7562394142,1229436.7292125225,8496.249286492055,40669.41254377365,301004.3540786975,838247.3234014316,111973.72434170032,4530806.312198877,110.8594915997237,2368.384319587648,2850858.905233383,2234421.1885539293,4043.9967305585233,2.472258298425004,1239.084459046339,182790.35018608693,383.1614742279053,0.0117011544298293,22244.065229879387,0.0001070028956746,0.3350446330157126,472084.5883260504,23816.131076423942,1.4793917102906562e-05,809812.4797782898,0.7263104591453473,1919507.9863788448,182880.0981717184,732126.3701043427,312736.9625057805,92701.25432272656,0.0002574035810383,37681.07422153815,0.6670806344465063,6318.118382975459,1856.234045656768,16301.637546312531,0.0001287827826672,28.99861532031556,254215.2278289795,625778.6190517629,1282320.114378281,15483.745134716852,231.46242171525955,82533.5044388473,18367.58588232007,3252824.481229337,997.4733584830084,581300.4034548979,197157.7968657452,181056.69105169177,1022364.6615484384,244453.733948946,2488281.7588266702,1074384.0748069808,0.0202399963148334,0.0297392226071337,3440146.372406354,947.501735895872,0.0011640832802481,111214.13487486693,277818.36825844506,2171658.795350112,219610.13789361715,5.883227229118347,558848.0353131145,83981.43709778786,22693.47808381915,10307542.396000326,130.12331345677376,358762.08183925936,4947.998822928927,31990.71605174709,0.0010413855299589,103668.72074309296,0.0007560813557745,25873.198952287545,2163089.5078639984,1988.5587399224316,1815341.502499035,3.130502065417432,1880770.733040674,0.0478059249178812,28551.755021594465,6019128.838419984,1619937.7462791046,61635.98742706978,192184.02261400223,14879172.347549826,950.8737153857946,193332.25314003052,18675.19982115109,8743767.780214954,16070.399973742147,1227131.814453721,0.2377174991528363,0.0009397508270119,1914.048751387394,14183.960590481758,2278.1338091293032,226513.969833374,50591.33810189366,3515512.4388505984,289.9184937477112,4339.4927632808685,74.07217392907887,0.0117191561956246,501568.313560009,5419.839067921042,425944.3570088204,749350.9870207831,623320.5695975721,1971.2356548454795,1.9689206654519824,32842.58559959789,0.0003323808598985,1441236.1213264463,2827353.117559746,102726.33068847656,153783.6918241693,1918089.751472473,481927.30347967823,0.0009243862543684,6246.3363113928335,1245701.6460644598,87.22619557380676,0.0014239813397765,762.7867664770135,0.5990646559571857,0.0,0.0233236071465938,1975120.309813559,4.946141234540846e-05,2801545.3618353237,18255.99266929772,0.0002870706775865,52996.80987948179,572675.6260487214,119191.70128460284,2.4446315364912152e-05,0.3461999760802627,27857.83740418124,521176.5369014111,4942.50384379905,3.975280309376217e-05,12841.37709123211,3.146144833801575,0.0008552722115027,0.7126766334970689,2468557.667239189,5183.371507078409,15143.93062182773,73152.07191119262,0.3256475705667903,49019.28740167618,0.0031376637050843,3938.005908086896,5825088.975481595,52558656.94913713,6359.242926054401,942121.7460173824,1690333.6294358862,470480.164840281,0.0010576167661042,0.0097797055128285,0.0003185808586749,37284.2249966029,0.032827392260458,64753.98415708542,767.9556802290372,2073.0845947265625,20510.85421575328,0.0006414880745069,3131741.176602364,120983.8337372932,579.9562883451581,42132.34649450943,911307.526447296,758882.2714958191,940063.884189792,0.01017498466922,28.55368359781959,1255888.2978248596,64.6918868124485,3333875.5885897875,115751.10891664028,2788.815609046861,739348.8225713848,1.4235691867980904e-05,1064036.0709909163,0.0179134870108441,0.0008264394990717,3388.8189034834504,1807173.669061549,25201424.835890867,4.340134299241072e-05,126.40673348118446,62199.58475660937,16850.50442108907,9437110.77394867,0.0003314068061825,0.1914106414276629,42187.28109818867,1183788.5261142552,445.6185051500797,210426.40103924333,55.055908501148224,332.6524892449379,5507.83888951411,0.0154950657130417,0.0001422311311525,0.0026938679450267,244595.5477241458,0.6590983391399128,10727.642356883558,0.2146392444535934
MMR,0.2316595195051984,2068163.1812770264,2861.5152384860703,0.1027623995347615,34.53924398508647,5954.252896122623,4461.453163897548,33.87270808118953,20.23685048345453,6711704.873031473,12.504334945660096,0.5931105212048162,58040254.46050488,216.21941750816995,161.48792379068504,73186.32289742268,89.97089511125472,87.75094828734471,195.3648570152092,2446264371.762259,186.0200736278656,0.8637450143964382,20.39594217910756,89.63958485172316,750.3561581151337,25.833314085052947,0.1045997474198297,1106.5660008288817,6977.68187989332,0.5580838229767311,16606654.573753946,885393431.2401726,0.132923826671508,410.45628768150993,11729.431675829386,50359574.25512888,335.1131889952395,100.1715563279064,906.2300047820988,276232581688.27344,236.38755210796933,3158.2209729675915,1627254.9468079745,55852.62323870971,14.894891550498873,1314.801503681814,7122.116657861008,4.782331768575086,54.56176800184752,197.30010931943923,10565.229704190391,0.4518181528098496,8.781793071510059,216.43867826223448,1103.7373938269052,62455.51493093259,0.943141211080938,178.6607458636339,54.737357571009625,2322.913569621658,373.4085384144806,674.1945470885863,24101.151542144115,266.0090226163555,958.2323893225812,227.7550151353671,5261449.112429715,2551.607145122427,77915.8402690081,36.81300480433004,1272.6815225544124,8.125980840699537,37704.429384494266,9570.810110396224,858.8748022204807,121.48010790703366,183.1168338078404,0.0092657660604587,179.33584936484834,27.730778193256327,45.5339422820524,150.8675850946222,0.4120717382761037,295687.3853571608,2018.1329654327967,78.07694073541174,91818.60552859474,194.96368094366517,0.9476440680380684,142.82177305435232,115.37167353031604,33.576028119622734,244.548916887904,3616295533.053714,19807708721.434383,7620.3521908498,234.33611458011967,309304.55896879727,31149.10953228267,588.6323214634785,16.122786380310323,507.5815303977539,13.96348185613572,74.02422540488674,3457085620.948993,37033.97818841125,4597530.682787591,621.0700584110549,2577501173.082646,668.8990910134072,1126964581.3086052,13615.859251399665,21203768257.77885,7.53433668678726,72.92443641884091,1481.617137077836,0.7151394142637362,0.4340195845652989,794749266.5898416,14.48480376654284,252.92541917233456,7.099681178749904,276.8854246682299,444.108923593453,84.36886985923418,2092394.70213648,679990.530445405,727517.7732540256,456.83388523944114,33.40574002647761,814.3893880043332,0.4962653322652395,88211304595.1225,17.649494368725726,34235191.648425035,141010.70960702866,1866048.3052448924,830.2348648548569,0.1253352609098863,81.26765828633057,565413.7218921159,1225696257.9210186,0.0,2920.661584449923,568.79007613916,0.0608900990904706,674.1547820119786,144.73190838373876,2.4573517126966777,119.04372607612966,3025.0096458581133,1049738627.4784106,109.0650229344148,2838.385863534349,107697.6151585138,142895661.7543715,84.42468064056683,0.0483031143994463,1625.9588404471358,1096095291.48061,166338.10183141427,115476627.99100168,1062.8294237744574,10.778277499313882,666106196.4301817,140.1472916912521,393.9613550698536,4.406018375646392,3.8408081962818574,19.179283630786536,539.3975847583284,572427600.1762549,54204.45835654273,189895.01732536257,81265.24858078336,201.7216942847155,2282606.9950844627,12.011158106279533,0.3903410230906254,2435.4285718519386,1029098.8800201012,55.498755537187016,50.87935835153587,0.1241107006648265,9466428.590650158,0.7785682060558434,180.56344201606737,402147.1279065172,1.047014255895014,136.34530194011745,119.43806004715036,40.224630438938455,2880.6103025503644,12.73302917518656,37659.45295916565,177.35520583532204,1.1393117465025968,778.7775363930285,42.1243277911683,19605490761.868443,12156.071994640164,70.91462389467509,16508.48060824844,3105478.995224106,84.84486290128098,5.976233905980028,204.5451703323412,879.3474751311888,306.5789196700332,1794097472.6758022,7971918.659032284,957080.7746511116,1660.5846174050407,2018.6636182934635,237.3822807505367,52308176.90156461,44374.985008717056,0.5597683703377825,906.1495660621716,0.2059784460954454,0.4707422878397616,22942855737.538483,21709.675916592463,217.26424973607865,572.1286863666089,220944.910598771,826.5881612148811,283635.66685332166,2106.0011165689857
MNE,133.65699400743324,13232829.451760257,33724.19775776238,221.27844304840005,154137691.49508095,79239.0677167644,77.26655878143515,11038489.156389743,0.0040555426243642,123953.443685422,0.2055335177841244,2148.893728765301,194.1584463712639,55292433.81992388,18551645.488357306,4987.992801104512,2307450.598271966,3188706.106842467,9212350.047628297,2150728.0400175164,376967929.8179439,1291.3442901917006,18430.833863097465,206134419.1504383,118762782.20049644,1702.4969454501831,0.0017496442878526,355.6613742904572,458161.0653488103,751.5903134330729,0.2510943386710096,801257.6032927267,0.0022072778568826,6.177213309937724,5435912.485183463,1908263.9170217623,0.0003068140988631,8221620.788389206,15.284960524404733,34419929.73631834,1562627.8741470664,7338362.481869856,942497.5679860492,302075.00026055024,0.0048896856525875,80177.56722803408,336.6951563245663,34503.414375111926,1569.0200370197565,55286.814988745056,0.0025902084958033,200.58531186991345,1336950.85358119,51232145.776522726,60202643.92226654,348734.2316063568,1644.9802148876686,7889504.864318589,87490.2614952937,22328815.879312597,1250.7681808013508,3911784.45524778,5129308.104138924,1318772.9452272914,7333798.076331485,11354174.84027943,69381044.10214561,60572310.45926089,0.4008504860665236,0.6146936912598804,33303819.14622929,58837.32863861322,0.0332118917866488,436629.3397473196,7280947.669034034,38716346.52452999,2207274.0062437463,25.508151806890965,5590779.508032924,548276.5371106758,79701.22886326039,186272356.3569374,819.6417682875876,13205353.856355423,1112.5469030280894,57882.72165479445,0.022624146050294,213821.7207356235,0.0155909756119392,18721.179818643148,99087548.35974424,54997.50272086177,190014489.50556865,1048.6701116508607,38196388.264822766,0.8247628855312259,807047.6866271971,62660520.20260849,12134191.25046905,2140258.892909613,1337615.547657609,186150956.7611277,1274.9092084023034,1650481.678072712,411798.7058465108,172376288.5066212,77369.12738919145,16130948.433052458,3186.6902366264985,0.0189964556176613,92184.85031643456,85411.80556710064,37210.542095401775,1963644.0771205423,450756.77817150287,16360901.190793669,1010.0174341317688,36653.687717318535,3272.597741332007,0.2443969913039865,24161761.15381956,133477.27536690608,18699817.38449489,4687404.61335483,43493427.871433765,8471.8415221434,14.072464581819784,4248.175368976504,0.007014246712921,123481208.75385477,24470086.488378555,51012.71950769424,2692674.2118794443,140207725.0643196,14775216.873869833,0.0593543697709151,12649.16290791172,10722920.87923398,303.5648021376292,1.6219504875524229,2714.743586523254,55.74279797590323,0.0,0.4505421204717716,33755631.57165811,0.0009948175784302,38901637.007874,23601.08497896764,0.0059217531552349,2653163.8540296555,40337934.86444722,2332057.8990739305,0.0004868630784358,7.282797624293568,266630.4152989107,6261752.733431349,3352.224064737761,0.0008003610371085,2549.121909250828,4669.942818390054,0.0185303658210571,13.857299073523322,184260517.40203643,14168.397798621558,562455.8211341805,300035.6533072371,6.368168990438242,453612.88529258966,0.0631275772225226,27580.88595544058,693638367.182435,1614739474.8135478,11181.756458957474,9311727.536496188,38761818.13828751,4114856.321990514,0.0212713159639932,0.2021685252344947,0.0064495699727729,2020820.7725404468,0.6513472662320892,805603.7447161116,1278.3207894667005,36116.92651176453,753273.4494220213,10.671351074530437,589522977.317286,2155586.8759741685,1070.0635116304038,153170.13119707414,85349511.29335785,22066513.493810654,74821795.58769724,0.2130389106600603,10.19638002941946,11446479.3111946,410.92312760609815,61296269.49797045,1076057.4689288791,66538.2124255521,9570885.64657336,0.0002883392862025,11512339.472523216,0.337182012252164,0.0159464110554456,9371.10492510821,10165115.644905444,315582865.9719784,0.0008589140669119,5444.633618500367,74343.98343910869,47521.15783928745,490286592.7846352,0.0068912289968094,3.9885801052747727,192715.5915072289,14787701.817580668,617.8459854739776,495356.6943476939,71.36107781039624,535.8822226091884,18118.465141648783,0.3051971433964655,0.002920249831786,0.0542515388728475,6074027.174649494,13.177665961364651,14629.999944395837,24.38785174392416
MNG,0.0503080468991763,118908.26570877156,3.417373580015958,0.0223537909553917,4.564830566559531,0.2180781789201056,1010.1243232745284,508.1077643292041,0.4109975234584458,1998411.2284006684,2.3420005690915136,0.1293529336835567,217554.88995351255,689.7504388063311,5733.766357731707,0.4957826866148771,5311.241476282439,14.37531301146981,30.5867843545196,221827.33396514025,648.7911728566604,0.0170234036622994,69.76978525597771,21.142072852670665,68690.98900844206,164.27519820164926,2.420150742963278,154.92890577276086,797.5899661273781,0.122330807787682,247367.15131012123,30829.4728947194,0.0311018064090509,8.65441360456515,37.346663041384936,447488070.1790243,0.3032025368846626,2143.1052676947284,150.09990018700648,96874033884.24776,34.675418577159576,36.50218303771692,32.7637215294574,8.260045930837396,0.0605483227788007,269.83657467489496,0.1218957060740153,0.9804671438850492,60.3697440246396,402.7843993289628,1.4987305644231386,0.3230460636247968,0.9933242123719376,1438.508519117676,39401.82945854869,0.0060823023894549,0.4506841644940675,25244.387360313613,201.4743205202277,278.7313907173882,79.01681420738737,11.966183490035323,0.5072134364757952,16.9445661705356,2925.2667119448183,36163.16875844613,95.68856733664371,513071.53284817113,896.455863356538,8.895128274053228,15013.343089496782,1473.6614380612132,4473.127003202981,16.396092111120883,175199.3025733185,4766.349071354821,31.230222462499533,0.0083413199766108,27.10541606042824,5.425783061205002,3.059073008732644,34.13947024082896,0.0900451154862068,9977998.624689866,160.12448413937489,13.183442730819491,12882.659872309334,32.01624066857728,0.2031619333023522,1764.570014418303,204.0516640649917,65.86444558947349,240.86777021551472,27189854.68070896,1306676.4080910415,0.0653121128466047,42534.44641874787,45665.29286900504,37.775444391701306,448333.6849844578,0.7507998477190854,429.4115321709101,27.562832015266764,1.5948846688981018,3738798717.215857,51723548.1370157,115.86724270790212,4313549.719564393,9533637.352979206,86.24260780818896,758939370.3784195,0.8612092397062314,19735512.72959966,0.8804218817306397,11.422062598262263,106.48331890708296,0.1483628790355378,0.1765573854339057,399288.8369613253,0.0077227296915793,28894.832271866555,78.48521939734842,24964.151019539528,54.05446514928007,1044.7572882605318,26.33864168826849,156.2664082964597,367721.893829494,221.96255688502487,10.966248586192938,62.10781532353364,0.0881697779295499,8439064.503354752,2.6798413122353404,86653648150.96815,13367.553836421568,13.039156942434175,47.16580572620492,0.0265677931031145,0.2399576834425404,1.3854035974400656,15384805.677083518,0.0,214.93446653207468,25.378223846975157,0.174456307993778,101.899726496561,52.65001073918693,0.0734640948797729,10454.53376692197,410329.3081649364,62259.90626567832,12.585240758532672,169.25018416576938,6.641163802097511,25867.461568460865,36.4667713732351,0.0082894239231018,286.7424142173488,57455702.33454054,13007.858549575916,2244406.1565519315,26859.07470176446,10.997012616030368,3243695381.3769083,302.5102029905909,57.05813596754169,0.1981933711194252,0.6409947799881013,0.4587620354324109,2111.831039822076,115942586352.7001,0.0374731452753849,26.354972618878705,14.288460800319942,38.45997702737917,14406.61784471874,2.939057991238528,0.0570979453376678,765685.403862995,12367.327055837117,8.724282301676302,4.803850597298738,0.0234140099815842,202.1052838567641,66.94418311104499,646.0335557231465,11.354721166975889,0.171143777394143,23.13283686726875,87.26315910103517,25.467882948273164,445674.0545163789,1.059303461624347,0.0969308172523305,30.475303392267623,4.801789691008759,39.73584389870642,6.908776334878698,23111402.80252872,252515.3643225428,1.4923754222235266,116444.16725865072,20154.672207213025,0.8438214445747773,1.2372907080181623,36.33356574505666,2855.1078964543253,6.84275786133217,33948929.33502556,17.819076627939467,3.69777147882888,78375.89175717943,680.634455193541,46.31649447855616,64587402.04294103,341685.9631900658,0.1232570587910807,169.57851378268325,0.046483618658234,0.104549154318676,49973763.48091191,408.7061994995584,8.663468018413605,22.62080844252695,21.779731978907748,25.98195563434884,4.204689185367837,2.463915446397655
MNP,0.000215514483699,0.6535498612182972,0.7730626049854066,9.65100182976908e-05,0.0346200556530398,0.0464835929381655,4.27539243363634,0.0362998629564366,6.02297377718975,6171.058807710788,0.0123646054062671,0.0005589982789389,155460.42084860336,0.215439026328017,0.1598850743887272,0.0145330896237805,0.0932349609406912,0.0834274864923013,0.1793180322662165,908.4686276195816,0.1883489753467782,0.0006632405096739,0.0199790586732754,0.0896762249347062,0.740474490455159,0.1021754599191119,9.791961304173036e-05,1.114651051373226,6.913061457650332,0.0005240330012838,192747.8059263229,6.248276796765829,0.0001268868152806,0.4016647165858398,0.3527574182669608,605695.9031086484,0.0041670180793236,0.1017750053911861,0.8796109569999518,9912251.961811012,0.2213268610017434,0.2713491921394975,1.3297565194907597,0.2026906231344054,0.3494601112362926,1.255022729530031,0.0012845210540506,0.0047113510145663,0.0511208111041455,0.172769837370627,2.4555789339838725,0.002332887469846,0.0087965929301461,0.220232897498019,10.56568881755047,0.0074299141819056,0.000912357498235,0.2523717095224163,0.0518760755261711,2.335486604235909,0.3639145725828952,0.7256002685982503,0.042987838451602,0.2752595455120463,0.7978746236509182,0.2237995989730876,523.3417605909581,16.194853888119383,2921.38524573884,0.0351776610724152,14.602729002436798,0.0404992283301055,3425.121836355668,0.1757773331169466,3.710540777676587,0.1251177676994262,0.170141814646346,9.03510973238042e-06,0.1675489656412356,0.0258876083954264,0.0191935399624831,0.1515188341127587,0.0003847952817013,777.5060294373616,2.569874384563519,0.0764484708899118,116187.0431247279,0.1902892552037343,0.0009534437943208,2.4871478874333444,0.1152951983536092,0.0316830095622346,0.2455503550315311,22651661.606257893,97811.07603196004,0.091738731897298,0.6106250150484472,4.051631653195435,0.4076508567606551,11.600959617009204,0.0160112572594739,7.518012279919586,0.0133286062864144,0.0693891214298939,5587185.473795018,9.345012974253684,128.27530430044854,0.522045767197266,970209.6410870348,5.848198791463068,927049.526214987,0.0159418317959438,513378.0903551055,0.0074786915396742,0.068223061218319,1.569311143147908,0.0006690572181895,0.0004434132407693,73283.1732597556,0.0142364687437481,0.7078977573446306,0.0069015377213235,1.4361657811634705,0.4468023096167043,0.0838131399639062,0.4085809705745785,39.45736982931993,5491.824928225841,106.07885521515126,0.0342064422866288,0.7878015585831134,0.000502428504447,168899.5717072181,0.0175652701400785,10745.462372383909,98883.33408370242,0.526307504119857,0.8621142867817488,0.0001184826426197,0.0016577597305282,0.0761860645147226,10393415.241480062,0.0,690.6488596796338,0.5522021516975714,0.3742820448159989,0.6146807848520957,0.1372482961143224,12.295560860304365,0.1854185456789352,38.76524944522368,1.789804595198039,3.3072348395362496,61.70283634709411,0.4952734128051059,0.9335974965125616,0.0792109576613366,4.636073465336121e-05,1.6247605633048143,19249412.82489289,17108.505854342133,2300749.8236482013,1.1340362850273156,0.0102816276252344,789473.0014513303,0.1310636146908357,0.3955223808988232,0.0044071582481572,0.0168241680507993,0.0104417572264586,0.542673145982662,2361013.4325021897,0.0106332244935134,5.072862551638844,0.7511871418632141,0.1945524173955997,12712.578642670063,0.0115309671817443,0.0003799452176815,23.73177024308372,79782.66612334724,0.0523861616084404,0.020749282832269,0.0001237389697763,508.1385801122667,0.0031714171383327,0.182093252466486,0.4950778075972107,0.000865662574768,0.1335321551121429,0.1275795399116823,7.012195614552205,63.49811216955759,0.0125365158145669,0.000446424592097,0.1773372841972111,0.0009312484185173,0.5588238975058526,0.039049014253325,1373873.681297574,0.276875885020039,3.083374314228422,0.8372559906590615,11598.506914274432,56.58160085194861,0.0057581641096267,0.2038956071809419,0.8918924050296366,16.463416579266777,865511.4977905485,0.5567959589374203,0.1168034559010038,1.64084633318407,9.255156430555044,0.2324292491347049,304776.5489392732,0.9479529886263616,0.0005351392868631,0.8708886768806009,0.0001905782602475,0.0004394446492916,2043136.150170216,1872.2764742181923,17.56650124961775,199.41344464989757,2.041955180495324,0.79131098023154,0.5023236392042113,0.2518608889800935
MOZ,0.7376422995275789,3692967.886625354,60671166502.32827,1.1305266670693117,101.7065581060649,195131.5236622293,309557.9382740312,110.82315173396498,0.7417730646527261,253722410.17354804,33113282.729939222,1.5734621301990082,122402808.90539634,627.9893509260818,6430.689629919684,1066189488.5191884,257.278841791735,114130505.05088156,42067504.50819571,268115976.9723425,553.2950398847113,48.072791524224805,54.96949487182347,262.173467825486,2144.278630036389,66.78070451145695,0.2852296557557636,816317.1690071325,381881648.0964018,1.4960955443393686,625.5119178926798,95715356.79764542,263.9617768085245,24973753850.511337,2002281748.8817527,375255.30024791934,113.52831987741548,298.7421764107636,426657.3226680861,339987552.2551226,481474064.1079475,2344324624.4296017,56383162366.34535,4809854766.280025,2.2047926549502783,2167297.5337673174,41960111.62212656,42848.13700420793,179.0723887732551,447.8507928655671,2415.9401711344617,1.2240031073417796,25.80466972853526,617.3480560532323,3130.176050773688,2565698.0269624325,2.511895775212281,501.2867350743825,2120.313990111099,73413.14466342921,22697.764373441336,13198.362195046537,17250601.0618811,91791.327686237,2324.9363512484783,645.9763653632679,2295553766.0286946,7028.460991385687,3480.861717888035,2817.832136880679,3659.957655102335,22.5631795745835,3.996620431894692,4202235989.250794,2361.2023202596697,370.9461894402667,377040946.1633653,0.0250180512154258,133090315.23247091,4848045.571874623,470555862.3402676,449.4677722693103,51.79658404336152,234755.7934003553,2922.2952400401987,4621369.051902394,18.681353747056956,3904283.563603331,929073.2780645372,5755.07562340487,336.7801299389945,94.0157312908222,714.5548766702568,3593759.451246932,4574758336.561587,21217.78019081839,634.5702356368952,1351354.961468735,2678.654597224763,1616.8653841128078,47.90248808324182,1511.9202191025952,37.305358863787205,212.8912218151744,1736301.7915126109,27166.131128912915,4360671748.140033,1560.0782029838842,17266376.605528254,3.258633812247,102228.886543873,61.78772143488669,85200141.59854105,22.00544481097711,292518335.3830356,45234.65924898044,7.426508578613095,1.2768312516293463,12232018.580693116,1156010912.3544436,716.2896093762834,20.30693618108134,784.5043042980973,33069.86552676038,243.4775362293661,17861530269.362038,32044.63050460583,7065.061203324319,1.145105216192658,101.41330873329392,21929331.289203186,1.4053341153946803,745729474.3902591,51.47453583788206,53610.292746831525,7.23358824395023,102565670211.15184,645136.0243679865,0.3346554769227623,5000170.494944274,22822696167.142696,671214.832091698,0.0,16457.571731464806,10268881.040018214,128.62794794658475,1753046471.0245097,17774.191919089048,122.0727368137259,337.0244655061805,5385.42151498608,207484210.10278556,0.0832409227906509,13548794.303831393,5790817.803556629,89253028.59890996,10469.880167352549,0.4851945404698679,484237.433891264,1476225.170755729,3.404450640613163,172119.5274784651,2993.4227008806206,75.23073485009405,512054.1564975394,377.1811119536994,169226.30556671848,12.718326738920013,176.51403935670484,1993.3106552494305,1578.7914898205845,1425043.5994382324,417088913.67781645,3274271.470476747,398342904.6317205,6754889.463473316,744.9654492845402,6985.739557889886,83465.1318932651,3347.35024045019,6213.587137621738,115600271.80603626,57.39942239937429,0.3726408898983209,485482962.39444464,2.2142085242471694,533.31967661293,2905714206.7503586,9425775.384090517,4377135.109154493,343.83444553104187,118.1110191562351,8153.691456906583,931534038.8192252,2424699.9771757456,524.2414407668488,2.5802917919291986,163696695.98132154,94682201.30582853,98880461.9512433,847.0029545167632,0.0509460211921535,6852.292811502318,37479.34406555415,477.8810151517933,716.6809076575347,588.6891434789552,2669.4673963412,0.1941499864647689,1754601.523548884,25614723369.11912,4419164826.523681,32622.70334710749,1.1220179871509508,32255.163580331788,64257.20801337768,2783.2226220796456,69.114876783087,5003134.087316445,45.79382200074214,38.149852878888055,46894035.25194477,4152.662737002645,0.5990460701517295,10.942246116734395,22016116.78637302,29719468374.65603,82491443349.17822,48269642455.61841
MRT,105694.33526139922,65079295.82280244,16652.506568955592,153077.16848846115,65664458.56234506,379265.5674355426,5167889.191155985,13872104.717987351,0.043736742551103,1536457.0988555015,2.1770471356162995,928876.3944178426,2215.0214672237325,55580192.02091549,25681080.507472426,12358.369890990773,5300258.110054118,11377214.460740456,242590651.9209017,1139786.8600456929,85150399.39868222,9867.542478481926,5965303.946043768,72642727.12514317,61774337.26044733,17878093.88618264,22547.460631571757,57249850.30619312,2748339252.0490303,1255681.4539165203,3.2333471387920447,1231812.3571316705,0.0277181969598724,51.38333910508111,6212934.366366961,69254265.47392857,0.003270139938424,35396221.17491539,1587.6477172948605,33594349.2574023,90935005.08055006,20028233.222304307,4417943.353064798,1012584.8700901184,0.0544091744242418,620204273.9240297,616.8233723565282,19179914.0669587,65397832.45101085,55800752.99470263,0.0287247769452463,162758.0515206068,3578435.153800267,24943316.966326512,81309192.96361937,35131.315658005726,1645060.521676563,6398017.525605364,55181797.66676508,942265651.4246556,44776389.61828422,15261540.782408943,1400716.4518093562,223351844.17415556,260962738.23425156,8608929.31993983,15635891.435988592,34992532.616910964,4.449495298582491,7.832024233337665,266870531.1275582,185724.22700399644,0.3046186938680099,1500453.2535128926,32730696.250719234,55127783.21521934,24552000.0175922,4253.8673049210265,1202600077.8549814,305741508.60956097,570035.902934132,151679950.0255205,953540.4101995608,51641798.74279784,71539542.72089492,178984172.97029915,0.2897729866208631,389742888.7140427,0.1828791730173833,93749935.80444849,67684831.99946421,23504780.70733985,52767202.63372372,2779.7003444387115,15491848.706090624,3.646468277170845,8459134.960434455,241913144.8633422,62481293.67580962,9372587.61601543,3097431.649383542,430268781.3923069,8598002.56231118,6019731.822925651,320288.4559619736,220011188.26518583,89602.5369215475,22527951.605062928,5957.999223208416,0.2035550955766428,94488.1844168696,601288.7525669718,190614.5694891763,4918015.458257986,44128337.57407146,140159896.5012702,1385626.9339979775,129093.61468977986,4006.337777086789,1.7666850545345572,14697721.854651231,577868.9534764314,13662819.183126831,464994190.4920268,12713621.460943349,5970.722681742377,28.165108730525372,222072103.1023025,0.086445726597277,25769704.402202107,4318224647.86287,263981.81728488306,1566124.921714009,33082257.459221944,8476097.137912516,0.2606537265082893,11017.705302431888,3850487075.303386,174433.406986707,0.7677817719244838,973.043382327558,515.0305184058782,0.0,5.338659354845559,57137983.70901428,0.0115221367235527,48295080.2599595,150453911.62449834,0.0669814417981058,5779665.43105831,46271422.3880901,1935638.0427426416,0.0053252037666116,79.96622638381727,538948.1077680772,23362848.95109197,67404046.7989735,0.0080608473505823,168363459.28579107,8772.097469306997,0.2429407602394802,173.89322178466008,87084233.10727304,16145824.200399784,243879.30745287795,33865267.15208541,3493097.0332173817,927360.7559514504,0.644516609738826,117674.70626585974,149674045.86491692,1034794252.6241406,19346.76715076784,25455697.070119623,5157564.872135062,2551999191.0831394,0.2809844233938348,2.559243646799933,0.0888079690621648,1487260.58446819,7.420562877344957,116013959.77047916,11727887.511420388,53656.25083964743,129425.5807727553,34971.460244087946,74486864.32150859,2307991.1730291243,3581.460450911052,245739294.706224,24332274.493984327,22910253.80245725,44100110.02690867,1.9350031321027643,100.1042033793581,28556363.14613687,544676.3143268947,11189996.654985275,6437941.552424933,44330.414698728375,21432636.60647492,0.0029852574422493,42711097.538969904,3.971145348927871,0.1807923185589239,15600759.00581802,125348309.97347984,536691364.0567877,0.0092861515448304,22678.76933115521,95347.25744500916,192335.02448715,197050208.45136797,0.0775933818372272,265677.54607382434,132270204.92163365,38705768.66427761,1163578.198502703,1437625907.125681,308079.6563392722,675829.1637635934,583220.3569631366,3.591143976147695,0.0312603131610163,0.565505333319436,1004367.5728282816,111.885605244597,11425.88285636334,57.71752387865888
MSR,1373.3600769042969,278.99869739095976,0.3120776944700338,3191.575384140014,4368.591086249799,2.951515077161844,1893.4953116111565,821.8340276680656,15.42544395942241,2578.8550213833278,0.0050476709479418,27064.39073562622,4.520085510801813,6485.005573031209,1416.8977042501135,0.0059971016521558,4801.264647424221,14.52993593307658,5.335136837690266,0.0696725866264493,5838.479378057746,0.0072650524461757,75310.93975013494,4209.279999598366,6347.079827816932,383539.6498274803,303.9607194662094,59882.05236810817,365063.7667628408,271.4782695770264,0.0057792442621575,0.0229290384918385,5.2584549848688766e-05,0.1628699033812495,1.1788142879664747,1913281.2806634237,7.270189598784782e-06,7002.978852713248,0.3624594203403344,15.854258354395006,311.67829560260725,13.611800108465246,0.5436899089432528,0.0831748632482458,0.2047532629325701,4347607.757477462,0.0005219025032374,6.233587933757008,1145118.2824705914,917488.3236569166,6.32878509350121e-05,2558.3355073928838,13.876099288259866,5735.286625685367,38588.86772447469,0.0031066914278454,4776.206729888916,7570.14394017728,1021462.62760067,17791.65865068302,694839.2936383635,677.1994152579641,59.54768995401703,2364.282517102547,84613.06579361856,3012.492437964538,278.6500548187196,15021.660413940112,0.0098583997432442,0.0146516919177486,71311.57799042664,311.2435179948807,0.1063470641694337,0.0721474446606098,51920.6803781772,3348.4037663926465,153.78710407062363,2.390724897384644,288.055238606967,1.8972036853270997,0.0078937573582607,5342.148009172769,125.65483462810516,55975.1486709904,2063990.187943101,1603.84653763377,0.0005173494836867,16175.028457209468,0.0003716088622809,2218554.846234411,5790.7075212893615,426223.9867362976,3531.71151127578,1.5280449536156624,1.2725208121472136,2.238466960591268e-05,15288.983005556976,3912.746598319294,1103.4005394743915,24480.22950314125,186.5155817447103,24133.28981882155,166255.68380737305,149.20805089731346,0.5627170146928271,8512.702995019083,0.1412806748468824,8.37109944471672,0.1177973498689368,61.40160428593882,0.1397830723903581,0.0994688496020899,0.1360033737754946,68.77285407689487,55.88245311398805,2050.8739459169647,668.0231614112854,6.178165918972809,0.0322700337092101,0.0058644953941211,2802.7958733065752,429.7190876156092,3443.682006233328,39344.0770641726,404.6863244797569,0.166961506691285,9.985548767849072e-05,8376425.792472152,0.6205132449683592,683.7103742533945,105.53310399855286,33.28914338350296,0.3465399095132646,2491.617198549211,4.053151693280704,0.0004582637540693,0.2137811601949124,771.5943008543162,11281.140625,0.0006778492419172,0.0308996505357637,0.2937788265615353,0.0,0.0113800802805563,12.177296307241631,2.430687254673103e-05,53.64472165795344,2486369.2609758377,0.0001410754484822,5438.187611445785,35206.14284855512,0.0755265052013953,0.0115851936075159,0.1719898645569042,0.5581292645679234,1523.3846489875957,997304.3356590272,1.9702022669321195e-05,756317.4737492199,0.2546664557367037,0.0004201077451995,0.3482435574478106,15653.18377821135,377792.3445472717,0.2236033637605032,31198.56747494265,658.3590402149468,118.97165425331332,0.0015465266164582,0.0718494044070752,4152.125360214948,98869.2649228002,0.0043991652231412,724.0665312292813,101.05950082547736,179.80133435370533,0.0005240830241746,0.0047583353074607,0.0001550864727732,443.60058680835056,0.0162300652402151,247.0319392809868,282160.6513786316,1.041766468435526,0.1580978022667074,336.8629274368286,5553.863619520471,0.2368524988250036,0.0003614024439997,3206.42057532914,1878.5212458752208,1960.1584310853725,29025.7335925008,0.0051606312588319,0.0001794849565079,921.1430971566774,6026.027481079102,17.568942045894577,28.59040097674506,0.3138148907330702,0.1117358023145698,1.4370055058971047,846.7393335527117,0.0086556412576328,10.519384572192152,1700.8371497541666,2286.7953107246176,19633.301516444106,3.683861686737487,0.0265059717180804,0.2264142250268213,0.0480824200990639,11788.994912741728,88.24324550681291,4.456532812393494,11166021.755801223,271.3508892689712,380.2887614965439,769368.5680595363,5541.372455596924,17815.558380126953,0.2258193701097495,0.0075648721666539,15.095329336210852,261.322949051857,24.795320943620915,0.3242155392073869,0.2024822080355584,0.102210290671266
MUS,0.0024552477990482,43402.30760871286,23768338.60920481,0.0010994899278546,0.3746419282812141,6532.174493927623,1204.3784230600293,0.3745768853761229,0.1960056539622812,1011044.0077781148,159432.6159730901,0.0063694558160156,1893060.380076558,2.326251229377725,1.6908240983750211,3959018.629302412,0.9766358720265772,19359.05604028837,6229.735360370615,11121864.875845987,2.018327528082967,0.1497127334650265,0.2153265856287973,0.9732311794820704,8.07907219529566,0.2680257400126429,0.0011059102025972,12.041445054209296,110.1741440724838,0.00597037296194,1661.4705717009626,4084896.0529196486,0.0013957947057292,5129727.461110318,5159689.348532901,1356.2925799448335,3.2040675695752725,1.0819084786551016,12185.564608459626,26820142.2777649,18840.96286591149,1131490.7625032638,80175757.89895855,1399489.9826923008,0.4071002824307181,14.02343443270326,224532.51138308644,0.0505518229747408,0.5734134480498081,1.762517226336762,260.7229761444032,0.0047684265233884,0.0942963520846547,2.322586741811294,11.906221484931782,50300.13490038982,0.0098494293003188,1.9280658162767437,0.5821139389445982,44.20944211281586,4.028856754024778,145.05510533008572,121756.2584800735,2.81663215035735,8.663427478051965,2.4332166951319607,28845597.678317346,26.24424395905254,43.07302936852915,53.85852669818848,13.763222469411629,0.0879974531611651,0.1756340281135341,755319.3489028803,9.140746508831336,1.3213912681580349,36273.49949160584,9.731359502396232e-05,6605.4375830225845,25.18139503994734,110631.06522507207,1.6263691169506913,0.0043818644479571,864.7208628531511,1.2921982293456225,0.8461132972604188,0.1317546252481127,2.089187122336666,4949.001614414477,1.3107479457390625,1.249435508805753,0.3594543510395525,2.6403898494190297,1537808.038667164,160914468.48046023,1004.6583345439284,2.472916296446583,81387.94648775071,25.539983416638965,6.274998612641246,0.1744083879805238,5.511415220548559,0.1489610200698905,0.7400003371264073,129555.89986190788,102.8274162932163,29050106.89610115,5.519436111522513,4068706.791981958,0.0123357605193855,38459.29465456474,1.1029638679040126,9332655.73204616,0.0816803779195112,7077.239790303139,58.080202600661615,0.0076064157159407,0.0046799239529118,1651277.0100012124,273914.23158341524,2.737756817142163,0.0763695300581108,2.978639410493164,4.751979772998697,0.908678733930388,231848889.8215924,4737.959459444573,27.74902203163832,0.0044556473267718,0.3599946240521472,1101.749146533058,0.0051979829588759,52658791.33252682,0.1903479939318515,4688.201095645338,0.3182172037773112,38256311.5857277,30.599835643277533,0.0013294420096627,3004421.733103581,8188597.619752459,420977.4471353197,0.0,44.52549723936168,2360.810860375054,2.4859549761874438,428197.1066864576,1.5400295185576178,32.21955691181029,1.2928258978394993,20.668628335253157,9052435.468866864,0.0003220105577312,315555.81213300826,148127.1435741214,3200199.988597581,0.8920532550840701,0.0005247203625651,17.670772862870265,472916.09136861097,0.5214262897769637,8321.862445945228,11.375897310267163,0.1147658788248344,114517.6387593713,1.452566332800974,4.242266618563283,0.0475270669878469,0.042680118902627,6.55617073504364,5.817794401055504,116252.36389928233,1732111.0713693872,167528.39857932768,2210793.5410452723,54.03866311642423,933.5805724605166,0.3132417989180522,4.383331383857126,13.111908428109276,189.86040715628712,1728.7203498374172,0.2339444082659696,0.0013783048327127,7476315.975151873,0.0083589274491657,1.956393431202379,21515552.084979277,884.9119002856896,1.467126370030288,1.2801341315657735,0.4322063946837033,30.598423880412085,193356.29631772425,35736.46118608676,1.9241179915897213,0.0102383397702539,402235.666727819,11266.4757452831,13405952.868491655,3.23696039561025,0.0001890499777996,2132.2961164916364,1006.382492101443,0.1341271289193324,0.0640391865631331,2.176256136842043,9.509547709594589,0.0025810639032433,92126.59778812336,46010304.936181925,20777259.317448195,17.871780264055516,0.0043569269909615,2.548058283012195,235.78170741681524,6880.601831587501,0.0059632026859581,9.677708635662992,0.0021719837106655,0.0049897720268248,5831369.40183335,48.347011088786914,0.1160710972218195,3.867982444474436,767753.0463665109,6323138.094374643,25168639.349118035,10069621.761487544
MWI,0.1094653667620519,174833.23890917486,13626313018.272242,0.0484649606141133,17.831093565873736,7277.563242272126,7964.981727324935,18.98225627942195,0.1249203200562683,26918874.03950526,1207064.7258990724,0.2781493314945105,4809206.608180868,110.33856111313384,82.63411640859589,219587572.80999103,45.42018961653381,34756329.06873353,11470479.964636968,23529865.98189528,96.52264669909084,0.6932560621093342,9.769354080501188,45.95084558103307,377.02265969738255,12.022704223781258,0.0510191683927159,133890.7514655562,20825020.395834543,0.2652931820934938,7.135750235210352,8974736.102253987,5.908078304892392,1901621701.8494935,832192128.1950033,65328.24948589046,0.9970034166928752,52.23595468831336,8630.9608173444,34171258.85218045,119566938.67721964,887569870.6919167,22577335768.81673,1947853076.9324484,0.1566990485065676,141826.8964042322,5827314.28774827,1434.0177457516263,25.48915932954978,79.8222059504861,62.27005788216319,0.2201955996120865,4.506390659822383,108.69658055923624,552.8469084460651,245114.8458470416,0.4469748590347993,88.70159960512453,26.093290623248546,8778.39398699579,187.38232054166292,816.8369423026295,1428933.019044877,20691.77191116514,406.8358801000026,113.98746036294456,156696235.7348959,1235.5514247692524,12.340230874968269,22.08142831760949,644.7729135829411,3.978957120646648,0.6909913515620331,1544633858.486817,418.1706602273499,64.34840156849374,101275529.74521984,0.0044198920347202,29514915.860266104,825886.138597639,176247127.7413257,77.34886238763936,0.1987178109960556,41133.23456973967,56.91866107958622,430085.2264541703,0.6376399049453351,429296.4958363009,23982.79230866203,58.25993072097937,59.14233440682296,16.205196110387533,125.48164807320047,83639.38990949733,361583954.3386709,2493.9466990989763,112.45725533454883,79207.47813541198,212.99196603268425,286.7623908804733,8.307849173250945,264.0714341451164,6.6754090801552,36.26528086282136,364918.54394975706,4751.198129383522,332466863.938435,269.4749971874776,730322.7405163988,0.5766762202122888,4951.998962819044,8.357019426470915,7047011.022851097,3.8661128633872863,70498868.95265463,1396.0344958704543,0.3464201212129403,0.2234807909158713,829734.2104914885,51015303.50112565,126.63092927727487,3.5951243494094958,138.44449531881307,2254.970077228929,42.725278210280905,1693329338.16378,2260.5981806091622,1250.4781147340148,0.2027521608479493,17.617693804341286,5021870.2201127615,0.2465036280936487,71604528.24905188,9.052501019457736,5138.532881207961,0.5654801312253372,14477820730.919687,101254.84077370272,0.059650319420907,479835.85154009215,7631198289.633682,244942.13644752876,0.0,79.45626370735117,3727805.9571880247,0.5372432478613085,562490877.4699782,69.26778153125079,0.1806302578795282,59.35119248034363,952.7001652329944,14271782.985692888,0.0148284792733299,327666.2804418736,577192.2641053864,3893556.6281071175,39.941466588427694,0.0238114487014368,136944.00137779798,67209.12340397247,0.5264865634458045,435.14575535446176,527.9983217342283,5.12043448315937,373.75975276315097,66.7793372937481,52514.50422629684,2.2265892868325707,2.051545995114781,55.9596516004112,276.20989353526204,94877.16867780716,88122202.08509465,293790.25024172704,68479179.68009286,977730.0715777132,11.776503728605388,39.127006617392496,5048.331792757526,593.9478305294066,20.19333403330776,26658071.9584994,10.317774281443295,0.0648894106028379,21097009.30854376,0.3938660007878312,93.45090064617274,400557977.6879457,2655805.95881614,468989.08133981656,60.50116979249911,20.679962849203243,1433.9816469322916,23660904.86061592,400332.4339888764,91.86667135849794,0.4631304006648733,59669991.27032187,26972225.638394896,7291511.302448891,144.63515614101615,0.0089263655382435,431.9094890047228,1684.4974738956744,0.4989937264281463,83.09078121283757,103.53248051281788,458.2225569553622,0.0261555799384883,309977.207938006,6536795184.375551,554424549.7102511,838.6836356082945,0.2010377956472124,117.88860059522813,11208.166364541084,484.39507720501024,0.2691893421531364,247157.81417851977,0.0986170569281965,0.2245402142973347,4142868.6459142314,9.621468724526226,0.0891873239783536,1.6780951398584314,1522885.7899610088,1099756826.5806153,26208326997.052765,3910602669.235272
MYS,0.1210588175739957,360.3143217875436,404.3567129216895,0.0538281072056265,18.46954467530608,22.82242956826154,2347.796522071781,18.36682918072936,18.952093842851585,3575751.8877363484,6.632807133278513,0.3098249049614722,558664315.0556031,115.01257970453722,83.0745226920351,1074.1409418136864,47.9998149614751,46.009463743045245,101.74253158535046,18838938.063578725,99.2796924657868,0.3365075497771445,10.63879499367618,47.83581013895255,398.6599343725549,13.269734930553684,0.05494663061273,594.2732294994645,3724.7866201035567,0.2927712159429703,1624437459.557732,1604694.513622673,0.069943607543216,213.4472782280066,1117.686274517168,9641761.746702963,235.85987735802183,53.68901317555519,480.0209219616648,3336962139.4059973,123.24745705001766,195.50940250122372,163959.93699908516,42593.62508979491,0.850581636158874,691.3876719134025,158.29980529732325,2.5164037579558705,28.445241619906504,87.03501796694225,7789.5399308279875,0.2379380163036823,4.692149887263874,114.91140859649148,587.0993198868244,1173.572386640767,0.4922738065400076,94.62981056376526,28.730440660213265,1225.6240038053525,198.25010032962692,371.5862149355322,311.517794858001,139.87297508896015,427.633236395026,120.95129524028042,638244.5532332297,1422.817865272649,37509.92630486531,19.36554759483828,679.0355671647776,4.297392463776504,848606.7580443796,1130.7268312782037,450.9695407854992,65.30270889951593,95.38151150996558,0.0048558121705801,93.49922642803892,14.409273953461676,10.71988364961379,80.48833556540879,0.2166153516321141,45505.675930369,63.95440031957427,41.48193638198288,1627757.3589044355,103.09538147191827,0.5029700373603772,64.80634078272669,61.57520241973116,17.68767571195975,130.19762560649252,92649868152.78148,133039468.08312404,362.9299058651033,121.41978830992775,1682.226850199405,216.07361783831468,895.0512887232426,8.643768639586119,272.05046204688205,7.331328303858183,36.686769025768186,811028686.5032705,4956.457128233925,393733.0961661532,268.98315992612413,717344145.8455744,324.43449049384515,168541167.02685758,8.532498441196585,286806914.37026656,4.027125394688847,38.118393528903496,801.0069715810193,0.3763556921494295,0.2319751808782508,76907256.17979039,7.731453680106235,134.24979000870283,3.783443581263205,146.8334147861109,235.60064881114613,44.89054118383463,18841.7134122676,56249.39346078083,49180.25563402369,297.0271926723887,17.931994896614732,424.8885988363485,0.2611881221816645,151835744.80765188,9.423239486193047,4030218.918780301,1384020.1829531305,9010.005301027511,438.32682416023925,0.0655866440405539,36.89352432164407,10858.462291516204,64133071923.11127,0.0,49694.46890270017,301.9513586934386,34.65313456622432,344.1486392127995,76.05980533252772,0.2090900480102107,63.3492895039557,6772.597958189796,816636.9442156904,1204.1139277576492,27195.37319690994,961.426302149363,2570.0057389021176,44.15752219943301,0.0255451209050608,871.4109673856703,8329577422.433718,6267840.457593791,721891376.3207481,563.1627569097104,5.647972839452814,175825907.89654964,71.59158322319571,210.6266797523843,2.3482573234535344,3.2323024654395,5.295362660498551,286.7982533694935,212231127.32890776,3670.856464728168,7192.4769128424405,537.18145125662,105.75113729690015,55259806.34079481,6.332402096120697,0.2063074948811483,645.5506502612316,4126031.932751652,29.085108673483862,11.547267564010106,0.0666992987865384,685693.2263410208,0.4142229617359376,96.302890491689,66807.93260726167,0.4802618952740184,72.21374542091618,63.339272266114335,21.502003129169697,2007.6598265403657,6.781896898992847,1824.55952059096,95.2515300632585,0.5070690431479097,314.96991094849955,21.986532835451857,1935953769.124599,141.70425642812407,11.58865262611126,444.7030608413826,24633008.59935732,53.53109025436786,3.148634416773834,107.96375698095896,470.0135775736591,166.89842432967066,209413826.82759652,114022.15131827867,140987.54065246592,882.2674315510316,287.08262112913513,125.40815200894728,2740201.6314624147,499.5301311456433,0.2942258046315955,476.9099648450632,0.1079852148993529,0.2470204475428854,1493537840.3559244,123736.19434059026,114.55344984099608,93.32416971973689,11122.259902069023,427.6427309612239,4454.535449365711,133.50005662033618
NAM,0.0,0.0,0.0,0.0,0.0,0.0,0.0,0.0,0.0,0.0,0.0,0.0,0.0,0.0,0.0,0.0,0.0,0.0,0.0,0.0,0.0,0.0,0.0,0.0,0.0,0.0,0.0,0.0,0.0,0.0,0.0,0.0,0.0,0.0,0.0,0.0,0.0,0.0,0.0,0.0,0.0,0.0,0.0,0.0,0.0,0.0,0.0,0.0,0.0,0.0,0.0,0.0,0.0,0.0,0.0,0.0,0.0,0.0,0.0,0.0,0.0,0.0,0.0,0.0,0.0,0.0,0.0,0.0,0.0,0.0,0.0,0.0,0.0,0.0,0.0,0.0,0.0,0.0,0.0,0.0,0.0,0.0,0.0,0.0,0.0,0.0,0.0,0.0,0.0,0.0,0.0,0.0,0.0,0.0,0.0,0.0,0.0,0.0,0.0,0.0,0.0,0.0,0.0,0.0,0.0,0.0,0.0,0.0,0.0,0.0,0.0,0.0,0.0,0.0,0.0,0.0,0.0,0.0,0.0,0.0,0.0,0.0,0.0,0.0,0.0,0.0,0.0,0.0,0.0,0.0,0.0,0.0,0.0,0.0,0.0,0.0,0.0,0.0,0.0,0.0,0.0,0.0,0.0,0.0,0.0,0.0,0.0,0.0,0.0,0.0,0.0,0.0,0.0,0.0,0.0,0.0,0.0,0.0,0.0,0.0,0.0,0.0,0.0,0.0,0.0,0.0,0.0,0.0,0.0,0.0,0.0,0.0,0.0,0.0,0.0,0.0,0.0,0.0,0.0,0.0,0.0,0.0,0.0,0.0,0.0,0.0,0.0,0.0,0.0,0.0,0.0,0.0,0.0,0.0,0.0,0.0,0.0,0.0,0.0,0.0,0.0,0.0,0.0,0.0,0.0,0.0,0.0,0.0,0.0,0.0,0.0,0.0,0.0,0.0,0.0,0.0,0.0,0.0,0.0,0.0,0.0,0.0,0.0,0.0,0.0,0.0,0.0,0.0,0.0
NCL,0.0095712932911027,28.3080009648864,38.09244950441033,0.0042550097503911,1.5184605264263542,1.9042782525060893,1068780.0031553835,1.5642120956461854,10043.49634442378,4301278.854311649,34.04171466807726,0.0245820039953926,1272266837.5344205,9.41753295982595,6.935186031489367,0.6402236381195401,3.900646319690239,3.667784311588663,7.983394918121866,7.408945898952615,8.1969947687951,0.0286563304374625,0.8546097262550889,3.919116337391492,32.425433138019244,1.0622122418580522,0.0044616756588153,9340.384399975532,8325.264431635878,0.0232386344931789,185308.7638240064,2.440290118649129,1.5647788317163247,17.54932512049709,15.711131356292013,5533.820300215042,85.54104501294933,4.429883989232936,3824228.674367798,32726.0887255811,9.81951320357539,12.145647507428146,58.3602750644621,8.937559768537207,7627.096753351019,60.12383710139335,0.0557378973573206,0.2039320316991937,2.277432801913041,6.976919559094333,1756.4249304886907,0.0192553894053184,0.3838454610852828,9.359579683418543,47.65481113282563,0.3338445099412455,0.039151728661138,7.648762659376516,2.298135955212776,101.28763977644536,228.4931430890527,31.44553438334794,1.9022935365928768,11.661770858495135,34.922076406047005,9.809177725822208,25.269846212296866,105.92307321868635,7941039.853977344,9726.675737100064,55.40860855017532,0.3459741930919904,34131.50706870723,7.726288477972662,36.41643585676477,5.426341706714787,7.552566741963206,0.0003855898878923,7.418020441885449,1.1460342381602082,0.8483597404007046,6.602052200520513,0.0174235413231615,3507.010380640217,5.066193219066744,3.3771456003723204,16267.307301910509,8.381686843893771,0.0406874646530481,5.1572776449528295,5.04495634098886,1.4157969125309495,10.700815076660463,978677869.0055208,1313.707155870586,37.57302142004171,9.797812109835764,55.53904658905518,17.871810884446816,24.992053681325125,0.7069799498165361,22.43346109891848,0.5865943958151725,3.0252829361508606,174037.29089867815,406.13917049662376,15.152841164813038,22.53671148713051,15064.15543448068,4925.700325779595,904.0038673377938,0.7092001730822046,692.1568204713011,0.3294888412205417,3.048653984980501,67.56479101325917,0.0300730346345172,0.0189248404856288,4840.073132145128,0.627984508315647,10.887014885024854,0.3080059774115646,11.912700655258211,19.428811842522755,3.6693288736036966,1380.084859993137,48.40506380828458,109.78565814197106,6087.495733094727,1.4853775011628936,34.35720221643418,0.0212496051121462,998.6143613791402,0.7744382292369023,426.0840210692197,9655.518386901407,176.2947293972337,36.61123117922197,0.0052563574438231,28.580215134938555,3.309026430112353,9821722.046077115,0.0,221232123.3560846,24.323299914318717,54792.57910579443,27.333791092674907,6.089032723977823,22787.96715520695,5.129635378892732,82.53021867446799,8.086141273681891,545.1576690929942,70946279.97970584,6.885658541176328,38.9448631605222,3.52052454071232,87.99692726620435,6970.833402667171,4616487.508357753,39250.77179274295,1051134776.6835184,45.63143789271332,0.4507029029554326,19286.833577378144,5.783580858568885,591.5025510587798,0.1913182645543485,11854.312263621508,0.4451979228966228,23.570405572986186,18949.835158064747,0.4693935198605427,58.91806364768269,33.34573207278834,8.519300290288184,13080.092649782244,5338.56657221161,0.3110096821799968,51.95176576995489,30494224.18970015,2.318237498621923,0.917532385819193,0.0055540305977928,67.48219312732073,0.0338277835381717,7.934031982587186,14.109949736325376,0.0386846670651163,5.880103003803816,5.190369649055928,1.7611972586068363,123.02890011211944,3.2837050407918547,7.967306011143695,7.785319425393521,0.0407692056384831,24.99632155781189,1.744546429129001,165991.37557228617,11.975318285991069,625.7505401722738,36.61758147753796,4939643.865196913,158396.80910557156,0.2530603033985457,8.834955798785296,38.79537486134333,4805.803012526594,6832.359183495288,24.330871606182978,5.155541091284924,71.90487250579704,53.79076885072026,14822.976378415806,956.0356340674676,41.15523927243541,0.0236238640674266,38.49850729790796,0.0086263292174568,0.019634570027696,37140.36311489638,19386486.83163214,16305.036276281671,162689.5094385501,8.70199506865434,277.70693993696614,36.37828192035517,23.34238612721924
NER,37517.37782455981,173616360.0208379,2126536.617802505,52894.11176648428,68437162.55938904,997732.680632689,395653.6231958859,31814875.286176044,0.0975583375232567,3082418.2823779047,4.943537613782534,404449.9898156615,5636.01605620205,54221803.39244944,60529153.384803824,709233.1162820277,3295848.4043404143,1899202182.5648737,7769196260.786219,3525324.4912156654,106373622.85315156,28597.91585580254,1589258.6336670062,98938691.74718516,69207237.57525302,3929928.329234511,2611.623388273504,15459190.709753836,952806201.7067064,554862.3914135695,125.1845906488458,3093154.010665656,0.0557833176638951,4900.000692856776,134127864.91905536,19261064.741999745,0.0312087321669523,29095985.104838014,421.8412914187081,93047292.78690298,1937043192.6428173,729638222.6890451,56760986.0261275,31675902.46134604,0.1199040636503696,131918023.84252906,2206.020197599745,19947874.665888183,15163406.314762682,14429489.9741831,0.0635576445660035,39741.69682531555,8119347.587786607,28751740.20453906,62808188.74740027,223262.77083228208,695751.6597815175,4372357.582073804,17516387.889374293,2217088839.463194,5411242.4757115925,58258847.89462258,5896956.608753535,427250890.5131545,274618679.8367797,11604716.94299077,93426810.01801264,25878558.642964385,9.614401435539284,15.85479814772446,270041463.5728826,45212.94293197997,0.6136079774980951,61951812.54049611,16989428.46643956,100400454.12435524,1637515142.1992204,2944.2613316882635,5842185192.603626,596681289.0297382,22250951.29122829,261965419.65679625,396874.995626274,19844302.06467385,15246458.683949722,112138112.84004118,0.5916546145763257,188086764.1721843,0.386720841370952,21517228.799150545,89066742.98716387,6661312.09292944,58546214.40811184,23460.00244614874,53429247.46702699,55.36277183524482,1408788.4749097554,533029246.43894863,134831613.3724121,4691209.920042393,6927413.092660796,555580233.6150125,2444511.4440957587,18201595.40085616,950167.9621450652,310395946.7703683,825978.9119957298,53972211.88610609,41929.36826292204,0.4581106182508047,288179.8703388707,1471494.6138282286,502708.29107719625,8700893.655415531,698007938.1300385,580705397.1455772,598805.2824347392,89781.19718857965,66765.78017896251,4.989945235688003,14777879.811784344,364573.0455738675,17603650.05825922,629631689.5028274,13375827.079750223,231637.1155721444,97.29781836308304,37579185.470495865,0.1951019104255437,30875307.81788008,15471665120.290243,762008.4769320786,6003059.433700352,44151050.5501246,17987836.42983839,0.9148495243735162,212749.2442054017,3763436199.778335,76995.14882874489,10.235977455022368,62960.24381607815,2421.650527783452,0.0,11.34940088739523,15317852470.94321,0.0246889860967769,13300306917.97607,40483268.81822847,0.1464826856900458,3069580.293390977,22362997.32043896,7528014.607023639,0.0117116190795343,176.61984604344622,1393661.974271034,59098597.81881647,14243216.540083831,0.0187465393164392,22359443.479724,36068.03621070541,0.6990795308719667,557.6983395446739,72981692.28637312,5644333.428485465,640512.2891285535,15670979.150921805,733037.4713675427,2147553.015110782,1.5127538978993798,344955.17804254894,155551863.22826675,1467858373.039515,544038.9743553246,76086071.00830778,331555742.12410104,2743398009.383198,24.88801044677475,5.159127460929126,7.845347808069667,1498521.9812533502,15.844970914116928,1014881132.4784,2304591.413218512,73108.70140789449,552428.1860491895,14731.63034051309,77504654.49778077,22877610.17120927,258098.2999962482,137921693.03377914,26969232.39687702,29032289.20374345,38164636.54913816,4.933671436067407,988.2428514354616,61721145.08425786,144676.88445598452,2512656208.97649,523598820.9992527,248160.08690949235,56476352.8888596,0.0068040985584769,88900395.56813982,22.78158760415072,0.3891027975556254,6314271.189889768,222485993.066308,1116426712.5794272,0.0207732210735154,192776.7751334403,3831576.0460876944,1898532.2281169093,237555329.28456092,0.1773301371296218,22381.440342666512,20795281.778098,82673139.94443014,542834.8600888066,485398420.7284018,107275.96834015031,263135.6593903061,1253284.725277783,7.466254441627933,0.0690883160206597,1.272380084986537,4522528.117565589,1829.8746234187972,914225.9416013948,9779.674339720928
NFK,2.5554374587954957e-05,0.0704980226095468,0.0834121334954858,1.1443561291457628e-05,0.0038604086064424,0.0047768415232027,11470.872883515112,0.0038327886214517,13.690663427114488,106349.09769783964,0.0275009071091858,6.62806226685575e-05,4043124.372088666,0.0239395796922963,0.017045924510171,0.0016554611612491,0.0100628403870359,0.0096337890176698,0.0212824528544306,0.0190751127377044,0.0205649277141759,7.111382474711547e-05,0.0022483419268368,0.00991989633917,0.0821564786487556,0.0027153840479137,1.1503242255628264e-05,5.294729784596933,349.9777980642964,6.214002132765017e-05,238.81398475170133,0.0063449133597259,0.0368372239172458,0.0442814586820645,0.0415408627218951,13.790195715580294,0.2837281227111816,0.0111900467009036,44256.780497198415,4.245205095765096,0.0256732444781988,0.0321436742015635,0.1485377300641737,0.0229386268848443,19.05173303093761,0.1447888551598879,0.0001439819138511,0.0005164077125812,0.0059812952327842,0.018130357106795,11.153212547302246,4.87024522755064e-05,0.0009603462717677,0.0238416484535326,0.1223583929616438,0.0008660184115214,9.809129051063792e-05,0.0199021386753486,0.0059850990794529,0.250809193847779,0.0416153662606313,0.0772792126559309,0.0049750795168066,0.0284725204501228,0.0886484900731137,0.0249289881305685,0.0560686025169587,0.2689026676135881,12923.98793488741,154.72520369454287,0.1415224186249872,0.0009123450290644,29.21790703496663,0.0199966160800979,0.0937840302131967,0.0135176283231395,0.0199052190788435,9.692211051515187e-07,0.0194991034310945,0.0029799919895481,0.0022158495991106,0.0166956565687126,4.560672402931232e-05,8.795675821774395,0.0133089306079163,0.0087333241883555,80.22552174329758,0.0215762982845291,0.0001025546658297,0.0135288890412301,0.0128516026914979,0.0036965527816619,0.0272611466219445,1091518.334126549,0.4268631576535324,0.003156787103876,0.0254188999451052,0.1392341996108297,0.0448344882666472,0.0643151871593916,0.0018092767623443,0.056245433474066,0.0015624235904851,0.0076535285360201,3.05830589743873,1.0232345277325785,0.0386146354962306,0.0556811710841884,0.0330439787160372,5.140070106952464,0.0382292185549459,0.0018111512542873,0.0381952817913457,0.000836922235976,0.007940028590383,0.1657421801286974,7.906735208962345e-05,4.870894474606757e-05,0.0088398845880419,0.0016351958438463,0.0281466344204091,0.0007899417819885,0.0305076045465948,0.0482520175227634,0.0091877468835619,0.0456379044240673,2.759618203101999e-05,0.2839118857315803,1.0360972028093016,0.0037275831824672,0.0877433162037499,5.410094127000775e-05,1.413679618744193,0.0019750381104586,1.0251734586887338,16.836167522362416,0.097576825745989,0.0900767838467071,1.3827723705617244e-05,0.0001865439420924,0.0082578333926619,20749.523213353223,0.0,38360.08643361926,0.0635117698525533,1191.53759765625,0.071583841849538,0.0159529960091617,37.16411972045898,0.0131351253972979,0.2121119935773379,0.0211959189830253,0.7084925770759583,942863.5069320424,0.0175735753477273,0.0953288205972062,0.0093018773955293,0.7810827260836959,10.551195982210622,12396.201369555292,13.943255081772804,887400.6484831516,0.1162175083733245,0.0011597260577929,0.0607869452334171,0.0149211650414002,0.7270528460145336,0.0004955634411771,74.95505135862277,0.00110831339218,0.0589984931673949,20.01439848561456,0.001179603102301,0.1457594156514945,0.08753104283335,0.0220526412477397,10.374090317636728,238.02694370626705,0.3077286395944156,0.1342247094569195,35678.97402060032,0.0061048982032758,0.002386332216588,1.44444175020908e-05,0.0432101128421338,8.70002522788127e-05,0.0197757415224941,0.0367232870741105,0.000101225918641,0.0151001602930733,0.0131607366179196,0.0044606615547309,0.3121363387923566,2.777169901339221,4.876085872851377e-05,0.0198453319976579,0.0001032188902172,0.0664701965633174,0.0045638793992566,58.77583507050349,0.0293097792145999,0.5588461449369788,0.0922336494487225,7199.553836524487,247.89604607224464,0.0006531367583022,0.0222409573222543,0.0971766645000335,5.9084812104702,0.0074766261121794,0.0615497241127744,0.0133223906851753,0.1827902249260447,0.0704633925448945,26.207723741033156,2.4031081347238668,0.103397200797076,6.10024561069622e-05,0.0997836578762054,2.2582006238280883e-05,5.191268269300053e-05,39.83916121929396,14669.331872612238,40.02438973682001,362.9801459312439,0.0222641233950986,1.723956115718586,0.054350235661662,0.0275508196924363
NGA,60898.75099781651,138521362.48207784,15907448.835133163,54909.65670513198,133869359.7163153,1490523.435129361,839034.6980436819,20407410.0873478,0.6042334967391207,16668140.916289665,30.593678262706035,366241.0011224125,27766.468548526114,60632394.96456331,36304666.23291389,336102.8365333699,3750995.253981566,25975126560.709896,21924596880.638927,1463591.8500487534,193191140.18998027,47294.9107431676,1378881.1902070255,207429748.97551107,115037672.43706731,5026682.084453753,2865.2564864269198,41322959.01264287,4079780737.212259,711487.2292999262,36.35493047429321,2304432.71987043,0.3265963971552708,38985.95322232154,5143258757.105691,7542412.16370034,0.0458142809216486,26507247.18472937,2209.37046744534,41292439.60169296,27494860427.05308,33538294451.02543,254879721.06402156,336256364.9472172,0.7487106969508611,309882962.3082083,989.138810065726,38663213.467547774,24820147.93608628,13516522.99346596,0.3927102682525429,36498.01736853847,12629755.623126067,44634168.27910592,68098153.95911622,572467.1512726936,755908.2709014341,3057841.592642969,16843450.0479509,3507319470.1062665,11981667.245886322,96142015.55824138,11610846.574104177,709856057.2955289,402699462.6115224,12616177.893520623,112969300.50429264,36760161.643762365,59.76048146011597,90.75374464976912,385912647.3455509,20118.637181107555,3.493453367174764,1127271419.7562711,21846495.40089415,76008337.52818167,28740959007.14324,4068.065891441099,26619670473.701828,1627387989.4608035,653009677.6726583,550304508.5593797,506536.2261586965,7067813.632934583,20994896.39025737,374390049.255277,3.23715618406282,553068747.6825414,2.325260951239397,29637537.04677416,164151249.44542915,6217931.975749032,97371994.20007536,9367.37967740503,39805035.13015906,2.7056229686805624,1338755.622381803,466923274.4852818,113780500.01405144,1815561.1178582492,7884147.852219825,842419616.3748201,2709605.770429532,24342816.26376685,452470.9619048668,138210311.9864739,472491.84463581705,23137042.75404849,1173.7433980300384,2.8181499679370985,26169.507743168702,1051507.0907605,293849.36083028774,9190786.96093873,9767061918.609217,1079087062.5728035,681444.9045401491,86605.16003166628,43339.45713456327,35.00920500258019,22717120.565658376,305630.1274309952,22451957.890733942,827505134.6322379,21802416.327258263,52316.42892617163,16.238700431046386,49799245.94723643,1.0214917509481332,68559438.57178955,28293006295.412605,1719676.5569397062,2633177.8833905603,105024604.56475204,5229235.221607989,2.9523234558211766,761940.9284802492,4768077623.835005,76810.93201782412,5.656367918484087,398520.3310985889,1835.0554057099928,0.0,68.2160032740154,19222851071.694588,0.1481682692951338,214344531740.02948,49858188.22958221,0.8821091818153661,3434355.133931788,25419244.43101578,3990684.035931593,0.0723423798387337,1054.214112471302,1220483.9168865469,46814746.96711455,21637727.30526121,0.1184499422462174,44475122.95436521,5484.577224511438,2.7003066563621614,2083.8602747288583,96105688.9601186,5730601.784898928,213808.68856659115,14933021.37172787,2351095.635239563,2473942.227855224,9.402788765235234,379503.78332619806,278597259.05301416,1186499818.762951,343771.3256518014,86577147.95277373,2142610939.1933804,4915308657.027144,3.1876214881600125,29.558210388580072,129.0256409001803,1268995.8776788325,96.8324776563072,8189147894.415815,2411863.333587639,106533.01427355464,648171.3093906082,23446.67140374648,163080845.67769957,360424167.00656754,9914002.294690875,468182678.1149981,50364277.97746748,37238770.539300494,85104578.95140633,31.17886679483964,267.0643067078786,67816232.85839547,131997.0428813401,22807059752.76372,11408585718.6018,158502.73998976074,33498099.496574808,0.0428920054185101,53870996.470085055,51.80098021463736,2.3978247941406154,9846652.536097651,423079499.2387744,1240149516.3697357,0.1272225875572316,76625.11547743053,2752707.068355436,1648585.0018206537,322622279.45981044,1.0151407123826124,9062.870011432076,28085819.153585564,40960314.27968772,652341.1292896039,1116187096.840158,101504.96933172218,223530.58030712244,1182049.473666265,45.7126689605606,0.4311497295510316,8.09819974766144,6435850.031950844,2530.4713329732367,4379013.536820693,45059.94736687172
NIC,7897.387343076051,1004.7583291945992,239.17016164736796,483.74132229193606,30433.44188144755,13.63964804253476,1420.0856714080448,636.6152172238359,18856.123158384988,2116774.3339896915,4.000183535947199,734.3758322329193,55422.86584021773,209380.59112171567,16902.815259484003,4.641304990924901,142417.81868803105,48.64638841295327,75.57070940780189,54.73602331052895,39716.939926422674,0.1962874757311966,3815968.4272138127,50746.26180961815,223558.11581196368,159642417.05338496,13419.932916369757,21987.94467912349,268371.4129681639,181.20624806175147,4.685276841899281,18.54859656917293,0.0426228168222451,126.62478858778088,121.19132112306416,333021833.7568707,0.005965527166623,134878.74737494177,288.91840765611164,12359.28512846945,74.91485283416684,98.01159954472324,429.8644467473577,66.69175247523634,3305.063302190589,316643327.868454,0.4096355221699426,36.71675595626718,1212867136.310922,66797484.07899794,0.0515260001573096,74436.76765175816,101.49647391073728,112142.05334045515,1547197.636243963,2.4653162673418008,1575.813756919957,266421.24949531164,4198226.07549521,440720.05113732495,12283501.138519824,7172.52999099999,17.20562345817659,156918.40542164067,1828415.8715626013,93131.90333206597,2212.260499378788,559687.530348661,56713.046753393486,11.733675746241955,2664711.811827525,10622.118653805725,3152.41206202545,58.00813647547915,3460914.758166504,39612.21023224877,58.19454169090118,37.95157254005745,471.5199724412152,71.85156460698062,6.448312579684071,25706.39128388955,42.27958536959224,4771888.844926624,2546354570.062869,30688.971628114166,0.4258077313346913,33881.70401011495,0.3041072469206192,3430393989.975002,112064.80517763962,4443957.085555797,52062.665375728735,4533.358870881255,998.9173886318003,0.0181903379284076,1067288.3715159353,17979.7734476014,18469.510918450174,560781.6885139379,972.58572241672,385944.98297695385,8812449.546171047,15444.86586233863,450.0393297646264,67430.93425123498,111.49380590084166,161.28899097218024,95.4880327675811,219393.86601641655,110.65478021531533,50.42645459365415,110.5017783263236,282.7005705333803,221.32548812503325,20640.51783832946,395.6687536153955,134.38205905188613,25.71123057824417,4.623737126877316,168084.79530812328,12359.03708191288,185690.14917250417,1141073.8936325724,5604.114909232122,131.65307576974038,0.0795350794795603,4853357969.745529,9424.460050707,6201.764595665409,1014.9842949546656,23.48665982623487,277.80625396944885,30480.67592378036,3029.9620642605864,6.547577787833434,167.7656758920215,11354.256200519678,64.42851888814758,0.5475512163663601,23.972783720464992,236.5288835810026,0.0,51587.735117065575,790.7145038652989,0.0196140710842485,766.9511936102147,5731316398.90854,3336.630607591805,194047.3014001935,1347135.8089590203,61.49553893843074,515.8726839977317,156.6992861791753,55.38925218371014,283.68167305805844,322545121.85461754,0.0153381788242246,698777.5016132442,206.0278943819748,1.631952505666225,203296.6408964845,479762.8926439728,147960.17154012545,175.76330614574113,768156.8125119889,126.14194652461352,6.866495152746893,3327.6831343630483,3.1898912680395184,72890.52410552528,2818002.3541585677,3.4432001428379007,19384.83542735761,8226.4871537399,601.166960229048,0.4127008821322615,3.8173085317638114,0.124408031615026,52358.46513716276,225354.0204697101,74.7170408109015,1084073358.791531,41.67144777477938,124.55869380407565,12469.729527506548,35845.85619858749,106.69975985170778,0.2939510780681367,50829.02983924731,57203.53719946808,22212.516575854286,1156429.369263714,4.068150779130463,0.1433767084975199,29327.32123751917,44100.06869570102,294.47475677949905,56.03762034901197,253.11787425605868,84.20961857315962,4532.03258440223,2195.154964145157,6.844832796298302,14826.19640297919,1041.112776674193,21178.85584522321,125431.64103770089,12089.89968717564,21.80694271149748,177.90951163236704,38.72530567316478,241564.46804430985,175280.2318402998,75.77607742672427,2312914868.2346144,3570.5881159765727,195.32296769609388,4521137.980272548,1517.632688052281,4405.2713344581925,183.20137517771457,104083.74744209624,17057.97207398784,357024.54121842794,67.62324005049598,256.78475439007315,156.23487505730537,79.58720534747084
NIU,0.0002217075088992,0.62760141613394,0.7341230605279634,9.928333668085544e-05,0.0342768782593339,0.0416057672508429,72386.98424694789,0.0338830081846026,3048.630350112915,96456.9169956128,0.0180765675585234,0.0005751310412165,963745.0602391618,0.2144754596283746,0.1534245218081196,0.0143862424547478,0.0890760312468046,0.0872396453483475,0.192111378339078,0.1702572949380822,0.1850429337612809,0.0006169774102744,0.0200544129136233,0.0893389527464023,0.7484642009922027,0.0253988276703012,9.980112827179256e-05,703.2454280204789,1449.2014618163394,0.0005391213780967,235.4673950329889,0.0578511520052416,0.0001259049022337,0.3904423899723497,0.3740033249870294,124.3344618637824,1.924768184835557e-05,0.0993376817787066,200103.2267986453,38.24972513974828,0.2333290337745666,0.2928519989723099,1.3235363547004295,0.206215258129248,1963.6450530290604,1.3039715870840496,0.0012498692099143,0.0046693773665538,0.1123716488402628,0.1630805940692425,0.7773232460021973,0.0004504391254158,0.0085378960866364,0.2137439347311591,1.0981802799113891,0.0076392752660581,0.0009410089774064,0.1766682370967487,0.0538912988404263,2.291412290690147,0.6561915731470123,0.6777443443117477,0.0443762430974672,0.2580954787626979,0.7976505284555913,0.2247906718621379,0.5053440677362042,2.413830270778817,1375438.1190690994,631.2442520292316,1.2625087022579464,0.0080514737783232,11.030043940456096,0.1798337384292807,0.8488961447814631,0.1211681442331737,0.1797073170369572,9.297928954765666e-06,0.1766536511328809,0.0274791044007542,0.0200955859381792,0.1492891029632517,0.0003956799473598,79.65162629388654,0.120981156519079,0.0776090463475611,0.0012389570333652,0.1922832109335104,0.0009827232679526,0.1212352902209641,0.1146314134301178,0.0330533057476714,0.2404642090042748,2285445.78573454,3.066613666315765,0.0003169343847275,0.2269996365060222,1.2365034554925671,0.3943107738816938,0.5815746250775504,0.0157397662187577,0.5048969112748765,0.0138781257155642,0.0671621591850551,1.402699695047791,9.204147483011196,0.3451901156836356,0.5011115506677015,0.2972987797323867,79.28727638984901,0.3448344966785726,0.0157144796476131,0.3442174996647509,0.0075852957852475,0.072123997946619,1.4772476714830969,0.0006880338205519,0.0004225945190228,0.0789628028805964,0.0144740445703064,0.2496172273531556,0.0069594472029166,0.2732294295442283,0.4385557337407633,0.0846594315747779,0.4081706588261298,0.00023942205347,2.572412523875954,0.5570507731051606,0.0326587599352024,0.8012066335927521,0.0004693749688158,0.8645312498070936,0.0174781424375396,9.312570157133564,0.0011544600396291,0.5153760723810592,0.8139768288157674,0.0001199681173602,0.0016836514269016,0.0733216161125582,7878.071943127214,0.0,279032.90569120646,0.5671577350689176,91.82429504394533,0.6508239071362283,0.1435659843698431,59999.17578125,0.1198317145845067,1.90908306809888,0.191319999589723,22.702674865722656,232404.01416129293,0.1613002059217017,0.8839477639793163,0.0822659067516724,42.27914747595787,52.87472905976084,5477.997969899314,64.51955253537744,4475692.196551826,1.0569406704889843,0.0107608477862868,0.5468879036225189,0.1339026923985784,137.80637156554334,0.0043004777376154,2545.5855689937016,0.0096156295375067,0.5355617484286164,180.3563785563437,0.0107687247983676,1.291489258923189,0.7794949096725965,0.197573550145421,0.4794392996764145,549.7001839600271,0.0057239314464823,1.212933831155425,670118.5028934479,0.0550610982468242,0.0217628683822113,0.0001253185037057,0.3875150067119879,0.0007548065623268,0.1791449090160313,0.3334865610367021,0.0009330714873385,0.1352974954298815,0.1168583924336417,0.0398074284566973,2.81629858561962,0.0128417789437662,0.0004573159778544,0.1754782304569744,0.0009677911148173,0.5911802335747964,0.0418494530667885,1.6057908335380944,0.2605079700056194,89.75563168525696,0.8198027110089754,6091.866489648819,76441.07727622986,0.0059974162045364,0.1996968217869685,0.8680077315725228,328.35302734375,0.0685622459831165,0.5494016370263495,0.1198634511705449,1.6371514716425395,0.280900678234957,443.1982345498877,21.62778759943025,0.925099245104775,0.0005509140364665,0.897672994561276,0.0001959194905793,0.0004503898908296,0.5905477870179006,421679.88086390495,6481.230619221926,56646.65560913086,0.2031363194819379,5.662400036106419,0.4794907415214311,0.2452454743512362
NLD,262.44122007419355,4322700.202175076,4586.392201648476,144.13919875038846,6789238.259284735,19789.868649497083,166.0700167940169,1888601.5653580984,0.0058242437953439,174035.3854502984,0.2944869942208897,1417.854126595339,275.69420431747545,156649145.7851119,3948324.314765631,1397.9938512535296,98000804.0139389,103077.18417028448,307195.13127247914,114662.22403955775,27703551.181189485,602.9291344419694,10662.77382375615,27774929.639618665,205671466.459182,29568.88508079086,36.365205859538975,12060.81976636637,2402460.542579689,1564.1415322571993,0.3543196544324019,64103.176349285495,0.0031581917980076,8.922367670271022,219059.5265098364,66403520.87385987,0.000437354444049,73370862.283993,21.662243328505543,50865535.74434516,81685.96996073116,312379.25013409695,146774.5704578546,39589.6323490784,0.0070513811498336,1074043.6613481871,16.124072813362737,8951.588264967613,100218.9698513138,109481.81244656812,0.0037265548211848,166.52757946246285,222151.46165076643,133329813.94351096,1383559474.119596,13199.997365556252,1919.0075105282008,216793480.66736063,120629.3053980571,14925008.953645593,50901.01499892154,562069.0817729426,197432.9767935229,228775.20991938,82417352.81299552,86573154.94862574,2032308.143929805,683145073.6861236,0.5743774096942909,0.8755409122655031,392004979.31545925,954563.9048511982,0.0393031148687097,56595.32262197923,299227090.9458606,16179265.951247023,102813.34323078569,333.8728396166116,317966.22792120103,25495.4418910926,8462.643414497014,13463763.834918384,1024.0475887143984,306229934.8087878,169796.8247961638,312756.6908928388,0.0318761033571828,809292.3535490899,0.022339885304718,203300.2102808308,23947360.74507685,61512.50245844581,47004922.1252633,2012.7382213997305,2460323.2722316454,4.6263967322976685,36517836.25833772,11154240.777235046,2541240.6822385355,61449943.75836313,224220.62751632463,119810999.54144698,11633.25994072692,294310.36134576425,934592.710447166,257036563.61288503,2857.9509106685464,15811685.887201011,761.4572446159057,0.0271763010735551,133892.75523052487,14595.80785880929,6867.147024930905,315465.56513071805,46566.04632024758,2307891.4939471064,2245.7498696367256,500959.8123424053,249.27439265882344,0.332545285276872,110339682.57965446,5234656.335519552,118945543.40420324,8471826.337742578,9882517.094568714,3622.3235223598954,1.0975710247346908,318534.3064917608,0.0099377144006419,4476622.172430374,1286088.4217064916,10310.971480816605,73940.74166140344,5193457.205911219,30138278.418388862,1.2602184148167597,300.3035768215598,696939.6031297081,255.24042807985097,0.1118028979536613,275.1659202859245,336.9981811075396,0.0,0.6474074808174877,1802422.4109916468,0.0014393870807083,1116550.357739157,272571.6965708694,0.0085693237573423,347769581.0427995,991074257.6023237,361659.35137427854,0.0006827625404,10.366394258477118,31293.197626015262,2680163.103060028,76395.23037176466,0.0011373446729645,132657.28484604438,8902.173608866826,0.2514228961826923,24.39746256266113,546177472.9779403,33568.02426453777,769293.0472326775,7408915.049327754,598.6331560845058,77968.28166457592,0.0905944855041264,3284.114661223477,114906732.27668494,4608504801.023772,2583.88406368297,1359041.2815584682,1178719.825828466,114828.0776025263,0.031265225488176,0.2883928923934244,0.0092021351753786,26603991.02322132,0.931113006484472,57350.520179296574,42941.7302132957,18880.89997076988,55638.98766639673,1817.1889837799608,34571804.788228005,100299.0914436647,33.18531710745771,459779.7639708711,47141367.00029588,12358320.95563531,1207755754.656932,0.3031691725915095,6.385264199803583,2162003.635872163,710.4382435810417,2027291.9124034876,35360.97386969859,2649.884882002857,4146390.590477392,0.0004134351764581,4098706.724834496,0.4841803889859104,0.0229523097510115,22395.17884880799,3006261.532830159,62347768.80415466,0.0012266752668743,22523.243515073453,11492.307025692837,9995.225207371772,265133316.06773236,0.4959091151519219,5.648793664758513,1932519.2886296264,7769277.459840726,1821.4093454172837,3178200.8577356725,367.7225067088293,1009.8689628994908,12792.618255195785,0.4386670253678539,0.0042082948931997,0.0775376902616784,318358.68305789813,18.845409286703298,3512.238895792967,5.46847999062717
NOR,194.0098086077544,16772730.21152626,3427.5234730997317,269.54401356868266,5902187.984428661,26325.90008703341,408.7403823029166,3652510.51800322,0.0198232168611984,721417.8891656171,0.9637273327488476,1643.2944855336982,1006.4341698115076,112063391.78660204,8133461.054405707,3022.188395610215,28214043.723908037,58935.17430673694,123501.3574881978,399085.438033417,41152272.486516245,277.98621920804203,7812.00796083264,31074364.52605333,446396188.0428791,4086.0197514556567,67.51121018468999,3409.567872244321,615176.7114896214,1448.9369883025615,18.8799451480107,246233.81961672235,0.0123118553652101,12.201185961372822,198230.2435050964,480299048.7243492,0.0015041599098601,40929602.5376697,63.8788551902492,310981120.3142389,82759.49755962758,302355.86853217887,147110.58261193053,40213.28189946899,0.0234256182900556,200380.36430920535,17.53635728708502,2986.8423071147618,12201.28642036393,87758.23959215192,0.0125080842546694,355.5216358726991,215345.07115744893,91638475.85554875,473530178.3416392,15542.300755799308,2394.381726559366,144625708.77750158,125854.70353243862,10700699.27618462,15722.51287657934,846701.2687096109,197885.53895882232,90790.84051159694,59979085.94650669,275163894.9493645,1986542.782023055,4001640329.546439,1.981848059424769,3.5200511802582906,216348431.1127296,4066602.721813053,1.2048841745193108,55199.343625171794,341788155.19619966,31952806.90849689,58743.92876966551,341.4990997742529,191947.82504203572,27690.94139323943,17695.73835721002,15184458.136828538,549.2502776953456,2016757513.2769625,20652.466780430263,186952.92229197072,1.5771651383260876,508332.3003558744,0.0808982391361042,40503.74478808646,21490278.338916168,41573.29820648322,48696836.06143543,2163.293100117825,9333046.56576948,0.2652910460760095,52070641.24926902,18862344.889554888,2228753.100024151,341169418.1960899,313335.3673682095,76939043.46047245,26311.816376592844,415926.5913174221,5657494.784788809,1241921167.1684852,6676.355674581839,85494129.72983435,4000.239041998956,0.0931569164078724,850167.1372224116,10511.31959720665,15025.253735620356,361005.4792506877,13367.911075978554,1861241.2951791517,1518.1555285894428,248283.94597159524,1884.2515284551323,0.1359794995995362,246078947.5912909,1846216.6713226947,304443784.7903151,8923573.270473419,20785648.235648222,3423.4029363866625,0.70950489534781,42690.719728728975,0.1357465005315423,4425776.091559166,577556.4173748622,10300.83365545668,242915.0886559753,4635060.27472442,185740360.5256828,9.775622411030106,3756.132440944573,254035.11281301267,336.8266271947571,13.13539571917794,1246.066510331958,5864.451909985753,0.0,2.2808229924396928,830645.8515057969,0.0050629571847951,764465.6532879532,54809.10678022332,0.0299056857787149,48103562.98642985,13119308849.572151,985318.0881240749,0.0024365555661818,36.036735108331975,44162.553055846205,14017829.067991124,27338.386302953968,0.0034299448303961,39808.9296428311,45009.378517526406,0.595894961890028,77.68166348751525,708213173.3324251,25000.51069648396,3960059.58869624,7365609.013057593,61.63282526540056,103802.719976207,0.2648840972043976,4069.9338152799896,162701047.06319502,27681199119.823475,3165.141583844278,1370355.778875103,1370124.1148873875,82076.05855722551,0.1533782811968209,1.15845386601743,0.0250871558939753,324237972.844075,3.308368686164512,38196.840100229485,6272.444490958091,10620.56671300996,36713.06207081341,7188.090935644317,34408820.60141304,117848.61512982196,53.282699928622776,318761.84077937226,50347051.22867461,9702384.670496996,9739304967.685295,0.545218344059156,13.330867954098984,2027435.800173708,690.0698528141775,1330940.2234531809,27341.528960100783,16635.8490700982,20354494.775974013,0.0013099391949679,10286629.208676938,1.698805781066865,0.0795995766861428,12259.52053760014,2180721.224267655,98115986.3746939,0.0042508771602483,36910.19944849271,18093.83252525681,8023.010260534191,533547756.8930067,1.2313540403468004,19.24857584760329,3020130.397125302,25958120.494316667,1363.13564860321,1489584.5573719805,421.7366448931493,963.8291491566335,28381.50679582668,1.5678600067216073,0.0143871533089438,0.257851580193762,314519.25625351456,24.24485765750593,1967.869815346282,74.17290854366544
NPL,0.0442096988304427,32713852.804509908,145.07199252963022,0.0197749536708787,6.406057817409044,6406.272871294068,865.6568915126497,5.973584529993399,0.0471070001941351,1361641.6489575747,2.380894535945325,0.1147331315133255,2461589.089771908,40.540579273543095,27.90408613277092,144.61474005037252,17.292042588831464,17.258800357824,38.764747542257965,546643051.0304971,34.10515086290488,0.3470544100474179,3.9179465066102415,16.737780526696113,142.47392080582227,4.976815046507023,0.0200796798185947,206.0379268781776,1318.0210306863892,0.1066199968375727,521376.9276200206,3664741938.570897,0.0252666215359695,72.6833246632616,4342.219595394071,3565143.895669212,12.29995948973393,18.69430099124936,174.13545962069136,62229536859.86642,46.47699912623828,453.891383194,294184.68525651505,11313.826598580536,0.0577367398499204,253.79757577040525,2769.64973238054,0.9188568367814098,10.668698735875406,32.008440161573084,228.1030121978466,0.0871049694523409,1.6299047874021824,40.9721293181784,211.43876846847544,10051.72941634484,0.1840963174175645,34.3058502497699,10.704517256279738,421.6842689346957,71.33486163541596,183.308182419086,30979.615819262977,46.90015906194744,151.63272092794688,43.43934652656302,1453627.1601336852,460.1644751837683,1039.8619594542804,7.063277479243277,242.48690097427288,1.5641992357137298,1890.3572692805528,11601.090378908602,164.36602987902012,22.19613187382453,36.25499027212544,0.0018074948538062,35.24056303787839,5.4239363792227975,813.369380311283,27.95174219761396,0.0784619044013239,36687.386337754506,24.173842935222464,14.830727532365865,4111.305719126449,37.12290711083013,0.1804937912448985,24.275895090842845,21.626433241104785,6.529218280013676,45.58204396564408,118082333.63389029,13341063665.91356,952.1455835803774,44.28608494459248,440456.8274597408,9822.774649476636,113.00480708815827,3.022633837315102,94.08397515000016,2.716776917978187,12.472911691066876,206243277.33952135,17308.359298842388,814859.2257569924,213110.13589219912,11276030.612764165,0.5672187486829843,58797806.13161399,44.05789823151207,71541981.02021918,1.41687104403975,14.366990942930308,274.85309651320875,0.136252367585735,0.0815561697154443,41118393.24676877,2.773423953324317,48.33676113784028,1.36383161991315,52.791260923164415,81.32578105341494,15.848811534476413,33799.71457000117,46540.84918413532,78945.5208702362,30.531952765048384,6.0842018823263135,154.49632164339732,0.0914724146097683,2839667250.6088896,3.312118831610972,3221908.99259168,8090.217543562339,116863.75520306648,149.10790453427975,0.0242861574839956,11.793411034605494,38870.10844046567,46704012.71372411,0.0,11.32630212864408,220.25730128103157,0.0116035319818905,130.14190335384524,28.14032668840343,0.0689846358224031,22.930232567204367,368.866682553938,12255895320.55965,0.0277406447053092,83.09165864984507,118639.58546620196,741095357.0368223,16.456300094406757,0.0092285119404179,304.6946243176408,38186750.91069132,10083.933475946103,3044609.8169453107,202.7228206505771,2.102375553020571,34690822.059873685,26.134841059442813,74.16562034426994,0.8319792708851255,0.7349404844680496,17.75146152580561,99.71125582870124,33066429.31996034,2046.583996012038,163457.48602403223,64580.77902064913,38.83447485340952,76423.95411635767,2.3169549803109275,0.0745101929081171,238.88913074783375,9711.091921360454,10.874941767848057,4.323674471249198,0.0228826760645901,1920969.246631548,0.1481982277663718,33.29367699223127,75276.38505711629,0.1924150233326242,25.902909228276428,22.4323904673372,7.547929875597852,537.4952716899545,2.45663832804472,1899.539044636951,33.60313795779228,0.1898066319836608,14243.349845994877,8.364823809193794,50946138.3209357,710152.130542104,0.0034825741419319,3325.737448071854,92588.38400788992,0.18644559730652,1.15485186146327,37.60107245569484,161.19282655875443,1.5936547332030653,73191114.40130396,371797.484698344,132816.3350413855,313.242591063075,100.83153854544037,45.12478435799813,2860871.8508280176,8699.299075721663,0.107909051172566,174.28017956546825,0.0400858920018942,0.0908018903692955,233145248.8444395,565.0532470637302,72.52567728825575,0.626192968323549,254274.161239753,152.58616749613347,13815.369085005255,5096.5399273501225
NRU,1.276797593163792e-05,0.0347050284628234,0.0412492721158734,5.248808776059377e-06,0.0018744059735809,0.0023104307039591,41.96937074820388,0.0019150126882863,10.067165300250052,553.9353087363761,0.0006706084251213,3.1479104958265225e-05,32115.98825050224,0.0117109918327287,0.0084436876482811,0.0007791101319298,0.0048434409818582,0.0046118651128459,0.0101546239352083,0.0091492240597776,0.0100780965621076,3.552382717497693e-05,0.0010598967365638,0.0048628706835529,0.0402179810598113,0.001330330050921,5.747474389750096e-06,0.0599944397071401,0.3767512855423544,2.807889541145414e-05,3524.316759109497,0.0030568773729555,7.250772341649281e-06,0.0215587350603811,0.0198709735641369,30.20250284711487,1.0024712082667977e-06,0.0055075992124784,111.61437673384732,2079.330873348651,0.0124406001785999,0.0154619936033952,0.0726385113217109,0.0111514336151543,1.4513406449475497,0.0695633400759589,6.872712098981992e-05,0.0002572702037184,0.0028553567607279,0.0087261295935245,0.0366139784455299,2.43336703746877e-05,0.0004798269421826,0.0116803714122504,0.0592320627745266,0.0004131584649833,4.9010283703410096e-05,0.0095159379901268,0.0028814914322197,0.1255604920305195,0.0198938537332142,0.0377714473752668,0.0023847139717488,0.0145474303374157,0.043408446857275,0.0123430279400054,0.026909573761807,0.1316833370938184,6591.639010112733,0.0019866468004181,0.0687819588336395,0.000429227305176,445.181985091418,0.0096379066276153,0.0454345776961204,0.006652466246061,0.0095795177616793,4.842611929234408e-07,0.0094692970261753,0.0014469936837713,0.001060554068033,0.0082055336924522,2.278692150525785e-05,4.370519503668385,0.0064298680738374,0.0041463157956016,76.55517874658108,0.0104008812620364,5.118286985350551e-05,0.0065139364657486,0.0062314603728168,0.0017748112995263,0.0132527301304627,926935.6958757336,0.9336641443550808,3.0538781459199527e-06,0.0122601846518355,0.0681612678597141,0.0217944799956583,0.0312486377579497,0.0008767218081118,0.0277701165403407,0.000733739008865,0.003699345812671,3630.932206693533,0.5057688547844983,0.0187748423889928,0.0274648882962083,268.92279479443766,374.5733168589941,167.7461178807589,0.000849934284588,70.1391180255183,0.0004005315083759,0.0038528731338374,0.0817491212363085,3.95051735040397e-05,2.4336914719924607e-05,0.00432266377274,0.0007695098170756,0.0133950069217121,0.0003794173223923,0.014832154082543,0.0241293964324635,0.0045548346764761,0.0222093880979654,1.3558925275519718e-05,0.1382943358611497,58.016092754667625,0.0018312467522036,0.0434978436565577,2.7030967885366408e-05,0.4134459737494675,0.0009645686463954,0.5181259797053404,55.71837668679655,0.0284817292774164,0.0454189893265177,6.645026360274642e-06,9.281254271442664e-05,0.0041082356203316,54820.96733095861,0.0,1057.9247535755858,0.0302858597754465,0.1049589738249778,0.0346223973813142,0.0076480686443289,9.188470840454102,0.0063334119041087,0.1031166858231387,0.0102415605539789,220.02737426757807,814.9045826852248,0.0085893568082051,0.0480981211957659,0.004469621063734,2.4840475774112747e-06,0.0879270774398781,40034.748678212025,246.53415882587436,722517.5037257001,0.0567358157190369,0.0005604652835913,1.5158803454467602,0.0072350936942768,0.0214264085124007,0.0002377965665232,1.1303587290327908,0.0005393711819152,0.0290703591202076,1445.4149503935707,0.0005790104670673,0.0717319939255336,0.0415628874912418,0.010757745514077,8.821682060137391,0.0006312358138815,2.082864045860333e-05,0.0655504171758565,44890.39119648933,0.0029068784836141,0.001155436094308,6.5269246078969445e-06,0.0208518336454796,4.346876221461571e-05,0.0097465596375911,0.0177568161357164,4.859687889791076e-05,0.007328887506425,0.0064770103076625,0.0021924859825048,0.1531175704289822,0.0006812409404801,2.4001049908406458e-05,0.0095808094077369,5.1328085419299896e-05,0.0314271027055257,0.0022177493797528,108.95860836950752,0.0144870432599475,2.0744283199310303,0.0450982971035056,213.34220091905445,53.4817427713424,0.0003139224434534,0.0109980059910053,0.0479727071483463,36.76885747909546,271.0865693670494,0.0301273632517231,0.0064513775365568,0.0893031776954984,3.952441360093509,0.0127029084024486,4.5764385535816325,0.0508768349394515,3.047923851795531e-05,0.0480768531497775,1.128286282892077e-05,2.5684670163173e-05,430.845552509638,3086.6079513914883,30.37402874068357,173.06536149978638,0.0109443111136613,0.0431445953495259,0.0269141986726673,0.0135848819089403
NZL,0.0740876860943213,232.55744065224752,81936.45385070366,0.033047275527249,12.234260888816982,15.458174008698776,278249463.3559041,13.379458071653854,44581.03311635702,2275415009.9172907,93533.07384831324,0.1905606233348473,1431930429.914412,75.6513327332299,57.67804848342816,5.691212408042717,30.355305022898023,31.88500867439656,59.25434289590291,58.18393099608933,67.29726445849494,0.2330212865724111,6.533508814816228,31.425066004434203,257.4279492448008,7.996527283823699,0.0341631870996657,3531004.014199109,4807180.679903405,0.179461755976761,36430.59417129915,18.751119884041447,4626.746070936555,61072.95437706767,117.20206293491998,45567.09773418477,187.58733405051063,35.69355649929768,1020774888.1369166,33970.734466635295,139.98880133739272,89.4760075811465,515.2966404984613,1350.0797387671944,53614.13780684357,148980.2387086081,0.4463125471320766,1.6093658611933903,1036.9558105376232,53.59265673186904,2675.6637185159907,0.1477125708925134,3.1139501474996307,73.83123808142898,370.5346745837803,2.543462869267851,0.3059564786071295,59.56256316551571,17.4527203214914,848.4021164066257,189511.7920001388,264.37430956738604,14.28781014327454,101.84547861193408,279.18751316962044,77.41684162652288,160.450104189919,847.3766144611071,17778570.35589689,6540902.723024346,434.3382203119898,2.7111609666501204,9381.52737301402,373.0226747725621,283.2049329499964,44.68323517429083,56.56748825491127,0.0030648089144034,56.15095753005578,8.666204484323705,7.043090727544172,53.43687635535147,0.1329521281730992,28588.267071340262,41.53641727467196,167.4284551551237,7983.629531666191,94.82454113279778,4719.239661222166,45.63521294963613,40.30074949325665,10.834188293857045,86.30144483898515,262727995.6771189,1629.995921664966,0.8332689945977827,76.6629297975077,451.9299594448205,145.96357307680975,193.4955513733542,5.589526592833141,181.759396706608,4.466508792832453,24.405429272199942,4361.765477451633,3295.2716134820103,145.48704016840784,187.07569000116573,1265.7207176878114,3775.1036551883167,3988.377756477512,5.723819576418293,110.2274945864985,2.6239040166553727,23.93767600038,571.9669183341251,0.2325021949316893,0.152476793975254,27.294790321387584,14164.85137058393,85.68110866346427,2.394586931926426,94.01324634946928,161.31981026646957,29.421752567012447,48105.22424699328,0.3532778608122203,15027.348739695291,1564.2971020773605,12.27622164131076,274.67247771324844,0.173104990800154,285.315581907218,6.171488318387831,3692.8967544232337,2160.8290902398267,98014.16595356382,313.2092865206136,0.0407889558261211,2.6583330621185413,3137.6517718020195,2791761.007945612,0.0,36862595.19709184,184.5271594132845,80121.00167319458,317.2354196565792,47.29056840708671,87318.44744806271,39.89204227589093,647.1695311769554,60.7494276242492,393.5467446812877,8152709118.272469,55.50205061021303,323.6851793807668,9050.922906914897,3635.979488385976,7650078.64622913,872700.3663413355,4523.468351941298,347551296.7322248,358.62536420359794,3.460523254620923,997.8257213907332,45.12538619667208,793372.5965865148,1.5073895787858966,259982.2958893501,3.601703934959174,192.2694182103408,67901.87831760758,3.747755211653281,490.1085080845851,249.8009134640751,66.29354966177976,1771.9481012760973,3423982.64591641,2622.8024264904434,403.1924082853059,23496074.596321948,18.733314636075598,87.4263329775678,0.0447701419452046,134.0563375774203,0.2667617585656381,64.72760790166436,108.03785142983926,0.3011867454647847,278.06336186300103,41.55797016505002,14.103819231998068,981.9395060467564,11191.13995335056,0.1817173317915225,61.97799785526819,0.3132082989510925,182.94434574455727,13.012795413380868,4517.198145505682,99.70271889288864,1298.5909532333471,296.9605187172748,3070115.252664729,363666.8623246521,9.337667115796767,72.5604510682308,318.351782804074,6057.663449503448,74.91799435786945,555.0304432423178,39.946552258061175,574.6206873806967,43.412505466985664,2758498.018560718,7757.134761280904,335.4778216766711,0.1810975682911049,425.1349957729362,0.0663125086636191,0.1516263716814123,13297.3448689078,13791449.593908489,54375.74215476959,729063.3728129184,71.57636507175391,770980.8227508854,8065.29007946306,50909.85408212711
OMN,0.0199833444324779,918450587.3428146,9013853.542580614,0.0088564381260571,1759.33101615664,29871259.003391147,395.8657890452139,4234043.019139251,0.0218290655762311,624343.9263080371,1220.2437153871422,0.0509310769922813,1710403.7204281287,986.8464155284784,12390794.85244001,21409940.88283818,485.3786890124383,851563.5470934735,214107.0323890209,579359922.2685953,101317.10352639807,252258.72906506748,1.8647397611163856,21440.79690822004,406889.5694452743,2.0784657280356917,0.009427624749925,94.5984651643428,1724.6291864040904,0.0483068080362421,20004.725137431215,282952315.08318114,0.0127630444310725,479654.13481639023,77792771.06070198,394587.23917183874,19.957539410962557,12077.461401645358,75.86062476554545,3302064297.6060214,1477273.743256268,45866403.98103695,731419304.1166524,63582509.10954146,0.0276109294945482,112.04197443685489,579117.7381823261,2.79107137231703,4.418044192472642,14.901492080796338,2331.2367116788937,0.042236234524872,496404.66261282674,6166.898345289241,17193.04997950002,8175845.278249306,0.0804955756949081,24818.10316216781,4.5154092883011945,50947.52562625713,34.23547803080442,3694473.344489383,34133961.56757556,845.8626560347584,1640.031823662344,66047.44006179181,949959526.810237,133206.2905421052,593.5982285297823,3.5438862260542603,8890.428478432266,1.0325578243600515,99.57001466461725,51653308.53313922,5673.174300167784,4598503.476967296,1969668.7578576996,0.0293802026757323,280498.90323509584,24191.76729088996,5723745.409242108,688129.1977277219,0.036127832150362,11073.00060970871,9.924209618727138,6.369114436451343,221.07375906648184,15.776117092697463,5.136570503789765,10.013724310313805,13978.08778337354,2.9069331453749334,22740.287683202318,19558320.8395054,7423039637.78039,15374.310034030166,401.5718374845018,1324049622.2546885,185266299.29544756,118.2586676708438,329811.0769338863,57008.62642486265,1.203212363011586,4428347.612819978,24257232.73415959,234191120.66069236,219019712.1388377,102696322.47202846,9739879.971419234,0.0995772082950943,7735186.067305485,9237865.674999917,80522978.42717062,490074.16618710366,388045.60819250194,161091.83972620167,1.734921394464504,0.0431510798877731,29426591.82503525,1764.0090942280035,44111.21977022462,48.66772559082883,123925.55403918836,5962.733328338298,52636.18560836014,83998358.33234073,75214.50123935907,1799.645946452921,0.2890068599477697,25095.26501791473,98982.47143978837,9.169681371377438,1018061543.7888532,640.9368556708979,14783424.766485067,611.0244098009617,92195422.12493406,7597.460512225872,0.0105882492523541,176093.93309969176,21287996.36654201,3409711.4467507405,0.0,2437.6131234844343,557802.5785762692,0.904302538018782,16801532.865538962,11.976368095620195,0.0328206260532706,534.5734951362238,57215.99832667673,809218888.7292539,0.1130933505028694,135.14767502403228,211302558.61885563,1427739538.3734665,7.010518848614818,0.0038374010654081,146.82320605374636,4239058.873838263,491.8270294407219,1000900.1286360092,186467.29740882383,0.8948998270418045,4686700.762875174,12.045925295229264,32.62248597370308,126464.2978296577,0.3138216081601568,4200258.904503956,214925.32210944247,182055856.7593176,17915010.79552219,379061279.6927158,73357615.16224876,13750.115251686138,4068.026116128925,1.14078884927743,0.0489207174049481,20308.1562150834,384.5286418103877,140990.26816682698,1.764708819232818,0.0118243499836729,118147529.5781208,0.0761124083803597,48292.871138642746,136772899.675234,53901.09635395514,11.084976719892584,3530.4946174478387,205.35061263118197,88805.30121571217,7046.702027357639,260094.211112962,30388607.17833469,0.0883578742591012,12774624.925379569,513121.321303283,86319469.24053197,160953557.67243445,0.0014751017006189,101374727.57599036,58231.93550393793,0.0896374442306096,0.5038274915673945,8465.116598991903,69329838.94453776,0.0210872296594287,11309192.487298165,395523224.66193736,157534283.7436378,1401869.52098243,3.520109219292752,20.31569674619922,208493.16555526032,133005832.62908754,0.0491392018510703,73.76732071811836,0.0178151184969414,0.0407871333584205,111149209.7701801,6.885548242151428,0.0426344233079437,0.288903920419518,220861906.21961904,231331.2441920888,37280309.32110545,2543545.4168746816
PAK,0.1815015911823534,7346300727.795993,2186683.096417498,0.0813879142833955,2808.5284240541987,10821702.781852797,3536.461854866245,209432.43847071525,0.1940850077142321,5592300.718011515,237.88184621977376,0.4698608261748613,6370722.002250769,25983.68031703368,829925.3499679099,11312545.99869532,83.53518869016852,4203.31692104892,2530.346461605407,5401495448.988067,20164.24979648977,151664.0472297426,16.035170424035588,9066.375425132006,162610.50385057332,20.06261511854576,0.1145602959842973,853.8482551222344,5404.843693407495,0.4390287618013629,587349.4925152719,4496852404.330788,0.1049498103733479,141386.58523486898,8779111.85703655,3698181.9869879726,128.1434021815193,670.6573481472965,710.4396210107477,70715398387.94759,17166.082062134807,3287967.1493625874,315549645.2665626,13908732.259580445,0.2383243594863213,1031.4613388428224,558092.8854582268,3.762835809649144,43.010355789173225,130.63542616612332,9231.38016038509,0.3547873448757,17892.08378307024,2404.9458410353586,66858.13076804817,3107405.575003884,0.7420952811247452,2195.695697456268,43.436056389202285,12394.171177613733,293.3350954681986,142568.80426875342,9430151.47888282,2881.3332400378317,14963.457258195414,34340.27764708248,354771611.05801487,301629.2860982727,8701.412169028425,28.929484223440472,2174.447556127162,12.827464389795663,1510.9499791960634,9362057.06626397,1866.1294665074756,133481.58285292628,26140.58534160242,0.0073373376196789,273.3643523855761,21.610211377389103,799893.7384893356,15502.568727326816,0.324490101631641,130497.89129545554,97.2885730592652,60.69369698865024,6885.529627080139,151.31370903399326,0.7464549143833624,97.94077791008706,5639.255434241921,26.656715037273862,3180.732814728125,244797132.2240073,88106039389.88216,45875.3282784778,241.5309376498598,408675661.8873536,36643134.27427085,630.292446665974,3124.0212347796914,120886.04618225564,11.050718929505814,245163.73556345107,488980214.883754,173442805.5708124,237936730.232866,274694397.18703246,111666120.4055779,5.783920255936697,129892510.27588962,3768003.5526907216,562127865.0925511,13174.344186572278,1507.0074777232398,24090.270468952946,0.5628699236751664,1.1201584518415333,341540418.72384465,446.6776847378932,25600.685876696734,5.670752318619113,81379.09297392296,340.34535641223016,14281.8847818237,76242274.22218046,444471.8179129418,21199.665726359013,10.364519781872152,982.44914464744,2177.4135820992906,0.6212654886418577,10039594883.808266,247.75271832255115,78679777.85804102,11572.606028191802,88692764.63306564,1634.7180759104522,0.0992317329642797,147945.3074469569,21478126.71141364,53251957.23364392,0.0,423.8771044899993,72556.19611073048,0.0483858216326548,241431.9591058267,114.23161823144729,0.2854110940980374,99.98306053726378,95406.39520097876,17297512675.83779,1.0137178877121782,342.25712125883723,29086248.30757884,49397826818.562256,66.95558908199162,0.0375622441168712,1263.6485690708407,75789263.29787284,10169.948260972413,3809383.75815424,105059.1641828091,8.527958579344727,83898421.18373705,107.27002321345924,305.7408074202748,460.2522654517861,3.021423097527927,3772534.554931279,45740.16952725899,271063810.736953,7871263.92030609,144290344.08048338,7557875.266049029,158.41263746601953,134276.4432286313,9.500868642785976,0.3042782778302985,2506.0535460242822,23189.505154214068,43.85913803607664,17.40744643605635,5.1023194354682815,264780911.51269147,0.6118474126738962,5074.282010841525,51529722.76267069,5625.868460978664,105.94131548677684,15116.269644081913,7685.105460499579,772564.9763546336,4752.70411945588,350282.5042216976,1294630.6122210708,0.7688469953896421,962860.6076165471,2369.365788409366,592619872.215171,893800796.9471997,3.869307635181576,52904109.31120312,176227.08168848095,0.7834762647708267,4.69044056693345,260.09867840808766,2898864.5442540688,1.8475904758880584,183570628.0581776,345006121.5163552,121402632.69020484,439803.7579432834,112.71460255053688,184.76726329897136,2823255.160563277,103244300.1293598,0.4409909789695638,707.9594781348892,0.1638303615496354,0.373622677664286,1173736691.3980217,429.2306000857761,10.19351331601928,2.599658883741591,40889532.38333826,225409.77916958343,24304208.4510706,2143871.5431575025
PAN,69167.02607369423,106.5535282523372,126.17222589533714,5852.794401946419,7.36256992402663,7.110455439285707,68929.16700329699,5.852660899694076,821.048571063752,1076218.421859863,2.065813843265176,2383.0065880583606,1861.1597748506288,15664.377613947689,26.15830445027843,2.418587311238184,20454.101257649487,14.295657737467527,31.344027507857756,28.279293250614018,53.44551298871281,0.1034063786873455,1769488.7503015616,331.18923269673905,8277.579479666008,9112478.446469016,1804.3135964163216,6391359.969772227,19128057.10941717,16.510456076164303,2.384276273385467,9.51361212609062,0.0216495700287282,66.47811330936938,61.34892029733137,11266713.419257617,0.0030911273575924,52505.479651796326,149.02471554221574,6423.871494149358,38.18358261504282,47.56574720643584,222.70101781600312,34.33446195538308,363.6068003850156,11304949533.20017,0.2122337778229024,1.0478180793813627,1495394945.06657,24267122.67569211,0.0265884615675986,115695.29473525209,1.460533082613452,26469.739491360207,120672.48698518598,1.2687679611795135,118.28513520824562,9424.961788944744,10084980.046298709,1320.677605808028,1217932539.9635575,128.96065289291633,7.311744419724738,692.6592481029945,39208.338382197006,9060.931878985226,85.5131651466386,22331.655277218164,620.1729202365352,6.017204818109788,96035.86065677892,285.454553194482,52.381380294007855,29.793624069938183,117028.74321746486,20.53826947002721,29.444660750272888,0.03053728269699,29.001755812027028,4.4727017348412375,3.293440205885432,55.78652660877087,13.078323956270136,149095.80654692993,85483974.06982225,12.907309554463446,0.2121577963362941,1092.2426684382212,0.1571086347620109,116942687.50055388,905.8555208355774,12782165.505546363,1914.9113461890488,628.5361998070961,509.0842456093927,0.0093548531340634,44592.43020011215,209.9666805463084,67.2855872406336,41266.19299818384,2.687307237343756,21724.353908685825,4419340.191277906,11.417016409256023,232.21148462743008,1566.2956165857331,57.76614624084346,84.77983151966964,48.9722136711443,9746.398006105548,57.39763124316741,2.66907782404445,56.54353009405014,1.2986162016871816,11.79903095697324,503.7140531142007,194.81128388281255,0.3382531173817114,13.207661426154498,2.400471734897636,17836.36239181713,498.39255769650185,13488.060437156772,2583.853971389997,32.168736923878605,68.12996003810454,0.0407770524720423,210183820.6297432,191.08924500561372,5.96978218690254,330.9566520405824,0.1470289295802445,142.9235056470705,56.91917406409748,1599.6574660328972,0.1897360138026176,87.26314021644392,282.4956584565622,319.74454017425643,0.2799209926271966,12.546035784265245,121.50584412083492,0.0,4.631024794400797,145.18555607246574,0.0101357088353779,107.04951825017758,382839877.14196783,12.536690101911743,14684.80240205142,72156.84386655367,31.408080475431507,34.86874041870797,70.61843153655948,26.632060825324487,148.07637429414012,3953237957.606015,0.0079492163595489,69883752.78563502,105.45242218930508,0.178162872364687,244.5754653151767,48703.0790628845,616412.0247497503,91.3824911104117,16988.624174983805,118548.408776971,0.7316190099932758,1623.6618629374525,1.6465170186090807,23026.534315396497,117489.570287769,1.7848498692614243,219.7952731916361,128.80347497571046,35.403063084408835,0.2122699103167278,1.9731142836325293,0.0642190898320897,200.8420134079421,309.91286680214426,8.991528516474327,28446848.9765916,0.0209463121960311,64.4577453580215,1395.8222733120397,368.17950650738754,54.76468613291893,0.1498279609134649,712.9483459562143,1994.127944006029,329.96621991852487,80951.78744142997,2.102355299282692,0.0743037031251422,29.96138600625155,68659.3767943494,97.43173998947486,6.793838737925899,130.22025926513916,44.5687948294285,281.888864276988,138.69868009944105,3.5484266695054387,783.0266078849761,889.4045460125809,48.69135846005196,719.992183627314,313.30052748699404,11.13619443866456,92.47058496597504,19.86062492899569,19685.50020750429,8992.836369462044,735.8010730647666,112688687.60022008,156.24565824650077,24.04064375289669,144085098.33081362,11198.31201227056,25084.2234131163,93.84766794714643,138.54434115442484,941.539068301894,17297.472255663684,33.8662909315672,132.93561009661414,82.2464924496109,41.604180940529176
PCN,4.641533143967536e-05,0.1239738959434806,0.8701535219530072,1.8986121228081743e-05,0.0067369157646766,0.0083336596270877,302167.52780434885,0.0066468139164399,98.05293643847108,107713.3280082687,29.46832236270428,0.0001113820847153,33896.81132470781,0.0423454653325592,0.0303558389590374,0.0028638261628834,0.0177091996475269,0.016997067855088,0.0374345049777012,0.0332782054386536,0.0360893424521306,0.0001181936124429,0.0038840713229129,0.0175516545428351,0.1460001557834651,42.82440328415249,2.089375290448281e-05,8180.381356814671,8707.8411556561,0.000103204948644,0.002896557818758,0.0112016360802513,2.758582890033722,0.7627684015457517,0.0738111508201282,24.457665980374315,3.6741217463998055e-06,0.0197551179684438,831394.0782800949,7.509617715357173,0.3084063320215799,0.0572387526257998,0.4869922611270271,0.0406747772928992,197.14529258711264,2936.269060720834,0.0002510335246075,0.0009362726844548,27.923310701204155,0.0319886959494761,0.0002407771696653,8.917174664668792e-05,0.0017062513614547,0.0424931643949015,0.2164130652033904,0.0015332879815241,0.0001796258725565,0.0345975988932529,0.0106120713341564,0.4465517150805581,1769.0547196894065,0.134349138895504,0.0087726085197405,0.0507746423198653,0.1570500468515558,0.0449536334650986,0.099317695066538,0.4749053817054509,5371.613908633299,3587.5053291216027,0.250740225502287,0.0015554463319631,3.5478231422176822,0.0353942787917379,0.1658935679464033,0.0239155506519506,0.0352581094155599,1.7748487604052343e-06,0.0345549565444276,0.0052971371882737,0.0039418951025069,0.0294195353237188,8.283713363965717e-05,15.635329688285998,71.39359704583146,0.0414781215504418,0.0002614519268377,0.1239234350659956,1.5692799938906283,23.44541299839449,0.0225371266276974,0.0064783308260949,0.0477098553832742,3259.098122998485,0.6012854057056448,1.1153102434935391e-05,0.0445261047696674,0.2437992813576429,0.0781500303526731,0.1144778874736267,0.0031408556271372,0.0998844865984513,0.0026877785220662,0.0133695155075804,0.2748813418871769,1.8121482659781816,0.0680714687001051,0.0979482258868813,0.0585245402627143,6.542277874435097,0.0678439712296574,0.0031040798452046,0.0673660906865269,0.0014673487969147,0.0141886464809317,0.2908344496435015,0.0001436461504731,8.84718102032167e-05,0.0156111379581638,54.171493016060005,0.0489040115227261,0.0013869497019936,0.0540868620416119,0.085586335584729,0.0164342382584941,1.290828073231423,4.870212827944812e-05,503.534277998289,0.2788339702428346,0.0065452440106543,0.156315867480834,9.826547969282728e-05,0.1701831497870818,0.0034808798083751,1.817670309750624,0.0002313661980979,27.356081727439783,0.1602526235176489,2.4369035955373874e-05,0.0009623678293628,15.912028306252738,0.1445831122329028,0.0,1911.611894710128,0.1111375457776011,0.3476998898549936,0.1270295355061034,79.88145683512624,89.46249467134476,0.023206213388164,0.3750380812558118,0.0376129242681346,0.0345577582156693,7800.280072486408,0.0312879241571445,0.1711740685562771,6.424815505309576,1323.9604825228453,6723.286130850569,0.1262858882580589,0.0002123090461467,4990.756692579212,0.2066555688620681,0.0020790572591993,0.1071381202082193,0.0262006288594243,1698.7369886745432,0.0008639435252089,4068.257838519516,0.0019287793005433,0.1050608370561837,35.461526921570425,0.0021193023991805,0.2546203116296203,0.1532065183056437,0.0390423118177101,0.0002452998008246,1403.4344148640084,3.154233175415598,0.2378896298680575,3370.371735229157,0.0107341252877204,6.575617587173262,2.392160496356155e-05,0.0762846447698536,0.0001580216937782,0.0352041299813681,0.0650867044419233,0.001760671211568,0.1924070400977693,0.0233697758122914,0.0080042715736325,0.5532714281539386,0.5762459358331569,8.889718009236214e-05,0.0347129350273309,0.0001881207596738,0.1165294406981905,0.0081928295603983,0.1547551536092877,0.0515538993675441,4.353673266246915,0.1621910551257948,55.36603516204748,183.7524511044612,0.0011511985967729,0.0394577679262763,0.1711791270064911,4.136369741521776,0.0133628446513829,34.062719838337,0.023632458334152,0.3225954993700798,0.9178130753915092,3295.80604515138,4.447662969037206,0.1820988172855058,0.0001111522435817,0.1764349757871058,4.101651077892399e-05,9.118511650996196e-05,0.1117113726455707,1341.4068847582969,88.61048941101399,1641.897955104709,0.0390541153193845,300.14936452269467,0.2216600493133535,2.3949627128531965
PER,30612.49924311214,1962.542101258892,27249.29486458975,126.5431131297084,104.17338660737929,132.335271734449,20023388515.304863,108.0977630044995,697.321357197704,22239443.94765297,103121.93168311314,1307.8805459568923,62764.24334744962,646.4462738713773,479.0504229092944,43.90431193335289,266.4942158856027,255.47109140349983,544.8209495591739,506.1287887024666,564.1852865397682,1.9920358814826755,181774.7228733731,269.03189472196846,2227.090929487567,4968146.121683071,22.458885459861538,174712920011.29218,74060618457.86404,19.289807359977104,42.09124964514144,165.91046888874908,3739.911517482437,116636.10492017216,1062.4590219678068,1074809.0510402934,0.0547462269634364,304.2083386580308,1179020073.464522,115380.22736700544,27788.166176755723,19076.812471450838,4059.982830617209,612.8268667597673,1089.7654701270174,50334245627.76908,4.542685611505949,13.897618694036217,766500721.5781934,5604370.22958321,0.4734725132173345,56810.34553217477,26.60640470529343,640.519780541745,3253.1445756846524,22.55393368397017,1017.3646367124488,523.3913652104919,1890404.983109763,6982.076028241871,70260064269.43198,2189.1845427610538,128.69011722806246,810.6183840138701,2393.551325234755,673.7891184659452,6077.377945602787,7277.96998397091,898.4958664303115,372584.77827519935,3782.1604910118767,23.68205620511312,610.1175974891586,538.085215724989,2480.329411557596,373.3645381370092,2846.250308590897,0.0265539816991871,2575.481124407193,78.58506643414282,281.2114321829765,453.7668093781001,2063.536048649978,241878.84456344388,79009611.21024877,60603.01944401063,3.757981206666975,514248.99436034623,1911.105665278158,73057144.014088,346.1116691354506,884370.2430334078,734.0409454732369,11173.852571973854,15429.203248646569,0.1649914550058132,699.3951223220454,3843.43019289581,1239.6890641174634,1697.6249407359817,48.668805805719714,1540.1215691434695,555693.841973553,210.96999824106427,4115.868073842952,27983.384906918964,1595.602974686234,1554.9619387323478,860.183630676059,32845.96034973631,1015.8447372339314,48.43781725250566,987.0575478787244,22.69560552744308,38578.60346923009,4659.043034630902,292.46539091943833,1.3103166653473068,235.6600420862368,85785.24636321218,746.3793185395016,21.039200839427156,817.978399343136,1340.8794068371865,251.38114504234915,25389.90123984272,0.7278545701871577,189793857.1234042,1104.5806305063622,102.66395110267764,2336.681391960141,1.471879834038048,2524.7105587553788,52.898999720641264,29406.87849149003,3.339817445986502,761290.2369920778,2526.626243267236,139.33998685292266,44.03009800890848,6396.633623051193,2138.639059288136,0.0,83.20622092763756,1643.9171192960405,0.2205603935842486,15338.328767070949,199786470.37388608,463.1210497624604,350.7009158678383,5632.07072903817,547.325452725685,3.1864933203883887,7627.13995791454,468.9548943215009,2660.3614324430987,1571521262.617113,20.58230395495548,695295273607.8142,1843.6090797218967,3.116973719909626,2558.985900398273,3125.546696217164,57389.951401945895,1632.1142388972085,417.1013766880815,14525928741.51789,13.143877425259586,24962.097660564497,31.02507313699181,1620.87778344481,554835.905753752,32.11795348938128,4106.982082367793,2247.876084918283,581.2119648778283,3.749991880608883,936275.592937642,67912.26846955315,3533.4334718132554,879.5222828542555,10066.371939053128,30114653.43687949,0.3774419823898274,1231.9578596147082,3.2887091014556766,545.3993990179367,952.5366600488104,22.66117576241463,246255.81668788643,355.7118209423172,121.10193273596188,8452.935582416058,32295.145230136583,1.3310296213093884,538.2977490044416,4454.326152041763,1754.1805592533742,248.75091273702557,2293.601084356249,829.5735263483584,42.120139384096085,2529.021570702715,64.22320108398381,97.31113717675076,128157.9397362112,609.4122182223412,2677.519409722238,94.9819590046034,193.2076456365387,3352.087963644245,351.0437084373062,4940.578854297966,47761.36432393587,2567263600.7244663,21458254.218671992,2840.994480418399,693.4498726854727,816911093.1047606,434.6585579285027,2272.0982916399685,1637.2973027021158,63.34638173210188,184.6850694422624,14888.172018578907,594.7449599191932,4933086.612293896,21188.090715021797,76937.20403757761
PHL,0.1005133577872285,417.30223505584223,334.15761891315213,0.044622400703545,15.331538501322406,498.4305937122506,1950.1801389301115,15.323021362752158,44.2612528215381,2902930.8006592616,5.503100138233059,0.2567454317713399,107488842.42780437,95.59305389102605,68.99994780932673,8.08710870044654,42.11050100745563,38.17943892965797,84.28163161287662,9793946.021707932,82.48565347900913,0.2773090348800096,8.811744454894287,39.73669505716859,531.7688976049864,11.009494295699644,0.045691709549731,492.4404391335713,3087.5427760106763,0.2426861777473874,290104196.55743504,708604.5565242863,0.0580797513590169,176.4369214208724,247.59850609637664,97469305.09420045,92.87371234214852,44.59611492158509,1297.6594806542846,11744727098.963448,102.38144662728216,128.0069556395297,2425.9516124689576,91.8950949747946,31.560841326758915,573.7209131310614,9.963297226446205,2.0963274759782182,23.59737946106435,77.4729590506195,1139.4073187342196,1.3739632141677818,3.886299646133232,95.39570621057314,497.6204352116331,526.855900639251,0.4104502458708964,78.59100386647214,23.832018615725403,1021.09999936478,164.31891813495162,307.779082775486,357.5307980638865,116.86069292409232,355.00334067763674,100.33370139767212,303101.98335758015,1317.4823103690685,107762.23326866076,16.10610093405345,563.2061126245328,7.2868843574532,1347029.483766633,79.62416375207638,432.8798400548087,54.25776191012597,79.14997747054464,0.004045497815643,77.65898789275377,11.976489911818408,8.831226966507934,66.80183301822956,0.1798052379595912,192778.44651238175,53.05400829546954,34.403727571705296,2047338.5762472253,85.62463776145981,0.4162486464921657,89.59587743833302,51.12666932212645,14.668907395961533,108.17395933716638,20021842026.11296,116042936.13806964,219.0577601321241,100.9706170068039,693.0721955024287,252.71378331224813,276.6864355188571,7.148544395941188,225.89502498567165,6.077363502069354,30.303388313107853,2620485411.73645,6538.767782140938,197453.05167665484,223.6010330405792,1085144973.0738428,3219.938163386771,606656928.958405,27.95813749352771,788982592.2113352,3.338815771419984,31.65838971519755,666.2920209749236,0.3125038442011711,0.1922458578091644,82675649.59277572,6.410388418341823,119.85253469513653,3.1379430122404863,121.84067687194631,195.9139668995753,37.282045074952045,2872.095589778773,55053.28822033176,377760.30638915737,11206.97368415971,14.90416487210506,354.05652940848125,0.2179749309644973,351012192.98478115,7.827361730563052,5137272.742328397,1611491.2882482866,922.41339734375,366.5846546778898,0.0544762456327196,6.378842415327826,33.2585595604362,12262769205.042158,0.0,76073.81346088623,250.4766222918589,36.94703807960694,285.5624466995416,63.599896989292056,82.79944963624177,60.5692694819296,6025.626080422136,538243.4345677436,2999.1551418243407,18694.206400231156,4616.050211980559,6951.534046416356,36.663257732487,0.0211806690929236,721.9640592262001,24556901339.162422,7112256.480433316,805697895.9006594,497.32580612739616,4.6839758406663,513181969.41307807,59.39940507501039,174.62164347653697,1.9459088545181065,35.45062632785612,4.39677186510348,238.31346964420516,878713205.0229625,6.333478178913596,9988.540721642408,1004.14130300213,88.01148850967348,11245884.719532909,5.258732739005512,0.1710582707929611,11195.84538695439,4506906.285034395,24.12312844935069,9.57132564086739,0.055236198871869,614145.2278821241,0.3431694980552091,80.00302131684437,1510.403564187009,0.3995173841219682,59.94370429941275,52.70541975345416,17.847169422370182,1365.8894174015663,5.620411882403994,839.3403949508424,78.90269152090153,0.421215112600831,260.61346624140106,18.23728420647027,1899453660.380662,117.54051542569752,38.7335482134072,368.2471316940027,5061575.623049689,314.2096987035266,2.6100613711029403,89.7262361559047,390.0933204919965,859.7871254414732,831359972.1469302,16416.93795196605,12386.16563423192,734.4529771193145,1292.44862581565,104.17450585552868,33312263.45220013,414.4328913314945,0.2444127038143502,395.9925397655729,0.0894531262237429,0.2049229086294421,2502388510.182334,247966.73785654097,938.252439177658,840.8415886529779,6445.335059817513,354.661738437078,218.09350721543692,110.4498345718889
PLW,0.000178610425948,0.5131261320668219,0.6096812393140891,7.998392293773193e-05,0.0275998319901393,0.034248416383879,3.448182051437545,0.0278049776277995,2.790066754835553,5052.414193691938,0.0099750655795315,0.0004633329292669,316507.9439451906,0.1720330578330831,0.1265283886402466,0.011590373053461,0.0714665031183869,0.0676127946726143,0.1476348635967668,3279.8525095540317,0.1495827369001574,0.0004980439028951,0.0157489899275088,0.0715728293818438,0.5947819529039093,0.0189901656774567,8.041940335545839e-05,0.8883487321149702,5.532330173956217,0.0004343230764476,286835.2749913931,0.1062853404379247,0.0001014704402635,0.3187927797982048,0.2895227752101078,60473.316992022425,1.4041252388352632e-05,0.0805856641621112,0.8335869591386635,2142210.126405238,0.1802217995069174,0.2229930273115248,1.063982983289405,0.1634219267232397,3.772200016690318,1.0142099888060974,0.00100758407154,0.0037286750827471,0.0416013971073552,0.1280532451559795,0.0224353614975143,0.000340591543273,0.007125535530374,0.1702789164536731,0.8856097115559297,0.0060651091123141,0.0007530431064171,0.2547369420256429,0.0418554129914454,1.848141142738165,0.2932325449952527,0.5656527793171168,0.0349153368430084,0.2153290093603157,0.6373317700180227,0.178376610139793,0.6594246859339765,1.934640089077413,5453.721118289468,0.0285305105409215,1.0061130158203486,0.0095609774471299,17919.58159653211,0.1410391893640319,1.7446644067197754,0.0988199809531403,0.1391423253897614,7.461605480596489e-06,0.1364738353837617,0.0208333670570111,0.0154755911117554,0.1203953592647099,0.0003187648304852,64.15954837441993,0.0925375066891824,0.061565418231969,19140.216426851228,0.1533392784309739,0.00071737969739,0.0943825502615444,0.0920397289421179,0.0259674624165757,0.1940584526513271,38800316.333542176,7793.714139796231,0.113675787126391,0.1788834008828305,1.0080328021152558,0.323615846959876,0.45470363638886,0.012688077078478,0.4083354322902483,0.0107086148283048,0.0550397311626254,1279624.2801767825,7.415749934340569,0.3701526128638611,0.4092875302194962,159510.02903299345,66.62320157068888,121577.89007160225,0.0127736074645534,88111.14417948217,0.0060922543664165,0.0554820244193301,1.2210424843898944,0.0005526482382496,0.0003404475643198,5317.8269946895525,0.0113685468380198,0.2008606086242403,0.00552323553732,0.2170538338162322,0.3555468078628691,0.0675098048840915,0.3268155561213301,2.2155299408090303,10.645305384396194,364.15696910215047,0.027229151322371,0.6316161030172012,0.0003782829977332,38325.17469967264,0.0140092098551001,533.7147427326199,11176.12691886956,0.4191337212582533,0.6735170380125537,9.667064864871122e-05,0.0013115167231675,0.0606638030479438,10417323.323311923,0.0,596.2435251508443,0.4434794431973602,0.4053922132230809,0.5020497286831823,0.1109180357257788,3.418307532163226,0.0941023163963237,1.7829264808873715,0.1482648136070073,2.862648381851613,938.8742877306267,0.1254176819133095,0.7084915545435407,0.064982926866294,6.072004634782857e-05,1.2984227936532804,17760297.07090512,80250.80791973323,5664318.372412675,0.8979607471068984,0.0082419028332441,180557.85657298876,0.106060668232393,0.3112930210053175,0.0034652814390572,0.5442058081114729,0.0081407719072185,0.4325262226191073,270878.68118862255,0.0086577835043193,1.065207437147502,0.6084157605589592,0.1568792409885546,4017.8559632302495,0.0093874887532719,0.0003048855973362,0.9513849914575176,104848.7588009978,0.0426470990673895,0.016683800533086,0.000100958184305,0.3659464950710511,0.0006080818467211,0.1448905177573212,0.2590073452628727,0.0007077620284932,0.1065511487590136,0.0940776794155144,0.0320279164720602,2.3377449478804007,0.0101104639012632,0.0003498761738577,0.1413981697590323,0.0007219989117395,0.4566093567598778,0.0317733982936738,297070.8618658264,0.2161717955362783,2.4258017094362003,0.6654644293416729,12401.044022395829,22.774715317825667,0.004567324274398,0.1611939906253373,0.7071346353054041,14.151842089137062,193656.46364477905,0.4426696336143496,0.0940719644990391,1.3124329436708242,0.1459980242182514,0.1849430582465298,10522.366782565989,0.7513728720464229,0.0004265076338838,0.7016447820925491,0.0001578365192467,0.0003628811622391,391739.1967130757,6945.51184501559,35.61775185660031,124.11733132534049,0.1581777473852421,0.6326287193652864,0.3960372452586267,0.1998524792489976
PNG,0.180476325284824,524.624170663463,626.1841744540541,0.080003680953912,28.18505808656597,35.100455657730485,41796.778016164935,28.877045263761254,8081.744583129739,5214354.471792356,10.074508957956027,0.4630432235055193,2816902427.459898,175.4389896049939,128.69431831565575,11.847425348010178,72.33051447126063,68.25489916678242,149.64170849217174,209.43102918121625,152.57251692090253,0.520843928924132,15.917221935463726,72.89756698136077,604.623167344543,19.7032966506751,0.0825938609025327,907.2912478046384,5656.543573047871,0.435255716675201,14563376.903899584,45.63010116895396,0.1054856268296,325.5118108900192,293.68611400463925,383142.2467371799,968.9155423671248,82.13290270002518,273012.32586383936,12844107.5374337,183.34658876661544,226.94763246804305,1089.9586067722348,166.95419542200509,5600.390889874983,1034.0299652419658,1.0372413203688622,3.8043093432914303,42.21879093308564,130.18917539714744,14786.127110034924,0.3561738933085852,7.170655501874298,174.16997812926027,884.3782486998364,6.163589141219532,0.739800840493456,142.42275624504177,42.788661574448106,1900.901137559012,300.54113730095287,579.2755299456325,35.26932622730627,220.3823392498088,650.2208300045813,183.03902720526048,420.3442014343723,1974.8449564555592,27125374.09473622,1074.2112683187263,1026.6289114327176,6.468542037275493,1918669.8106897203,144.36952032864332,678.1155897045957,100.60177108869262,141.15016716580595,0.0073147401344176,138.7588582536456,21.38798329405681,15.827275339213411,122.9530529583029,0.3236974714136026,65579.41019980024,94.68157374266733,62.52078217992696,786745.2035618318,155.51306538450893,0.7574666095726811,96.4052025979846,93.7206770993616,26.382725829730106,199.156994396062,122115256134.41183,54476.33991805336,401.9634654415909,182.80703037825336,1030.5160695688048,332.6134926378809,464.4727066570063,13.14029776713389,416.2199783565122,10.943674186975189,56.21030281746906,58151847.91068178,7579.791337945062,484.5831707256345,416.8045879708863,2204833.8703828454,129096.72534618792,3435019.095205224,13.118753872678296,634285.7623119581,6.128542047992011,56.6611830694206,1248.9226613729315,0.5638450636848987,0.3547666094367939,828.594618351355,11.605608207789722,202.8711983511513,5.709164958337566,222.22049307074167,363.8428428125225,68.30895622855061,399.2156300622669,220.25739290813453,2045.7372951721368,261118.24787153592,27.642182112716306,644.8821681785795,0.39928898129975,424999.37862632575,14.341122619148248,18115.37814956207,476744.426003509,432.5969416512844,686.799081115278,0.0984744517678468,4.940806257242426,61.93971766911307,622756898.9208283,0.0,23441264.115276285,449.0759212220197,8994.29436340087,509.00734609387007,113.43440173678992,50203.01177760144,95.27938662724812,1538.0542011896168,150.50635302938912,15654.6509005503,14279064.203402232,130.38493811314171,720.3475349845528,65.67447088820097,8.872156189544619,1348.7978882800785,476451184.14287126,3243861.9300973765,177307007510.0467,850.7391538244259,8.419707405870113,2020155.7303686936,107.78444446537608,321.72755987461926,3.5589067000631847,2093.243421939073,8.176988404986224,439.5493031964883,8464186.28477767,8.729992636249879,1096.472720145707,614.8091498256675,159.35296772855563,440508.1782404473,2046.9957661420196,0.3107324217150823,969.1546431370822,638757442.2823609,43.232862330246185,17.154034304844547,0.1019905698737291,698.5209042542327,0.6277159305303375,147.77311057910472,262.39850837064483,0.7213352208668126,108.94350173700792,96.6423698906999,32.76012672084556,2295.0623112168214,10.210455025577083,38.77580744661368,144.9420834866624,0.7591172901967915,463.0701371454177,32.47369839521808,3886743.906241243,220.43326137766147,2461.272205480562,681.0165661235815,57400586.79693652,313775.28562362486,4.703659713106524,165.88999352149278,723.3129458938182,47252.79272146328,1603506.8287105514,473.5320110214745,96.20786094078476,1340.8090040188472,1656.2935988969402,676.8138843858275,46272.62323767946,765.9932194856855,0.4393062596622972,714.6599605661218,0.1614356635510602,0.3690810661938583,4426786.858366046,56880726.159772806,69529.93941417744,167767.498400262,167.7051905353573,646.044251183901,406.90722441693,204.9549120635671
POL,131.8459996260628,80361587.44012916,49111.76167770992,151.64849513657086,72658656.76210152,253908.0690806704,1027.593986417487,36853317.41850721,0.0466891697005285,1458386.2174483533,2.3664064371323508,1081.4622003061024,2261.333398417964,1139318927.0449822,72891944.69979376,10499.84721638486,112319875.30245696,1860806.2196322945,4046935.3503998094,3296119.727937337,567981007.7347997,4370.741584301588,3233.9564181462497,487593577.883835,5665086910.793392,2721.8638988133707,44.3739937513319,17586.263015446028,3627721.564575924,1006.7830054556098,67.35270050561323,2765157.1798617155,0.0254351753875994,70.69456122680292,4790856.195303749,335420228.31782675,0.0035125078495958,230317818.38971847,175.85183303070556,869877427.0473042,1208910.0781011877,6754550.85523235,1437193.0860012732,326881.1573774966,0.0560221202922989,524261.0535265466,308.7641621062992,20090.00299727625,46675.19642778223,72511.4554697216,0.0297525804651002,294.8525604595384,2338160.733447721,1391838220.7245457,3001325069.895344,474049.1980246102,1373.570196531566,423299530.32078266,80185.98961480778,60701411.57577121,46724.51906234607,7178049.808544943,4942903.323755164,740120.8364223666,158794713.7928855,1085268847.250638,55156640.735842,5345328038.293802,4.611068711033487,7.099093258182672,872600020.4925531,2593998.4725426137,1.9600635951116012,345457.83056035324,391687477.7431065,296231029.3791826,1501187.6404043464,950.469430406578,2990051.322481225,253691.3400409172,118149.0479308254,192726080.9480137,1383.467312507219,1391057815.7040095,10977.474448046454,462220.00628810335,12.249429656810136,1050028.642112385,0.1803357967170225,34423.81663658362,371707520.1677119,54691.475366833925,943582284.1663854,21871.57002045073,72664282.26071082,3.1518301476307737,57648815.19927051,175954127.33196402,24967897.8790454,166147779.30306378,2414034.0492219795,753229518.7925942,17091.66899407738,3245166.245999468,16526270.8724038,3534604361.7697954,87369.10729727813,275710899.8044946,18050.63867244228,0.2298404259751522,3026682.555986413,179319.31693384203,68747.43927205709,3382498.803736776,262113.42960683897,18199932.5331509,1827.972951115776,1450934.181002289,18807.27258747322,2.7122200484807006,2404815115.726357,10943234.152865184,1924927977.24629,21573499.32130797,281431441.2442848,30692.470953364344,42.33074150054363,37420.89848759132,0.7769134534063578,72560505.08893692,12954540.625908952,58330.59347190708,2942317.885516027,71901200.40767407,511982094.8828682,23.035883302943727,25593.691215965177,4379741.787043059,115.63137706647017,41.418193236166296,5830.83583098479,21177.07472310066,0.0,5.176542038528227,22822207.627603386,0.0115366381976684,22343514.45129522,84568.42437199884,0.0688112523405379,114597060.09629986,3569574764.0766106,9896517.753261195,0.0055659521599018,84.17936051658062,513414.51801411103,49815349.568385385,46260.5347196011,0.0091882890639968,141720.50432048363,138489.78507672905,21.118011661489252,329.7810583511209,13958841550.370712,9863.000001089951,13494215.053216178,13712757.498280428,1853.8294891283049,845721.9560877396,0.7283324530429627,98749.44277279936,2591779316.846669,63627267020.02614,10021.371469418063,16491090.50966562,31016415.712070912,1257031.452029158,14.4196137482361,2.3416219981767763,0.0742709467304667,123010901.66427138,7.487371438224034,474810.63026671007,10840.179467807307,158340.758372128,1585103.0261668116,4152.833598027932,577037168.2145178,2164142.5003471067,708.897559176931,819746.8528594517,1137420938.706296,153883272.74751845,6379078004.231512,2.4489785354779627,119.66959700758282,20572355.058996737,2394.7214340413057,39670419.35936621,513048.2402202458,118370.49982146872,78064577.41294089,0.0033206917834782,59886703.486751184,3.913366652468878,0.1837578822995214,15113.410772533443,17626983.85114865,1072600226.0857697,0.0098907992784991,142577.3908679699,121632.59538334816,97989.62256373426,7651880659.108444,0.8829185466662806,45.92849886959191,4355602.704502055,114180545.45045727,1051.5623816880625,2246822.984685726,386.0924838192252,400.1105103923112,166290.07984938222,3.51228909067293,0.0337382907964339,0.6208617550965201,9145671.570225712,151.59999666359826,7222.735289153223,711.0036222212718
PRI,10199.567551612854,24031.38315347982,20.643617779988475,20691.837204381824,184804.52990272635,55.38007472701837,680.6285617796952,18462.41122837542,686.6829180019201,179739.25872249238,0.3420272085180775,40685.97910409607,307.12593688686246,1115120.043280548,41202.80578968334,0.3973924321923761,490806.5636651665,127.58156749383528,742.5614066683642,205.9222409691237,174727.94768178154,0.5189327254237156,10129170.296367884,313426.5552021435,717431.9184312965,34244592.04627648,37992.127305842936,338981.120363476,3497396.206406595,7806.643012046814,0.3959463916758068,15.655673062430026,0.0035745615169275,10.853941502314647,89.43573140559346,183011119.42807564,0.0005100714359826,768275.4533680732,24.60079855098119,28470.91683119171,1921.8872687865028,1288.434663652816,48.961204188527816,5.661115228712866,4.630114175681889,121633237.37001856,0.0347538087233338,710.9380478847543,52839678.99117324,118467716.5970706,0.0043052045091371,276602.7834323868,2841.962206395849,660792.4425204623,4241825.385388033,3.162439694621508,22049.443995006382,677845.1274736542,188607244.2032798,1600419.225018297,14073956.244332088,27951.620083518304,1329.9400139697434,200240.2912512672,6384376.188711156,282856.75952440075,18021.44393262766,1630484.8539462148,0.801726199024748,0.9944421802749704,7272483.696559778,33283.07478091121,18.941601085683278,4.918403594697702,4861872.940451833,177835.203860959,3315.9032218286397,216.8920902311802,22347.99696205285,2856.60166372892,0.5463289248142758,294764.4267264787,2729.2312757857144,6372356.7547972575,169685464.93820387,107068.02752481868,0.0351680787776622,405546.7481754764,0.0255922710194838,160529951.37146506,327363.3402770374,64367395.39458561,305205.3426565745,103.53547618142233,10620.421454654565,0.0015473689652929,1746306.3119325074,189606.03024846976,73618.03695401826,1661055.0939175012,9786.08243375178,2618380.149948126,18592278.323973656,13804.79055387949,38.14458350762038,836808.044269464,9.510660126229144,14563.30088849398,8.077316891783365,4495.042599414047,9.433018304187565,707.3247763721205,9.3069838791851,3541.947802534342,708.3158128827233,72004.93013790407,11386.039541836828,2734.865273182746,2.179533022457786,0.3948442744775775,405858.7719986311,58013.46899075061,376042.8456759744,3026806.9198943344,80954.96626265021,11.208973048335046,0.0067322056243696,746027809.1208053,133.32505189595295,38963.04771852797,27319.413057720914,319.2933140339592,2261.6495202956457,153581.84447580698,15266.988140806336,0.0313036249414961,14.28531576993236,67424.13640328227,6556.431021213532,0.0464700612952664,2.041227169455362,20.01458550895681,0.0,0.7631863653464795,4020.293490913992,0.0016534935992069,1405.5465493940246,131779227.2514122,71.65495798876486,515416.5122714704,3850526.875289307,37.39870622781601,0.717780582930942,11.665622409214995,38.24200164153654,21391.678785652955,44183083.967618346,0.0012883329154571,4175809.774323773,17.393037740535412,0.0293763528138382,23.49934607196994,2014712.7052708832,63259610.42492712,28.8827191019058,1858774.516839308,1112.7271285300203,1805.710675472456,2.769224705052789,5.513946672339172,564759.4783340791,8787180.081481772,0.2964827640249328,27876.64268624069,1602.2281349234972,20247.874293549616,0.0347622144054824,0.3228878990834566,0.0105504951171155,53097.25668282546,14.38729505890646,7522.339831476617,19930898.18703711,356.6472753118724,10.63228422054442,34053.37723886967,243100.8878018284,2426.9218135202127,0.0245862189391878,185299.57247569668,196595.22349359043,194421.05471465853,2780111.452431851,0.3488553914749559,0.0123643394488119,74638.7789699836,815919.1498770714,3383.1222616055293,108.95798693826048,21.42879140838556,17610.708597322056,34.398744119125354,50977.19815610425,0.5841897303488146,1455.1075100819062,21809.31365463091,145325.9308009199,946023.1802296508,111.14848886057814,1.8267638246926523,15.20199776958078,3.376016590001764,909039.2129582176,2869.249763804741,98.32362372360473,1111913079.491817,45992.82669326519,7044.848446659744,10320843.057879,142428.45799005032,360055.2121348381,15.483302071395707,6.759954176502097,567.8466908671595,14876.79141745075,853.4769577375438,21.88934490157037,13.407254112334698,6.795225335836693
PRK,0.0115335380452137,29.134409711302258,30.1034761818482,0.0052312762915622,1.6028509313462038,1.6467687117716658,223.6153253902224,1.4200304300405708,0.310543789280544,359720.62072197563,0.6045332793335916,0.0296568343069746,34485.609022876524,10.145380778281622,1075.861068856598,0.5919607473704742,11.42836907886901,4.495809384068506,10.23427889065642,232891.53877335903,84.38558434550244,0.0254087769032789,181.90669979287117,4.184318333099926,1090.180683284123,32.595788818191615,1.0172918294949078,50.86506919793111,330.0800943438438,0.027858371351634,160975.31334228822,6894.31959323812,0.0064630438242829,17.914686091122295,19.8021213441522,373736284.03172725,0.0008944824079382,6.264433185161334,44.24150211165402,9703276907.222618,12.076192039714073,15.645499716147286,61.47977351294391,10.14386819959685,0.0305840265405534,65.51939013393935,0.0599238575357559,0.2322184243695373,208.42568035193867,584.6303412826044,0.6187044878833063,0.4059865584450067,0.4025048399356237,102.886600372277,1851.2809521390432,0.2085302781503479,0.0468304195619211,965.7554362617273,69.58466851073914,101.61352754859348,18.17544551777717,25.17969984967956,1.4934616062285204,11.305508464178072,297.73786998206043,353.5684976393548,322.2892646768609,69109.14785972035,1156.6048624394575,1.8058523249799012,1039.0675968793932,113.36179277068216,2553.1541639012503,8.94332255004957,12064.802827880969,5.459769609789613,9.47125695943998,0.0004555565994017,9.198364270961443,1.4242108068610997,1.0382228024851692,9.306757602064478,0.0205565115294157,4302272.96583342,226.7537762935608,3.769044543754959,13501.773219715777,9.44346031457798,0.0459614418061926,1372.855444179398,5.462271488161886,128.03206859908852,11.748520615773812,14121599.729125395,1680042.9596036791,0.0028425015483167,3798.468160302353,66.15019377643101,17.773615002510354,58175.97167313817,0.7471057146004529,23.39492672321177,2.5848351345162417,2.958424981330514,2772472014.1453347,267229.7274994685,18.70252892460899,2340.90328742379,9187175.318761695,79.30032882284986,516473793.810552,0.7225915576278084,14604761.558277758,0.3482195400161529,3.730396443454886,60.83801934663048,0.0353855282394146,0.0201715073800063,289289.2473595513,0.5852548200109498,826.2692320709028,0.9458047021033328,396.162027309434,326.53342392838124,3.983407130435084,19.19462411404484,154.74934497597192,301686.6667842078,363.0982818026608,1.4956491854761942,38.53750153967474,0.0229396203750056,6426423.553417512,0.8281298703927504,135149109.8412411,11887.029478235563,23.68123919142465,35.45596219700631,0.0062669194505247,0.0831671352328244,3.1641722487616137,11720385.716376564,0.0,21.76775533582472,24.494755377869907,0.002923039074993,33.9483003851751,60.321046792456045,0.0174854606814847,205.6057256830281,125899.8305831058,12745.936133338066,1.6523451757447436,21.214069660897056,6.790316600942898,45.30413234531585,14.316955367900029,0.0023388399222819,75.73559043783008,32351225.79484114,7046.315480334552,1106249.1398070103,622.2863888839572,0.5655581015627877,3866449948.442149,34.27550507351701,18.53802093465105,0.2079096774261337,0.1853792211156052,0.4125411367489899,24.797457996706235,13888529950.523008,0.3713977886003293,50.055727837456665,32.313355711970544,9.875283957583605,11877.119554907566,0.5945528820183008,0.0189773841627456,133933.30970422787,7151.70608210402,2.82069031166333,3.20592145872501,0.0056594335176782,73.02618363552568,190.25493324291728,12.670639861355744,16.819554786397454,0.0462358060577352,6.595531211972707,23.54650461858751,1.971323960488192,101103.46689025844,0.6193758698087848,0.0659721969150633,8.26246422898323,2.639637099408219,26.52313048446509,2.18572354982502,17912028.04821124,11.420626499293151,3.932803499894507,38.37814972002717,936.430711715345,0.0470096198557392,0.29697504535492,9.553093041679436,39.97633023905675,0.853665681798905,14630019.255781485,24.51692583847324,5.567885056842467,278.73928888236094,588.9899602445087,11.571471891078698,57244119.092116,888.9321492725717,0.0278872611341727,44.88205417494091,0.0103253150341839,0.0238179109797105,34147943.76618887,139.20942780380113,3.005857146150275,0.932768112084876,7.989306924144818,37.9309731564668,20.917811703684706,10.948935015674977
PRT,18533.96372309327,41064897.1292624,11367.2318293631,19632.828091526404,148729563.03230107,328007.5162285016,94237.59857376598,16612238.579883682,0.0264775618322901,750673.7156800553,1.3252079787703448,108545.93898818364,1225.196944952976,691469991.1566336,29336109.1243337,35793.029432101604,124619519.7721758,2203142.4531145245,6377155.207266374,1109376.2588433973,201136949.16706377,5752.794439809885,934584.21209401,275937071.36559486,390363654.0695565,1920539.20243135,4056.12724948884,1659926.9932226012,208843681.26845476,146501.30579516292,1.576670972102363,577571.1267248264,0.014083660441102,42.37280534718051,4917751.140443699,122041517.36729836,0.0019756410898921,617050560.995249,99.94528013260556,52186473.669720106,3278333.707349668,5724436.476061276,2048621.260085464,630624.2981258017,0.0325140268164778,78745593.05392113,6.51351119263764,521567.527433756,6831863.656871465,8328659.423671236,0.0169634108376328,19188.610558869663,4409095.316863328,278207305.72992665,1495646663.128893,111478.80707096716,191124.87693693303,96075482.87683707,8981732.650066879,983408430.952622,6512231.524549475,9021007.31176971,2304677.5270942147,12058151.047895774,6544594434.443573,71598294.89579627,32801912.41796134,375563062.9977307,2.62238097180129,3.92045629256936,5051437959.133665,1768162.7772215009,0.1536116484888924,624917.0667755109,510831925.51092815,73312652.65061557,2271951.852592728,24763.43703982234,16173718.447102686,3599055.652871592,163431.17827096174,231433805.69364387,98662.49065011552,608112573.1962732,7777525.687809156,18157673.991404984,0.448272305253476,40971104.07784432,0.100441860410148,9547480.924692487,311729846.8236093,3747808.680089969,294194197.2850258,407.2759031253796,22758427.24667463,0.297472660729658,104440581.3039091,139062410.65921134,34639427.7275381,122871414.61993368,2717609.020136846,2110424490.8890147,1477247.7557664327,3451750.83933128,555612.062941558,410685069.79431295,53009.774472597375,27633592.344797023,468.0382037184472,0.7289212735811568,79926.99861406432,193082.3937309972,27478.108931000468,4731422.029348958,975199.9873476196,59431436.24289815,165936.44228652865,2580775.340689548,4764.320686894427,1.5889434550607169,122616744.03389192,13088274.198916808,121465127.55910818,618690492.2814938,45185918.1124434,3800.805890755127,0.391661704454409,28144020.873415887,0.0444405713455512,55665916.4722539,42395830.97209004,389888.4041138888,994610.8051714544,95247047.1946629,19743857.16237452,1.1994033662121266,3680.445272706126,40958845.041879326,19615.101768136024,0.3924482981138519,1756.1923962137428,81.9972761720695,0.0,2.963060390279397,18288142.871929355,0.0065294450339692,19632340.875130653,15495925.539745476,0.0386121983050884,113856494.47887547,595268314.4915915,1449405.8279492112,0.0031581556962336,46.21615588503808,424022.0500091605,12313212.131614696,7487221.538187817,0.0051795436242619,13014459.539034586,4916.241498825763,0.1156262950768544,91.38783563241046,890721560.2874534,2464587.2860445194,711064.5335753222,1148987752.5256126,166364.48964568373,857731.2836376491,0.411653193309772,70486.66494344443,589654215.1789662,4781608651.090619,56662.04329669869,16106950.840241836,20200348.522311352,23072783.912609342,0.1386050550197413,1.288244949823395,0.0417027110929897,27277897.23371128,4.263299991450837,2550525.382981819,1306305.371640476,287043.5587887764,177544.756530846,18585.309980384183,254236300.4018557,1642971.9825527717,920.3348550711596,25829122.516983025,190595452.81942305,179550056.95247525,653733873.5926049,1.3631142516547143,107.80354368057164,26058404.2372207,108722.56275636704,28509012.582768016,832355.6379244217,53038.26198409184,18470614.1245036,0.0019682201406359,26945258.759753037,2.25059462156122,0.1754389809407749,1369720.6802461073,132778758.23739532,641871974.6320145,0.0055590377785341,12626.17838486446,122647.8677253388,128239.1175841132,841232618.1118586,0.0564105264089992,1096.0180222164383,26912757.43339681,32464387.843358003,127602.25614598766,146182551.5218013,43984.70615421422,98266.48796236517,121859.5178578074,2.0041595300126223,0.0214983001324909,0.357069850025006,3678542.8654053714,86.13641980900223,7931.191551907952,269.9366377417555
PRY,139.89031416650897,1555.9500593989894,5948719.929055752,0.6144024461148997,40.785269445338486,77.868914301091,115313420868.14966,43.63870998395843,0.2845343348095508,93666378.52959946,2504048.48536038,0.8884152299676175,2844779.199743191,252.78199792318517,190.05887141976396,27215.754987799268,102.59947594752882,113452.3652725284,33178.198700315115,211.6858195653309,222.63882151403288,0.7762084573483388,149.91100105063515,105.1457754525673,864.1584554811091,10369.56795151252,2.5859726003931245,28404241078.01623,82345770669.97511,146.32224957719075,16.128606787360482,63.60372193630059,73728.32130532525,2115369.2748332126,5835.670134822975,150963.4804190748,2.2294148952312867,119.10223608108195,75348307.60350311,45328.81877947894,943778.632717048,430765.0008040571,547405.7965665985,200596.7204715417,0.3587907160456475,684314067.2272437,1384.7224335810586,15.107107681999656,330638.88845546806,2316.141881201352,1.9813835253728769,0.5081479794008328,10.395029759814635,248.22666832394577,1251.7887266518478,8.949485882045373,10.956946021797425,201.404697057071,31575.457384748017,2788.568464982665,827714020.7811363,871.9758646448722,49.02910384227191,329.684660680654,933.135874796364,260.4534124817865,24351.65610240263,2835.3767440664574,95.16467053192976,5435387.490781968,1462.1986138115676,9.138846327029327,1.5756327607125835,380953.9530130284,955.3381177388214,147.64590572313912,409884.0417071136,0.0102947956524177,339563.8052373662,40421.33283025821,73183.54723631698,177.85296253464566,758.5513668060004,94960.78905228771,54256.78358840515,1424774.9539762037,1.431586180745723,3561922.283754479,83710.58487401079,107092.8488355096,134.97836932842867,11636.397233932808,287.8705821316541,9782.942349148314,96936.80565931836,15.08484781306814,258.07077795482445,1507.441456995456,485.6650648413405,652.6507752375544,18.80353700505801,604.8039733593893,559.5890352244235,82.03637785009553,1583.071714129276,10968.293030024406,62033.70408351246,617.1498910890505,651.0414649309488,1.3110678594307754,392.6048389740082,18.9494203634776,375.45644265375705,8.80785479456177,642711.7268128127,1869.196324846792,17.67235378642658,0.5103627367104178,606.578225186516,1606561.4895005303,288.5899752019359,8.095011924733265,316.27342263898004,531.9223766305214,98.2392265660908,1502933.6052086635,2.528646595087231,134303.6861205903,0.4608320983403072,40.58096718457789,18801.524289911256,0.5759020819048182,1029.5181902028928,20.6341424192951,11973.813019137013,1.27327135611241,4053640.504687007,1161.6814846169948,1.136449282759184,2993.4642690814285,376943.963038953,1062.7743278762732,0.0,332.1834353044319,4458.069088247554,3.597767849395048,872513.4254998341,305052.8298743407,0.4145406993421261,134.87640950501185,2177.119593422037,207.68606415349652,0.0336911149550829,465084.2197411591,230.56136184162176,2274.1867715333037,1771111.3252991582,0.0541354254270142,6801930987.8118925,702.9016550918016,1.1952802158648292,1096.377564257993,1207.44319396553,979.5032197172466,635.7044111587667,152.29929385247638,44263081855.6976,5.071217692630267,4.616081927578128,12.039830833656987,637.8805093056174,219955.43870029345,3809.124761004788,1624.7204360565297,1869.9548938532776,19374.968295420666,1.4501687101787877,9760669.517513402,477550.3479546377,1360.8055746555635,150.68306181053953,341567.7130969907,26393.84071289788,0.1486609587560394,23247.035590877567,0.8950636164113419,214.9688589832258,10760.179290347009,3626.650482182473,2199905.3392198253,138.92963139754042,47.20836181492568,3290.001501533291,507560.72041973256,86.1252169139245,208.51141777330145,40.98562130867472,10258.702704979429,71828.49331095564,1604.670866358225,328.9412286682707,0.0203539354857887,990.4517611373778,39.55227345324028,1.457102072805556,8498.382136805236,240.40384981196735,1055.5166538614503,0.0598228791371251,73.18197249436099,244841.4583433031,70240.98292438989,1922.4022775388155,0.4552297399032796,15986295475.66459,28467.496643124105,1115.9061915816203,55.1524685078922,18212661.07184709,0.2911261731438745,9.191414499318128,644.0668459709098,25.290828899983325,0.2028634513480663,3.841985705488821,297.16808738657846,57332824.072024025,1239080.8825976397,1827195.8200784696
PSE,0.0013303643264634,66809818.15071072,224207.41209321556,0.0005902450372081,138840.66885514068,360456.79801026825,26.253895957857853,16618758.669409782,0.0014819574416611,39015.21863749912,0.0746058150380225,0.0034232666576909,2405.373822629279,301609.40892282,33517379.8161352,43963.87121615671,25745.13345666856,184939.03128264815,145373.3493394003,8412263.834584285,2148289.862713558,7079.118738133111,0.118987743469242,293550.2911738583,5125930.744607672,0.1475851280386174,0.0006033690051783,6.757400650386909,321.99877989758704,0.003205107060026,283.8070107520396,3794511.340661408,0.0007875340625815,16563.257908246716,1685517.6706883735,288341.3071733888,0.0001108858940277,43510.162634785534,5.407799831968714,88824663.93185894,243511.7801802595,2381844.724314718,5010527.439418445,1256983.3542265743,0.0018627265183014,102.90264466143384,873.3898101736032,4.046545711509874,0.3139043457711028,0.9698276839874562,3.341248540066601,0.0026383019855626,1522191.9418678284,221029.3136553155,743045.9862720028,671905.0488233181,0.0055465357798922,193083.673860784,0.3211486659677955,78550.53749887194,2.236324336892039,3660372.627099688,4751310.237686657,3617.082222876873,52965.91777802192,1293543.5010441132,73412472.16224685,2243166.3545028702,0.1479526467310534,0.2143254302683979,289353.4169792299,937.4668902821722,1.0502985470056412,1395166.272713135,190227.7193826371,33057787.31260302,273222.6386077297,0.000119659684155,141326.81052591722,27107.469180322594,204035.4725066944,2971736.9671616885,1.3083016923406925,170675.41398471277,0.7024261064220325,3.5431627751254773,3.885765680789973,5.045419304255492,0.0056644409142072,0.7127448988532817,160723.1931521456,0.196220338903089,334598.5529186744,79186.40968629812,135447917.1691339,46.4691928982495,6803.779344459821,239888318.8840535,76300767.71310496,29014.26595484887,5030755.584424138,537967.7431425696,0.0820719703654937,18004004.146655362,1045797.127448714,194282177.6372032,459154.31735048303,46706915.23796716,40379.39362620146,0.0068362694767207,248797.10592714456,391352.3344044313,573702.3434685594,3506193.882361889,67841.41750526566,275941.62788007566,0.0041547336593197,135.381814287199,148066.36724973563,0.0876439858492439,967200.6026186944,593.123877935264,1707045.4764456465,12916.999960523928,1005089.4232808396,204305.3227109149,276.00727760303386,15.130833514471178,0.002514299991623,222277.02953031065,172348.89340765725,132.64654841716458,11422613.704026217,115279.8946790954,18228384.55663609,1.1815670437637016,241494.61651867567,14033.86838068176,0.0007207010661787,34.33571773505322,30822.40319962548,28858.332038734552,0.0,0.1687358583359932,488251.6213281108,0.0003705222266106,1967382.4177029964,0.8451173840810768,0.00217248308752,38920.39694714041,1374375.153148904,13636896.32292592,0.0001757996262909,2.556961910648028,1113092.2848782018,32437964.32522268,0.4860280143411333,0.000287019897442,9.905202242156408,35449.67962470841,0.4434151717693836,829.1456487913921,2197838.0137853296,0.0627560611169373,515448.59431284986,1465.71160773185,2.4015559885529703,3272429.066055566,0.0229806188951944,112956.85999490554,3874830.979440947,406533596.0700122,62656.706067623454,26954772.18873417,8119971.969855875,11167.797799815036,10.74374544602794,0.0706679644243934,0.0023146853421902,115218.77638201868,0.2402111521772822,50704.28696182327,0.1273447524632178,36.78224289044738,1225066.5470309495,2.270212629973344,681910.2084199986,2066449.595254877,3036.8913405573694,3.266243872800274,220507.26401577095,36425.53834523232,3095136.331314748,0.0764349849707031,1404.1902345168935,41246746.75783157,0.0056388534870137,3356614.177672928,80391.73000157927,748100.0520889818,36855011.79588828,0.000107422267746,40769869.52697293,17.22291519849602,0.0059069688081817,0.0533801858279014,9896.846382578826,235789665.77304083,0.000313651609245,116459.3508763872,717557.3587144396,624034.4025152256,23297715.20253754,0.0023818571927094,1.414516651548457,274.7502807815858,46386417.81456113,0.0032684599079377,67.31580706231536,0.0011758026831545,0.0027059210863527,610170.0378036872,0.1129742304429254,0.0010718286880346,0.0202025517986257,17046340.328634743,636.8183962543868,92509.84791327696,16770.671078722866
PYF,0.0040360214089929,11.348157647460384,20.95950020262997,0.0017941145183318,0.6197175103862129,0.7554135535472819,2184544.679857971,0.6189616502175292,113928.68704073736,1130004.6847803462,141.4876564715628,0.0104092763870909,2666921.318484154,3.866326592710221,2.783972284030765,0.25767730653605,1.6115155595284565,1.5548381800538529,3.4207559456942427,3.058628116389188,3.3324844601582533,0.0110354582685749,0.3558799265700797,1.6037799941405435,13.392350737210132,0.4479049281462464,0.0018698217599944,40939.28457114053,87660.35513308458,0.0097772917489429,3686.0592778343625,1.0338613327171409,12.404719122635498,14.669803698301198,6.700451616450137,2254.33806613798,0.0122946978429361,1.800793697215914,6690999.041497551,809.4237020425287,4.170690957139828,5.215456043448029,23.93109013028305,3.714557604802247,146898.96433102828,3077.042238057658,0.0227773889517171,0.0856966735625832,1000.0984295320744,2.9162258007411577,1.9437199049367135,0.0080646710579495,0.1572721303303037,3.867375437630176,19.7261204462343,0.1376504898727721,0.0165487850327408,3.168904703183875,0.9661731376527896,41.24543129633908,4700.813310404343,12.29200917581979,0.7971242804205907,4.752079082724839,14.38421808801582,4.065025938455011,9.068012870107433,43.60891128923157,3423031.592861958,20723.195243934253,22.78275904911247,0.1433566793048797,5709.24193814276,5.160080701274501,15.175120822911753,2.192430124006657,3.220747634043559,0.0001633867646679,3.1595616310820924,0.4874157657438278,0.6553938901509504,2.697627025304544,0.0072266367758488,1443.4764241143264,72.23612247019192,1.5167634692638374,372.0559610068042,3.853047561324156,1.0392628432696331,112.17079257361718,2.066885895594569,0.5945553481813954,4.36585196718851,10459340.82656143,55.13078733110662,0.0010203531321734,4.086941601975689,22.305890818525835,7.137705001054319,10.438932547405894,0.2870745093791824,9.129815785236811,0.245847816174634,1.2099798654282776,1687.959941065502,166.4385045391887,6.241063688083032,9.041045937426835,5.32807507952836,26890.09786955947,24.041999282742744,0.282989499645589,6.159318453743868,0.134694567843459,5.901547015425457,26.842668140124008,0.0125486307578199,0.0077126580583475,1.4262190605028469,10.286193878167694,4.488742911966016,0.1279563289403538,4.946098668578697,7.916710194949181,1.5105239402846005,11.351742332355048,0.0044288814452561,1482.7725364807648,1270.08940841459,0.6023109249826883,14.398810314425033,0.0089049393058537,15.502332525291758,0.3164964190483514,169.89248652830915,604.0094527554593,27.46871626632464,14.922705390294404,0.0022298059958387,0.0401936686986879,4.613887839574833,140040.49173402676,0.0,403384.7888913761,10.174771859332608,159.67029832943808,11.61812212974968,145.93362698266574,84684.49912011623,2.128434245371504,34.31832960654571,3.4289467663030417,876.1916015738241,612394.4105891109,2.881053962608934,15.817926485077836,847.5410429914895,3878.9371569074574,58424.224982156615,134168.45093604614,1409.2277187921356,23587070.835847504,18.93371020164493,0.1901694065514845,10.758515897286925,2.4045325205830466,13184.350334413492,0.0788995973530413,3848865.6438449775,0.1762921994051222,9.647858947155475,3402.9697818128548,0.192120887962522,23.401767646224677,13.96486274502499,3.567839913909577,0.0902575888903114,9226.39501065377,12.706384076733594,21.832427104827183,4617079.66710254,1.468890332839644,25.88352765952548,0.002232599951732,6.9899218703752695,0.0137556336845037,3.229165120757353,5.951575886106008,0.016380429846974,2.5730860587406763,2.1378542810597896,0.7232280193312963,50.717033774843294,1.0775426759532918,0.0081258070169777,3.180047280591473,0.0171977825311202,10.55196211266674,0.7444968309101085,14.128314741171993,4.736948876351519,5906.599622385576,14.78756145783704,21828.954171563968,164562.34005912655,0.1058933940445805,3.623318240641644,15.723914264076148,10336.580103685264,1.2165087130933117,9.909679202002271,2.1591121153153896,29.63148001411168,4534.738406372164,35675.96862668288,396.4530394539504,16.701456866990277,0.0098867396840764,58.48152313749567,0.0036213790764396,0.0083078876949045,437.2224367053964,1026152.3709365831,54269.32779169008,1401308.1566543356,3.674897432002079,1450.7599884378149,38.917204505772,53.41535051986343
QAT,0.0051428781241611,287512851.5038763,871808.8237004412,0.002303043584761,9354.256584443943,8253906.701628257,99.88829000443188,2992820.8095952123,0.005600472376539,147592.07904837115,39.36804246968708,0.0133359105841561,208030.6567596284,630.4341965808829,9562635.863454312,2858855.1958668083,2.0145183206450383,307145.4440723532,166484.59926322076,108809913.48471026,35883.37899029882,167197.68205579743,0.4497328012191492,17490.210623548006,801053.2197916828,0.5673282384029856,0.0023185819871711,24.852994274405287,156.35496738895537,0.0125058253466932,4754.28403529556,51449054.944937706,0.0029449952793356,31195.03985529005,18082732.45470405,166514.929212343,8.53701818331119,2.2508596460903334,20.17861263931346,561199001.2307377,602423.4040101969,9968222.705190577,95095672.92754892,5537590.852560497,0.0069551687515589,29.408809029331103,71577.40017240122,0.2350706172464916,1.2199398848229424,3.698358611267328,229.55610382556915,0.010148345333611,622732.885388847,270.9428203911178,14435.245393794456,3376379.258633774,0.0212993083552746,1107.9861473900942,1.2252964939120616,15077.094851106807,8.330567776480645,1151568.29734173,16218182.537580453,61.55936745132598,18.095235562635693,288102.0979688885,444639769.9897405,432303.5866354774,0.549837290960288,0.8207829391531458,28.48002275012297,2.809801970059084,0.8259144811877512,4101711.24765335,86.14512208834749,3075341.5685648816,724421.2463597662,0.0002104543791574,168945.19108427735,282.01926849092547,624823.9089218457,506463.4886823449,0.0091784600937891,10545.835180954708,2.742070265510727,1.74795675338994,104.69886376500035,4.379370630867426,0.7384361358213631,2.7700437430358207,11156.949854134577,0.750635359960782,377061.014924941,3219705.130451817,1311854077.5685718,3147.0907876454294,5.180864410399863,526377489.9772509,73517675.90300176,13.707809031228395,162303.36066915607,73720.67039135442,0.3128126936977651,1545217.5907011195,3866661.6684743473,137345596.02975038,24818896.05782671,59603072.72014783,1515570.918187942,0.0258911295907413,1235020.2477525603,2411906.125317872,12423236.036843916,222937.99773267077,176108.62703510723,49414.52852973714,0.0159398823002305,0.0098912479219492,4390157.711475551,3.2157525844730515,134690.57656089196,0.1585348150346881,134014.83841735174,10.289652556287727,35305.06049336955,12780900.263551395,10717.01471732466,61.26705997234151,0.0093368332963228,2336.8456686022582,243301.80699024748,0.0109729719523272,181747084.4900497,13790.58319973577,12055468.294871684,162.6305747428407,13381941.82538024,20534.058421499307,0.0028285850027032,11271.61881170397,3005576.222626807,735871.9601413335,0.0,1250.366065851756,631147.1470682436,0.0013623252867773,7167844.019867247,3.236197556111833,0.007956517127468,2.659392810182638,14881.526771101451,150574049.5166855,0.0006604066958004,9.611294748693767,20159494.500910696,273567594.99265563,1.8831089593893964,0.0010985140423254,36.43172778468226,546801.7245800795,82.8249185900128,292188.2878433061,153711.2956609618,0.243386768613993,896532.1432934541,3.032305801367686,8.802476482696498,41817.79699233663,0.086251577769096,8161337.039197445,160016.85487219915,138569658.8131506,1986999.8706576528,108378208.79042992,44214964.74140056,9711.081277368465,3169.1996750064936,0.2679373218383647,0.0087493856475049,49409.38107438524,17.290476518365885,71310.25765285829,0.4977637943601465,0.0028483363940949,20408874.57653417,0.0175566517395964,8668.676182217827,31581351.6379136,4590.6939542100445,3.0540731552320146,33591.10652690039,73.53007228919495,185918.881362068,4.480986776154367,49726.11622543912,10942713.86354259,0.0220890562833915,11015240.532910485,256493.0869316749,13791649.715642909,74741957.39276724,0.0003935045923855,46332851.19772741,7309.178606476637,0.0223109741959928,0.1344222745244288,4.62163612847092,33041252.208130054,0.0011778817066545,1481658.3686577368,55699508.077489786,20177710.181913435,1238798.0597610509,0.0122770112480719,5.29936123575898,32456.91490221064,63447424.93237568,0.0125660078041605,20.29122087092921,0.0045446817150853,0.0104475496370213,15689553.629161436,0.421543771228877,0.0039348680517278,0.074197730601071,114710667.7641635,33108.96561316564,5265107.87564417,396295.9528476393
ROU,390.38540105485583,151530908.77590585,177720.9146510838,416.4167260359776,253483609.41275957,616463.6139921541,1033.1400675316993,137939464.42671686,0.0536651231462206,1692260.4120753824,2.724050281785546,3823.05305363575,17268.467270250178,656043184.6851466,248485378.56541783,47596.916299477045,33265093.864568308,11951503.99386474,27939714.07640915,24738423.625892837,4131057421.731765,19929.433681582286,36233.81039125056,1006731408.0324107,3097377385.363578,4496.823624984692,5.186441701810498,2068.2070954774217,3231283.269188169,5559.566919403953,409.0318211794182,5898798.2653139,0.0293547949588652,91.93745257690104,32052164.332857307,79463004.56708679,0.0040479794718673,133169822.74740922,203.90463993334532,873264982.8112175,6167884.130026871,35177211.70789201,5685837.800838285,1517749.3714165597,0.0646792869863363,280932.13790050446,809.4538662041479,117901.96870090118,25114.21193314596,230486.1601999045,0.0346400162090438,548.3369460617632,9804770.554670194,653035307.2972305,1280155095.0243633,4394574.732109172,24462.767530288354,132620243.2573056,245142.8803619563,93896087.13955216,15302.296163055951,27602220.002429,45853935.38211859,3119060.0197413582,76689552.7418692,266185862.3457425,578849583.0679626,1376394044.8269925,5.32968075930612,8.190981875363585,399523663.13849473,1046717.1843235202,7.729674817193484,1636407.1106037167,131772623.8760932,869521804.1870949,8943104.090658389,469.0257024521675,17077788.124381553,1743569.891678847,531602.9047178227,951584339.2805128,1427.4231078564194,385085196.8418809,4524.826941762454,334815.22621900484,10.448592036349746,703592.4943873899,0.2079623302884404,90114.20663320816,698432546.8522573,121358.11031374488,2065709221.6771731,146130.59748728637,390057618.6288631,22.69788298614026,16185164.935437003,625572922.8681394,93740373.4462613,46445834.356197536,10476055.291576264,1028521980.6133091,40464.144002787456,14169554.791510202,14446293.489760555,4054246563.903292,646339.2833027124,334248070.2480512,43321.10469396535,0.2533166254137352,2880817.877371644,650483.0607850892,1073932.864295885,13831764.853558945,1037936.8948274314,50196496.75090312,2411.0996389459715,727237.6331888344,191842.39389950543,3.276353113453352,534718055.229715,2653834.5589106847,452392148.18018526,18974964.154075213,1406321110.3246725,62693.4333723056,253.11344559761127,61748.42736867943,0.2593834020722766,312223429.6156151,82321690.68940051,119482.86244305685,25201086.486584507,189155529.32552895,467656035.421551,37.04100383425113,90907.14967233532,31927857.913155336,887.1736206146999,909.1408062363262,10561.384523710329,25617.520484623445,0.0,5.970216850712024,104947814.759044,0.0134110579338023,142862406.11190784,167018.6337580956,0.0791673319603823,47752360.5107757,908429768.0362934,25595933.54365154,0.0116951214278897,97.3247288555674,2517713.698740868,81049487.93548235,54906.36967407832,0.0106869703317391,55679.334139599465,104276.58715920556,2.794798528095508,259.5068343582197,3763115217.0695934,39352.495254725945,11404418.263861587,4400031.708637704,84.4031204573614,3600479.609971932,0.8423086973184087,247717.91776400863,17650493166.87718,48006248915.40957,36114.640840532695,79689325.56335032,208160321.504444,11608763.527473766,29.160508699518317,2.71098690691081,0.0859252447360522,49486361.67713936,35.70039757762616,1764889.6510194372,13319.49267636881,216971.68237819336,5707628.548453381,221.3934009679935,2477188985.8702736,15826535.171379391,4047.669785154417,500064.1953088519,1055110753.9033432,183760908.19888344,1639449962.8852024,2.8342835954906085,358.4847658261116,79581600.8965373,1431.3251519182284,262766822.4745701,3496889.0617694296,1291636.9730102415,123621616.0345154,0.0038557761636582,136727617.4598719,9.73606597635715,0.2117969036325188,13233.439347242023,36225699.08013115,4420724689.396241,0.0113999557783761,173690.68900191586,453194.1462931139,791858.4953488415,14433749352.50556,1.2208009603408871,53.01739842124395,685936.0365708811,219597767.91784137,3779.759171283941,1212589.994520942,2115.447433782141,1674.048449363485,639874.4610894772,4.063957667822434,0.0390101748266679,0.7196177906145185,68364755.31221937,175.2055863142185,23206.603610221184,3880.1757210223705
RUS,31.204315454214687,2960822101.439327,25932.2868150426,82.50883299766342,162028206.43977866,1836230.0422487876,16348.565510472989,526295953.963577,1.6343330835913514,32336370.57409736,37.63220222989351,949.5988174374324,116692.85371718256,688711737.477292,1676801046.6622574,18766.945918899244,64206643.98047694,9095716.900789907,16045522.855314974,108044007.93056986,2271415405.607113,11323.066243985775,12994.668032043615,489668104.5025862,11021847727.632658,4639.897001747586,161.01335751611302,3593.557673588244,1864650.999722606,1390.458867634858,169902.15183101347,67647922.50154614,0.4796598340152427,856.9750126832885,27934272.47718646,54309290317.75848,0.0899460785813326,169918778.93902698,2690.039248737627,201245546096.6536,3321795.0476600337,25853843.32852342,1750068.221737267,281714.84656286164,2.0734893349564127,202939.69041654887,428.605369321356,21336.67181446847,22815.66773649712,86268.1282434471,8.726475036312477,315.808895112199,10886186.422655534,788135175.5856923,2041006687.4062023,4645847.351148649,727.3658048154967,369534166.8945689,87063.66980089097,52614677.776951306,8003.294540838642,23379633.25489768,45127616.84913555,516111.6009087177,118638859.8715906,2156802189.9322147,583630526.2405328,19223853525.13468,744.7884514105135,137.05491984539748,664069926.5711961,5104784.056216727,12066.008574236015,266320.4530013022,486515625.5834157,3920171576.452487,5447690.705171652,920.9740075385464,7689719.202607149,589064.856839476,113183.76139863933,848778619.0408081,822.5398458840185,12738950337.70872,23439.504945288056,375349.6949605144,33248.22566627528,670357.3493949699,3.2330615116850514,63793.35210152424,366128822.6252516,44704.15349606264,920516933.4158382,15232208.362852288,3073091912.4168086,34.59133383114396,105644140.13786556,3001690940.2356977,112502783.59236276,538946703.9111973,13122682.87475579,700318169.0755308,16072.134893466004,16019273.322468668,10269959815.509764,143009351831.4156,673661.3556590267,13480355404.684498,9539326.202061623,958.2790391969468,1050882673.1018578,758628.760647245,23504742.28100998,15351806.469648425,519351.2355686312,28641353.2420735,1868.312969591392,1024961.7489887256,517969.2002309914,15.9593407510306,2670076993.400094,6629893.262772843,2822154662.2303863,17590219.44169174,948003171.1560904,65151.92357132938,340.2636851474797,8329203.285414808,3318.197199708908,200368028.5291877,29686376.5197088,86920.51074814612,94924107.32491414,112054474.94113244,112107225573.49265,36020.25954904397,141284.83543154845,5657755.78054889,120.0168946836813,63.93989451742608,15759.900584626572,11186358.80695292,0.0,133.19978729683584,61742894.94230693,0.2033727867349049,105475766.51650344,42368.99156649554,1.1744359171048768,94376989.80888677,8305622343.279997,379227249.3120876,15.206584966191633,1458.1076944226895,6514653.068113335,3146234759.5099425,14570.263902341443,0.1379252823195973,18183.08419695547,67908048.48301037,14399.1193510459,1365712.924032592,5663949608.055093,11741.608267606962,5113875066.572792,13157092.813672852,1007.6330332894676,4453839.798149507,10.6876026568559,251744.1034861473,5649428569.645899,3769452379712.282,16332.456435290716,87162530.60298902,201643384.046568,2951023.2672968823,7967.372981992336,45.42344484461256,1.053216141167116,2233428205.2684064,9818.317136952686,1361926.5747414434,1398.2659774398862,137319.32123073144,5262753.218337396,34441.62463365533,1000049851.7125944,12629575.778454565,684.308851081627,676647.6700721533,699402971.128716,125339322.65941752,14822351164.153542,121.27279423596076,662.6933522039961,91793639.72114605,564.3888357768707,217873444.6051152,2831521.0417481507,24160703.764691327,3480494315.1869173,1.4487485462407674,1474052253.2440667,6452.043821630513,3.457153298654857,10952.699877321284,20706117.18315343,8864954309.208723,3.9946426568825055,38174745.80306208,492813.10500149423,428035.30790476594,26282277550.66815,8933.794708363535,764.0487027045369,1544842873.779358,3509210705.118761,912.343484580189,1276375.71743787,188.85617541755167,536.8322783738816,52690336.85760443,285.9553577164129,12.171296399794343,31.801001003133287,84737862.72552069,1441.5188826360884,18301.731083310307,4801.78635307028
RWA,0.0230254575873232,94.5858815809042,182766266.8947512,0.0103100006798202,3.642682369568561,17.411759404490347,449.211423470256,3.722636319335834,0.0259596902090137,646138.9749211733,1.287416084065121,0.0594202758379793,1145.31468767274,22.535414024030658,16.589762911939168,584302925.1615639,9.293054056739948,3259836.744503257,804748.5711519897,48042.354090793466,19.64327406873243,0.0683032298873708,2.0562935900639814,9.429998163072831,77.8952876572118,2.519600660312209,0.0104367956482676,117.3502580148508,17258.5392182526,0.0559847515999081,1.467125376392346,2375.3967668362493,0.013496045442821,1385338.7096681723,356575483.96946204,13226.617522976969,0.0019307980338112,10.584418606171411,92.7375403811831,45421.520054126,7473393.953441287,186314049.2282521,18301227422.318645,499182664.2780964,0.0321083075408026,221.99851329241648,322155.12729613483,3.948736200426076,5.414179260821234,16.775485040734534,0.016660902736703,0.045807826004149,0.9308692763237048,22.428339014682926,113.8102070655753,34159.50853096907,0.0945069492470516,18.312408259477987,5.493187824813145,6573.1230509582965,38.52270604145196,443.7335690900388,1362962.5613589815,28.0386717648573,83.54815764905919,23.48194800043602,22652742.468980096,253.72858891088867,2.5699645602100185,3.7172770305999463,132.1017260726157,0.8316712520064584,0.1457925538512375,291814005.5702697,87.09158928186085,13.024683379897851,7903036.208827509,0.0009322457921818,1415237.6693856055,25450.93663786213,27638016.790465478,15.877921391601369,34.45149035445314,8380.648566462802,12.128334106441876,1689.9857933124454,0.1298970987154053,1784.3689197639542,0.097764495023167,12.353984640978547,12.08144989708426,3.3852069393300965,25.52667839524217,394.71835656514577,2030917.093830306,276.0001896125348,23.42215394903617,269.68752924125715,57.160083110871234,59.59145973720563,1.7301477575330004,53.78899399286488,1.4084279111819455,7.5369095485381745,144.44726588691364,976.4570710825654,24925087.681381937,53.7559999474389,30.31976576596675,0.1179222659438103,35.57347789607947,1.7035585203668404,13423.068897998432,0.7882017484150623,2636138.3937499784,7498.350519717817,0.0713787335007936,0.0453913494965974,253.4160343011115,917.4677437526432,26.046387904405705,0.7294688261862596,28.48987760074636,46.802709768607485,8.807974654674627,29147712.312375087,0.0496069632077581,261.80945018914474,0.0422414717024269,3.582657102431167,445915.33363058505,0.0516239286021118,143428.3705433021,1.8430525549826624,1006.1177662922308,0.1164794813891765,25505498.313978,6199.280026875652,0.0124746756021636,47436.65744127068,12736775.884949405,75.22639537814321,0.0,2.898911198736677,506366.8388398648,0.0062514013993109,58715515.56219037,14.601310103189652,0.0379079913957411,12.3114656943308,197.1256715085196,1334.4548210742532,0.0030196289611694,43.716195112358925,14987.839365073043,11038.557977931783,8.404852580977465,0.0049329480020037,859.5250554920996,64.83196098474563,0.110337917739447,89.39836282949602,109.65266394529536,1.0828413083897743,56.79312445444467,13.810823505583302,41.38822586388797,0.4809778326040899,0.3959006961493365,1.0624661471596344,56.61448220605481,19225.25936917228,457914354.19296217,39964.35323146903,48289913.94801519,50772.42796308498,0.1313801409306485,1.220947530839049,1.8720152830680727,123.4119832174436,4.123889296573493,903396.2230448222,2.208231641163259,0.0130136280990313,48041.547386754726,0.078930623132976,19.019562261211288,252962843.12402287,287738.59401692264,1120.3303229223686,12.370539482938083,4.237794416566601,294.707659120891,9626.88463415171,5583.120516247976,18.68487641024888,0.0979066959071133,27301569.89532193,2056181.5301330425,5536.886367793008,28.547973765238098,0.0018476606980306,88.44586785532852,2.2521265716414725,0.1027093249444806,0.6032041357779896,743.2852937842031,93.35878066264353,0.0054270644578648,6.788490201936374,1647234748.7610097,579498994.7501247,172.4026961964026,0.0410754046816981,24.33981185490369,2282.7448357147177,99.139202340192,0.056423759681266,460.5642298249464,0.0204111928067014,0.0468309129024788,4618.020468767126,1.954963793700629,0.0184609281431748,0.3481751449511279,153350.93513854803,624289.0711590158,108797396.0631408,1602358.009939669
SAU,0.2058609279649559,8526203870.364475,14891474.681695944,33.63651059764484,1161092.1228151706,110134496.79027988,1967.3347937751469,326954507.6444769,0.11291337164776,3027517.4969599387,299.1849821557984,30.495679090996344,3346461.2825834444,2672808.7836022777,884738338.0299163,30008803.44556679,512949.2676803494,35702034.92787605,28568770.98071412,1278109582.0811925,11276163.96130001,2425184.0526963333,27.087131407234104,3851905.222630765,95237597.67675996,176.68484196063366,0.0482235813897327,485.8358785497387,118303.12822543392,106.6042200448499,30246.18170104736,642761842.3812286,0.0626420671518594,333405.93708086736,513001236.01488817,11772959.20745483,45.52214415768077,990672.8823770544,368.443808444227,9498619899.732162,71924371.72907275,567242834.414778,1211838050.3992572,145212528.3308919,0.1419099966757173,53248.8151469798,1010639.41219752,84725.254942547,1766.6068351427712,230.29027703546691,2646.69413038456,0.2122179223746718,16251708.961526155,3527750.304147049,15178471.799625551,61509508.250449225,93.88066405507578,3835891.116046053,2193.586247725393,6243026.340601331,248.62967619589796,72606101.3468716,444267017.2823339,789638.6339183124,921153.5978725156,26730248.06827616,8658391560.973421,36635536.03209997,874.2908029368167,17.395356569913666,8493015.728222566,11042.639926543512,372.6521552258232,142775590.78839922,3994228.912855962,499198848.6393062,77401739.2331086,1.7121095795077683,47061316.70015709,2208492.668837168,32364093.108336605,22786372.938293613,301.7160948072603,5074610.723237535,20359.117574183663,60174.021677442775,640.2197899776138,72125.76557847524,11.112523338440196,1410.6981215546648,2342289.8281153915,185.85170805599023,4617715.726281653,40213115.9693118,14895421212.791817,31590.147136510703,318761.31915112585,20946208516.173325,4396046230.927097,370359.2272391804,17708448.873558182,7469376.730358329,1396.921093105899,152283891.18473488,78795053.2952883,9105586713.312996,269676632.0401527,2712051511.9995866,13263857.357342277,0.5099669720002841,25951154.902013674,122969843.83562224,149998437.02158305,20657468.93288113,19962138.62165353,9044732.378039043,204.2264370649725,3845.1860601946023,35457161.09455052,2382.342397602504,16318798.85523835,33792.13643563929,31870097.615393087,1151459.5611812668,14561562.420847688,146619025.56005448,92883.1999086652,8006.702386789225,3.548488395788084,1778676.255994392,28341597.677303,5033.157934161884,2184273035.7397423,648423.707805035,795417273.0210629,1421.7682102575222,136236109.20788723,3301861.655752035,9.336867366512427,185034.459890222,27793209.040129382,5782785.258684218,0.0,2511.6760593396684,43299591.67038927,0.0301137200987273,560916470.4021521,7877.162242654223,0.1697080962896322,770474.7718180731,18116183.26451753,1766157979.0449872,0.0139023671458851,401.869126191704,244305021.5632366,4852298649.378904,615.9998533535143,0.0193169980427503,753.2270968411996,9172366.058056654,3496.7681418231364,2285894.175296351,31131225.29722499,1193.2892986323234,39013670.71831031,50374.796318993634,167.6989825811437,4903362.775478775,1.6037334383949169,35546285.120090246,38253200.51778036,12318296129.539766,21256794.599677607,5838174409.885836,1154555554.708467,2662530.990167572,8843.258718643117,5.643135737853438,0.153613925270617,1877830.574621719,1107.7988698308336,17875907.30118327,445.5637511869511,930.499445268064,202332143.61103985,0.3734308963888981,5562621.05710028,516028492.38523686,293546.8822031715,45974.1252963274,2483994.700826058,491869.89260564407,60214319.59649354,2940.429754824432,486974.13197760726,735826462.29287,8.440538890947433,451860464.0877762,23263566.762100864,160705003.45404378,3046895497.68722,0.0078095406915631,2640030610.4502373,189842.0829264641,0.465320715980308,2115.419011037754,1408824.3072038118,3822560740.566261,0.4735740423818979,25098867.223840483,611342094.7932473,235153626.7109649,362602394.7448293,9.19682423513923,104.46285248098782,365395.38280872593,3150830722.8925343,663.1061330898209,232442.5362183083,5.80288290445477,22.714313165999755,197513957.43074808,169.70976776771818,0.4300513190172884,1.500835083388484,1792071953.6372502,216033.02414037235,53106360.041067176,4125312.566311128
SDN,789.1108708428193,657842588.6612803,567319444.4915465,3330.81522958302,15896955.140546722,16609385.570943993,7208.800366537627,28227500.22703222,0.3865010918544017,11580885.96059998,32.47990120184255,24155.047637963973,259510.49706702508,3348467.931823928,63967513.90878423,144614148.96074218,193168.59312248783,2327719028.158488,2465219327.2883763,804394392.9936755,19163992.855100475,222172.8825288365,126449.482673992,22725264.78656264,20975944.816899497,112854.31964284356,122.64758339410264,10006.04566716453,24714606.565642145,40661.16540569047,51.91345996190569,357391317.9649214,0.2160782912685128,2919932.894069124,24926491840.33986,490986.6944686016,0.6258849577772996,2239085.676975119,1413.108375134402,1059329819.367475,2390168468.1911087,24323569478.97314,10864125545.261503,3518899015.338141,0.4752853317143581,3437934.1290595755,959141.7764502524,5345065.4787234645,814460.5997935131,432301.5708597064,145.29731755951232,1688.1111333542158,2385747.595451561,1342897.77466458,3524285.5010767514,167018374.7366657,47267.71638825045,218926.00249190957,660158.9726149949,447596751.25126886,31309.986540400667,53433473.9214066,4845193978.638767,86272046.95257482,29679514.9301059,2402374.1037090067,50765465134.81913,7708711.255881234,38.24302656871452,60.05961680484884,29327823.609309264,672.3670421934083,79.83782507154837,5093874048.98099,2141711.786565999,41928944.857542485,2749474319.961342,365.1136678518596,2398636680.8036075,157209191.33830202,1188519946.7428048,95385151.96846987,16223.01178851353,366060.7128446959,403899.2838843984,3894659.386312799,2.2337323487708804,6761928.830686893,1.5163324164804337,628774.4807649668,16062153.687208788,207449.65575840248,8252972.720141632,1716056.1892136966,19349941446.72438,2909.833333324812,84265.01545879102,1869521873.320805,411878567.94926304,26899.053504326974,2687138.746034666,80456285.41143528,56239.39974793235,21138038.69176233,3154871.3579446,601434116.566567,202944339.3662199,160546436.77726835,8693483.127475908,1.8219937716048933,1031615.5002312324,12899157.163945256,82172794.31106049,2878110.6171099767,650382329.0335852,182043039.3565731,43722.99072543489,5728.746317297864,10988385.667824345,457.1893790896344,3203528.444946417,20678.460560044696,4033362.769587013,90667945.6612068,2299416.154407342,64204896.58058587,15046.852450302693,1037701.2828896372,0.6891626433240534,10498563.093525024,3705031322.169002,229729.7944061666,1246914774.3676107,11851387.414087746,40049419.68808089,24.85580624786236,58993530.69944618,795153453.7628225,4734.196584137231,172575.58390229323,34397830.30374414,242358.05374675803,0.0,460.9659381371113,4958097934.804639,0.0968047208400562,31887084992.878468,1123566.9282934463,0.5725902628308113,167651.27110174377,4305199.324739464,1159925517.5606613,0.0462440167433253,695.6530827156347,60780491.99171032,1159929326.1413338,520255.1363863871,0.0761220692304024,184994.87138599655,802996.6620682139,2.255072220006215,92257.52324587606,8807504.784412716,227196.88423330465,1933570.141394468,832393.2873724547,876.082152326818,695251.0364223084,6.038889089588956,4075065.582963715,28552516.0522538,730554218.9159458,121483868.31662664,1226408791.319188,70484304906.44772,531212422.72804856,1360.3294990163452,19.754296914831723,54.5366359533073,182957.92694822536,62.51636318556572,608450363.6162894,96985.67995843344,12765.85613062052,188531746.14786065,11.49403767700559,15459529.202021535,10841036119.785105,12775260.989623142,4807361.796577405,4479575.231551219,2111381.6734996047,18143631.14711096,3514.4610193418657,58688.22764540385,67100839.60187926,4325.285497626319,47767601918.311104,1038774063.4063482,117152719.51511192,196735743.5633774,0.0272224814526569,204456448.0311253,1471.5349867440511,1.5377833586374363,187334.6392567041,53016206.33509861,383785414.86244726,0.0821772911202468,1997256.0291124089,1028184861.5866972,462957848.3511422,47899170.27868492,0.8335435126400774,363.5216548289277,581635.7447358646,228851312.4712424,35054.401367955325,16649622.07635334,5343.286158643209,12044.551510360385,39501130.0037232,29.428289543974067,0.2759159607213966,5.109236716637856,1657496070.3470998,352047.5934367948,338850989.74631643,6249238.78597965
SEN,168693.8025764227,24889560.203163285,13847.2294136879,136280.5963326916,29237240.960279733,95040.0369790621,19650858.029114872,3575133.364305699,0.0852066610272044,2314459.5672537256,4.326288948185892,854651.1507905982,3891.5995606188217,20285870.49027241,7342696.055671382,12916.471896276864,1618768.1618475,5437219.26690102,151315339.68189004,421956.3155550342,37114585.744794525,6966.069944465944,5219201.905671668,34233894.63058023,24005864.115774628,22476897.038757443,18215.3704608471,193184574.815089,8108313014.195607,1360115.4485003948,5.115977658122603,428945.1738785041,0.046433192155348,131.72892804399208,2748827.891651102,43544945.08593904,0.0064522435931735,12939010.026384585,7349.090332614834,9307875.46698095,126411067.72231504,7062367.796332967,2734844.70038014,450236.2115943856,0.1052528620890465,1309562703.925047,22.436194920254717,21978591.435982376,87575052.24557868,56822210.5270844,0.0559504544955302,185623.87115763943,2255335.1520817103,12030512.0294381,29546433.456951667,11475.819288234436,1572695.845737636,2000231.7575993168,48844240.3631479,417039101.15636873,100302972.29487395,8494288.379889945,603224.6567040938,143624995.77581924,101616161.84930693,4059183.200321993,3677701.007498596,13252924.66882172,8.442046766840836,12.76806387896631,96171718.490321,104710.17956848915,0.4886370214874235,736651.8022653698,15522874.146645185,18551095.083901346,20472289.273380917,1518.061498969793,3418055970.622451,1417558470.4539003,250490.24665037813,77881917.05734965,1090519.6104974896,13038384.63865621,88426156.58242065,411462007.7185453,0.4588263186474188,804502323.3109078,0.3305145216299276,114675580.8924421,28433095.390759792,21426999.86523751,20440504.18444925,1314.3355245032287,5178396.380299933,0.0273489464102125,4848558.551076446,98028484.162641,28493880.422408625,3485839.933551188,2057692.8658215252,195103848.5134745,8652292.191429704,2712507.9766227044,153446.85108729676,82006621.97586535,28438.62132590693,5748012.440015942,105.5926615352043,0.395989520618843,54164.17618002846,306460.6398452108,42620.13481720172,2696651.2811838454,77115170.16691378,104078525.09172666,1398768.121770054,41220.27655582024,1042.6850405177547,4.8390485122696205,6540083.153379928,225711.98490707675,6476206.761282852,131890386.80970564,4535241.61833775,826.655582813803,0.7220902356129378,302180298.07930845,0.1436632014205747,10888960.26644706,4528108150.505438,179842.55096758157,595703.2946629041,16425813.375600308,2041859.332746697,0.4087796176900418,396.1368296784936,2306805300.439547,163029.26307702065,0.6027169927898886,25.352375275688125,257.6571276737399,0.0,9.649089315624622,17862794.560542393,0.0207021292458051,13832211.261090958,188262086.44991025,0.1252360483585448,2107745.5012539723,17648889.0912048,811650.5590841796,0.0100140228631815,148.40120052029886,201191.462017503,10555413.094009789,100707251.93587732,0.0165692394988675,452940116.91903615,582.7411278449408,0.3808332640807992,292.7327258497112,31341948.040907912,14979329.731333245,39462.18985087652,13887411.244481925,11698545.930678444,518724.5168001553,1.3272466388304052,43650.20641959024,51151451.0965997,388929383.2482915,3043.856876423364,13110534.517419662,1179281.4022404756,7362753696.238136,0.4468500516982487,4.142282701830191,0.1391693160342093,419952.04095930135,13.592249858203935,263159040.7223944,12943573.554494154,26685.870363667607,40101.092986543816,23142.682205854813,26071190.10869915,749866.2532285016,500.6692956870404,565375969.9920937,9471656.449567674,9360791.585951436,15561778.287543792,4.404234658529717,5.70629007791346,14166532.9872136,433414.91345888376,3357701.8525271444,3278109.316608888,2877.606849012789,6438742.351473471,0.0059981946752278,13711152.349396905,7.299641192153919,0.3380782320402663,21013789.3035098,56947403.35320994,217897022.2560968,0.0178877577816372,3580.586537752009,30048.627238712477,61676.8300454116,76317751.73104921,0.1481057550364122,817885.2604187853,160886445.95812774,12071068.137219066,1302552.5741595477,2616086418.717945,257430.422905799,651191.4917789996,177777.92240465863,6.433228633839757,0.0602970281236216,1.130962287927467,331240.9241851396,274.2840352560128,162.53051537556183,84.26284657800551
SGP,0.000234209491623,0.67353239623757,0.7988816774025749,0.0001048818696682,0.0363283759556409,0.04511483552522,4.597694546599436,0.036335201022684,0.0006875730744622,6790.278768866766,0.0130830209462922,0.0006075623645984,3818396.277254637,0.2260653155913132,0.1651087090732765,0.015204876856913,0.093713030919929,0.0909524225862686,0.1989040991696063,27069.41566348309,0.1958608984460322,0.0006530804237653,0.0210441710882507,0.094249480401551,0.7880043503356209,0.0260433713781938,0.000105428860575,1.1745473252839853,7.325423045293798,0.0005695221619248,813599.8383293152,1425.5660375392097,0.0001330046200109,0.423401341373629,0.3883700681154659,10787.56310378593,0.967007881263271,0.1056275907029942,0.9396383531862464,6293968.336798726,0.2405300467439077,0.3003492923392858,1.4058091791301552,0.2167373430649515,0.0003208859815343,1.3532865843123532,0.0013252245578714,0.0049814541453387,0.0557155497205367,0.1709624288555091,21.227302168495957,0.0004600458147774,0.0093487905093354,0.2249804482260939,1.1536207599803427,0.0079859710457069,0.0009932856993444,0.1864550495212902,0.0564624372596949,2.4135265040278675,0.3891700696283962,0.7376782314093706,0.0465118755601483,0.2772245834251237,0.8411267485361936,0.2373070671573884,20.79785643491197,2.5545995555529792,196.3856679052901,0.0375957561690425,1.3304098998041276,0.0084831962633415,775.6624679021007,0.1883610086461595,0.8881206137305904,0.1285811343029447,0.186776100908253,9.82223500756163e-06,0.1828477954399374,0.028181454166706,0.0208388998862254,0.1585045511628079,0.0004179921149756,84.23026219011561,0.1252431873622501,0.0815941961034676,2114.215969500132,0.2014779263878563,0.0010116752361009,0.1264349380551231,0.1210484411750727,0.0344905217480153,0.2553772086156722,178644410.14464563,124802.89063902576,1.20649114697977,0.2379827843468178,1.3265836985230408,0.4265596502254208,0.6067008491208469,0.0168278882642738,0.5366120263295187,0.0145688175173432,0.0722417564349407,1671068.7008687488,9.771451221313388,18.09622530005353,0.532058743235087,1025293.0180512852,0.0022763070487133,272248.2711077013,0.0168705205761696,421204.9399908867,0.0079553987845244,0.0743630141799087,1.591081741139673,0.0007262474663747,0.0004464244205042,52389.41722871829,0.0152084682758406,0.2638957228440084,0.0073217189849419,0.2878206063545668,0.4652720633443453,0.0889087936482969,3.309403994834133,31.041478565943034,4.234414392903334,0.0004343471578137,0.0354001256040668,0.8339856888797985,0.0004958428023797,106461.36873601498,0.0183883044198402,7702.178530725303,1816.796803462319,0.5528340017246753,0.8675502324806346,0.0001267330603411,0.0017864904165244,0.0798828880418429,55773254.45909313,0.0,332.42298208063386,0.5949799060267897,0.0423005646953242,0.6740256771042283,0.1486168367616551,0.0003846385824317,0.1258197814895183,2.002057382900377,283.3834776231115,0.1691834266674092,863.143013904043,0.1672816761246516,0.918516106178847,0.0859603525770529,5.023587828034693e-05,1.7145532205615022,12864051.488884524,6728.071940208785,2343896.1934945933,1.1113048588758048,0.0112176385254083,468255.9674329525,0.1404438193600929,0.4136835222716604,0.0046231463053914,0.0040239583601724,0.0105912007658079,0.5677869726833962,471434.2240881133,0.0113474725969517,1.393542927079597,0.8184739345371873,0.2076820914795973,176299.03846301138,0.0124458229082671,0.0004067023497746,1.265537234441743,9645.985356343386,0.0567382001125853,0.0226201092664428,0.000132385138329,6.243460309014227,0.0007973697221643,0.1897361270105673,0.3450367965779118,0.0009278767873208,0.1415996439769449,0.1236643921348772,0.0421752505157968,2.9720568016062567,0.0134885329867628,1.3442175155955671,0.1870736505801282,0.001001760430654,0.6168343657714885,0.0428193399462966,1471064.2274491168,0.2822916971485334,0.4558529414677124,0.8776934906481404,190916.65623583272,0.9168337506887984,0.0062008880023403,0.2112651895638222,0.926155595006062,0.2077962831452611,485914.0738639422,18.36370131739927,0.1253449270374536,1.7349691952440116,0.0542513815390053,0.244883545560414,1091.6886642059865,0.9878597341017668,0.0005758137205216,0.9341875001069372,0.0002069672958073,0.0004757871519913,2532127.999845864,948.9465591724144,2.0161794605897607,0.0034210424246268,1.3343135708260163,0.8386218100398338,0.5234373365460225,0.2635828982911983
SGS,8.257946784175187,138.57781874571737,101578.94228858,0.0001218001354079,0.0400408980515825,0.0358391196498553,23494.493671535653,0.0419326035998367,0.0003081071505571,22886764.634229053,47656.51345662025,0.0007122742242015,146060.80712846943,0.2709490534973242,0.1949508194433206,132.67005845984613,0.113454687370794,1135.495571466247,674.0212591154163,482.5706215242288,0.2330766463424506,0.0006848918584793,0.024739737407092,0.1112403244231731,0.9351780183683596,0.0297419995444718,0.0001305286221235,3973.3547454652416,553489.7009621729,0.0085156388670326,0.0183283056786849,105.45092498076168,1782.2519404459745,43691.59378808725,192.25356434594056,163.51085535209614,2.2696700778429038,0.1276102624761688,12098.07773708604,74.68774132873507,6315.022358026545,1814.5746583606765,11371.050004594095,1421.4267168165634,0.024484803552266,23236.2592389203,23.13037963288791,4.8406563375732725,0.1026145021974243,0.2020913350597369,0.8236500451154001,0.0005656648867475,0.0090939744923176,0.2705029247021606,1.3828999072658517,0.3649489236070093,0.0125808503186964,0.2202511581404937,60.26081403055954,2.5285281850533856,1801.6523562153316,0.6425384259184291,0.0181216873722122,5.565770830084591,1.0084854020333738,0.2843544993795076,1346.2509264741802,3.0537308764617164,22.516915208681866,7746.064634089895,1.608960138269949,0.0099602786078687,0.0017393662221354,3528.703711043703,1.053599501775593,0.1563512477896758,1920.4094525643968,1.1290914384981532e-05,3449.2073628321705,393.41569161002286,199.79938781722487,0.1696081242323251,0.1370096362411864,100.67794822969825,0.1516265632480102,2464.5677968733144,0.0016582091451254,8382.210629804944,2126.036668790912,0.1763921692905268,0.1450676040959997,0.0402191143067473,0.3070546888510916,1254.2516669900854,8218.589890997684,0.2035907859180533,0.2825625263235823,1.7596026067431176,0.4037058942913037,0.7269009023039679,0.0149644837653444,0.6415331204069289,0.0165906151285228,0.0631550006976047,1.7564391421856125,11.707855320941755,5478.133478512234,0.6482472199783491,84.99939800541097,0.0014479592486116,0.434413632003815,0.015775886712604,512.7796183628736,0.0066525694009581,5674.6801880582025,1.6794745851371415,4.866967696174333,0.0005496809809575,38.551560210805306,20803.204426758515,0.3131653640177524,0.009026953505919,0.3439546321029119,0.4976638142232577,0.1062463553248874,56761.85847758425,1.038932437293144,3.143999351327229,0.0005142690962394,0.0413506430761715,763.112559565672,0.0006098125547272,873.5718323493938,0.0199232091299669,12.196556904172152,0.0014555178665562,69323.58393959422,5.571789927179585,0.0235921837838816,88.473814233902,7832.364053960344,0.9864791160012992,0.0,54.17036964865181,9.07683625439269,0.1402330683421837,5433.604608052588,2.920149834186893,0.0004527569379177,0.1480628112171783,2.3885447194949903,39.74742872148192,3.609609397031699e-05,24482.730221454294,9.855324383627538,343.0623435529539,76.85771673485114,7.080733674802789e-05,9476.074509507373,0.7938211154234108,0.0013527061042579,368.4483062852105,1.317324829167634,0.0125178066228852,0.6954602616895267,0.1666551262990084,12510.802038933964,0.0038759562944735,0.3449915484479126,0.0103754666681801,0.676778133587238,230.3854816199338,70.84092863384011,2.1029295018686307,77.50984492178812,351.1548207241688,0.0015673791977541,3055904.48862116,1033.9076692469826,1.5200945052986712,1.4780086119296163,3930.405437806096,0.0250570169124042,0.0001600581340923,1295.408463372363,0.0009827178434624,0.2275173295181501,1264.7895735466536,11.533579357896684,3728.369285747551,0.1493833770843735,0.0509466630093254,3.5495469528258776,8942.865258216989,8.311760816451294,0.182506085883811,0.0011959605098088,205.316164661849,514.8883766055599,119.5275447575116,0.3400157609098257,2.241376293938592e-05,1.047917391231992,45.872957168040855,0.0553860230546356,47.79222301538579,0.2466521012608456,0.9843434144993852,7.839377982389248e-05,0.0840274846634709,10442.92710032747,2225.714022870317,2.0763740656025877,0.0005125104043228,9685.74194907026,51.84792813282887,1.1806188548659848,0.0112429691816881,18539.113267153443,0.0005851785099978,0.0077598474046627,7.752137436857573,6.83487709356798,0.0002241166268423,0.0042549577440905,11.711154598407958,471469.5210974333,28883.61887805004,38087.70373088996
SHN,183.83805095544997,31.82231207231322,161785.1535310374,5.813693682254275,0.0573282252619264,0.0707984323739179,624918.7464425868,0.0557482582596691,0.0004135444629795,1621028.854915074,28044.11573260179,150.4203424577012,90572.8707531408,0.355874121737429,0.2541460586058264,947.1085826890207,0.1500671520061587,8104.498374578834,13587.12800168336,139.58558713832235,0.3048930833298389,0.0010456442958153,744.2244406885648,0.148181404113842,1.236768576958724,8166.242474741648,5.789444044655713,2330704.654841457,125595328.58858782,602.9496201183601,2.682867129796705,143.377887519536,374.7729121149096,45162.51582461673,2694.8037799517824,13866.17462365066,0.757728442772418,0.1667794589208142,1432.466335733587,68.67062276653476,79637.36725717454,9989.546729198357,21352.47408162117,6500.959350261402,0.0076307130424684,9923134.849165184,60.34925072920339,2778.606835285273,49128.67626855574,7547.620920067599,0.0970220530434744,41.02128335124843,0.0145342307688451,0.3595988758526586,1.841498091827916,0.063197261025742,301.1875522587146,0.2950720493732675,19306.76105290164,3298.2063348876272,1307063.6365107636,1.1320139330664567,9.72489687201396,590.6920337676216,574.3368624008265,0.3756160442326859,5290.188805735676,4.018298606683743,22.093874942928373,1.688014805168791,2.1229862280726834,0.0133975790708973,0.0023383245375785,9135.47873998966,1519.7638775670057,0.2001779481872366,26108.727525466027,1.483787934830616e-05,442409.4769286911,142206.68060215274,2006.5893201698468,0.4552867902794819,686.0810495787828,131.63856405107896,25287.57615956156,1153474.935612331,0.0021802471022738,3320265.460787054,1308.114382789252,52576.56403237323,0.1917631602296143,10785.366343581298,0.402320089918702,949.2068204008284,8044.996468387223,0.3234926462472458,12.676734664515305,2.072636036651,0.6628047343312775,80.12555252457193,0.0268465528525894,294.98320035248867,3596.760508204496,0.1131086911056555,2.343650227893604,15.284447403770477,8407.867341987101,0.8255917790521039,56.587138825259686,0.0019215052673793,0.5765195901101379,0.0262190675002216,15.028256452764452,0.0124558207314748,132756.6321232603,2.451896230801604,249.2680057014229,0.0007137686638145,64.65690586268661,31445.96817155341,0.41786640481385,0.0117964977471842,0.4584265224881763,537.3393376957573,0.1385700757325683,32978.0000978059,0.2142674756694266,73449.2858617965,0.0006867534749073,0.0552163296275267,75563.90145198086,0.0008119086420492,672.1797899220961,0.0292350542946451,15.074115832969298,0.0019362977382897,67837.00140407975,23667.07943722774,30.89792665103903,61.24895405580729,8396.739075611507,300.0083268322384,0.0,132.3076796840447,1054.4598555358136,0.1645713499983685,41767.36271535647,119018.70286793108,0.1495976113037613,0.1987291077653594,3.1850170513305187,50.59568655286818,4.816998455225985e-05,17092.016194423362,5.198992691879782,373.379745772827,101621.29688056296,7.867731540045497e-05,4208596.539503593,1.3745694116130682,0.0017754800668328,64.14393268207122,1.7579263494542945,2627.105987708932,0.9062699245325804,8.120265842835423,759467.5600966008,0.0073365997593413,0.0733665509515466,0.016486740840925,0.8833011519961117,297.7760349462502,163.4150142349115,2.3889604413689107,616.5197366836829,186976.6516066782,0.0021189337054181,704.747083341474,64579.124058656416,2.0238620898019373,33.5543515353454,215467.7273961845,7005.903181942386,0.0002070917403216,2006.9196878213447,6.691840947479477,0.2976326760178551,4166.206059248685,66.17707358665552,2170349.193892388,0.1970021094925869,0.0671109432115599,4.688052602580633,6750.396512890957,5.030569024418835,0.2953118863444359,51.61599739993221,393.1899850660623,5261.83514717544,139.63359346701716,0.4341933870338721,2.9557498107735117e-05,1.374826020167406,8.451683634530696,0.0594553629553287,17554.741617384414,28.94859118854458,1.6466469036851472,8.69482169534308e-05,0.1138987551276784,14747.353527786432,3174.7850846285783,2.73385996427216,0.0006884248884126,101968.57221375452,47151.89770064642,1.541467187819542,425.6040539974396,10176849.412763946,46.02448825020477,86.7189529892562,20.583117455626727,5.298258206968883,0.0047932003744622,0.139632299048003,22.83846510927161,740274.7502997082,34099.82513085213,39902.556117476255
SJM,2.121141062961783,122371.4081059305,0.0010809683073489,1.813520665301458,30010.141372067417,34.518574489179,1.111141972834968,19947.653338484888,3.0396059973014644e-05,22939.127739822856,0.0013288207262744,9.52138876512858,2.09555330743877,592429.7518784916,97593.47633846222,0.7883843655581586,300889.3385926447,228.77661832558232,171.2915117242997,372.4873434221935,193208.44467793137,0.4685616285204284,80.0545300522809,139672.2928867866,2242148.6390289124,124.02083287961668,2.44530210886158,149.85272980673363,7352.858630228011,8.913474133188856,0.2655133667777924,561.0004636301255,5.596118373318859e-05,0.0,1474.797816023884,111136536.60148536,2.340342575735121e-06,310446.83720451983,0.1215552917345862,6359254.059154252,204.268633595268,679.4626575580635,878.0610023819452,233.0345888435048,3.830166526430645e-05,2221.5600267650607,0.0,26.694459578879645,140.74429544976238,1373.8943500059029,2.037295644186088e-05,3.3352031627065277,1518.404352526092,582218.9184892522,3896926.855245339,76.68392317446744,13.635451411228669,766461.1551761436,643.62861724393,86698.85425746866,408.4501493386368,6452.623057195566,1228.0098555234729,1243.4826609667884,458089.688546115,1158989.604776219,9636.660813724078,19620243.952269197,0.0036200388186767,0.0187059037133452,2080718.311120125,75850.17013285554,0.002884147982464,201.08975016433496,4816403.592902245,237602.7180875862,101.01227625984,1.735506237000834,767.5507630130098,72.58824786495384,15.158471998361309,96593.23094724976,7.742794938459726,148970978.73646078,175.0152631976961,995.21155959206,0.600617881525097,1801.0539853007615,0.0001983939680112,218.0181927656953,112454.19751623804,343.6667129551454,214969.2316802997,174.83771686237603,59199.0044720686,0.0019882428050301,920019.8130884268,150760.0132197166,11681.464045179748,13375000.71095665,2284.994720558952,459888.82101012615,77.14087577477898,3655.508829409453,324761.41171433724,19425246.9664384,17.680391212022414,963686.8089867926,23.089263960336968,0.0211855851311897,30308.02961702328,25.88262515191676,214.08263669034736,3055.5331253220124,32.999052486013966,15820.805623495788,10.443287675798448,1860.076606163684,0.0887476376317053,0.0,1002536.26185764,18643.575724708426,1275358.7022680866,47862.64234270411,120474.2889962691,14.83660919057808,0.0005270986868964,1609.2285720299633,0.0171151862814494,19570.83967883218,1410.5050658599723,134.67233038427992,355.4171897795602,22868.54239277535,4344160.6368958205,0.3978630247113563,9.089165483237592,1086.558638919756,1.66947201003241,3.0762635105929803e-06,0.0611607487553556,124.8537389607406,0.0,0.0070737925999628,1046.7309679317236,1.30378303992984e-05,2934.89757884148,480.1197263648184,4.8353603688156e-05,555304.1915726683,51377843.825941615,4052.172300670032,0.0006639462109063,0.0619192595845224,262.61799915132093,109367.94393276994,217.32170065906223,0.0,141.70610525642843,974.501307227262,0.2748470858997297,7.437399424873952,3248619.854346973,165.64470477575207,149941.0005862043,54458.60739681556,0.0173598097448461,992.0455128480108,0.0001966462130087,17.66833162950627,830305.2803804601,820493766.3851736,0.0062762920133536,4627.395412206093,5478.674563592363,347.7831993861917,0.1806130469049822,0.0057167431203113,1.1716389053617604e-05,231273904.68120375,0.0103226268380118,109.37927737797074,2.399534395074866,85.51676762538773,43.63550317109464,147.97253054986902,156881.46014700853,205.98116396903836,0.0500666332565273,1422.800374806595,244530.5650990461,49435.09445029913,27587003.1059972,0.0,0.0372453869214872,14837.84627029997,5.846830375931732,5680.68573867504,36.03639006077727,149.5891397697887,196894.1296962434,2.2601215974304978e-06,105379.02239747098,0.0070034686010416,0.0001349516842417,120.78560585261113,25833.92393073709,560444.9999533021,6.429107958894065e-06,742.037621013292,51.24273870231943,6.248972710322185,3126322.267705215,0.1162614616167989,0.0269701139682486,494334.8468908168,322828.97344381484,8.001041794484744,5777.779207052341,1.5983348003441726,16.487148189709053,907.4292982445772,0.0061723036512925,2.181069144294168e-05,0.000426159917481,1470.9923931589612,8.863136406489502e-05,92.78947535948828,0.0
SLB,0.0158015678077561,45.01284347547487,53.06102266186643,0.0070400966682433,2.42780999750444,3.008146311369451,58414.76717961964,2.4531341876412167,8190.663780527189,577776.8144610944,2.7103499364307906,0.0405253386521047,306050770.9781995,15.158618838992677,11.003472937252509,1.0217156383490007,6.2965019386974745,6.023172850174954,13.209609648295595,11.980878541503976,13.110594656732856,0.044586257004351,1.386630501255821,6.288969702656177,52.39375410027618,1.7307356611141038,0.007205211349039,85.26130409094696,518.0211626151702,0.0381579715771351,144250.343453863,4.029467708822562,0.0091756601164973,27.95688320474753,25.869271847411515,8972.68142087232,41.35503601194272,7.074797077713569,264447.6869529319,169599.088221176,16.117553040263076,20.06173702085403,93.79969309837,14.461911013950992,2014.624232624158,90.2412088474993,0.0897569382830218,0.3331566889102533,3.699326859081488,11.338280029964066,662.7719925554138,0.0309989012229311,0.6163622941883347,15.090221681191226,76.96089059182063,0.5369330628339336,0.0646632405829876,12.405556243577136,3.752447966511293,162.17319890711173,25.874066807932916,49.140297176792544,3.106270607611416,18.7058596522214,56.27319673641179,15.87164132783171,36.68879244839427,170.83582452528762,7938336.206292741,356.7571779341516,89.0662839598674,0.5638964229788144,73946.52068286762,12.557591839356718,59.1072172944546,8.628703904059865,12.435307287088351,0.0006387621059786,12.214943668361446,1.8828561697636903,1.3909977682699832,10.596043719812158,0.0282238246545407,5657.202382229075,8.315658157194395,5.439096268494761,7071.3548605139495,13.509097085621509,0.066097906498896,8.446382694300478,8.102319543871536,2.310869680125844,17.17424485324676,1354722248.1667488,215.5594484976085,10.081142340672123,15.948903993345006,88.39134506150475,28.26226845753601,40.54859175901286,1.1282681916889894,35.82840853466378,0.955030996778433,4.80032345879467,1797553.738233375,653.3979753494366,24.382085284703244,35.71886808207907,10635.822676549971,38318.554135094186,52867.15119768128,1.1152015663486807,14853.56137272797,0.5302783947521448,4.986209297086461,106.28014302851824,0.0489930860959368,0.0305304155441366,5.944820796503557,1.0095553592327011,17.646367229707373,0.4964966509098865,19.30458015506798,31.131892892909864,5.911592978736819,62.92700281135245,0.1337230563378205,179.56070113882168,30755.039601852888,2.370595271374184,56.06751466386986,0.0342821909042285,1221.7927383072868,1.239048246480234,701.479946126992,3723.8038381925135,36.79019516888006,58.7747701375569,0.0086070024998292,0.1308066825340842,5.290962923990293,4711516.8955221325,0.0,13618811.388676835,39.5794299688835,3871.734641976655,44.968124768336935,9.910207773681131,17193.564393043518,8.31677883004774,133.806432598692,13.315885286158178,8121.780437499285,4942430.474568096,11.206825415215087,62.258115959058586,5.756735321292678,2.18086821906188,114.21331374470029,4064555.452535706,47425.13117216318,3021885348.099246,73.84992010263666,0.7386480348405928,21649.918588311157,9.390616348742784,27.87837411004257,0.3078228517354979,878.9188774788724,0.7024678347556889,37.86509740871071,75890.61810655077,0.7513095881461643,92.94636233497968,54.34067721380176,13.948254809575335,3515.0733324033577,123.1959150248774,0.0469173535987135,84.86337966174067,622480645.1059841,3.793565946738549,1.5016054237017844,0.0088166199009833,69.44396406448007,0.0540741683949193,12.72992406737695,23.07906261305907,0.0630174697872458,9.462963623781224,8.351558339206349,2.8259461368050687,198.73195435765015,0.8892736258812803,0.1193605411356784,12.50938533420549,0.0663262640036066,40.98514388664631,2.8696944054920124,6050.069072025992,18.800984428249944,1696.0652661111671,58.40615272910899,2054988.0582507888,101010.23194280312,0.4120885850871116,14.18885597641967,61.9536799848582,18291.25270009041,6040.181643278554,38.99615436789073,8.387240800023758,116.04336926082988,724.2243379069478,21.435116027557584,1603.7580523090528,65.89621891968632,0.0384368417390774,62.38830544911482,0.0140271327427372,0.0322733907923833,42289.16000441881,25643647.39052596,37593.71183195317,192509.4984480888,14.168296571341571,56.07052154817286,34.64601978174978,17.518405024714887
SLE,24769.75662559271,1908227.8468550467,168.5902510164362,9936.46187582775,4597136.979094608,20029.532478657824,5120004.087689245,540253.2709372496,0.0547694222462595,1442692.5277407966,2.7600841045799207,62842.64221015247,2484.26495020329,3396967.5642407862,1197612.0668234478,3.2193862719461066,270419.3187193377,63550896.56422512,687532853.361237,4577.665845852465,7399049.374341669,469.7810949369199,319781.63944843365,7451497.111167813,2868032.661335844,2982161.647953421,592.6349385031635,82251402.42450379,4808131531.682615,145917.31493741274,3.2352495240214694,90809.9750542878,0.0293334191154599,88.33428669463137,871880.0211533483,3003282.7855612934,0.0041560811715726,599643.7239034002,228.67097860751824,592789.8015713858,1713883086.7780206,3317989.1392059126,303433.00175617245,71638.98848348296,0.0686884814340511,445410893.05829847,0.2849565180379976,2549841.1076741554,11935618.812391303,4604476.010976765,0.0353724534463708,13404.089983082176,271824.77191551926,1446457.2611384988,1990816.969342057,46.71418304783202,122533.66196232848,139275.65407623022,3633303.302603191,114437488.82205048,30417565.96574506,2281030.4619582496,120927.2265198743,26565693.90662993,17748668.40803031,278858.60858473467,582898.2642569123,876867.055639159,5.43655914851931,8.129813356612628,8319510.708998606,3195.882421282957,0.3122474307683171,23887.53554667875,702176.531439893,1969348.4681018835,258070203.76629,170.20814664814225,7212302085.696414,319164098.78070545,8969.164180298849,18084320.49429369,156479.46758698113,726051.2598392409,9910973.899807224,236617640.92528945,0.2885981626152691,354576592.05820096,0.2104203608863741,13873298.463972308,6238813.999243155,1446924.8497145316,3121410.4474092694,845.5816443679688,544598.926293914,0.0125674888726674,474262.068411151,15552095.726033373,4020581.625440378,90158.90468756385,270723.68588101433,40960251.21080483,928822.3278728024,971027.3615450468,332.3489066769451,5943664.840224562,79.45538636920313,230447.39548780615,66.17775923635602,0.2559419454600089,85.78108382616318,40329.75918002028,114.16368014040668,512220.3101698675,1712589297.6445084,31016325.05575218,146653.44375094026,4781.91251699504,17.949542990222852,3.209259553109796,568080.4038134309,10628.662494668246,609018.4052479152,16469119.075117487,629366.9605369508,91.4282903481173,0.0553239079959344,32354711.65672748,0.0915186342045387,2264328.05950663,1831332026.3183343,55500.96847364586,25483.767361067494,3132048.194111715,156692.76413195688,0.2571358729852022,117.34098893440898,199633452.44954807,11342.226898513734,0.3792735501415145,16.78744252166527,164.09973340677345,0.0,6.208878093031871,62256128.90675344,0.0134603655582736,92514379.74523556,23752521.40414074,0.0806081954731325,61111.1514214069,633879.0582348321,11335.64604848526,0.0066311917382506,94.6118521206843,26417.91316333422,1054230.983154191,14282720.689862495,0.0105956337782595,151713330.2965836,142.57710851319823,0.2399990959626929,190.52681119571204,2906731.607675557,1619844.3992858282,159.27888708533587,2263322.0595580777,5047538.60534139,84441.12224418056,0.8521435786250444,17180.52464577456,8802999.797416514,36949523.46987365,2.408654956509577,3403721.622964385,301987.6203577331,502892804.7478565,0.2867647349491307,2.6406890147537845,0.0860601214122382,94835.54081097255,8.84565525619512,4613114537.008669,1389104.9472974185,9427.447276517516,884.1314520377912,2683.8078366516,4689497.5474957805,113744.44437021206,11.428078299795406,315132465.3964017,1220133.4160513545,1498913.812431716,1872890.3611798224,2.8221452071463062,0.0994732749206264,1474375.302672187,21728.51165782288,2486639.169944857,37475559.47760995,198.54849234662544,421329.9396627602,0.003936692868335,1563039.524116743,4.750120639233522,0.2179815147684218,3580440.72490038,19251978.52846949,33712419.67546218,0.0115286966571401,15.0552464977611,124.1250567676117,264.9653097330561,10977422.623803062,0.0911018581758051,250813.3253820999,21552252.88839081,2103531.5070588603,136417.36021092534,779080027.8201603,20308.7019516984,53722.257273338735,1091.3819633974845,4.167301494822926,0.0395222797032291,0.7417739984129526,29440.923696933824,178.17790620793184,109.88362789028604,55.90625287794953
SLV,7.7501558768235554,27.94938418542113,28.725306473947125,13.692114312135212,1629.6178276747116,1.587961005506893,182.89109000058804,1.830233325432193,1023.7567319311202,276827.4791153826,0.5084679307607589,110.24370713101096,464.8769377574039,11716.188201746416,8.02095447645592,0.572021318141509,24593.818953044687,3.630460707765893,8.218213473707397,6.84428344634879,680.8661552380365,0.0220457714838993,300243.128936409,7737.846434168006,29046.89026718035,43333806.55262631,1217.716518079862,314.3342617513923,4324.141448396612,0.4436447052355561,0.6067024448379925,2.403526819338822,0.0054363172907869,15.491316243378698,15.91833667985187,53999542.75120332,0.0007654611439136,25335.12875884268,36.702696043577866,1536.283786813576,9.825710665149,12.46557625155583,54.03434804746264,8.510013357204862,149.69614357263416,12341489.504172258,0.0511466238668845,1.9252899254938391,18256911.1334848,5639685.953028325,0.0065636988470032,3017.3160166633315,29.36923954307292,16001.07888376546,135539.40908408875,0.3130570978466638,75.82933540165584,41762.44103043343,189675.2382559949,18068.75749604258,326726.18990470906,1660.5085344893712,1.839584365517948,12959.96212215211,172147.1805781681,8672.778011016539,20.9806962237362,43815.28955977803,2896.4837981199203,1.5124254595364306,201694.95814557228,561.7627661747549,463.7963995820302,7.439120780022506,279793.8055630529,2696.406529509052,7.637782198854811,3.034478177063818,15.742600189547858,2.0930890171340977,0.8411041392375296,7582.274982544015,1.3809334554692256,542696.1436463642,1030646639.4697828,874.359267069317,10.133378231158453,2019.611152469688,0.038516455937902,394117913.4354704,2708.0927504802858,167438.72636862093,10176.223049316995,154.83270051513276,127.3432200212,0.0023354846834244,103454.19682131513,10373.262764377556,1229.7942962083798,107109.76606580844,533.0414784694382,24696.64368827225,414378.2821200043,427.91417443552734,57.35782064615985,7841.206414793896,13.979904242111749,19.438398237572216,12.335207188153529,21533.49639543852,13.955778121258756,0.6322332639881836,14.4161181502498,247.1024289249417,3.0205305004890306,2271.674686856638,86.20126247904315,1.7026927534684404,3.2878252487889057,0.5820595638085564,25101.426097511136,968.5720908043072,39046.92146367782,104937.89175092132,2101.1313797596213,16.55512352856617,0.010079688268221,1341657718.469429,1373.5394976696882,40.38774441895887,106.00071605883566,0.0499689431401293,35.55637165973617,3527.037087770719,360.1208849179343,0.0483786082842758,20.88848414347364,733.2248095983471,12.441134326323663,0.0702804888218526,2.941008556387709,30.44739699702083,0.0,8358.327410973829,30.114603812378803,0.0024259988432504,27.413269727654807,119710027.42722233,163.98255002954193,36271.24988079727,159436.0592108232,8.036503540768287,45.09278167784214,17.47211544135019,6.8606361387736845,34.846013109075614,7443890.295003712,0.001950522279297,3565.711807393278,26.6830331593712,0.1831234873072507,10359.324908290317,61077.776105962665,3088.985372100631,22.103536205056443,64586.72668440311,15.692651199848742,336.1093855545101,27.3560912010236,0.3585048380388276,15068.371373803062,1023412.3694115534,0.4299950314758876,2379.8903127873727,35.64327228773653,37.87796494165551,0.0521764110778022,0.4883590116838507,0.0159237493820683,4095.205418497456,26107.59331817465,2.286684409311597,248795067.66861156,1.256120988011844,15.561192459712142,2264.466135624796,3891.439795047094,13.86950156685636,0.0382720954773407,1416.811035441974,1435.5850257786783,577.012145940535,88630.42992942322,0.5161204425531878,0.0180745849116563,4253.170078002483,2283.2668092623358,45.52685704105246,1.7541708978688888,32.520296540076586,109.494122113832,258.6819794597104,1110.7477697877891,0.8517919150139903,1671.6198380556589,276.92759213066944,452.1003917467641,23164.61564776086,1136.645266561769,2.8608662767549,22.129570719321645,4.977880505960579,23552.762766332635,19154.39932040258,9.630369190716394,378246900.5887727,2045.919064784974,3.3028575769050548,100207.14818255136,46.199336466124805,129.56218030166804,23.836422901750097,6300.454920508073,1721.471046481547,30382.21382264793,9.074353509141462,32.31775952784737,18.940585130784104,9.832066014724182
SMR,0.000335918914061,39240.58755013507,144.5883646845616,2.785044103860855,214639.4144287109,312.03386068850523,0.3400655580795257,33154.80329608917,1.8574808763105463e-05,531.0300275594302,0.0009457822343783,7.731852846220136,0.8590010274503737,1269913.1573791504,55189.84525871277,34.96712826004875,23693.16828727722,6304.561598687433,17300.13491503708,5264.519386183471,457494.3292825222,5.267332836170681,9.048958609751796,965055.6025238036,735381.714255333,40.84938402501761,8.19958168563062e-06,0.0803928666223745,8676.133284101095,1.1882539689540863,0.0011292710350971,1993.6496621861445,1.0344248039473314e-05,0.0286567642936006,13407.662578075578,27488.885938708976,1.4301662076832145e-06,201636.76752853396,0.0682751172186035,127013.50600717706,4302.286294724792,27653.9228616897,3390.4364415118885,696.9499434617976,2.256824462065765e-05,850.9224012941211,0.0006724363433647,94.55999035574496,758.3287755480153,94.87256242643872,1.1259339771640953e-05,2.5232484154424952,6399.2696714401245,387352.2520993501,541635.9356131852,861.6641290630214,2.8947116285562515,32327.45204733312,237.97671857243665,255916.68531948092,0.0279381338559991,15670.800013121916,9283.055916870911,4246.629534721375,210016.02948889136,78830.64684963226,116187.04039508793,333444.90416410565,0.0018498564176745,0.0027516212658156,662814.8311240748,140.05494117736816,0.0001060405158153,2146.7140867688395,67481.96611502767,108383.39234839009,3849.157932959962,0.9858030676841736,18630.79702356551,2499.6700480878358,501.4799442778624,362759.9801646918,0.581789574585855,76738.25276324232,54.09085307135275,292.0328973604701,0.0001017711707049,1268.5514937373098,7.301957489858069e-05,180.74847191192316,1447044.0103518963,52.027725697970936,1057606.429342098,0.283499963355735,85359.73286275835,0.0190046125411527,10859.665593365671,177775.37360129703,42621.26705177082,13829.273430251254,4312.965939998627,4859223.80121471,61.37079121386887,6937.310729335992,2080.5278992048434,702363.4121533786,29.03929396080025,46897.11098513473,0.0227994585791293,8.431990834623093e-05,105.9969920722652,475.6721581816673,239.0903175554391,5635.888347625732,2067.111899888143,84849.37571954724,2.564381279167719,672.9662418365479,2.409669726873176,0.0010856460681907,163676.696103096,2280.8128509521484,114671.01506762858,53371.93880850822,100040.74779963492,498.50237840883824,0.035508183801519,2078.344590743848,3.133112331354937e-05,114482.99719762802,86004.25640681293,310.7780838012696,6754.249132922322,157863.79641723633,50314.955194982496,0.12029326214045,117.47867084403232,36909.84440661859,2.252647116780281,0.0001322304049615,0.0052963730924338,2.567138220699647,0.0,0.0020515746528619,92264.5696851164,4.32435808761511e-06,113878.81512719391,165.93984961905838,2.775186658254825e-05,21028.347011327744,149262.33653343096,16472.619646565276,2.160620397262392e-06,0.0323526463572396,405.6605193528962,16639.8130378453,10.30355738187015,3.543843583031503e-06,71.39366432396028,3.559830939355386,8.264211865594007e-05,0.062926008966015,1238886.8211655617,30.05488823015185,2577.6035575001733,9259.857237309216,0.0287813190602435,1266.3247541189194,0.0002862708256134,50.75670981127769,1551036.3870038018,7963909.014115373,55.84470799261934,27759.279219234595,81077.55338940752,13424.312897354364,9.330616745728548e-05,0.0009005467833738,2.8974499230116635e-05,10453.25786295248,0.0029464550855244,5008.718277522363,0.002001277930276,2472.437744140625,615.5203846687709,0.0003053791783713,751615.9096879959,3809.362491282086,3.2761134561151266,844.5417570757563,547638.3639068604,850701.25390625,333835.25380280614,0.0009481026002049,1.4262660704485697,40631.61461353302,0.0053416873997775,140914.5897602843,1421.6072854101658,1274.5932262233991,25008.343986580625,1.2970641130038985e-06,29131.5118501205,0.0015550117530551,7.349160697245338e-05,60.52297459635884,92390.85793963632,839310.3755245248,3.896579592321814e-06,59.27498322150109,624.5193245153266,647.8225536955381,1820497.779512465,3.218502798318923e-05,0.017898156395437,239.2987639898516,44179.18969967961,0.3187263162508316,5727.957147946847,3.3383832024410367,2.1716966442763805,338.0045743139242,0.0013835317515749,1.3197014004928675e-05,0.0002477121097399,10155.6322444788,0.0595528761198878,2.6600991823388167,0.0177427867952104
SOM,0.1975762432500802,377997464.4674817,298069234.247211,0.0865836651306715,199442.23819293335,11069042.553635612,3838.996847193534,6439271.937822439,0.216809604691815,5647039.369640766,6849.583647618632,0.4980739439029084,268678.5348944776,8699.717837784587,19246427.048470493,501425157.2972667,117.34492947578175,26695917.96649579,7246019.649072088,1819820231.4154236,243465.035306974,77854.87593917717,17.734686342021984,124342.31521856676,524608.0177213129,21.72500862638504,0.0886161556144861,1009.9016796409752,562892.3326026794,0.4752570854737548,180819.0563909289,660101204.1300684,0.1139834192907605,15825592.469462195,4187057474.2933903,535549.2011051286,11.130583379909083,88.53391107027696,789.5031443070386,2756003341.714761,53586999.8014725,2304624505.2748547,21024785911.92285,2193723003.166401,0.2710660779760659,1229.7701361507347,4334886.272827456,2760.898339393924,47.15903088522283,145.06068391103267,663.4512078725413,0.3984477531857953,210016.4114597173,34457.64631935337,12998.715323465483,104288288.18201353,1.919223683914476,3680.634636530413,46.49456122313277,2118746.984962309,333.6975642945412,3993892.824214853,236349227.13724843,6001.23135921074,757.8040290526598,44381.92815678651,31217271075.0425,679652.1927242274,21.18250598612084,32.22113332679652,1112.8677719935145,27.456723398883,6.3305290062813695,2042101419.3241804,3518.733243402632,7552709.772354191,57442050.42333446,0.0077189932364455,8224391.189705785,34404.03502976488,290909732.1572592,2039273.6576744928,1.429374225190906,69296.39942125308,103.69545086577222,49729.31214661453,187.73508366015807,82532.40802942721,59.10138857683432,106.83871194456972,135495.57289565806,28.664971167451668,37430.92754281458,86580317.62630281,27649193212.31035,22996.73610918344,231.887754173325,609808298.602258,120454561.5791082,502.398329138201,161127.4712719449,639719.8567830699,12.181978201442387,3574448.430186612,6345306.394760348,118938416.6788956,7918182754.656694,38824287.26559642,180799317.4905973,0.996367642846334,2109716.485435108,4212913.569190413,471304513.30059385,142018.14289597323,14626048.986934377,2065778.9643463516,0.6089993154051421,0.3822329919604829,260828125.54615256,141634.62278315658,61961.22224237097,6.069690391254843,91326.54238558818,829.0362701975018,58453.595811375984,677514266.142392,744354.7226713778,2157.390789808378,0.3546936229700943,124242.31270075716,3085698.420956936,341.65611844224543,4597811298.54925,107674.78840872826,5266432.864572024,164.8072167127503,758830651.6148672,50874.43406261809,0.1052571076058168,720570.4271515545,181641923.3371236,37365067.33562508,0.0,24.47896260311556,3694244.2826481946,0.0522092958079276,618336962.0829004,126.11209744583756,0.3146990554223841,188.78158801412897,83429.7682131085,1822879531.5266068,0.0261347278695949,5268.54338883643,86750273.6002766,1222542999.930126,72.22525962437284,0.0407151747236643,1443.5001523062178,29030158.96474248,201.0445545995613,17424.985658059282,95832.55484065856,131.90990838035654,3600081.272638927,115.715124527728,350.2927728187568,38618.09797707949,3.335365195401104,1417342.9384755967,225576.4517632622,121796951.0106434,362642702.04062885,839393195.019304,759327349.103283,56052.57818964168,73790.35985889565,10.298676184770612,1.5979870887402514,11630.765836047574,34.465883026309925,3623976.574071924,18.954456928506527,0.108791596572594,12929660408.68634,0.6650529162449592,158901.6223651492,6805832812.059313,3092558.951145122,35502.597316535364,17177.78281028995,2157.3460192828497,225243.5660830615,614916.0242457907,569710.1021513859,12317119.288784608,0.8208804388873734,212284550.5820169,17510433.92760269,909180726.5689454,56125480.80201906,0.0154333424447149,69629726.23099409,10405.70828299291,0.8625852258453173,5.233244303486544,293886.6840394968,50314359.37697512,0.0451796961710911,7177929.830842139,6167071995.616962,4981335424.144158,1193057.8166506032,0.3530968304758969,213.37615600251956,19795.521900887405,65998877.61901631,0.4766362154357543,2220.661994470663,0.1730853265144126,0.6094737444143569,368843185.8942804,16.37083081214343,0.1551713190650409,2.9210594653069077,957248969.2204744,13364377.879933216,414321269.6547829,52017275.33331423
SPM,9.528475642204285,1019.1023091188438,0.1041717748096262,2.4755737520754337,12230.279585242271,3.314918431416324,0.5042872385311677,1026.1188657083549,2.9916975959665137e-05,666.3342289668673,0.0015393963718914,23.26739136269316,1.3171121227371718,60176.90459096432,1372.0299707648885,0.0018223178187213,38444.88054275513,32.24809067899681,29.46058203503056,0.3781224011675699,15234.767237549417,0.0472806194456527,839.4329290930182,24091.131766617294,68250.65217528492,1606.198282621568,13.81582919228822,1180.5969931498016,26239.38196602285,16.48902404308319,0.0016918942919801,0.006823198492242,1.6472120023536263e-05,0.0515419599136066,56.58079905679067,11632649.289645009,2.303455403307453e-06,54557.56031823158,0.1067449938102863,8392.250945414993,139.80803025917317,112.47831863180724,401.7485045849601,146.96101826778,3.9832260112504514e-05,21849.0640295574,0.0001609806880473,147.07812115972047,3543.525822439289,5467.227178069181,2.005185115194763e-05,22.89666016283445,86.21260749734938,42787.98466742592,322238.3214977309,2.06427300187998,21.17409471794963,48999.979725603946,2761.108373464085,71480.55040155619,3836.235177024386,1483.8706951297422,6.128455838511273,2766.278135133441,339357.8208963523,31856.069517821077,188.70449345423413,208457.76828019507,0.0030150433416227,0.0043325214776359,595171.7152631432,5208.605470657349,0.0001683733086509,0.1458245922958672,478621.6522388514,8441.28622906105,127.78634834703546,1.8814391493797304,303.30489975480924,60.87341798875264,3.2883203413169326,20822.84837849456,17.858174197375774,3395361.344508161,3358.64700839507,1926.768003266567,0.000148241521888,4557.234197990517,0.000117606844654,3819.347721654318,29864.817026710138,1176.2766221901402,23539.665801670708,0.4651664007215203,18.77947980277676,6.858279417265578e-06,162217.6579457689,6404.923538758815,3165.062543273444,394077.577278533,253.4823414918501,127045.43310253172,764.8115034848452,698.2092660631868,27.643623531526952,100245.792598012,38.17034436173587,1089.0504500776592,0.0343899253640831,0.0001438370454476,0.0538419955363433,9.573491321018082,0.039346179939633,507.132686946541,77.92869259335043,7990.13080808982,41.8730343580246,196.0354368686676,0.0100656471381981,0.0016106523495125,34272.18518277258,2592.1835046708584,42182.02561240454,72583.5229629958,3742.1254281569272,0.0516248114519305,3.098199530381096e-05,9707.600075845972,4.9219188709148654e-05,4478.364050939679,1772.2280580259976,52.21303209662437,4.852928272978801,9245.307751089334,6081.650050964195,0.0001313110831695,0.2717782357859235,5041.3483328287,8.252940505743027,0.0002015276510611,0.0101886696870266,0.0873538391580943,0.0,0.0035183057323981,171.48037424939736,7.701284971517453e-06,260.9554049462407,7071.34074837761,4.469773830351187e-05,41173.889444470406,615204.1197327897,17.23686343424595,3.479940005490789e-06,0.0503650533242833,13.734579473932088,1141.9895391216724,4946.331054786919,5.70778820829787e-06,6937.689204778756,0.0735574647257966,0.0001305139364902,0.1071756047709168,152083.89422534406,453.39945503650233,48.928435697659935,91558.03745023906,0.0525149955156196,107.8001103575807,0.0004641346777416,0.4334264978172797,38127.70356009878,2048129.4068662983,0.0013430817214388,791.7528537247283,1077.015046076824,401.6290348772272,0.00015386604327,0.0014160058106429,4.785957673902885e-05,50796.677857058006,0.005002489128735,93.86470315072596,187.89284868878892,22.247797966003414,2.550814521662546,10689.259819030762,13671.743495625444,18.82962980735648,0.0001102281344209,3134.552539387252,16403.31826980412,9559.83286201954,337661.4789503496,0.0015422787419367,0.0001091016365624,2256.835998006107,55.58537641167641,70.4959179771807,24.412869130820468,0.0924240937810996,607.5401001665637,2.224498757641413e-06,1908.667233548608,0.0027121773122971,0.0001186679156131,221.7270017703995,9477.136733688065,67364.66147638933,6.317202696948243e-06,0.0075914785797124,58.52924811244763,4.985403427824707,101375.32547835112,4.72123347172726e-05,0.0277325181232391,577150.6545423458,2997.365874497459,13.599938927218318,19205.925369209388,8.647956849075854,20.893509060144424,0.0652943994755425,0.0023174983551768,2.1255386625826375e-05,0.000419443035355,65.59678595388306,0.0983117986553478,0.0670515788489161,0.0332601453947347
SRB,526.8023132827809,62532321.26644656,243561.84673099004,704.8271385945648,387386232.08210063,314700.56509414973,431.0410571029827,57649431.38207218,0.0228729479477403,698565.6232412946,1.1496996351353204,3921.009290140257,1084.3569822890156,390941862.3030434,96453691.06526104,14510.93262689991,15839348.10222581,10626924.99780012,23626495.98538336,10780730.5548581,2509800589.735442,18152.55875897812,43358.89651135001,908771523.9391924,978346471.4188126,43398.14345421791,7.088027081262549,1352.104654532856,1850726.6210798635,5660.24312678639,67.87251821851731,3083062.0492837243,0.0122536506581525,52.38027174079926,21110199.231353484,22187526.253257856,0.0016939026675721,63424052.79497057,85.56366346668597,243770606.95497543,5334871.693213766,29116570.893898163,4267362.634367431,1248102.5001184798,0.0273309766626863,321530.5320319836,429.02331639963336,134592.81402389627,21612.00718305897,240671.22718464604,0.014407778247687,106.69899380512211,6224735.897672743,367436603.5231778,493231654.4376772,1771877.1954861106,3923.518991406446,54292354.89688671,251750.48688665207,75202876.37643942,9162.324003836437,16409926.228435067,23518857.311451755,4878438.291906015,43833578.819611385,88213969.715055,312274246.0794047,441002016.1687607,2.244394234992372,3.417718163974373,210120925.02742627,389535.25492846966,136.35960082112814,1495858.0244037055,59353045.1417452,261821375.59811565,7770449.092571188,147.93210406205617,12756069.835235365,1659782.89138864,468618.9731017047,955917328.8637795,1796.3353537310936,115323435.55452448,21889.252768946026,198619.89461422223,8.337718865093775,545535.6793455728,0.087128253746858,22787.97044075987,569636426.9388506,107248.89229073533,1476352265.9188695,36188.88241952557,189996772.04663476,9.95711925918421,6568152.624394584,291785012.7924889,53575340.35343509,15216101.494606065,5732303.216775812,732519441.6424024,28619.07483112677,7585661.279361419,4298099.255221116,1196257287.4766686,378542.9713914021,95686231.44937114,26882.768732750075,0.1054326387289616,739270.8050752793,336809.510098957,468481.11744446575,8758688.269997,948411.3177459632,47980239.53904458,10974.471009956456,298241.0427384153,61452.10980122829,1.3673300676908795,187582124.30744717,965426.8067200716,154191264.25496188,13956773.545770716,297402054.4885595,35342.570199066235,193.6145100351225,115722.04742062828,0.0427700910503218,567752382.0540925,73966826.99133545,131769.7341645956,12158358.977621356,294191521.93804336,117975471.4581709,3.441125955864026,32611.842680568312,33987049.37303601,501.6420924875249,123.44929575652095,23487.44420290938,11876.819608105556,0.0,2.521001442475745,93602878.57935695,0.0055629866131425,126006119.40445296,152891.54419813256,0.0334494886531047,22151518.11139006,305211461.37883365,13050078.513941552,0.0027120937564575,40.6188622274044,1242423.2576169935,32332975.774692748,16490.380959710285,0.0044307939719605,25803.169374713343,20015.20809170281,13.01893857682743,4222.470668885779,1430226602.534662,40501.806016630806,3440712.922377592,2007890.687910584,36.68696528421826,1947200.559225943,0.3531171731512609,142088.90476965034,5122892554.153521,12648526208.178003,23116.612886869705,43711919.70857654,148773851.20997122,12649620.577753276,0.5438314336012757,1.1264287300899822,0.0360141866399423,14844043.008801231,3.635222849584309,1565743.4080524787,2649.3970285339037,161724.61392641068,3671269.7572057694,81.96497011552106,3428927119.88941,9251753.80482041,3067.0512899618952,471270.9021756579,658403453.8748825,125418217.36737251,564796788.7456692,1.1859429398787924,276.8498321635921,52616644.051780745,1286.3620300648392,209412580.145877,3362385.467085895,774876.0985555855,47991152.58652599,0.0016067007119782,55843131.72846964,97.21361004756282,0.0895110265947805,29252.13844577656,32891779.43070907,1851521362.825267,0.004822233351462,44809.34077845317,348300.4209045807,380419.6660795771,3684931285.896272,0.1226962220038356,22.30563814509188,384667.9381040858,80945858.70573285,4748.459750346438,1966526.390591292,377.3650635127256,1568.4817798527258,337496.8670038525,1.706138099038894,0.0162858202693389,0.3006453569987783,29110926.74643552,73.72212720779368,45197.68793681533,833.0111605131248
SSD,15.30552206835166,29161738.11099117,1534831077.3692205,709.1179129428592,3377727.556155564,1815489.5853083192,11246.43724644646,2574949.033325904,0.6137835602968955,17356154.930661533,35.13478677436215,1908.4092042916377,28463.844779003204,360057.04286533955,4038088.5009509614,435723416.2581304,11000.32197431531,1422476308.2511203,913405918.9019566,301495115.6767846,5871212.331114415,9497.939630214105,1635.6665623004608,5131492.24756557,3327339.970468289,30367.3985155894,0.3398899381366881,18856.19396542257,24000657.464511648,4825.033387721438,37.28940725065991,110524291.750337,0.3327525266174369,11409375.894097522,82752660205.6118,303924.9026407149,0.0464923617384558,175857.34258035137,2256.7763252548584,187694693.3584979,1889840497.0423927,38142812083.10268,64594249023.41904,10874814866.73011,0.7566247457434837,987062.4298458576,1952648.1588332937,1142304.850973443,50903.03095738188,13947.886445020473,47.7983521303371,8.649581470814653,249685.08945861124,516223.7185518979,522833.0850145557,80238012.42320754,8813.876635039936,28699.322911789408,27797.97896978341,118959120.39861222,926.6399035474552,10718341.417153597,2592726790.536469,16449939.43889982,5382220.396091038,672062.8029700329,46478836752.3059,1364766.1460450715,60.62837620366125,92.78917192066248,5306856.413907556,20.463799253853544,3.56944292666912,13050045969.437952,469873.13704972505,2768053.9671397805,2084286540.1986804,90.83535677250204,1117376226.887585,46057913.48790845,2550678676.1539574,27945065.675355688,2536.90856576632,274273.29313850217,70648.16873757716,2852917.450342416,3.316971968951034,2941629.8725832747,2.367487966401102,71369.3480913616,3734113.243556109,20356.69215629506,1408985.8232119505,161296.752589642,8544179878.941506,571.4396783205998,47960.55665265776,98827708.82870048,19769452.25162001,2241.796619260048,290339.04783342034,22866190.67350423,11770.737470869411,2779340.9510956905,167377.12439114292,24388179.76799636,1886472159.818461,7613280.552587785,3860729.931683968,2.867270318981632,59966.92703757582,483152.769781325,36077859.44684161,195637.9089359809,544358914.7912927,79017044.28849477,3963.541467747632,163.37378314641086,3067283.6396505483,22616.231658438435,875296.211924955,6213.108529107334,880079.0119718047,11927841.99754768,463153.0763449792,159011559.2511867,1273.1053954270872,206605.73591262876,1.04354944669396,2788183.6813355465,1019760239.8806756,52070.84904769701,532406171.1000449,2305837.9351711376,427894.4456071825,2.9608700530871324,123964229.13547476,140842535.08026296,622.5659342774085,438362.5085994757,72405060.27638537,25704.371491947903,0.0,69.22094745427304,1402502807.4893076,0.1503428255568835,23990160889.171345,104487.19235471556,0.8970760473905273,17669.357091208076,723052.727626481,335072519.4398266,0.0733577257521513,1075.9313866220211,19387142.53548319,344760097.958616,36420.75061206299,0.1204787991082539,46699.87823166371,90398.84010334476,2.761230451409831,2111.314879799332,1767140.6567228755,57535.24806151293,141343.40434351485,58493.65699614121,963.129386987906,107961.29624734956,9.57751466292187,140858.45362288607,7884851.792318814,33408304.319099423,382474572.1181071,219301366.5889978,61208143724.58508,121171268.02571005,3.257538594186881,30.24184323777474,111.5169330178887,35710.1461744956,98.1872045944762,363197829.5574028,4653.688622956672,938.2016375510416,106659750.3218066,1.9392759542742208,3820662.7479178654,128367912963.11037,28246548.92491715,2690269.320279229,1023933.2323216514,354343.7216875454,2982236.687147792,3416.5653437117694,13134.303175089855,4089426.38356084,90.4590104590296,23073943434.474365,762098869.509294,51442259.71063682,7681067.558995943,0.0434777841632246,9175553.734775282,52.2401266012227,2.43213309513744,27028.662868119973,12257205.01808541,38508470.9784911,0.1292965620614292,300655.27933240414,3066202624.766495,6850922348.246063,7579925.441605466,1.352053909405949,588.2856960836932,294709.9212342816,10074716.394818949,3724.484603744605,5013876.71793509,178.9798882302474,1847.948254029075,14905536.52065601,46.40944194979353,0.4391533029127105,8.195688438045241,668153119.3493055,1233496.4391084395,858056988.5284352,17644255.977027625
STP,2.1445995636222506,24.582016392358607,449474.30183874746,0.0680742187130363,14340.936224447538,0.1819708993052642,1165.9661223122346,0.1133152809768942,0.0008417312356687,21628.346989312788,0.0408198297579429,10.843308957031695,37.24859254268228,395.0138483917888,0.5085306870218567,0.0488707470864397,937.133225406757,6520519.119212456,3725395.3668903336,0.565458080596202,10592.673579951344,0.0021082819620732,4.801865879528425,21410.63021501705,690.2738053566102,603.985593328812,0.000340204068709,21136.661355032706,4327762.9229193535,57.84020592679735,0.0475201979850794,0.1924558365432389,0.0004291871640589,462.9630071907586,29694562.24759406,413.10066037208736,6.026297877070874e-05,561.1775864502763,2.979742123792269,126.6121327861225,20340881.9629828,112700843.19372442,7261202.937568651,8773417.902127754,0.0010199760382183,82423.61708715338,0.0391880117538043,1096.4056240260834,913.8310702821482,76.12473978289961,0.0005165459151612,0.1688837608130726,120.3393113985138,554.5415472276625,873.5149920254878,127.96779081121436,14.179284934158204,687.513112851899,214.2489546573024,274631.26680036075,2736.7896498645973,9971.2604694757,9467.746655656309,21427.119258637387,23989.371090863624,744.2127732212325,76564.47644895891,320.3971855413568,0.0809347105023514,0.1201698050517112,28706.650078709816,0.0270487994528707,0.0047320807355685,23847760.959162697,1752.1988474796865,0.4010475915630971,18256773.82078839,2.9111085581234875e-05,8452001.678634338,288322.7078482434,14691123.671769856,54361.19867870677,24.98672423150856,263.7525036875086,3542.235823698291,210828.72414200983,0.0042586548970939,240154.1456032088,0.0030797305613567,2199.2577502576137,10601.799501841864,1.3158984234808244,3845.083297179861,12.53913693805605,205.64931387348605,0.0001835417341078,35.468136719253025,15125.551974919055,2383.9609042022385,1.9156158587326055,102.93899628704094,40854.03485950711,88.36315801510527,478.4646624397705,4.644754370621186,30.64635897733295,176.6355441074374,1.6578080247306453,0.9819945595929528,0.0037839068666831,1.1381671621986973,0.7288768439923103,1.140959504990423,334.7660388910572,8906764.617203712,236084.27761546493,18.53974274138818,0.0014405486866948,0.2633721836983689,0.0482927905733276,1052.9383676545467,0.2162499075467643,59.63450154510038,21722.68202626107,5558.431637434522,1.3660720514481666,0.000816142190818,1157.9679317672046,0.0013577322628327,2758.461291063825,3930205.0175197385,61.3626682922386,2.8693226631142434,7646.788691008878,30.604990521957102,0.0037690340269751,1537.6453392458225,279642.7771656319,0.7148036609108317,0.0055485196061089,6164.767297893803,2.42827128133454,0.0,0.0924543912693616,1467034.1423453102,0.0001983890330734,100313162.15286002,7549.1759828657505,0.0011693817980358,0.8594898645510867,6.324115631450862,0.6370962298926326,9.912300487258108e-05,1.4150433361243824,285.20717948897004,3.360453464241437,1440.4630816362933,0.0001610668000926,28896.71098285552,2.116825379270173,0.0034835610809804,2.835841362440904,1077.2721647923445,617.2937459384879,1.813481523958572,2901.772071860125,896.8707722098293,50.94940938540393,0.0126648488905722,0.1869927212826172,14585.435557505074,34930.44831043116,0.0351179084029333,4033.3209818181263,1360884.2453862324,471853.973125895,0.0042779483702943,0.0397847510949571,0.3614468625386067,4.006679215376579,0.1318801689603774,4045979.006572008,251.9162002837632,1.6071639629735728,123.79533461334606,0.0025729997825578,7141.044947278268,1314549.6439047663,988750.4757853746,236885.2939705444,1015.1337640583548,1041.6167082583677,9.345953324526572,0.0418783525677284,0.0014620679223419,7798.564657560351,1.3636831125697455,7283469.615174867,4700261.661907434,2.611524870475119,0.8718071517256121,5.762871730574659e-05,2.7789410473161498,0.0707486297885786,0.0033314788526552,1761.47380654444,37483.53233577372,55835.15297765085,0.0001751758312136,0.2239983440416488,6709.499095091402,1032.261836240914,13433.844733825876,0.0013408378012047,548.689330437045,4753.732432546297,3.100828457786198,42.55817126549664,287341.5638798863,4.795895221835041,18.205790709363328,1.8942555846851092,0.0621205259381525,0.000578126106984,0.0108875042559191,1225.2147401912432,7.34363177569967,116495.7439569359,0.8313636461450353
SUR,172646.5584666133,316.9217713756379,384.01394420620136,43132.08713556145,2244.4739588879097,21.120326333538166,389282276.01189065,16.933460697330517,0.1244322500541139,3294367.64565856,3062.011200325459,334820.0682725099,5651.676849553037,218.9676894710757,77.1549590694084,7.246152357201026,1603.5319159217242,43.716967801260864,97.31502779871296,85.27692258107407,177.77405010655627,0.3081835882667837,896065.859327038,45.56828711064578,2446.2854444631344,8864949.015242219,3063.997137681482,4125317314.310034,68099522251.752,443589.3219355345,7.296780249577637,29.132760512276107,0.2765413020678124,198.97272397440167,189.3413978892288,8423733.171935486,0.009217878885849,1368.7972632741428,176243.27408551087,19151.12186494545,116.95925855147853,147.14413701594964,671.2254847731754,103.9302203408412,0.1541903220114457,34962523099.45883,0.6407327498916828,8.852144739807287,123896326.57581931,15496602.97927933,0.0796255622141188,96310.43843684348,4.403213018976032,1539.0633978627309,18634.650269170885,3.847034292502506,570249.80173783,18337.08948286406,11915128.533345968,74921.26739809875,3455506918.5027447,873.7541863619774,22.457132402166124,18489.372476630248,165567.08868721937,8997.936905113465,253.83509952907255,72338.46998873077,12.298463286490875,28.11623806650517,84628.60889540614,130.22035859451404,0.7056048702673845,90.32192706575654,58101.52313990847,140.08199481376218,90.74387571179302,0.908017864688027,89.13251709078315,13.787174861910731,10.059164897362358,10900.12074969347,441523.3275899089,65498.07168291909,42003664.138537616,102253135.418267,0.6520749451850669,12678789686.923683,0.4703347979521943,67451199.03170468,488.6936509016482,5300389.177034391,127.17099617313332,1898.267796308854,1543.4521488455948,0.0284914899521098,33079.96004973932,1038.2599721360157,201.82831299615052,19749.43416403638,14.181946070891192,17764.22568509903,2980222.762554909,52.04639437199301,702.9782582658117,10937.940498560883,173.782104325432,249.52680761604424,149.71344905408245,3.694870292452752,172.14727033468415,7.894364799892877,173.41495912538232,9.623886525244714,36.13891241614078,8707.212030421671,444181.9755634368,0.5508827823401248,39.998978211219615,7.218027552247236,2033.914401036612,7.767998438046266,6143.527349561711,75533.91941123683,71.80005294118689,205.81732589324872,0.1235145710810127,156662065.179519,0.206575142279389,16.678330395943853,488.6222285726152,0.2453895760022248,434.8129774402788,664.9494747290997,4624.769936062791,0.579585701273456,340.5350434676751,15994.801049846898,59136.40109702945,0.8519949729705167,37.599864708562286,368.2571588284537,0.0,14.0229675437794,290.2810235416519,0.0305441081387982,328.13374100308624,145496961.43544334,0.1813312478059288,15320.135153458516,31018.22855594084,96.8895257933744,0.0146866176675786,214.44253277636503,80.04742218659644,436.6287713453562,372764153.1206793,0.0239613590930991,11977651876.414902,321.6691187942464,0.5396380228167126,428.5469064163115,8671.921910610024,2162062.02599095,274.3419248495875,40239.514227278894,349440204.8361837,6.247348366356828,1.970937767354194,4.870912806422817,452.7799038783296,257674.7625931134,5.350098976417456,677.1559243346778,393.0791556172594,207.95039223762825,0.6424014612487596,1165.5249736332596,204.12898954286163,612.4988772632591,19.92814717519217,27.553243398748048,11966218.351443607,0.0623502917185305,193.8900561119912,2016.698197992572,91.88040224312404,166.94814583815065,0.4543997144065366,6522290874.086425,60.90754100880015,21.816228708790504,72339.12826364479,6.390547573893883,0.2233631703621461,102.74928473547622,67212.96966915451,299.6653332133717,20.917939714841093,396.7140401355067,130.565970584419,0.0088304922639728,414.9052616747617,10.68751984271596,0.4947454771274348,8453004.176867373,13738.903057215275,21104.655518848853,0.0261092196441028,34.187418034556345,277.96589984861043,60.4210902826642,32500.739502030807,55.34462906698466,40178928.29725475,95772091.5675364,467.11854639022505,486193.6683376133,36421075268.30583,48009.42441715437,114940.38479502106,286.8825069777207,9.386272142078132,0.0884999464853852,1.6634706223779148,101.40129048818469,2675.0510236195964,246.2697713631909,134.5083385987723
SVK,4.653222388384165,16148225.408921782,38581.81153823782,13.2265531365521,35291598.34705734,57463.2796611005,166.61881409293392,9523750.857017756,0.0086948606812278,273630.8643885462,0.4398498051199537,99.4987037684289,419.7514342030281,326857814.4532099,18425271.561973397,2677.477092745639,15944286.396864893,864918.5887395511,2315275.873758434,880505.1953339765,245657903.1877958,2865.640321456241,665.4346246356727,288169110.5159197,923349947.4639823,1060.846190679465,7.899393632468424,97.54659744160897,1271730.292683864,878.2911405384953,348.1783848731136,528232.075698959,0.0047483935323953,13.16991270860994,2139922.094939171,29186544.158076905,0.0006541698025728,45666931.117483616,32.87480320851057,119115218.02357689,604757.0435327466,3449836.903640791,613390.3091430995,171147.7009973819,0.0104455444076196,92459.88062627507,85.1490698751217,9334.732571017588,7546.935821058635,56274.6715598674,0.0055233686882729,17.226925436559846,800636.1841287017,398208656.9767349,475585253.3814138,165134.12072772265,76.58737987398047,51348933.3379454,10419.861184015475,22362153.477858383,5980.432970050661,2657855.777032867,2084146.7495148217,385076.6662656528,26042412.543544065,89120778.52420461,25242273.06880073,410840773.7437543,0.8595110376189243,1.3233337573488733,163748628.92026663,245857.0127981901,0.1194509994762087,211365.7908537959,49774732.56227079,64106109.63428749,865327.8709713614,239.17480170540512,1182927.0599020591,109182.42771750076,57366.46197074052,80537406.1090872,430.1471781252038,132402163.82562448,6715.222530330426,164945.81528562657,0.2702396798235611,231579.21481913253,0.0335375212990136,7091.924086206598,227164461.4206452,17765.528214558388,806019390.3155551,3204.9997544570374,15521282.531248806,0.1285313369464766,7533954.602387007,50285989.74257141,9671103.8315655,15019291.60073514,903295.7746812552,322094239.0224965,12543.28207075612,1228477.0869099589,2003473.892192057,518871686.3792876,17066.40721245235,42869949.00628848,2081.559875768234,0.0407748723652581,240825.21661859384,59579.604892553296,34906.66835166104,1331549.4988453388,122013.29043916482,8263540.909733624,402.1245242249122,248524.5646005869,3818.401080250008,0.5266203357035124,224570806.39233303,1403188.5407916307,177967220.11303088,5598059.217676957,83764268.48611377,4269.465552607884,21.261901904960418,3312.05380789169,0.0900084455944169,35259458.6108399,7161795.372095551,28289.00543373823,739500.9923237613,35872368.86043167,71056599.61593387,2.3565346667449045,8733.429932745436,2809086.617134605,37.916077165325305,390.83361170728847,1750.0761538828292,3258.727369895481,0.0,0.965090098945156,11106612.01263388,0.0021655378359923,12584856.390645776,8251.972947448996,0.0127391376267951,17800919.513857484,324022061.2571745,1694741.0887957795,0.0010389621887441,15.72050639489142,138901.24260185222,8106364.629036299,6581.983517580156,0.0017191006753973,24065.896441090288,13079.487966104412,0.356270570898066,148.40351173088342,1999505679.45254,1516.6549118741093,1719006.1471892928,1726024.8314431475,13.621106148076302,315508.8003857322,0.1359609298351591,23191.176909743648,1234203871.0069118,8345862979.607419,3672.03566621854,6572537.188272784,13463693.41933356,867887.3922051021,0.0803149835757608,0.4360886047392389,0.0138205320477595,12739321.075105429,1.3959631655333258,197925.8980252238,7.704246054507692,101529.4963760376,475864.428424712,326.9584455117852,335479480.04554033,867707.0019956464,217.62974410421248,220486.335329446,875315024.4591217,78735697.07229233,532658491.42803377,0.4575855364081462,30.19696089264001,7915780.48429966,532.2439121242812,19497737.89213836,286277.2991592867,15437.79931090888,13205373.514256643,0.0006189557332678,12831743.00476537,0.7156311440678707,0.03416724002631,2513.850170320944,8722153.876141436,311875583.0352471,0.0018471741136423,9732.362078900467,60291.70036278831,34504.15516606238,2003368421.9227204,0.7355568333831295,8.554964024862047,572020.8846736335,21794108.47815866,282.5261638522909,379506.7377772831,114.53580172964926,79.88580716295701,31522.620068993325,0.6552419907781681,0.0062877774690695,0.1163472689884201,3322386.3814878166,28.28436191677729,3102.293103876721,14.424383421535303
SVN,293.38542785082063,7738374.4138378175,9538.280647376028,146.6256035131195,36040690.806381226,37617.10084172673,133.74595990832623,5989119.112601787,0.0047989107659454,150624.01804005244,0.2418767567428836,515.1826016861614,231.9744847290156,605876019.9220066,10720920.587465346,1070.025528558919,11343805.004265783,1260918.629964095,3621710.799608818,645287.524331037,110183017.67641117,646.7966852058671,520.3669580656087,207921001.9975891,305557925.6822133,1566.208382123159,1.2743364286060863,5630.249686124357,1271700.0123963712,337.866088981591,3.7906682306588655,363390.11383464,0.0026084049467272,24.295792940641928,2235293.9095802763,6851691.157879368,0.0003572736221997,68021952.53050423,18.15366581547861,40903410.22621778,661201.8809142753,3516877.8411678555,389566.7587003635,142827.69154622155,0.0057470855733825,115713.77944708924,67.50000804092272,26044.804303946257,19911.34557953324,50110.195176581634,0.0030543316663624,221.13162035478783,685535.6612570882,273353245.09802306,294142569.4421377,135348.8112031133,1306.5367868873857,16021042.321016235,14403.53813970579,39516494.08930228,2834.468332703974,1922262.9582684357,1679564.017060014,676907.0107834693,36020013.620032,32175488.621135235,20758714.197437886,127718402.80122796,0.4714334800264592,0.7276865338155254,189861675.9149981,94382.81598764658,0.0401172638923609,113347.0512363586,22787973.210678965,26648950.26239101,770489.238792323,261.54786348715425,2277411.203354072,254431.0501423057,27751.355415448525,61613522.85959829,391.6681244107094,44285346.852363884,724.5148933549408,126224.12331594103,0.0518740089523923,331127.3040228972,0.018456840782477,34938.88576069984,388605284.6882024,16781.86339623946,490480816.748362,433.5096935901473,16197291.142856635,0.2643702055932859,3176607.191542403,31787132.14422797,6843395.28456284,4736392.91279751,613348.4328870773,815636845.8234636,5105.437918004417,744260.9678962985,535464.8679092932,189532562.95925292,43025.77297693567,16376824.22961453,43178.82690640333,0.0224785105443756,102986.78706873172,71725.07520371582,45687.8051765758,952928.3051412106,138031.8004120725,9572865.121305505,471.0033701008597,282695.31119191647,10259.072750229025,0.2896001102292445,74354500.39930463,1067913.2710813582,62464106.60505118,10946228.378122378,32321656.13542466,5382.450943895021,25.606474928764907,16561.483324417142,0.0142413470985389,22547685.27058673,13930292.240461504,29419.107606768608,1332258.4239634324,30081607.02853775,21280430.398718413,0.13345837269841,2272.382673030313,4376887.998040818,169.87628258953373,4.192303796055796,331.4826729287081,443.9148040753423,0.0,0.5324648602720159,21261242.968406957,0.0011819879166523,17053721.805019934,13866.02976535581,0.0070040290606812,10495660.542418122,91953637.14754172,996840.2863246732,0.0005779289473935,8.662162893974799,117304.05689046782,3830311.519709807,38414.96311816915,0.000948690986851,24699.393414625385,2697.8792464420844,0.1244212783133669,16.327454162851176,726877277.872621,4208.542492001391,634224.7188110964,1853835.7797555297,282.98135582520524,181298.32104362547,0.0746847722647667,8890.399205263704,452293039.0881741,2785826698.507941,1025.193279161422,4521935.645260686,16124580.301438356,1726171.6905018415,0.0252990957154501,0.2416181245464668,0.0076323033245699,3751260.910540165,0.7677515188413135,238714.8625875548,182.3584569696303,249191.97160339355,211770.98162448785,611.5047492538233,181191257.662894,775499.948385581,226.48339045589276,137785.8935262287,299972932.83532333,297669279.4091263,165963952.69529822,0.2528441855810968,16.952425114551996,6315282.28629458,160.2438650176037,28823126.38244616,336648.2399602332,58850.42921743042,5794822.67867415,0.0003409852264786,6405010.363717498,0.3941988327400167,0.0188034550912412,14721.389479604572,11822357.59474003,171248316.17502832,0.0010235261293161,4764.140403976491,27800.415121359645,22823.377577003437,638973021.0692277,0.0104235678279804,4.734526996584286,83782.97252565809,9962025.982885996,986.9073982557712,829486.7202333084,38.03058087679349,133.89262955474163,59209.89242364684,0.3601636419198009,0.0034638755420997,0.0637379389247314,2161034.644170641,15.57849275853127,2887.0180771963837,4.377219072490675
SWE,224.690848611382,42166028.89024321,9975.06172768958,224.76230600393055,12185043.333071215,66145.90561020991,665.0666462062043,9461971.32507237,0.0333748406515709,1158238.998413185,1.6083916376080143,1569.7352446574746,1703.6590993245911,187497080.03147236,20347005.475671705,6474.030600138992,33033817.87482389,170442.8290557966,399273.2748772743,1078630.0386496931,97389950.4080024,824.9170077278544,4684.388184768162,59712997.00155389,990776053.8174272,12198.24880692241,62.81294075250071,2808.900875387015,1279456.985428471,1345.305139766566,167.7056556079072,701247.7836917535,0.0198804087727539,27.05029410198384,747007.4073363853,595047373.9455396,0.0025226392385901,49944978.90179035,110.66479457865556,713460548.9176192,167603.90685519413,924066.3097964549,367845.7001102901,81068.06913675577,0.039056978016454,343432.8763232821,68.5806926761427,2716.053347969708,14839.04747981167,116615.86438325212,0.0209874100575131,196.1513681721848,466360.617428502,163750197.50930333,670714650.3234038,60103.9163100311,3581.481251555192,206619202.8594687,162956.58319152665,18321104.893164463,25471.78727227924,1602763.481336466,662464.1159855897,131518.58513439752,79625660.38289012,708204483.6917143,6963005.077640192,10351845227.426912,3.3711403232896107,5.584749474521589,248569486.8716332,2577726.624101702,5.714178307156662,89324.73192809238,328429426.4733911,79385016.02472161,144943.34814887826,595.4773945596062,462409.6088792715,25788.90583965342,30316.01154698725,34476857.95711766,1273.394280081617,2026195971.9086297,68912.00777486873,307679.1401295117,9.794205045840071,1051930.2993721736,0.1387068295504408,60866.72968384928,39644303.382787205,57871.86987640159,98766608.97113349,10125.241152896946,25742732.14506845,0.6367481609793759,49577242.02765329,47800983.0236717,5326517.796537496,316358763.5785464,711560.9946984255,112323394.44205068,29086.93311288989,935414.0874346532,12704381.90452634,2744950986.3848867,16746.652895533738,205475458.95875472,11775.141439850737,0.1815027184081083,2108265.1341945934,32363.325580931185,24308.59089254601,861915.3857843766,45254.264013565466,3501327.174528152,2225.4281515088446,307257.42579222703,1134.867382656936,0.5701123278161164,556026025.6275461,2484378.7388818134,751309554.240566,14642424.914012237,50170179.329170816,13125.909657472488,14.20909689364651,54829.37161721895,0.6345822190749817,11234569.706185268,1480500.766052497,16206.63080446524,674898.352372493,10523943.601139106,416657201.2533678,19.960486371042563,10922.70295293352,395733.271057789,286.5002990411132,153.87064105500082,1748.4737034974166,11291.37708302085,0.0,3.8776231209286975,3198492.946167056,0.0087540774729308,2092023.4659922137,63088.70780762654,0.0507605958723154,50328605.23701479,9345771192.076475,3295330.7283437653,0.0042442995636864,61.36377284386454,125204.30013288232,35873268.440770075,25182.359720405417,0.0056385688272774,46720.04673542834,98781.98875915931,4.043631285625733,122.2789092136544,1378167647.886452,31102.57986001001,9035245.776727458,10923637.216968708,149.13303108273027,243868.0720243592,0.4464604419795648,12339.759233393015,391467317.37938464,57759081407.66606,4403.832813780765,3662212.776224494,4289631.413435292,157312.11812140024,15.343453710370774,1.849709952808146,0.0435807756460078,355507924.89887893,5.650720395629152,73555.30199141936,5692.29575092176,22519.524428425822,270658.56785596046,8574.541686152106,71607263.5855262,334652.0687918889,91.31350774079004,612569.9882409454,99698465.81608346,18529265.98905242,22774256304.529747,1.113698072683582,16.5854595726431,4617443.766944276,476.10439771934966,4211938.41698534,74748.37538012252,30816.600058093925,49363609.95949547,0.0021926247415154,23454628.055707425,2.823283821209793,0.1349876287006597,14715.46099890376,3492788.9956645183,240361177.3925168,0.0071938952992271,100435.31379937852,40709.5634335628,39061.941778191205,1232778795.853186,1.3897116738255564,32.71120454378585,3662574.864093911,59196686.17635506,1386.4265266207874,2599375.4473334816,437.20536291451583,994.2679592858838,102508.9996913523,2.665497316280273,0.0243639182099527,0.4324403483346437,1301717.4285823195,56.89435334316144,3139.9430468972478,29.016952877826547
SWZ,0.0113915071888186,6637.604934927264,288973242.620985,0.0050999810608871,1.9015163683332048,318.8175796508129,52374.30786653832,2.088170532770519,0.0133935113740903,23237703.949539986,2681978.010374274,0.0289604564305321,10564021.297157085,11.77493459739037,8.962755076657317,2278619.218926184,4.734426849542615,180520.05766052625,128710.19997664884,824249.1313489471,10.388048795408055,0.041716869503201,1.0096021631876084,4.894347717777634,39.91736536540554,1.2470602465156535,0.0053598104467127,70.78014085065476,5055173.725807475,0.027699908208433,5.794495839288175,179488.74925502858,0.1002147045965102,492421168.13323975,1552019.7987149768,7056.337948643272,15.96822382695973,5.555977196566801,19705.5015570984,983543.1459866586,1050281.758829441,2250343.095982259,71301775.1197654,4609486.872419248,0.5056282693991676,1206.292894914381,113025.5040729642,21.161035550555997,2.6159086196550208,8.29498009684517,18.095213010150477,0.0228389763896039,0.4870208157233264,11.454923775100475,57.62623320744555,11290.519388068984,0.0461874459082025,9.283567438808928,2.6912803093654816,130.91801158802556,19.430186126959583,42.12666898744048,19377.149523600907,15.500504040915075,43.171774260335965,11.938961912515197,8983039.08706179,131.08538367501393,488.60181885346014,2.1628544396321416,67.52458952131182,0.4191251170068426,0.0720187789223718,4191790.225237304,43.72323159930395,6.948198831756544,722167.0895520431,0.0004616898033873,341910.20627968747,108409.42830366372,441533.1806015074,8.27810121709463,0.0206677753058102,4417.805755024804,5.856615957421167,5640.838765472684,0.0659052538998281,7001.907156790452,89237.2493172884,6.015674156900186,6.274915108522524,1.6792916135572111,13.325360629719524,165220.24418868302,15919525.609001072,105.94747740773892,11.816612343081712,9270.854125383376,22.84073850927169,29.896709847424034,0.8734607299917343,28.250483178535248,0.6890971534407981,3.8524867827772575,101.66942830166208,510.013437096092,15086229.046064213,29.2279515629254,217149.8267367624,0.0600718759338008,109.03128644756106,0.8895613060711298,330855.115666911,0.4084345246808425,689325.6112597506,88.6750149081559,0.0365131965206728,0.0235997001352075,135590.6557480981,93950431.6594162,13.36549007431205,0.3724151014711196,14.5446684800031,24.80329248139479,4.561426868032974,97777220.00042252,392.9501461484113,131.11822896564024,0.0210693416606462,1.9076845346570508,75012.81654490792,0.026221692944091,2818452.075444456,0.9530193646024828,569.6977318102411,0.0588087605867002,493232923.765224,503.9961324696223,0.0062477847880018,59548.907719371375,31528154.65750562,20031.774413613748,0.0,3798.108065948751,5684.011517531711,2.371912859613076,1669768.7908830228,7.162188781423353,0.0188942784388927,6.193266392068836,100.05735230471387,548616.2701808253,0.0015721827267043,1622949.9591035391,18044.338840806304,280930.9278713802,4.097870849197392,0.0952269289559062,2079.728222455103,5456.144226694591,0.0543883175074171,34500.30970425892,55.52918869386349,0.5313680621804053,29.34588401241149,7.013646028490747,24727.165343412293,0.2340086323763444,4.436416425343585,1.5907342442920225,29.724251197736685,10278.84437482799,827908.810929291,5707.558559563471,602758.8484043245,95830.25442046336,0.0681427128800464,1.3967662166512458,986.6001252818968,62.18339001297336,8.644169747855912,267055.52906891913,1.0674386853825126,0.0068815323957096,3032970.710835702,0.0408597328719224,10.00704849832178,7471311.669665671,15759.01671315916,13661.098569437365,6.41570522668394,2.1907812920208016,152.104210544631,226870568.47070312,16481.823917610687,9.701450174471034,0.0481972840050275,93427.38934320696,243282.59084225455,433882.14850614953,15.730771380096485,0.0009805580106672,46.28794812018758,4120.38325148075,9.560255682693477,0.3014599473211348,11.205801015382384,49.36045375928416,0.0028142852873429,141.49458730706567,40501829.88841713,11351851.995032884,88.89961270434314,0.0211327405457026,12.285211235662494,1201.0725535083957,52.12524501555413,0.0280203717222775,1896.0058565711236,0.0102374453754237,0.0235041786856982,169873.67512506357,1384.307383499263,0.0092608809887245,0.1763682262421753,66779.72823461983,2651764789.2927504,180250216.49404743,403486288.1202773
SYC,0.0004952423313966,34981.18613016622,4380800.667766596,0.0002149804305193,0.0730194016878122,2769.941239773736,9.407677076038087,19.87717683993844,0.0005208498112379,15095.65051936908,136.46224126723567,0.0012528603011616,86361.11403609125,0.4575607134758837,508.7037073351167,1294473.412999502,0.1914335717334125,11351.739186867651,5062.816879512279,3509342.5279335123,0.3940402866472249,0.3319315372153512,0.0424554511807853,0.1897945038457908,1.5800932863811044,0.0529185116625038,0.0002229321908834,2.351229372251292,14.814635751232323,0.001164764315007,3835.907037619441,1301360.3515406137,0.0002812418958484,398854.0340269146,2597255.401558955,292.2666526337249,13.293642260425258,0.2131329677182627,1.9223516438299335,12147856.698364092,16869.77121428255,686844.7407987711,30619228.53730848,599183.0455151874,0.0006532636594384,2.764171533638709,19317.944509590743,0.0101607114581203,0.1147623909274519,0.3472944865145231,207.56595888733864,0.0009538499675481,0.018530904321814,0.4583547547339871,2.336863462442231,17470.39098805454,0.001931139922056,0.3763823752555661,0.114762522018196,29.015885851877343,0.7903392735269805,331.73835279913953,48143.24950500343,1.2018559837042808,1.7005129084879564,0.4815366635752518,11713431.08684389,5.152091461085102,0.0517556526284236,0.0777715031754566,2.705821424578175,0.0172049939481127,1.3263281224580885,360362.202058506,1.7959272503135004,34.313495687282554,21068.03675418236,1.901639547696732e-05,6688.346773827625,230.55773599158297,44754.58246620732,0.320108637764959,0.0008838557182251,169.55749826362594,0.2571561478170294,0.1655163394737842,5.441445282807085,0.411866018947012,0.4977338620119291,0.2602489850408666,0.2439881109064035,0.0707891534100841,0.5175963984619102,3165489.3998029483,49923264.62997569,1860.190415018704,0.485447092004232,27847.67341989765,1738.7876354397722,1.2378271799887133,0.0376987224803757,1.0804468770233924,0.0292851218670229,6.588554770476248,187098.39960929097,62.4957487685558,10720427.585573625,21.654264444623877,2520238.6604486643,0.0024580151648881,50256.450981911,30.08652744567893,4192912.208947852,0.0433969429095313,4657.047830007456,39.36776347360341,0.001532831002132,0.0009397114727311,1015071.4836714064,6063.826867456603,0.5311123079954516,0.0150932010976392,0.5836456442699882,0.9328292015983132,0.1778208138211059,2730615.1836226275,4410.194842770939,5.467086507116028,0.0008730185747603,0.0713312887674919,2447.225127083486,0.0010484731011182,18913706.956692018,0.0376912014788075,8810.966133929101,13.584522481214012,4352611.419875699,136.91874935088035,0.0002631714820608,12379.98637886322,1657487.073730704,586339.7154285852,0.0,0.072465449685198,8962.439025593812,0.0001300022774444,258015.69372753467,0.3041940276606061,0.0007635307518398,0.2500466435360824,4.061534080313336,3057387.325990343,6.221375108594884e-05,393.16643107765935,40018.73739278611,1140738.8008500712,0.1781158657385888,0.0001009880196277,3.458785726645023,746335.7832139954,44.5153810270858,2655.829498409906,2.2325424680396253,0.0224571670952122,94575.10473442542,0.2851294885298643,0.8394367547005357,0.0093216472237314,0.0081505105344876,26.696984494750147,1.1371379306474267,154354.8730874832,619897.9584831988,82567.85592932583,780131.4910728707,140.06663969854736,1881.891881120528,0.0252741706389021,0.1323942561599516,2.586560778228624,0.4182280300347386,3056.816115873454,0.0463200396627669,0.000257301271219,3904338.622748259,0.0016794354058617,0.3813545911368647,6932815.445340055,366.48516217219,0.2891771033030383,0.2525754185035183,0.0853592641049978,5.987276241759436,9332.21169667565,90372.26371677755,36.35779824942259,0.002017594047075,225945.47967819328,6835.5961364703135,8000835.950169144,145.06450171250725,3.7713719597043394e-05,441.3197073901689,3920.432362928973,0.0020780093806,0.0125415359809859,0.4290439939861052,755.5549339087031,0.0001104224290857,181618.94036263443,21998022.26220469,6730048.13702506,3.5043834872231443,0.0021135263135274,0.5025513633358839,47.47111648245948,19.935012598431427,0.0011876098396843,1.910012114373155,0.0004376379887163,0.0010018491075101,3430540.34064175,0.0397492360687876,0.0003781098719748,0.0070856839376887,259122.44921576447,301010.36984875,7540250.873504032,787301.892464655
SYR,0.0169779716686662,865640101.0978968,408608.232570265,0.0161148826207622,2213170.5848204405,4888429.730313441,338.120213257462,396059694.2955928,0.0197769480741012,496209.60393291904,3.203721574433298,0.0434849567310138,81763.01095514193,3940252.9414655743,724261326.5493624,1396271.4683667116,451801.5101244579,302507.1632443705,264928.2633482328,59346641.64622676,24269433.523044445,98839.81840532924,1.5535864748877837,3903981.0444589,83432228.71759254,1.8786024662187315,0.0080689444069363,90.83193573452895,74126.9543809794,1.9197582141175644,4683.645834704954,37630678.83710366,0.0103351352440768,7815.296096246568,7035954.529112243,7777149.583045373,0.0888738539148334,763319.9540027191,69.81881082780095,1367428320.5860622,428800.4150817171,7490858.466374742,37962603.90902776,4142977.070274349,0.0247073714586774,2801.4130705782677,52328.07740523923,125.66696637134794,665.9543766064129,12.628357694778716,140.00244379350534,0.0346110858442365,15356249.64034316,4378113.229104056,14063786.573061796,2998265.805217067,0.0697504267165953,2936928.574913584,5.13976070683114,662047.0761176104,30.634323771463027,17382470.765335944,19189851.29147224,9227.36922083481,1171543.534102602,18278714.69525337,305554446.4792668,44712691.49135468,1.9623169709184856,2.8309169465115005,5280569.393098963,20282.671971349664,36.95421313265168,3891095.8982684696,2746351.876588067,736759575.2496347,549503.2876527081,2.5764302553340457,350089.73383569514,5096.606702372017,901322.5386927474,33425220.17321107,0.0537279389908107,5636098.982551828,8.861270997248681,3603.1914961327575,29.743578818911114,9517.968710801972,0.0739160198813522,35.28942955394834,2299305.679434424,2.545698301101041,5098772.195486758,1689286.5958126886,906082855.4089528,940.2845597349046,197731.6599236842,3326824575.012616,1048954214.309926,739264.7825631229,7082785.166693043,5446771.527192326,1.052556114624565,28491153.50884184,18217426.31691106,3652721261.384258,9707973.777496817,697546297.0323777,352152.75756348047,0.0903958071345547,4013869.449650436,3868996.501637191,4634388.004987431,18301700.84763932,142167.05976451546,3203083.2299512867,0.0542780433030714,2876.674146308478,1080686.8413742746,0.8631223733697482,15193846.529720448,30258.60307102662,23616091.65821239,183101.03052590223,14276777.62181194,4100990.614596135,2845.745117778088,802.4431774031192,12.567035067960587,3004973.383616563,384199.7698831612,1512.3275064753916,93606757.58087224,1443067.0993735166,347356029.0002505,61.22585833686648,6697837.458180131,44286.445459835006,0.0092710336382992,3954.435853818706,840645.3258380874,244043.6262447037,0.0,2.239436266870863,1017286.5259070076,0.0048979764932255,5452435.965169461,135.22017109767745,0.0287269503442075,672364.2354384857,21941514.624562867,109571240.24975748,0.0023183328403888,33.32371303356177,12827249.395472793,387172216.5821824,42.41340470205146,0.0037110850638892,737.7487317722112,632903.3230513681,50.29987398444092,77425.54502375738,37512261.94175378,6.118257816386102,11502446.516046472,21717.79195339901,32.14152243513093,2599389.4201272465,0.303552900642186,1525840.8708296455,51691148.88117957,8470256312.6977825,770137.3382818031,145160269.81087536,30855775.160590973,26495.11078641595,787.5777202251918,0.9194872031161698,0.0300545975477177,2010776.7093033176,3.8069368431103134,141561.47522499057,1.60613757693055,771.8903230281867,9659263.77209736,0.7190133218330175,9772327.981593488,11021021.17923526,5295.363066161252,13851.96668710184,3696818.925871714,609016.7132169004,52590179.0181942,4.4795499951436,20897.497786673925,810476236.5138947,0.072357040187228,9354131.885748168,136402.20761106416,5069383.296927585,527348555.980173,0.0014164095601696,604651323.3693379,2278.03987237814,0.0793590148887526,9.548688261210568,217925.24886306407,5034510434.264988,0.0041182770210106,1034313.4072467578,21706680.90627375,8497351.338460952,375026449.8600009,0.518665534185951,18.661807952039027,68357.73826396865,748245181.236857,2.130592737345836,11146.15137983853,1.2454114667799416,0.9685280980738752,7576612.960825937,1.498723393252713,0.0141593568979603,0.2673431766498311,82471670.79594253,3208.1545986532565,1309351.985434349,143442.83774087127
TCA,140.3181791305542,1142.2197294953205,1.4824630789283404,195.4437889754772,16547.1475241757,5.048333237364304,8.33158601189317,3755.702760192636,0.0885857717945697,12200.404496866053,0.0238312439894148,587.20451153256,21.34400066814121,89983.05566245597,3107.8327227504183,0.0283703852530834,63277.89149284363,64.56406589505296,86.18405154879581,0.3299088784004667,12367.454792008512,0.0184962455354735,2384294.861225128,29678.28706725873,87449.76296156808,1406885.2407423854,4643.2021251916885,4817.921923642925,137958.0564233037,129.44840183854103,0.0272667016051855,0.1083536458163507,0.0002469087230565,0.7674300852952172,18.12071728757,24854355.1773195,3.54103240169934e-05,91872.9002891332,1.710791324048003,3791.770440735528,1034.7794744100456,136.74910159677657,2.731430888626591,0.3947802220523044,0.0964441881380935,3354224.513390046,0.0024568064770278,399.90315059818977,2123205.453961827,16482606.562519908,0.000303045891087,20102.029581546783,318.3407835469516,56624.29552608359,508396.0323995482,0.0146335603324949,545.1480815559626,66009.9927953952,2425554.8860464096,159469.52834220184,172367.78172205074,5012.110213922098,109.59317339257689,12099.67516417452,737352.5804458121,23324.23996034265,55.09762443753821,142871.4474001553,0.0469475183759104,0.0690672656929933,922140.196647061,2368.295769929886,0.0052786685664645,0.3423302911754771,645630.5313552194,5850.315890450267,225.9306420160713,16.50806552171707,975.3849361421804,66.02266833663305,0.0803138358194246,27844.70402968224,109.21248342841864,1194900.8083547363,6544366.061185122,8149.229742316525,0.0024291946540273,16427.065826765014,0.0018091453608235,5032570.643895924,49997.20277900755,1760218.8335399628,40261.48987604677,7.2445563860446995,5.967345296086561,0.0001074510951823,255126.23176382345,20760.71678436988,8501.700276080366,290405.5694125835,1138.0767502595254,229615.5042824035,807877.6467514038,2996.184295973194,2.6575922686164195,82187.32799539912,0.6684405211679234,271.1620934440884,0.5589574919487745,126.59120525444916,0.6555932352080873,54.617347255488426,0.6426237777823758,841.3191272646618,257.68815932516054,13048.307037405266,148.42645758390427,263.2752922028303,0.1524313637532941,0.0276815422996605,35799.13628188521,4683.204654812813,37220.641769035225,334855.3214028694,11768.743901071151,0.7887144013819958,0.0004697748287685,43211449.03127436,1.7378063570712117,3971.635742286257,3981.172369360026,106.92984383553268,1.6408002131250203,16215.18924806267,290.94241199931275,0.0021552610828905,1.015744673984159,6899.549990900272,105.34203624725342,0.0032203397992773,0.14613640714777,1.3885856017545637,0.0,0.0536121767596746,336.3227184344514,0.0001163903898486,321.7974210268907,3328716.486476898,0.0006871247933304,61817.07049512863,499973.5071584242,0.3567938146648117,0.0825738642438409,0.8127055980871689,21.190659593379262,680.8559742047164,1705916.6271145344,9.24784511227017e-05,60112.606543079215,1.2044914856656774,0.0020406761883506,1.6549067082986957,213829.8834449984,62822.86673942208,1.0534502982960705,200102.01043710855,0.7576571515770603,315.6487541163024,0.1859368740189744,8.07935962657507,56566.79548547203,969553.0262974552,0.0206580797780162,4521.167101692394,269.3716294767546,492.5922262124577,0.0024525435435407,0.0228626574562174,0.0007449669789139,14313.50394971096,2.55044403802534,273.20292947337884,434645.6837489605,33.5022087097168,0.745540077139129,5904.67818069458,25473.907136596143,11.918360507906966,0.0017190388846231,12423.306006244502,25243.170689119022,20488.298641860485,295063.0811344052,0.0242385908959477,0.0008563837127777,5191.823661282373,381812.5258178711,345.0758563734266,142.98782915299915,1.4873465544664342,163.43069588020006,0.8341257513194336,2890.0880644549216,0.0412795645506207,6.962033145353482,1649.1700107580982,17991.051516531963,90675.64321085915,3.3612046051771216,0.1255896337881168,1.0761251991988292,0.2282130841597336,127932.07614283758,90.2378385017876,0.4482983290828597,127428172.96165489,4883.482868836852,119.70935871824622,286995.2674880812,498.4794838428497,1050.19109916687,1.0677315790732989,0.0356080140767254,5.714781403981287,113.8911184398612,14.216295597350976,1.5349770654367667,0.9594725738570896,0.4835618890514865
TCD,8384.053079047182,208951872.6703292,432255377.47473663,16257.999795168816,57660852.06357781,1386306.3927838197,10539.95898386095,18612642.61859928,0.3558573069160132,10185724.179213248,18.913959463747982,110865.449170557,18465.16123731828,19846239.66461641,35620706.87209819,2968195.9128112644,1396178.0009036695,5832260103.112234,6745657131.575908,12181959.101266569,77384794.32327284,30099.09659576374,283325.76212059334,86271903.41713758,59155255.14550441,833900.4228961437,1042.095617986715,771103.2402123339,292428890.7623133,162922.86781385183,67.82932680735827,8091704.890067298,0.1968288607794122,2326051.504979958,16758697037.70901,2003117.5661307813,0.0268995857141618,9550173.760683255,1293.6223673422428,97159656.01706444,6735278360.578298,46420421892.67198,2725354652.912636,2560477249.9304385,0.4404517906255187,29905380.04401469,318982.38423915685,16819694.04095505,3657107.47294658,2807917.4452088587,0.2318347602026378,4515.312637281254,6609168.159048328,13854634.800100578,22563320.2902029,6033712.36997807,204377.7180225171,1100934.4407090405,4125799.166786901,1565652276.625338,438641.3691323345,75713458.74373151,114021927.49409534,304980767.2788513,143769029.50048736,7036011.498330601,1165964109.37085,19529272.93935361,35.143141777624805,54.74432038698593,138260779.08178478,11912.536254766295,2.162434569982218,6064078683.062044,8854618.178425875,51045992.52763944,6899974025.277367,1664.435018108067,7321552831.978117,517845747.29172826,1781510530.7814984,268057739.0149684,91048.14555189863,2323047.2235262734,3399153.888694112,37927604.594124086,1.9691078820198613,53573965.0064217,1.390934789943306,4559265.013449222,65816703.45852559,1672067.4523914868,34323562.0094911,69898.11004398389,429526514.0345235,141.85013804137762,467851.3997662151,496047494.9432268,126304870.2667976,523584.6788602398,5082221.42073353,335810702.6510636,423633.1954286951,17576828.25126621,698533.3489515304,242376017.2501995,1882944.017174688,50238018.6902675,63541.24294749071,1.668700694069272,188886.0134366468,1493426.8975058382,1367166.1262735575,5304271.89102068,2374932634.435247,443461463.6923992,197168.351713251,64552.84249616848,112811.18113390388,88.80132828046592,12001346.689490696,164088.87169133034,11270718.002332415,394012383.2455127,8664511.319140099,10360776.405743074,446.2040955749495,6670429.415325306,0.6275819087430148,32545322.849535525,10531330103.813412,632804.4876083846,20898558.76809781,46855287.64768539,11003370.306921326,2.3530515406656223,27034585.033217024,2351874949.652621,21234.40763447208,26019.97299631716,32744517.14825959,15268.176333602563,0.0,40.74919302538776,11322242934.962202,0.0882260624947015,78236478331.03723,8185417.616713877,0.5245949353680004,1246507.1695012902,12769787.905133905,23924780.39235712,0.0426707683301117,631.4352300793629,2609321.646748516,102126157.27473566,3329192.7640225515,0.069645108581607,2506053.028253053,39803.75924359059,1.6827615934648863,3274.981254254856,35951124.44537495,1514125.9364002333,461348.9840816386,5409057.37132564,16982.971073666882,1377520.2239281482,5.53485008316959,463950.4678906371,106121675.03970228,734824064.1796491,2219906.6796632414,139723178.27359802,16644451714.504135,1798208498.1146383,17.345665565823907,17.89018871997208,144.93915867260745,991072.764732964,60.6381523290723,2023137565.4314284,688236.1292095382,49341.68248197267,6462002.326168995,10219.904258120128,62858270.453657575,1219792478.130069,21304001.197519965,46535206.73563571,16447046.058379076,12606581.91408778,43277856.93564722,740.9532515833746,2323.6241615850067,50167013.15751252,29859.486241663653,90791982945.2535,2501181256.1353207,1842305.5235468056,64530046.345451824,0.0250109054249067,93470372.63550238,62.76786190943739,1.413217316254043,1377969.1439653062,181903867.83851236,653607960.2763591,0.0753683254971832,175211.47423069962,103496280.42623083,6270891.078928949,157690204.33379766,2.0913724634670223,334.886888024478,3111953.863462246,84824194.92995432,146464.79781838233,126015795.81619684,21648.95958054621,68334.00650906419,2067814.073934768,27.0833016740034,0.2528185364934535,4.709464094521868,60048698.04700538,314308.17955130746,346443786.06424123,3690333.178995285
TGO,8864.131320774555,10755130.118660793,24245.18868742593,5942.947989005595,12504563.294504842,132527.62622902732,192324.50459956407,1468968.009181182,0.0437929938645993,1199129.3743031926,2.2073783147748456,37986.6590652219,1995.8267028481464,8582203.918570945,3828262.206372176,2207.255862097188,292430.48302231904,3206902980.5455246,2551959117.619811,104291.57338730624,16667209.497873606,2073.47189113494,178479.18071709198,17456047.816384688,9861309.829034384,589050.3937180694,267.21421066357163,9970895.884528851,814966371.791809,81909.50507986546,2.6117751689557736,49690.76459310642,0.0235005392246421,69.24255042142461,30278374.50577791,859540.7582287367,0.0033005408893131,4708627.595049762,160.09538777940685,1101677.3669870875,4057976552.050077,124786654.76876046,1344744.5748023666,1047883.5199080122,0.0542720640932312,67395667.16961546,0.2244935339842158,2573527.2437778264,3475038.4635965754,1679400.638475203,0.0282699101344405,4393.130209849995,829966.1361288317,6772698.915474234,9727188.983218474,2629.150025525935,66788.24044390023,684139.0794980149,1732591.8633654015,290795314.439591,2235847.956162356,5714584.771679208,263274.85124540457,46700571.81083563,42225978.0006789,1307312.7928255738,1606689.0052225457,2336547.389150154,4.328276996615585,6.536336990596155,36906451.41149748,247.6594269682996,0.2506846706321171,3155436.752133824,893647.9767838148,6085895.23870948,5191299396.526317,130.27976164018037,3280635839.6825066,165626349.98372173,1607310.3440317498,39668522.81627616,80582.48042683303,639080.6273081423,2870055.208397704,71177244.62405515,0.2330341255904429,104304746.41869076,0.1669256854013525,3882806.364387528,13731451.025936188,566349.9411009181,8180350.40199801,674.4675622840916,1240205.201981258,0.010014256275781,105426.19287269344,51313719.79829102,9965021.668430202,46385.26778773377,488468.3743810358,75051506.95015404,299849.67484421754,2249130.863613634,248.94808341654183,12033332.798755106,1235.171695014457,1083853.8356470596,53.506517091118845,0.2032644008884521,60.67970436634714,129046.10553343184,249163.4091778163,550791.7303185028,1208206611.076584,89181241.89241225,60092.49023061991,45546.06570464128,199.66572831207964,2.5478658381344417,2794337.287808211,60497.35960457586,2225054.800401491,49465778.66300689,1915756.712312232,72.43848045100228,0.0482394601199459,7415720.289464418,0.0732469885796387,5509056.616616022,2829589945.2177067,103818.70706611872,70825.17973523887,8071714.189827673,99068.55340778944,0.2071268135759219,582.9236427210691,369135465.354337,7321.169657111168,0.305792406681304,954.68306051185,131.67363583633693,0.0,4.933676097616175,900811494.2319872,0.0107087935755316,4288481821.572738,7194897.593868054,0.0638768213320872,406888.3617500059,2739545.064722691,66282.75763385058,0.0051911969997036,75.80259096441627,141923.04359431434,2944091.7893289467,3658997.256821285,0.0084575538547362,10808092.978311218,259.3511522912524,0.1914492888108441,151.1163761744299,11475566.579598311,686302.8898967765,96.57094478574402,1417446.6142962575,348267.4763502593,121262.10945774708,0.6799629034584109,36529.94910119731,25483740.95906183,91030187.4281136,425.8737207279229,7392504.464850371,8338340.477587305,456649177.94019467,0.2298717412555362,2.122526139959657,0.5085430168787468,22920.75012794165,7.008396502251328,1076594967.1322908,409625.2176417864,10963.538909077644,8044.896199653639,2671.15729693681,13540251.357076364,2926401.4259809563,49606.96437626084,90445891.39879674,5022867.9182029655,3482976.609069363,5255480.40430177,2.2468208383383512,13.144385143355318,4603201.738088148,11304.379681895138,127219493.65317027,2136072268.083458,9062.494417585822,1691628.594579611,0.0031224662864062,4409938.687280728,3.754072708259031,0.1735962720960966,1596257.5029325262,42103799.185709424,107172606.34201622,0.0091644178227205,12.204865998902186,6798.380685483554,16604.094960154467,28231652.115119696,0.0730391775693455,281.69825943865214,4631892.350142713,2911202.828431995,71709.33317676187,206080417.1388367,8017.027674550191,26367.20448872447,151389.2164405989,3.316001018240131,0.0313219642517793,0.5878789703599523,154026.38177584825,141.77697692388696,11098.392513269642,43.59048466425537
THA,0.1958979298470922,33030.15071192323,6977.878616134227,0.0871129317251213,29.355741825944847,3844.5465225584967,3789.461004604967,28.71973162659507,1.9947723041737369,5722460.753147984,10.643159974253436,0.5024465366367802,81890690.70752783,183.45660350522104,156.09234877750276,63609.611962676216,76.71560476779354,74.33891987426662,165.6960312900171,384381633.36689377,157.5185299825944,0.6699801809776547,17.1575833889289,76.13451610478319,636.8025536433137,21.50745574690848,0.088869169780271,941.5282106208136,5936.594562117889,0.473647695975373,29702028.7649045,25041145.124986064,0.1126291535809684,336.02680850638944,20646.79439747519,58326563.09633495,860.6650196555406,85.28380760201057,771.0018998297937,140305169499.85596,200.31135114378483,4597.435293040796,2086825.3613937572,66164.21099058958,2.795105345260524,1116.6446080209223,8450.95490011088,4.0467963103149565,46.3081537523176,140.7101098517304,20116.130945449426,0.3841372763185966,7.44972402248586,183.91001481471756,959.060751203892,42585.2380429817,0.7961977194185206,151.86929662256574,46.45720894587911,1959.901345191376,318.0855661714603,576.1831956675633,16307.27068368859,222.51807270628976,682.5448971793678,193.6221590819869,7146758.563435767,6309.222862562157,22186.708963541685,31.258203846092485,1084.215436164891,59.43596750858735,53360.27922734615,16970.4940521747,846.8878997459522,103.16197444187168,155.28054729527906,0.0077982645295673,151.89427660059488,23.41533362323096,266.01201584675783,128.02100373394063,0.349923257256957,264778.242356882,104.13586027982008,66.32478964542909,121189.38440875243,165.59213490785368,0.8053574525554934,290.05611845752657,98.07727399410938,28.53749452994859,207.56830577293053,7713963191.96018,3080808031.8860464,7400.571506752085,218.7383375377585,137532.05351617874,25901.4211238252,1181.636573175375,13.76623756066693,431.4979726694553,11.869058836134322,57.59331397358012,3923094179.674958,10256.610579122736,4623544.252697013,5652.548479893635,11618824395.25229,217.5171861176376,1495022056.467648,1551.4114011999293,34951959152.192375,6.4093180212273815,61.88169220489314,1255.350711932996,0.6068782637630488,0.3698024596217086,1080385782.3745096,12.342741558831424,214.8810405693957,6.053125041244027,235.25631431334983,375.2331993535282,71.56206139715347,2909805.584132646,877346.4190007278,195123.1200180133,172.82662131700852,28.3755832783187,686.7052885709269,0.4202182869837187,14602486531.409258,15.031617690825971,26952011.34708082,179641.66372397591,2118008.808759632,697.0287051568735,0.1063080488969632,131.19306800095063,431642.1684183187,3763195768.026405,0.0,7060.627238421192,483.46820414947496,0.1585888919837401,558.5345450053962,190.12621232522983,0.3079701507301706,101.17997317080857,27523.69216341858,48450710.340362616,55.80652246978439,1957.0758099472937,140274.6266898343,3265794.445980154,73.2872081142617,0.0409556204713134,1384.8990624020716,2789175339.281847,252141.7737499548,120183269.0019443,902.9838588751564,9.123485625553071,1008742244.7544584,114.89123150446451,335.61159693084505,3.748323563057259,3.269247393789987,32.65219746871722,456.441953196338,975224705.5506752,46962.17086451751,96466.33465367198,29445.75133337708,170.80477908835064,5333326.695320226,10.198787591481388,0.3314383793061468,49939.54511293591,839248.2952310175,47.116443350809874,18.75467998901284,0.1051109127400451,8765246.302605297,0.700097101303399,153.01486449292676,558530.4378323752,11.540040039020056,115.82520782565948,101.35935461334128,34.2670313205698,38244.15015361432,10.823149586083323,30086.77614726884,151.21951968867165,0.8179294568054303,522.9196701243045,35.71250050004342,52348591529.64581,1166.729796379521,55.096863479013045,1935.7250992535703,5474359.110635126,9.12305777176947,5.07282385617852,172.91113968231937,745.5081568716167,128.35593920598618,2295182846.913696,6954508.55194313,1322788.7197575378,1408.8993820838627,759.5889315664099,201.6057436259584,24570914.76521312,10594.302817505695,0.4742906253279688,769.0213095157479,0.1744806149324755,0.3994903322131655,30589352319.839382,19051.477257337003,66.96935076931294,32.47304817590741,197942.34826694743,683.2676932126737,261325.5454352391,2090.828072130482
TJK,0.0218442324598129,2129484826.3006687,50.93346457561911,0.0097044547278577,8825.679229469017,51580.99492060066,427.4973627956288,98939.74246554189,0.0219249966095087,711384.5257868818,1.1240448352634589,0.056491775780747,1498.1366555995314,130238.27948262234,643944.7694899734,1.145657884372067,2978.74794960564,8.642086750741896,19.85698339893522,15880443.580617163,294847.8808466164,68.09849895670003,2.19919540428007,210978.627682348,1349028.1410975014,2.447672210301532,0.0098519148556497,91.19056752575727,598.8693640688059,0.0530528438965021,9569.146094994026,9351756.76090506,0.0121310581242966,31.601920473205837,156.48959765991046,5056091.280231107,0.0016525747107181,21082.00951227468,82.78673881570778,23584533153.41304,23.068506890948377,30.34795820280676,21513.93219284303,18.886723195715348,0.0261195734593654,122.82599751789336,25.480027926810912,0.4521017996165697,5.315298081277069,19.027687010636217,0.0140874628914247,0.0417543386027706,738.6216880073346,67453.50872457176,228906.3921228048,4787.885412788844,0.0893792559519131,27709.78992015272,5.246168547250357,14332.685891961935,33.370709645638186,6443.561045684377,8557.575313387906,20.552347560254045,74106.16423954538,356874.79973413364,264463.94445455994,2791547.530995389,2.1612458415020246,3.386207798981474,114555.56691131867,205.58488319524213,145.46363268939237,16.55720656588172,16318.893034738763,706107.046503319,18.231855616917144,0.00191277359077,17.68723271231704,2.7455082538702893,1.97739611425893,88230.90831193472,0.03891624498379,571027.2924313291,12.115539066927845,6.976252695097809,230.62264790440224,17.490478848270374,0.0854473247041935,11.984975440346023,127188.20075937432,3.170535060876759,129672.43335768789,650708.9729049176,406226638.04426175,0.5845808358791922,1396.1442975316654,8692671.972734645,33124.31837923599,15552.529695621124,9053.101878695508,216654.2999599288,1.3229272743086806,4602.2990448890405,64041240.70072426,2901853381.900401,17527.369920432073,11042659323.084131,168810.0273518748,0.1039746552128611,18288190.84506707,143.5685188178199,466825.4310251103,7171.55767154333,7.1206088568783485,1725.059424289429,0.0670086969224303,429.8272430120516,110443.5782934819,1.2439536757415173,211822.64924974108,307.7317188744957,451093.7110415108,8845.05989191307,184098.027492102,2936.9130105174268,36.71581434038867,2057.525632438316,0.5164192612531602,7562.735655200627,79.5630668950508,2.3425247264326288,14781446.683441922,11583.68559712154,870932977.8098196,288.3717062412545,6877.168495097696,65.70114908403227,0.0118564020254439,1.1600706636935283,4813.6118554842415,563580.0955409579,0.0,2.4459477497497493,61.03904110123575,0.0054881326974793,65.69449449317503,13.715302824483906,0.0325233290780317,2813.730701313987,484521.3833918042,90612283.11399408,0.0026312736135061,40.46940859550676,27549.287691924303,1076373713.404578,8.21464491706511,0.0043912710762279,136.4052567458774,1326340.3146518385,54.696466969785725,11737.10820724253,467598.8908115529,1.0276688049649851,61979515.50131666,284.6522906617694,33.60550779442044,2410.3972667845687,0.344208840322643,1059.7494739917918,962571.0223940884,2379926551.913216,34.242738006528114,113375.09003564392,1910.0926907298624,19.291444407445773,738.5465118620622,1.124674144406448,0.0352365429556211,185870.15333126744,12.565074403491924,5.385038665839007,2.149843011685541,12.70061479094143,19681.1896313873,2.055619028662776,215932.6976767265,1804.4815036344964,0.0871089803168653,12.212813587434107,55482.51589235356,34237.00675321429,2448739.11211428,1.163713050036197,94.09478435962642,36732.534091674126,0.0914523232845923,2124.936191749124,4.220192491396908,723938.8987046086,5735804626.144499,0.0015439512066806,65371499.80919697,42.77894309062951,0.0860407254719139,0.5585571470343544,13127.57304748071,1051525.224598729,0.0046882881426523,1329696.915805183,22340.453273478,3061.2615055794204,4314510.819350534,7.347888861557299,21.44067792240938,371835.5485688448,1351784872.3472958,0.0532083909971117,84.27520267231777,0.0194538862852442,0.0445499594766651,1699887.874556981,1.6493598288603095,0.0157561634293166,0.2890004896504337,56103.358519973335,70.51385128038875,67.17084264556915,19.132655787650144
TKL,1.3490357275713905e-05,0.0401283439007211,0.0470843149265871,6.041146801250008e-06,0.0021579570981451,0.0026769621536635,163.99320661262476,0.0022366788603136,565.2576769143343,566.2717084447062,0.0007754095291415,3.547866065722882e-05,29313.535295391648,0.0135254389586059,0.00980907962927,0.000900613337265,0.0055885775266517,0.0053928741346409,0.0117884065813854,0.0106317704918166,0.0116888718790817,3.761712495431446e-05,0.0012361199145726,0.0056144639725399,0.0467645935076017,0.0015542074573957,6.705792441774605e-06,21.467720219289223,0.4879602873797591,3.280421013585055e-05,6.523556480393836,0.0035713105513757,8.470984056430098e-06,0.0249434728934732,0.0231331948499251,7.94566290452614,1.1711741407793852e-06,0.0063629888220617,955.9140420067208,154.6723590518248,0.0144504020852613,0.0180020048680997,0.0835469497459921,0.0129473609173089,77.54717337805778,0.080760917668943,8.029301048573245e-05,0.0002993424300024,0.0033087953472917,0.0101160930129995,0.0031495086823269,2.839671038301628e-05,0.0005454501043757,0.0135823091033128,0.0686059185160987,0.000476847633377,5.725808448353576e-05,0.0109218684335988,0.0033552695905756,0.1448858032693984,0.0230601624063121,0.0434912835014178,0.0027649985112261,0.0169009757983218,0.0503740764616733,0.0143269921267332,0.0313710366243602,0.1524952554205327,24724.620504534803,10.37685781520331,0.0797507808988169,0.0004960847537915,6.883352946250373,0.0111944681891582,0.0528535725379988,0.0077460535445027,0.0111333256655753,5.657561228389341e-07,0.0109461497375469,0.0016894121316841,0.0012390316404236,0.0095108508603058,2.4937271930980387e-05,5.067762003264675,0.0074584779311724,0.0048141971946935,0.6662556569887874,0.0120841379396887,5.979629337993231e-05,0.0075938685471586,0.0072148808027803,0.0020618396896665,0.0153618797249532,177590.94560032093,0.1923236746530567,3.5505294498916484e-06,0.0142553748179976,0.0784313901226101,0.0250006066841187,0.0363753516229035,0.0009958650028565,0.0321867348039418,0.0008556531660453,0.0042268043112656,1566.0178359102113,0.5854893609802938,0.0218641969323503,0.0319800257308777,0.3435339953767817,50.84643395973252,48.215499130263446,0.0009847243157583,2.6660333694982974,0.000467935813269,0.0044906595182254,0.0952580824440121,4.328130103559147e-05,2.843104582428424e-05,0.0050007464172363,0.0008957166704544,0.0155765347082699,0.0004432683829111,0.0172825472730555,0.0278440921655348,0.0052539990323767,0.0257144353141242,1.5688551385297476e-05,0.1611869357423931,0.6484131869204208,0.0021220902348551,0.0503885499648217,3.157993153024563e-05,0.0538313003143496,0.0011012983029452,0.6066622220353528,0.6387743394199754,0.0327968159293776,0.0527664607652807,7.763298469853908e-06,0.0001084317015677,0.0046812578739096,1076.6720374731267,0.0,3874.628808052162,0.0354303917735129,0.7950795199722052,0.0403153400396827,0.0089277308993303,353.2675256729126,0.007399243810358,0.1196454241567024,0.0118728537392933,3.619460307061672,1686.0151716565192,0.0099964457345737,0.0560543714053265,0.0051637426951334,0.1317937143830931,0.8040685680645341,591.0051543600196,7.615884577622637,367567.0578838015,0.0659616799002211,0.0006547843535678,6.209565854177937,0.0083549194138057,0.0347324168657985,0.0002756927641405,145.23270353084956,0.0006164817738905,0.033822599761153,22.69108584636033,0.0006687528854699,0.0822298968642125,0.0485363811571373,0.0123950115171913,0.0101480683032662,3.0358522598436144,2.4333831529332883e-05,0.0763039372536009,70624.4860002622,0.0033886561487248,0.0013484740873348,7.62532286557871e-06,0.0243924524541151,5.07839993701964e-05,0.0113657793061623,0.0206768448632343,5.6775104838813206e-05,0.0084973170568409,0.0074790161478048,0.0025614532101414,0.1772492719928098,0.0007841597107969,2.803061013773034e-05,0.0110902509088264,5.996593848323073e-05,0.0365374837085971,0.0025835476628071,0.0495719554960694,0.0168046420693457,122.33787016943096,0.0519753935683877,236.92497817004917,1030.5513166366145,0.0003656412475208,0.01269165129183,0.0552892077548604,250.26552030444145,0.0041961240773429,0.0347455996231493,0.0075313759377568,0.1035519840626848,0.0694252356362432,0.038885809531647,1.3744058688957057,0.0588750302612877,3.415744166090917e-05,0.0558244378127265,1.3181623327973568e-05,2.873514112167186e-05,18.38596187614952,11541.945236067986,529.4436725323321,10209.442645072935,0.0126371092444229,0.0500445815913327,0.0306897502767435,0.0155452263039879
TKM,0.0412116853539572,5392608905.668638,3240.43055270522,0.0228013037080384,1822561.1209868905,1091955.4702189153,814.8280024146046,59698997.22524793,0.0456282247365223,1301701.2793758763,2.268912572608775,0.1052858844455601,30607.44575385548,13971570.024554042,194341700.7722867,84905.21041192762,1292237.5126933125,66888.66494671238,76020.4002014823,296726846.716965,38875558.93262371,10774.032900811504,160.86670762178142,8243683.341863995,169439974.2802341,76.5147562929808,0.2542017990560821,199.76218478372596,42797.94270728637,2.340730128938855,20205.13852174191,158526319.59171447,0.0241306202505242,86.60385890605383,468817.9306514457,72882781.69754173,0.0672817799130132,3282042.4383142344,162.60051432500802,11612073793.751642,33345.6087366246,189140.86889333703,1942474.681278296,45192.04061883161,0.0558066142651138,596.55486942358,3846.826236980642,232.5790545131852,9.794169197415554,61.63238025881042,60.13421626777969,0.0825602281597879,234018.81765085328,9137125.004170422,36215131.48229493,793892.9297963828,0.6885844872577351,7599150.490108261,66.01993850214136,1259266.2130410874,69.94854552718749,407314.59686404734,4091395.282451721,7514.549427564348,3319050.2550109657,30702147.19900975,56191878.31616183,147972155.6095692,4.525607735043389,6.663463319615625,17133290.74417476,63892.14351826808,297.6317705519459,24550.07372733905,8574161.697303008,159442861.7948978,53365.99397044933,11.766295715285828,66873.84094861847,26905.89913482314,4611.791574563492,17461180.58986824,0.4611371917164596,56380727.05123557,26.43721942954751,3259.863301294083,579.0960926218369,9100.121890682947,0.1724464493541418,36.98223012582816,6114693.168335069,26.63122638978631,8913883.88598717,2161693.180177721,4909220553.985775,317.38790973738,1871570.9813619512,1655041519.7535987,9000459.362057587,3926068.219447624,444534.2941013547,18621659.11843653,7.527896589663472,570267.0449469433,178948411.5673446,22602954036.76502,1354757.8447784183,6525916844.555493,1038056.1100945068,0.3627743556950394,41508936.66650839,148245.84590012254,12768869.769992778,613594.1923091218,2463.913866639486,275786.7909447586,0.3088513603295366,23684.817050443307,2493146.56241714,1.7638371669730213,38502913.82635568,103568.68442026044,43108147.41706609,401510.83530846256,14550150.323040904,595105.9575080045,2057.4169693918384,44371.79936147967,8.517802986416354,4093976.039026376,187773.69115412043,1176.6588546745422,332261897.00420165,1548169.2072640709,2882503839.915852,938.9392560057564,561841.4759423275,71406.99523489876,0.0221788313008062,307.5291839247613,114173.84674110822,1044527.13469412,0.0,5.0898014326686445,234622.12552201608,0.0113455364142325,645755.4148291454,34.18314137133072,0.0667634199003401,1613890.2047224117,93792932.33683044,873409954.2525862,0.0300869168782478,78.83697185053211,5667535.693851169,3964134859.344476,15.299427574624763,0.0086246853946395,300.54491012222,3267185.285494564,694.5823749290255,32198.476118466875,80163428.6932618,1.9412475107001217,127051078.98802604,121793.99969196029,72.33774585357618,165624.6630819282,0.6996360496187413,204968.99804778665,73761094.38229892,41239678569.24274,88470.97822344823,14285538.367211595,5489712.5062383525,44865.22749715895,1346.4853232300234,2.1834876453907803,0.0691727756655264,14014549.482860675,12.931206727792723,4794.536778263026,3.9327466983556185,3358.500996523649,3173262.041166626,251.71883912483128,15039062.718551818,731039.7623276042,0.1710577694499654,9096.303244099923,6121657.682440277,2626695.453070729,185476771.4054079,17.06215451056756,5282.243328719756,3031108.204304153,0.2973762301964875,2132494.089294589,14928.131156047555,14021969.429010754,4733384582.485511,0.0032625717684604,4024947968.631509,733.3936962004547,0.1817993572460745,3.8326353916543945,480094.3676530356,212219076.0008144,0.0095442339792813,2780644.119731775,2610894.7503434955,810650.8490652386,443726292.3651781,19.745474922364707,43.68508037523465,1502901.9489297883,6045794725.963005,2.89842532104253,3081.4186882934946,0.0368490863299227,0.1002192319961228,14591438.719545534,3.4519597783473177,0.0328182764632336,0.611896970005593,23152388.90289072,3216.249989121,109327.82489742104,6752.582540751753
TLS,0.0060690552134019,18.196635347920257,21.67026992741533,0.0027169580975447,0.9694517652468732,1.2279152909478748,223.69183615486804,1.003099179546279,15.53986670727791,191737.3241438021,0.5826482827694814,0.0156245154274179,806054973.2263048,6.01211316612077,4.427699416065227,0.5629500184935665,2.488936205991536,2.3352019841682035,5.077932427638505,2185.400586830049,5.229374958850766,0.0183580136503307,0.5432172260372621,2.5047696904232097,20.65165907273305,0.6727348592498077,0.0028104115516631,31.210853597042718,194.0333244088563,0.0147571347988559,4147170.699588776,5168.304815650632,0.003645987914183,11.274817719117356,9.975688252678266,20651.942292147534,1892.147444307804,2.830381204562457,2847.0951589474225,10222852.137594864,6.215359061693831,7.679922699596311,180.56519693998928,5.671878506957027,13.433946287332208,35.39518823861397,19.16328851658869,0.1301977579084177,1.4338841490627796,4.436356981966042,47701.63458633423,0.0122494824671726,0.2450497343046436,5.980667465456154,30.415997654577723,0.2116088527363215,0.0253204839301304,4.863533626158621,1.460212694480635,64.4583947319882,10.272966851207595,20.256100658282293,1.209260037912122,7.391473516922446,22.25424186508609,6.262871107166944,311.62917352251657,67.50641329421137,69480.34987539487,1.007694243213292,35.3434931608827,0.2202023599784297,22142.98458745574,4.909620261225828,23.14350311640784,3.4768144397497918,4.787702196103204,0.0002503769119286,4.714404776097435,0.7254498841780261,0.5341338602123216,4.219488278710365,0.0108640820967274,2229.853521157576,3.213519755091072,2.1502255300662,51986.63306135684,5.3304720304516895,0.0261442868682131,3.2672492615131583,3.2188141128575807,0.8968685473984976,6.819465947237498,3631752657.195288,109708.59607122994,536.0022830574308,6.217960317604384,35.61438265631141,11.426360403264672,15.902009281391017,0.4527289810581152,14.354353940888736,0.3739979167137619,1.952015653919244,11378917.965023126,259.3997993471337,731.5357748274768,14.399944809663602,2938347.0937099378,46.93471089481805,1179103.6856711884,0.4486140091412025,537258.4438190995,0.2097435025916354,1.925091752921105,43.2884233223388,0.0189121243417957,0.0122472366030308,52009.29749035309,0.4014507418791879,6.904404398162875,0.1964117422967177,7.603311542926219,12.346397667427413,2.3450095470183543,8914.189623175707,232.90925652957588,69.82603673708456,48.76690266159322,0.9534569503336812,21.784192332660545,0.0136195423668539,732107.0756287673,0.4939754470014605,2818.743687848015,26211.17780596996,381.536110251948,23.28615221871858,0.0032753612180442,33.80647263611226,11.72541905439405,310041358.6672765,0.0,176283.53035575032,15.518885430836848,74.47129078768194,17.35817991940819,3.873672773954617,141.67904290267325,3.273860248033984,52.512987439695365,5.140764207387612,2.2887562923674523,208252.75960539927,4.333905092221901,24.90339203833193,2.227076296534179,0.0013041598401977,45.62249301532862,91975247.95051555,135143.24930583686,259600303.9191383,29.09054882386208,0.28692551455363,1491341.0332547228,3.674361850564312,11.042785859765887,0.1225162347210115,14.93024029615844,0.286892762057219,15.021525826599746,1943686.925883964,0.302262162168661,37.68640610178133,21.278334316517714,5.41652994308375,736368.8108744025,0.3233417909670919,0.0106723944143993,32.9508023756616,1601034.67426448,1.4713433710601205,0.5840524560510048,0.00351866289202,384.04393811762463,0.0216341870508927,5.052601852767719,1134.5211072788995,0.024132204771643,3.744515941931307,3.3093230421601447,1.129966700417242,78.42262875932218,0.3509299195779789,208.781563329528,4.978900695735955,0.0258592469872382,15.912606822629728,1.1016408108606797,7376099.272837263,7.689975970241875,11.033863463204892,23.43763978642809,128833581.38312148,2088.28713383724,0.1611159204907082,5.636514450723585,24.750764762570626,291.98718730395194,1501328.4823562123,1884.7606865247972,1535.8052063224864,45.79740386801212,0.5195098508274794,6.514712541762412,705.8319481205509,26.340931996604844,0.0148466175838564,24.468616317531925,0.0053794257200507,0.012349212970065,5565087.188743609,296442.3436694032,461.8363795457472,940.0803005649752,5.389941298524107,23.68616474065025,14.774196709027237,7.0813025603428414
TON,0.0005659233081871,1.5790287505418117,1.8569244261514275,0.0002516156020282,0.0865440258487915,0.1051859608660994,150965.42250793392,0.0858036062355975,4252.626504936256,363052.5873823834,1.0606008767414514,0.0014539043518756,4836956.564268744,0.53935604411644,0.3864466989214068,0.0361340823606388,0.2252700831591312,0.2175526959811579,0.4810556797267339,0.4261313634398801,0.4626075619350875,0.0015126523699211,0.0498955999910572,0.2240358744602524,1.8649563493870651,0.062868348368449,0.0002570800397369,1026.276322824978,8652.35749564021,0.0013745468265327,653.2545627510063,0.1443588072049397,0.3366775475055448,0.9871287716225914,0.9433371443525812,312.3430964631928,0.1263803352198591,0.2514618271215134,468063.90179249214,96.10175718586903,0.5856567059377853,0.7331231726163379,3.339884605210289,0.5191260329401849,2621.1785399249056,214.4266638138244,0.0031688190508709,0.0118710108865077,2.7579518147961704,0.4089710962265365,15.86222681106642,0.0011302712582499,0.0217388096397534,0.5397632089575704,2.760605104371644,0.0193508185858507,0.002300022606962,0.4422342931234718,0.1353712874951154,5.748756915721794,5.127151194375228,1.7035790088909468,0.1117338475295087,0.6478067824988187,2.0055571951161832,0.5663908185750355,1.2673978877632597,6.066458487690923,4382764.915019866,1923.5888871268803,3.185750150265497,0.0201302793989981,164.17650657091076,0.4520447116346729,2.12135350881573,0.3055530172691072,0.4515156050935039,2.2726541619277896e-05,0.4424609170181467,0.0683884686275275,0.0504917480093558,0.3759976714717535,0.0010251526580713,199.94540473609985,0.3024828974994313,0.195008575965401,0.0033933499410501,0.4860567050871227,0.0023837711498215,0.3072912073635815,0.2884839844315713,0.0832840933717715,0.6086299399947207,8886827.579162756,7.702601134925078,0.5316581733292186,0.5715844788592317,3.1070919858959645,0.9954886732021946,1.4616510434191436,0.0401702169821929,1.2748477325487635,0.034424928293621,0.1689340004886946,854.1303698629522,23.14837792017416,0.8666094995428687,1.253657134091955,0.8724863035144638,198.06737213203712,0.8642897679641394,0.0395072582164743,1.0303449242681657,0.018729783473093,0.1814376296862079,3.718330540311605,0.0017539239332613,0.0010785819319254,0.1995653282431528,0.0364298068692487,0.6261330068186641,0.0176951440927504,0.6865388266996013,1.1003061151638436,0.2106587102255183,1.0232320998737858,0.0006188549635816,14.274649335820136,9.153735036668,0.0838037501667565,2.007992940180208,0.0012150407578097,2.1715321179063887,0.0444019892430258,23.34955055755948,0.0090340141073672,1.297933162031182,2.045507791071856,0.0003075445666453,0.0042572046883151,0.1846630093338204,45591.01272111851,0.0,1144078.8456028746,1.4203495798662544,517.11454410851,1.630795041408272,10.616302830928674,21347.486010551453,0.2971633793919839,4.787850060982186,0.4799029234062997,74.79918542318046,1126003.6442536246,0.4046858695078066,2.2191362678942257,21.961330855816108,35.382060786825605,2216.7883239131315,19133.179952974184,322.4987613352064,13621771.033950737,2.6398778692519924,0.0265891378121834,1.3739428313923223,0.3359676759427595,1033.4714092433023,0.0109352626511776,4651.8756367845945,0.024349156229151,1.3418569039220896,453.0884789285728,0.0269297961019493,3.2423345069856127,1.9555448579854169,0.4974396915404364,10.770082241716148,411.6718388239017,0.1567973589808229,3.049781414748168,1881953.0528010884,0.1373897967709848,0.0546236260308723,0.0003063107940022,0.9731549787382188,0.0019304280894303,0.4489117967134635,0.8363536078749427,0.0022857224674476,0.3406123156368562,0.296888642457418,0.1006168044802446,7.063404960878215,0.0317836435328864,0.0011295372630911,0.4417001822840896,0.002402160431238,1.4831788249622715,0.1044583980975319,1.985530769712149,0.6555710168861726,153.51918498729356,2.0631721183132767,38666.622720666666,308051.9314306453,0.0148704130039102,0.5046337045066516,2.187103171800791,612.4584709545597,0.1702894954457976,1.3836893523989309,0.3018903082941629,4.119997216398398,0.408292088133139,1662.207144490011,54.306665372255125,2.3263222237200183,0.0013855204337707,2.257088135882988,0.0005076318003771,0.001155316512067,28.490403790554844,1346035.4735412742,13780.182827727696,71211.50840899348,0.511898819328502,217.84827144822552,1.2103294438002288,0.6154568834662385
TTO,95180.34386062622,6462.16858370318,11.67066458010082,12806.513830360023,9856.067369918264,0.65752087066689,3286851.595972086,11.49491099021106,4.459548528025682,99027.00133649968,0.1923999345058866,77597.82195786387,171.8271276408409,10440.823446464714,370.94850047292846,0.2234488637816625,24620.687572387345,1.314934853317901,3.914617392059552,2.61797542767569,5655.569581924214,0.0098809051878242,760940.6006710283,8518.778795790593,45806.957937503015,6856371.817912739,2548.3190946914256,48204755.23390447,69475544.6215086,57565.198273420334,0.2216930070395619,0.8780082700367018,0.0020177138467829,6.134627440631556,7.146980845635717,15878652.004264943,0.0002874731374049,20506.369431919466,839.0380254613431,619.2664042502361,88.89952535333123,4.449947456029859,20.62110528870381,3.1724591564172018,1.5805128725278834,1075670651.4226346,0.0196115878467093,82.97594800996296,74879683.06832825,10304022.476075375,0.0024348925234107,44719.0701993797,4.79002742648342,30438.04091188533,162382.58598614077,0.1173039232217831,163699.51132518053,15602.58611307139,8873609.13474679,42823.70334743353,202626094.2402601,548.496748066703,0.8626287042587351,13204.9135767309,321736.9382510509,4995.705838219421,7.665969054784285,77457.34189096751,0.3758767146251213,0.5564298572380872,265582.5406751252,509.4233184845944,0.0260837697124033,2.751314647979312,196426.22155508545,871.8663209160766,2.7822832522623444,4.494264513545204,169.8138949191086,2.108870729551583,0.3050393820809276,17799.711204342424,199864.08976709843,149873.85487054664,37128425.288353376,15074.142545975945,0.0196560049134557,1264008.2267428115,0.0142886804448867,48682495.81587761,8876.151835551394,4007041.940283597,3062.8843904931423,58.05436798622672,47.17997208755278,0.0008707305423869,55506.46773980389,9576.55255209703,1094.4604785021502,91510.33098099827,16.861030741042942,91802.597439158,2152450.694425404,28.566745818276143,21.437060222474532,22256.989199332147,5.352007149189608,7.86439929981718,4.527863415341885,73.52035684242739,5.3020442652473925,0.5957618990737146,5.221941622531351,3.332977877847384,1.090048220215408,18580.839323250155,103509.31764745712,10.141030574047155,1.221853480961574,0.220301401040615,15734.629572835946,1136.285426770532,16656.762827392693,73134.22631708303,727.229863194626,6.322051777464282,0.0037767249726657,142285315.21718138,6.400034445213874,4181.7123038271375,274.7244530577189,0.7573263089013267,13.194159063936771,3257.463601623456,148.68585179231647,0.0174847667333342,8.07556690462359,8330.777337444335,16114.991407513618,0.0260663587516183,1.1595683974717954,11.202983020021357,0.0,0.4298770029483468,24.34223792903634,0.0009351655739919,10.322986887013307,97948973.01558572,0.3208945479946123,46376.27056553672,141091.86749381683,6.776774467161236,0.5119163024862416,6.535598734091042,2.4691780331563384,20.03727135412993,112355835.04236424,0.0007261707142061,344860825.22319096,9.717692106890494,0.0165881321443746,13.176937577841793,61559.4716899484,1832155.5249330327,8.44736718929331,110852.47182266416,2488890.429641105,2.7572942986904856,12.062756269372995,0.2438893886008504,30436.77261474296,292084.31115908484,0.1652478794345273,153.61574461035164,142.07698949799067,64.13598026004557,0.0193996416157897,1.6068358245919745,0.0059159892207389,1285.2946133328596,0.8743857508252204,48.24519426450999,9335807.222454906,25.95655213209801,5.976925388723783,2653.7966531664133,6711.477438359449,7.89820849189956,0.0137090541725974,179520.5240873498,10342.387150037011,645.3028491862962,127496.6732716333,0.1948427771380352,0.0068831790742102,600.8626152019364,44151.98656284809,28.62016993374329,0.6265902117695674,12.00993368725974,4.134728748407149,10.001520351340162,3741.059347509674,0.3297044138213465,34.263063809308306,13816167.965633154,9584.714701694866,47772.99718893932,4.373017470129138,1.0279339529845712,8.553932765507223,1.8359536393399771,40058.71575218448,60.58607712672714,245137.30752387736,126038703.20435968,462.456200366881,125783.1463995576,835366827.5451814,37136.72346355021,85347.9346280098,8.666872919691896,0.287698767117885,1.7317699887036062,98.66075904813184,3.1552741186956483,55.12346674737131,7.610598177469359,3.853077576784432
TUN,5610.429255270021,153578828.50540435,639895.7404385161,14977.443366244108,389366517.9640404,1231483.5970666097,738.1466201816321,66726440.94491908,0.0224167754417453,604965.8148093211,1.104263265083485,81080.90227699756,1004.8923711773426,347788756.23449665,130731179.31752536,621359.7830435453,15372737.815840648,21487422.34817959,54536852.458929926,8127130.617944179,420819393.5797811,24044.20234718481,429273.1355293617,427119257.0249706,312790231.3376728,537503.5036871248,721.559695932067,395996.30322383984,56385321.67841095,74631.8893148601,76.00277516592676,4249200.911275414,0.0119472990788749,13047.783511926547,35249333.89200829,6344417.029021956,0.0016597334835943,157405671.24910626,78.84984232594111,191903759.48838583,19803584.89823908,52916395.1870461,23858833.84361485,6250588.006517417,0.0277791467745709,13380521.626714312,6533.279431692109,1203382.825011293,2143390.312886819,2760314.764005261,0.0142102586535581,4298.367483053775,18757149.0038662,115000692.93555084,276703065.45822847,668124.8379052054,91859.93977188984,14371690.199090566,4323702.109821544,1158020220.353815,783739.0825601569,40071984.495037794,13564357.123820558,26007272.316981845,313041041.3705472,26738554.89902436,171246825.57552746,130170820.64788574,2.222301622195515,3.287761279440174,858362854.6058828,160991.4430680892,0.3176085106643866,7660991.61966728,46442752.816487394,227130715.1985568,18825935.069213167,2522.340079266869,68363852.47616802,12214371.242095964,1882988.509234809,833153731.9332465,54057.99054575825,61189497.51476292,1684999.4903192848,8114744.729337941,0.4540708567686091,16767256.095341848,0.0851597160233889,2758720.25531477,386043480.1737499,1411614.134120062,329719183.393908,20791.06001984113,146294059.65557447,35.73486224037815,9393922.487403894,601167392.2167897,159339313.76551053,10322232.171178635,11222759.017019331,2389045592.1466866,395387.1183365408,14706931.187202975,2059038.021286817,863285178.5347548,1057064.1070143497,111470621.84849474,16997.06664677238,0.1010791455727672,691769.1580840182,1242810.0560993897,580444.5693131114,16832370.460740283,5161175.316884981,377334108.6101981,67442.5793749989,675357.2988888824,149037.13041575186,1.1444098518373265,55019429.88094175,1510441.6601691442,48284578.89707177,243127199.682082,66628070.820929565,306229.2663971296,117.30788682592777,5829237.065451853,0.0909439574154713,138624218.26107922,259767449.3919265,2104061.4657190964,11061412.01707663,214809211.29758647,57286018.47623939,0.8189189669896553,234930.6912314472,166441176.2713462,15731.53830226208,19.01200335001465,55814.677367371725,8308.800240436898,0.0,2.5307749692944856,127142936.02032094,0.0055669331565422,197980813.93198735,4858684.231147462,0.032735763528457,12548430.850185242,87541528.64212535,16022911.194579814,0.0026646728208922,38.04180405066846,1961576.0254631909,62473634.20224588,2142376.35352092,0.0041503903379973,2305962.3421796067,31226.02476749687,0.2098006483627214,81.68767983406148,425649510.4635565,1424302.1579719305,1478581.5453403136,22476251.28641386,1212.812812870125,3819006.354542799,0.3359781842842004,407014.7920585864,833464074.2591478,4958390377.9780855,551248.8053794992,78225376.86386162,104131525.00847992,76135819.92058206,0.1709693691919862,1.0730002637785412,0.0334228655500751,4610752.993133578,3.615769379811169,7479475.358530881,217119.19654967013,331964.9520931095,1156897.5117476934,151.0175907657623,426586096.4621278,11263392.476577662,17065.992703932654,8628154.80208692,163178006.4238636,134669305.30044955,128514065.09193756,1.0585935193279985,2250.5337069541906,111544101.73355652,61216.22610145746,174511476.93599212,7044286.006894203,835293.1328247741,82079847.92127657,0.0015679280814105,112739041.09600636,1.9442496823731596,0.0899296229737414,820242.985044891,979131755.2103353,2385421067.132183,0.0046835233162801,79652.64628121395,4940225.947550541,1705976.5248549888,1070391963.607323,0.0642506510676911,20.966372658273045,4808518.677325213,132003606.5903889,73756.17540811484,55003916.05792033,33290.103903463794,66832.097103877,617645.428317094,1.7079160393484327,0.015963142546821,0.298533988678001,16901348.078012258,4042.4199169555513,433494.572474392,16145.616492896392
TUR,86.09131612599356,2843920989.4320817,3814406.499463645,21.152848990236503,71817734.4880186,12025874.873099895,3555.7339320261885,5044482760.647631,0.1918148488708491,5597267.068147367,9.730662592471472,1226.7180606295722,178191.49834278243,120361726.73099075,7693246242.063657,1735430.3721210028,8245357.233713178,19305965.446815856,30008592.437276702,252487586.9948715,1639072141.2802894,207255.56016448932,5937.23284083502,184592880.43684295,1930136316.120585,3533.8227284184254,1.6837767703921716,2991.122741230395,4805586.652348374,1045.0176501328085,1549.3832276233172,123176337.52384622,0.1024720796821516,12321.55248731085,85568603.5726041,66528052.669950254,12.306182837183046,24774016.11756799,717.4834108668563,8019939409.976947,17850109.4597656,119762714.49465056,93583935.16218305,25504548.844201647,0.2334575733600097,475937.7986072601,48063.79268712394,44292.8120073539,61875.324434755086,53825.51960129914,236.48417774215432,102.13608246121818,128644054.15224616,114366599.395161,252092980.43745172,23438608.26308573,1985.9353859428015,49139242.3713667,46823.54986800197,53070458.283591,25210.66611716453,123959714.49597448,179689411.7973561,2641360.7361944686,37411436.59790138,254011333.7474313,2421550846.842775,934880484.138242,23.98654388824133,28.55088312187274,123613068.59546196,723558.3064651714,32.60755886075806,31084800.151051555,67180551.18030718,15434808875.372694,20097730.222055465,105.7175214717628,29731547.182734784,3086530.8955796105,8468694.629722975,1219973134.175972,2176.3244985059023,168050534.64193872,873.1348629436956,839987.414101259,263.08722946540297,1215497.2858861368,0.7323910303012228,23625.50276557204,116137287.90555003,16133.985192236489,191793773.09664923,2508877.953675787,4741068741.233844,1193.8984805612863,7700766.492372588,13074967941.283716,1876820637.446204,22448193.702251613,93676437.8797127,309727593.94082373,10139.223230420006,128628194.36194856,95419693.49298362,27623158588.07727,16331158.060549509,4576007444.710235,1023252.5898529476,0.8868536681267678,20608764.57701013,9041966.783853892,13675340.070982823,142113110.07548973,5163744.605001928,60830462.859373406,3797.863602476762,130550.65668387458,2727652.7931286586,11.54492814983117,320982970.64223605,563217.295085959,395703922.0641635,9445410.552813124,470543431.3356618,3252688.883718328,4676.33712870922,20228.35344592909,1.7085093695840248,122005354.73904076,69427927.62881503,97811.42704999134,294669208.71228343,41935539.559520245,2750191367.8676634,257.5788863432289,8348302.914244276,16645673.901810208,183.6962146227155,3776.332852356859,986590.980937784,502014.43938125495,0.0,21.287914838986037,86945798.60475877,0.0471008835327272,228361872.6367955,61449.72500210267,0.2807820494453565,11306743.266206816,435083643.282347,437258203.7481939,0.0228049151627088,335.8660304393645,35715034.543402724,1568521534.365414,42578.92516813437,0.0372765219254802,88319.79664608753,1428584.5213864483,225.00042627563428,51833.61483928893,967191252.6103516,3164.4778602097977,70191135.17745942,1532898.9324032278,305.8787633109412,34242996.81610773,2.969846718178845,3415686.2820958924,2516365525.2973366,122020292676.5744,1448629.631390066,624257688.9589733,411929723.7180103,11519574.918987654,650.7375708817433,9.347037443537651,0.3016492612677663,40096296.68168547,60.08595165528735,6244252.6594303055,2620.193827504793,48077.16984616444,33220298.489069425,80.29329919440127,471295287.7896762,62554534.89031983,83993.34614608312,886047.6815122389,116784532.78465268,28645939.542440657,866974803.9764194,11.59859047093408,36400.840982220405,1360786770.2976992,159.46181777637463,333163988.99635816,7577240.491193557,15477942.182601731,2380089884.5302563,0.0137177306849687,2813181200.406358,8536.542268774821,0.7589891809973315,10662.899038747792,23721350.391918197,72604244374.24226,0.0403376541860246,2258183.3367865663,28925461.227966644,14472254.23167393,10582056104.863243,2.71798530187804,188.3053469403542,730990.0606504673,3785835773.173407,1902.1779876619828,1431131.2544675742,35.7055367117926,448.78610722914505,13587102.712262886,17.2665236868425,0.1384518882481053,2.5807837554579747,537528009.30284,4821.462067726125,1925443.1558577,200383.92274679808
TUV,3.4027530944058526e-05,0.0943458001511317,0.1109252134477052,1.4699169674781132e-05,0.0050737824781563,0.0062822696860015,139.01703345377948,0.005198985158155,250.63867300376296,1013.2795978244998,0.0018166849487167,8.364241172942322e-05,186995.4127324646,0.0317401953297178,0.0229406322534586,0.0021306990544509,0.0131571226244204,0.0125861535534272,0.0275683351074152,0.0248825332431624,0.0274509387635726,9.54065062785947e-05,0.0028744690250608,0.013162366795175,0.1092446046017379,0.0036264889785346,1.549716187598804e-05,0.1628251386063136,1.0609081376313894,7.91599810270327e-05,119.8072935717513,0.008345906881729,1.967569698990701e-05,0.058500308681916,0.0540384018001098,18.62695893829743,3.890337016088097e-05,0.0148768214015149,987.5597624743845,555.2608852805329,0.0337870260827251,0.0420252578792652,0.196376248281455,0.0303062796572184,26.168966214871038,0.1888045933833921,0.0001883751029234,0.0006981172679698,0.0077457717157467,0.0236680303718779,0.1366282560347826,6.60110912116263e-05,0.001294482894508,0.0316752094178285,0.1608627899723251,0.0011238045463846,0.0001329943117838,0.0258250807120052,0.0078352385848301,0.3400037705194796,0.0539835987525215,0.1023754882723442,0.0064858817824944,0.0395913615674885,0.1179113891094674,0.0335036793342595,0.0734822504761364,0.3579308424858567,73616.68184167519,1.4172269090770229,0.186664172806382,0.0011684629373576,34.27680846203311,0.0262775323989212,0.1235513324912941,0.0181665638288958,0.0260201352918203,1.3140912500375634e-06,0.0256104922709101,0.0039281461908657,0.0029089948398848,0.0222615327543171,6.074415846768488e-05,11.885465806700036,0.0174512193649644,0.0113352430073643,7.687673483349499,0.0283180486225083,0.0001389335576895,0.0177246402011865,0.0168951730573596,0.0048262381785235,0.0360919898759406,852507.3200004094,0.4501585301967706,0.0005370437600142,0.0333535839595263,0.1843689291818838,0.0588907280489816,0.0850957624634236,0.0023655787168443,0.0752364178281845,0.0019883803400446,0.0099823355562367,3567.466582527025,1.3723595920658769,0.0511714155730054,0.0749237344324562,35.28006035074556,103.42976084998584,102.99437915701138,0.002306616259446,166.41895803922878,0.0010952175838667,0.010464449257995,0.2229490819259247,0.0001056210541037,6.603210269773285e-05,0.0117618970082347,0.002098097319962,0.0365952696757574,0.0010451469396777,0.0404224662687884,0.0653278896937867,0.0123673446523209,0.0602177711321408,3.67765199954604e-05,0.3769989346640883,3.5729243959203973,0.0049788433850288,0.117820719012221,7.33512353150445e-05,0.1260734954319564,0.0026201367382867,1.4179408955576545,5.1435925322983245,0.0768832426756933,0.1237808706177958,1.803194383853679e-05,0.0002521579886076,0.011047377501806,5646.980654786476,0.0,13074.980253553367,0.0827627067980472,3.5873251110315323,0.0940870304466771,0.0207696157089465,307.95113945007324,0.0172064136114258,0.2801528126343839,0.0277700177658992,15.184644758701324,4922.516342565422,0.0235016231645131,0.1305286454918871,0.0120930748635394,0.0929632176007979,0.2383782346212751,3597.806579394919,72.05731582501903,1730685.5881227255,0.1540873312127644,0.0015313461981127,51.55745777976455,0.0195850619481987,3.25976158683401,0.0006448651424193,35.33330777615701,0.0014633629657065,0.0790701548954166,93.84440480698856,0.0015668565157389,0.194447601970985,0.1133379657784039,0.0291127901229817,1.4920998869033486,1.7758729132028024,5.653125749205401e-05,0.1782815175644057,320851.4445823878,0.0079267637016906,0.0031361602784123,1.771146418150238e-05,0.0570744995918583,0.0001179568421889,0.0265094253156288,0.048267403285321,0.0001322396937486,0.0199200118336868,0.0176318348142103,0.0059495302299126,0.4156615314235745,0.0018539745033478,6.513153841403163e-05,0.0260072459042923,0.0001392838919542,0.08537163214908,0.0060269778595483,25.87349325212847,0.039416924363314,38.36747151240706,0.1219039987176896,1039.9750765569042,1544.8713951492682,0.0008562272099279,0.0298042582073229,0.1299153310021142,874.9711773097515,0.0244511404671068,0.0814695454193457,0.0175770563538404,0.2429716221171673,0.919395602631012,0.6710389133447926,3.218822935046052,0.1380435678824723,8.19225604899998e-05,0.1306483240195166,3.061717672458997e-05,6.922402000952843e-05,84.19405451869221,40158.70160827413,749.9554385133088,4606.635013103485,0.0299509560724106,0.1173158193287264,0.0725116457233966,0.0366399635131169
TWN,0.0105423243910536,29.23824161699114,34.48112670384561,0.0046671905932658,1.598476744685918,1.9407014504701257,203.69960290271828,1.5966567438012569,39.64420973712343,306145.90680041217,0.5731612601263334,0.0269243075583919,5983181.303888538,9.951237094106864,7.169554695694649,0.6681514155001143,28.71568379708729,3.988885206753637,8.807768772148089,1618179.2929714248,8.591945326063172,0.0282843910516722,3.754716426860744,4.137941638016001,41.60810228153071,2.181773762689656,0.0075275325904056,51.1594335714493,321.0784230902705,0.0253911531261579,3779267.883679867,107869.6445112406,0.0061131750372993,18.251815771217267,26.9215639542054,61519627.31191426,1.906403916220249,4.644629929961901,41.549360027505024,3707810940.3467946,10.731285374059247,13.417059161555397,664.6936907555153,9.570179781109177,2.149643730119988,59.91333764370871,0.0594080528125409,0.2210198690558953,2.472346527628845,12.517256481309762,132.3475367250212,0.020442243914889,0.4034190557592225,9.95063962134805,377.66589273856255,44.49704185969512,0.0430201336338047,128.99179328361294,2.488967319014153,106.85172079669982,17.124927391815483,31.831084834871945,41.488857666806496,12.144730186835323,37.10475579361571,10.477387905112636,17788.63058131649,1450.5764216067096,7008.2493568280215,1.6840314648250911,59.461227273191184,22.07343079472257,4695.903301842354,8.328011746660012,3871.520755214656,5.64727895695491,8.28989641225043,0.0004228576113227,8.130625765562039,1.2517707971279322,0.9274782165911012,6.957905588219737,0.0189542588456483,274636.6619123278,1260.5247941876746,3.5837752318833367,25577.601431614603,8.939730755950066,0.043739211637054,577.2477554725479,5.332431778613257,1.531481095511177,11.273975491752342,600051025.1475481,16201996.487691725,11.40395379250512,506.4995868424696,57.62758294027341,18.49816795071794,288.6790195416067,0.7440967203906057,23.54924321004128,0.634109628487753,3.130839363302859,977130545.904734,2018.1070917214029,7169.760602077524,23.24034611075197,109671345.85088795,132.52743256196993,237673667.0996136,0.7312450911694519,193823204.3249138,0.347654629424504,3.313044157423228,69.17518218316677,0.0328876761569159,0.0199714637685008,14286049.776042745,0.6659162506734448,14.25883364872935,0.368413016154081,12.74468739814264,20.461262661294175,3.890630239772031,731.3516910943567,9579.496285042083,184498.07396958303,149.46380596446195,1.5507783672025497,37.02071346410705,0.022565744108121,78278088.18126833,0.8182346467753447,1758183.7382785806,26401.58129284217,105.65629843134064,38.15259168575096,0.0056781386501505,0.3105412484427468,3.436910550806534,251240496.03237635,0.0,4526.810294752084,26.027331493293488,0.0053552756436872,29.88666552676238,6.580018353342803,13.035016729255858,384.9081460856917,15217.521257609676,126929.29066638944,33.34879747302094,19.772527548504595,440.0833529720017,1869.9905557639984,3.843991756172667,0.0022141192022642,75.01833235199229,314572899.0154495,31264.42695860668,25429112.847662475,56.174797084031255,0.4888500497277757,166997183.10668552,6.374837285758471,18.1785312283995,0.2028163097378423,0.1762545446842139,0.4491892162622232,24.87928113201896,342148480.3147811,0.4966679580681753,79.46064845478647,59.43999880191507,9.20037001005914,408566.9022307843,0.5505906408098014,0.0178240737756691,9482.93513424398,309539.2338155542,2.528393956658193,6.259962727434611,0.0057215258433132,23676.14702126141,15.19678641381951,8.325456752299413,39.64635815722883,0.0418184117581427,6.256000124698124,5.496987304570798,1.8654625571259051,11456.978627082752,0.5860253216540627,26.07825153986829,8.191721861214186,0.0438422104508262,27.100119411316083,1.9083132987594464,241103797.9227478,12.1577507615218,16.228265846463266,38.22628778811732,414115.49793449056,42.01339336148727,0.2729255440560389,9.338504370511016,40.53798254390684,77.28274392697742,924319113.5282724,162.93559429273432,107.26102241095926,76.41349262014448,692.7260975480954,10.850514258284695,18212130.983635917,43.09383066187233,0.0256054913417322,41.37358104054794,0.0094302925521931,0.0215009783675945,541389206.0356921,5147.547925646371,13.724728833636792,375.03503565505497,868.1481806563147,36.961776357844734,22.486747297303,11.426127949478516
TZA,0.7927042673854316,5205173.56727123,24807905624.12224,0.3518504493658245,194.052449938077,249571.4444706178,15949.057744910557,134.90911003255152,0.9044424994217574,29681650.399324328,462655.4511204022,2.226926480303937,3549056.480478081,791.9789593315719,10443.894054176386,13231800247.520494,327.7578873498792,119536539.55826932,36427847.61390448,299975263.36591995,20406.85011741327,60.890634801785176,71.03510993555085,331.2876568108908,2715.132177608694,244.13429562692295,0.3667308070075509,6161.4267052207415,4949860.574169192,24.72425285531334,198.35732359076167,118438145.50109616,0.4706035055447657,861413529.0689136,7363729571.880288,467003.70654932415,4.154496683978382,375.41130438301633,4797.776855866831,465512973.6921475,324935601.7399051,4417287185.200933,342760698522.4088,11206280579.464811,1.1321688697231873,53369.96539079551,68623799.67601296,5830.6335724176415,222.6547138940924,579.1707368623444,5061.509786396783,1.5828672713827594,32.5196121878706,785.180441333782,3998.1119125505143,2389462.0136272097,3.2392354049576446,639.7026959605337,188.86103849019935,270420.58885392966,1350.877113949825,66700.29174435875,63366061.47186692,16042.12819891927,15589.212424641217,820.2489783870165,3184960580.8483663,8878.65736691723,89.77873277092534,129.79146612320247,4655.084192729762,28.80223978219001,5.485109826065277,7889823421.816998,3019.2663651920884,461.756531023058,324894807.0579094,0.0317747891243023,75228828.76983096,1765111.239540634,753300188.7212785,28606.474841911782,3.905853729268558,293396.3588961667,414.400146202728,147589.66088612122,9.75359873935538,175327.8826740057,17079.067474474323,422.2495834891538,425.8556896802365,117.0429030120383,899.6812825574395,4894834.475950154,5414602945.004254,77691.75506494103,809.047880341114,1444080.305119226,3936.4164879034247,2070.380630380774,60.42932233482039,3219.50331290566,48.41804769110991,512.1572312745182,2829446.8105561244,49056.25336999596,11903562954.162031,1929.8955282723384,18736461.828010656,4.1437033230117,182929.3790450841,1134.3415298348286,96546010.20816326,56.25632620960469,150828084.19096395,287047.7605906173,698.972463266209,1.6125357762266497,10946357.556779074,12598449.550082382,910.1670764871624,25.84452756002512,995.9629504292036,9377.248764207032,307.275703370067,9417940261.462496,17428.161189279796,9043.442730021978,1.4682860596697411,126.7037961507218,19401483.506902557,5.00396748138909,846567900.673797,65.14467806739962,79279.06119369667,4.427062821524824,25509559731.386623,462688.0285204149,0.4298865868296477,4387924.564515535,12139015062.779455,798739.9989636535,0.0,110.35172421929,15289495.700878805,0.2234121637235482,1930885685.673924,1193.2291543976487,1.320987643815684,430.04146831993785,6864.700372663303,297609912.71847427,0.1062452368489434,164578.58104744073,9337472.108499076,108420906.98971152,289.2588331450001,0.1719221725802081,6557.98470058659,2569781.702791254,30.32874305795852,23747.13543755253,3812.641787696222,38.85123867263496,1311773.6446942391,480.9391170217922,2088.871611369307,16.242571627748404,14.017512896867151,1701.621319797082,1981.1900875322256,3366390.99532891,7776835204.205442,5449523.510145934,1546240679.7109413,2000386.863808931,2029.7867411742727,42.40452081871154,2019.8914166700097,4276.06631960751,145.80102231490423,55777193.17719308,74.99051222776986,0.4657418050686601,160053149.29372832,2.808712430096257,669.6546580923545,10901281374.675035,9761725.545229653,170978.85382045957,434.04170469389913,149.0565489122186,10304.961388435057,26373616.57375489,3444470.561329251,2211.795468978812,3.323582782217388,607470921.7238954,87790467.0444009,118945854.0781717,2527.2711703540253,0.0649658248446597,23201.773946298686,30213.474378501476,3.6118228851395,354.6841956711257,6319.372806422344,21368.508034714578,0.1897842748700142,2783399.4515010985,209241730717.2035,33488857195.54429,38059.03429408523,1.4601734820510928,868.548369524801,80496.56417339337,6248.941540620643,9.49230130185768,214961.14023826356,0.7767561143032475,4.327533116767901,55006307.96701551,77.42767353048541,0.6461174253866995,12.219450257351085,29415314.59734005,712781831.8160504,48833696773.53076,2298600806.0750093
UGA,0.2863298180519678,492778.8076687856,811761311.707965,0.1270893450933004,34252.81408619488,26090.150998145407,5516.286041898084,11466.590074582306,0.3104051950321382,8175742.242180248,1630.3173805008669,0.7331555909563021,14065.388734518005,410.7702054946227,64830.41037095568,2284933431.033636,112.49033035761522,72524137.88175158,27454848.65826583,16181209.236441849,83630.2704440028,3.623643065345696,25.12190162819433,126090.52253754584,209920.26849773197,31.40238308334204,0.1302458739389269,1395.7569174775144,1879468.918686852,157.16523633187228,18.223025824784717,6142925.385602479,0.1656642475775243,7207236.816756773,10665198006.009745,157062.68407978793,0.0232838931234695,125.94812019669914,1127.2915047862027,12093271.64816674,131794026.15375748,4403639943.395266,140014780588.85678,5320868993.264003,0.3873477569819261,4888.53990886521,2951065.1876707105,3408.7693645212257,67.46641888308471,205.99549240198763,6.882051131485753,0.5650911607173925,19.859979349095795,270.4872856349038,1770.5460739463092,1965453.666051506,1.611518248494754,674.1729315665325,67.96051599267399,1725643.2635297314,466.231793163498,257505.3992954684,99547930.73130932,61626.41623222122,1009.3403976697645,6723.780608445473,2260863294.7287087,4160.868283856964,30.74163313508472,45.79146867135485,4489.199544490354,10.101651952669556,1.7614049135368166,3541441013.216834,1062.4872603540375,20853.552556271577,141385384.34668696,0.0114723466509545,35798262.48968316,482675.2565480988,401402378.7035917,318149.8714791544,0.5123700653065981,100559.19825762424,151.6770639030703,90040.64043240907,1.7949860806476634,69736.94431984669,1.1811306086183269,153.63862309224567,76771.91893593286,41.71339045520215,195571.35280622475,104058.2723031018,529484302.1080547,2832.1926105780108,286.0791492761192,1200878.5559010669,317064.0906522858,728.736703541106,5905.65424602889,232164.79029827577,17.35664877699496,39944.47924661009,2027.496125940384,25467.963058866822,7779253122.777698,627.2789845359218,721168.7091166956,1.4346966710623783,1619.1724870008586,1596.9003731038924,3999853.0719097913,943.6132217169744,39932950.17254909,1789994.695310951,11.909303125463197,0.5416046954056313,288974.7281789537,157.07644441781073,24143.13743647727,8.87815792141172,51505.91975887602,34721.78706575064,1408.6482485370157,315933499.4818195,82.97266791621028,3215.4030919940874,0.515662501949596,123412.07324940903,16839985.475601356,266.0090753751624,44472133.75028217,35092.33559644241,11635.4277480474,1.6404307513488332,161823126.57537717,581443.5053677255,0.1553902798325452,547156.234636925,54011472.74802522,15061.238198842584,0.0,35.10535738945592,23865610.891641226,0.0762281199587846,1490391681.9751625,179.90969380778785,0.4557792009666173,148.50087954818923,91727.14699938732,16688489.621976448,0.0367623553722182,533.8415596087949,1342808.7011911469,10363969.588398358,104.30954820733557,0.059720226585987,2164.491986364564,161941.9331180691,1.3488601375701823,1073.7350579621984,69764.40777803185,13.359259454659838,86994.89654604765,168.51718675115902,494.7690924650772,4869.062148730424,4.8081911038861005,1350.9323662576242,11581.447001232678,523227.9378318046,2888964210.393064,5164857.871918146,2241927723.844801,1202801.5022879364,1.6079179403149642,14.854037818847743,10.703781143112597,1617.8331412213402,49.84922889075547,17241649.873089314,27.40065500146489,68.06995700295425,7862967.279114709,0.9706457876546892,187460.855745722,22368636112.20101,4144185.438487686,85798.31229288579,19235.76100066044,108.85027719777317,193399.2306893239,110930.91884750233,99821.27490792122,34344.17660364235,1.2052666545824593,856115160.1375397,46747872.14617962,6692549.12636468,10243.654321173428,0.0222026992279673,60383.04011757232,26.831138785770804,1.2358167909450373,1071.1295412524594,127510.19939044362,388242.0466030436,0.06521856626187,18360.146753951743,17336966293.344604,44772249260.39854,206819.34510693612,0.511480382652739,294.93083596649194,27223.11385113989,1451.4061419364284,5.347502367679162,49636.27385858268,0.2552867935231493,0.5844271604215407,1314100.4443573311,23.52648188026998,0.2218584278928942,4.1845235312205205,18002086.67439796,2305400.8484909195,503700197.6262409,10354512.125450348
UKR,113.42108149457178,399438484.1488887,63232.87227690296,396.3176484389403,185845882.2646545,1144819.881746853,2019.080832457587,273352396.83121693,0.1049996292785501,3315589.576963817,5.32128725431646,2056.852305008387,7477.706008768192,869272124.8704759,512305953.58577394,19274.985672452734,68546009.27529716,10597989.95500186,23030481.91854281,29335790.427461386,2416555260.4435134,13323.12569308899,17231.1979090246,690426817.6659243,8936401432.67736,4506.07542579221,5.601919234476137,1836.0701146573197,4072166.019481384,2385.515571602855,1418.8323210527324,12849439.928917626,0.0572744279007189,191.96931799343295,31197119.4984098,329044693.2720799,0.0079064224603206,213111837.17448652,397.0954216571864,3924793435.8910975,4629863.931476123,30551796.50357854,3457145.199904836,712628.420140862,0.1257434330023319,411784.2647091898,502.1643857958719,82916.45013327191,13252.15942379294,111976.66428174792,0.5883955170540212,300.9784976565145,10870518.84093419,814988188.0527699,1921948458.1953905,5023867.984051736,2456.4610992291978,209099331.7704427,107802.14034430483,77680601.55695458,6428.383415688414,28428639.53878329,52594659.85784488,1242292.8487019015,108619861.49624103,725121359.1247002,679784569.7254267,4104204383.498266,10.37034406130523,15.97993853583333,709177508.9519855,1821650.467788753,71.31600124747249,727086.5056419587,223937007.38790548,2116873180.3468623,7572402.706542189,744.3911515846085,11670488.603894183,1176360.9309251078,284856.867982453,868898146.6938328,1038.443365450076,1168332554.4434245,11670.780650226843,398095.632720892,67.7556327700021,775402.2357228248,0.4050581545335928,38361.942210943234,544815950.0556567,77366.66911266083,1264893061.1056657,121713.46170002256,657575259.5282042,23.65485832137361,34165029.18396076,1048454811.377388,102190791.9435557,108772653.99009724,13019852.774048448,1055234103.9066516,13254.672904981087,16816244.81665856,72883752.29527414,16536883361.354183,745913.8501723441,1364222325.2496662,119477.19997723284,0.5006104431971401,14684212.945578905,847477.2665480139,1210816.354325303,15256839.268431587,893266.3659125004,43171127.96801402,2215.3988724333376,1167911.782627995,151318.43683493618,6.314413715560399,1309037192.3949482,7727814.647494681,1242735527.190676,22542065.441768263,1514541488.105675,46627.91472191114,222.10195308301996,42488.71525204751,2.041988931239753,229806310.9429736,61835307.21768609,93145.27003032155,29789335.03207997,135569460.3740986,2135088634.2909403,85.55188522607006,98975.26707237292,20327537.48678346,283.6246627390268,220.0095584208987,14707.314688637336,138960.21527162768,0.0,11.620902178064494,91609755.12953816,0.0258551142198051,124244364.47965646,61619.67782321201,0.1540470416877895,63750793.50760537,2290492939.328965,52442566.647012524,0.012524410749144,189.8748625761164,3461554.1163265365,279736493.05152786,27294.767986337298,0.020777340952437,27402.644950411377,599601.1797507752,35.106813307314425,1282.163439228369,5839306588.1965685,26693.286141185385,55557988.43542954,9889598.87776798,163.9578634003334,4413585.400861847,1.6387689737133255,304007.6304502588,8434775330.275381,171472180748.61075,16962.815388613188,100453939.41953392,220298454.22658736,7106062.092865767,94.94981533441197,5.275478443066127,0.1671240792127637,146183896.9423186,23.679213383332986,1871910.725978821,3152.615522668585,205437.4691247791,6081264.214006711,5167.310061662976,1235177123.2939022,17437184.24849784,2321.658028723954,731678.7315074468,901022252.5495824,190830881.8933355,4334467256.998693,5.523303321347616,354.4592042932149,84403400.29873954,391.571277017939,239338398.65615985,3080439.58670339,1577188.9652249478,397579181.5901077,0.0074586373832584,353738848.67082363,45.65792328507735,0.4124259819820139,14245.157441144773,26372623.92052802,6874094507.921573,0.0222667411542408,567994.7697999001,346346.24742923595,592516.3126226154,33566294508.950764,4.510560351087872,103.57015692469037,2837822.850173315,683425189.7201359,1080.590456325653,1488992.1356602954,370.6053958400495,778.6489727314691,1253458.6847031787,7.902401821000117,0.0758544206903452,1.3962021888532226,92380136.0175642,344.16056797611554,18216.655590968392,2202.203943278928
UMI,0.0002615525858118,0.7480529153334546,0.8882692504043186,0.0001149408328177,0.0399573987177994,0.0502196421773052,15.81751101265744,0.0410311651718884,122.82486146853864,7300.594527931026,0.0140743108218133,0.000646237549445,78009.22160616433,0.4716696436918113,0.1831312955249524,0.0170245982131511,0.1030307604581537,0.0962193152195026,0.2098923087415305,10.086176023304365,0.2320326147169829,0.0007385060160643,1.090943676315364,0.1032021970919174,0.8604225425485383,4.644349595240453,0.0289913228192457,1.288526921999659,8.005159744822398,0.0006185709722714,3812.813596593216,0.063619678900757,0.0001504722693681,0.4617968674141615,0.412941545359451,359180.1805807867,2.0836490778108896e-05,0.2210324900780946,71.60176403244064,120426.09095070472,0.2584928401097045,0.3194667391960462,1.5401450268111956,0.2352965711619302,43.18688717196649,10.547772186165275,0.0014838691584588,0.0053394235902963,5.48699525642972,3.5189436223623014,0.0001811888679696,0.0099157802840185,0.0099841218477685,0.2475897725159918,1.9511795952046624,0.0087221677628951,0.0010186850099156,1.6984270083596615,0.3859421792017161,2.910430755464316,0.4208942428722289,0.8286046937111571,0.0499047967255697,0.3091978673793072,1.9870252638303243,0.2697936969932524,0.5637565604135276,3.594925063629165,15545.84232172112,0.0692592934831897,1.7603721052957624,0.3044694406465282,14599.842894476547,0.203551726485819,10.997810995788594,0.1420171394662557,0.1985896791522896,1.006659178415248e-05,0.1953508051713023,0.0300537040772352,0.0222655785180307,0.1740115569653735,0.0004720178463548,633.198054011232,2.187981161486416,0.0891654583459631,1572.7025945878122,0.2203110975888658,0.001063782367924,29.22103049950124,0.1330672424473309,0.2023490526318578,0.2925233980419944,1069771.9688316416,795.9929163399268,6.344286057768933e-05,2.912245674795148,1.4659390517889643,0.4691367445901958,6.713450466054947,0.0186623207119227,35.10832940766099,0.4293404022611362,0.0801542526691578,103076.66111521304,15.586464723180985,0.3978808520849255,0.5939805864471763,9735.86545336791,8232.312026045996,9837.84311295236,0.0185241149659125,3947.45625008828,0.0086769286318535,0.0802789180299612,1.7757834608848713,0.0008184057183857,0.0007580281839567,190.34578911838312,0.0166351429846551,1.148300462827435,0.0081805005318749,2.975186539519666,0.5299332643352778,0.0957973538402707,0.471002630180827,0.0599949709139252,1272.372150713708,8135.739700832943,0.0388636434089946,0.9059404781147338,0.0005612090106588,1146.9195632815492,0.0204491311492205,230.8864421639965,1107.209777118871,0.6058400872203564,0.9690779253190076,0.0001380221671283,0.0019321285134502,0.0875470365717708,139183.91631897673,0.0,3055.1471822927665,0.6394520347817461,0.2824755895581674,0.7198237586169036,2.433704524365744,115.9991792082538,0.2609578010950386,45.00345896598034,0.2128425252590735,304.9433041382581,2646.996099816369,0.1795524720753852,1.0256000877249327,1.3897670712033996,0.0001157822763415,1.8826983313594443,318471.10582438373,2409.6431896596914,895083.6172781717,1.5860560969787745,0.0252319439403427,8149.498242644337,0.6940411676544602,0.4515122698206396,0.005026871078487,31.175527745550973,0.0119303458454305,0.620277320864583,115117.83601195442,0.012221409349042,1.55477157215986,0.8765669357782297,0.2237511672264371,94.9713140616494,0.0135425868674002,0.0004441031222794,3.508835322797795,52194.43690251559,0.0608762514688774,0.0248554689204008,0.0001494959989969,0.4441065722639545,0.5499946870152428,0.2147172319898262,0.3706598621723608,0.001009635759618,0.154347570249802,0.1372576184046678,0.0461620240207913,11.03316706115992,0.0143475260559551,0.0005053091713192,0.2058566694579551,0.0384937116386332,0.6575763975133804,0.0459588820962872,10824.829922522542,0.3158088350443631,25.31660802040795,2.572211138096618,49.48226981705115,315.78053073146555,0.0066510853975865,0.233238161914096,1.3309891416565989,394.3038471450345,9381.84527883678,0.6415383131180795,0.135537216540846,1.9363737896548456,72836.65041025008,0.2674073024128649,183995.2709918029,2.270300146113577,0.0006321940087383,1.0111176363267864,0.0002463623557229,0.0018957983293397,20851.408006181875,6599.08800629074,207.5333390067861,1800.2673121796488,0.2252476406581392,0.9174972050982192,0.5770456279922643,0.290448640449033
URY,19.40287221584855,259.55618960973504,9316455.06676728,0.036850585411657,13.619339086688548,17.21271257385597,24302505172.24786,14.894840921177222,0.0935062746334451,475488513.8551238,4618669.275526553,0.217548015487714,7772222.202494939,84.55723186223456,64.28619866802464,6411.699484268949,33.87360490857736,75082.9646205108,18079.30741446027,8156.799032170733,74.91954968806863,0.2598492210533786,7.873160211598666,35.035870179299835,287.79355575370846,13.366176431041556,0.0378790660098599,1884694819.6458616,8275239011.289392,45.641562549124345,5.283699424664099,36.77394077605808,125385.11393812986,3413346.125176967,5126.393886614515,50995.08271462409,11.231532778561393,39.92682490509571,28662487.739861283,23701.50370573171,400308.54561361147,276836.4355440265,528177.190607449,109295.32916248972,1.0371691856314502,32265984.40127383,4202.026499109214,92.25400855757152,22767.4658381506,59.79844982639091,181.5654486247548,0.1650072007405307,3.481240393958891,82.5170047444877,413.7708968295622,17.796052499567356,0.3427046739467387,66.54516432976075,1543.204915786836,948.6705890713712,55253846.23396091,294.18134830329177,47.89433309183615,114.94273067737043,311.58710542065137,86.77751828829531,96410.36008989076,947.0764527756842,226.9898013579757,12166999.71373512,484.48576186509536,3.019633809015664,0.5184398422131515,450878.39248071087,315.9659105781536,49.72137604331888,322383.16674450936,0.0034325850787433,225662.9485887575,23241.3525692932,33055.40675582141,59.5373646493858,11.149834028301695,32058.658004586006,49.585649932621735,429066.1521399415,0.4654482342702122,1254458.9169864275,175533.5247938236,1256.333819286245,44.97309893291782,1973.305460390688,96.61566741198988,18611.87940789571,170442.09000986876,1.5182954342569064,85.44569134593723,508.65744644227016,162.83120032480517,215.52648038618852,6.252707540288759,202.5940040994693,4.990622201038804,27.361736494735545,522.6268624304811,3678.569007996239,194066.14382317697,208.7025403289975,259.13667816655675,0.4376543418815385,129.73425482284222,6.36406973989332,406.9837914359358,2.9417749450353115,270175.1708596541,633.6694052875363,8.600377289057855,0.1705734723934702,3000.3497935698224,2712332.273252608,95.81926868232266,2.6835087831303115,105.34261295026548,180.45198721669385,32.79499690056497,3846267.105934372,6.484175964137661,14342.340512552151,0.1520860970842944,13.69720261919073,46102.26881565501,0.1929025081022918,15372.25942925225,6.903593240847528,4117.8593290247845,0.4151728091405386,7615036.332705831,676.5218999219303,0.0469459902372559,5429.835018645708,524978.0111319823,292.0896904061462,0.0,8477.972234336226,3703.93976138797,15.244359651695037,609918.0150217761,5081.06712813157,0.4458441848537094,44.55557681302035,722.6780841428861,638.4210276555092,0.0111274850168848,1671535.4592466238,302.4694171375805,2998.7791680339724,41564.69205331363,0.0178362886296446,509580268.56957006,230.24367641286557,0.3965230903733873,9675.19888207272,400.7786279731346,10.049909345153305,211.5651468371383,50.42223407962497,1210343675.7994964,1.6866057210836412,3.93723920276648,4.042985315861691,214.41066218319455,74410.58049472161,6243.861673772171,575.9432344823796,965.0369320421852,73324.31326103097,0.478315238645107,24429511.82118307,330427.0570503226,450.0245270192843,35.05797173859477,195291.09439256007,7.703229842365524,0.0500990361870954,77155.29937564953,0.2988053133638236,72.39721639848884,35662.04635105838,3374.6321496572305,699871.6905958443,46.50741636460171,15.73489562242138,1097.8210904568743,889471.7531346043,177.49673373663578,69.48581946278253,8.552550021016945,1439.379582181601,89452.1621740507,15930.007469528631,111.29176663681616,0.0067705572493863,331.10607787015454,142.9161186187428,14.285907072372616,1432.2569206609094,81.04287567878268,355.6458057308332,0.0196872957755788,23.89256439207964,331498.90913849126,75466.86573451263,642.6402099376523,0.1494181692706458,8419327770.763103,8647.899362460987,373.9569522503837,17.071887538410962,3089735.608378103,2.14541174305248,0.7446797119804501,275.9516144981824,179.67638894731164,2.596736445381911,1.2753659349266375,134.0915611054095,63770855.994636536,2910473.814885716,4091247.2375019775
USA,59341.04058826392,6968075.416255833,3960.899879453152,92457.1053648432,52385221.286541656,66174.76119037795,45659.76499870524,4309530.219596352,1779.222421359808,41749410.35536138,70.25214364700248,457499.7209778754,71696.1685325702,728918645.7882087,12125504.53343892,3437.1267004554024,388787771.93595207,233271.08448677184,1222573.3284973388,12641.961687295294,84159283.09340233,1030.522822442592,196293868.5413264,160580762.682958,764889071.705375,184192982.47829375,3675556.992581593,2737138.3931269785,145172629.16794902,243564.77755673544,2460.209120327303,15046.189978949771,0.753962456003348,2109.8503998174547,612865.4300922451,1190961963233.0583,0.1044907634330943,616354926.9924476,5168.156763092356,39083556.531120405,550377.97542831,443522.2495281965,205433.33832553343,60152.42964240191,310.4687092017792,954639838.9510484,6.985874666111473,363916.56526118726,473267255.3257051,873747750.9536688,0.8908322658959164,1714348.4923936434,1108121.052379089,519406403.9615548,3560408481.7201843,18760.58632330767,578695.425214618,488008983.24687487,209376492.4331229,354599934.8759291,65307316.885301605,6996352.810691907,283408.82766092324,37015615.58816453,2372371421.73403,280331834.84373987,2032030.0920763952,1937470170.3960423,3869.2279864693287,209.67446910991308,5366268195.47208,36918851.29609075,72026.20729042457,41410.365139754496,5549350920.780202,56872089.59947644,312216.03346980223,17436.553000049505,5962078.377351988,1123814.462054945,13955.823969478772,79490764.71037367,168443.10651730845,45287753762.86796,1060732688.4827366,13555761.190332849,22802.671409061128,43690670.49070097,5.352348672985205,1165975416.850851,186133685.7887452,101501739.8002522,217477067.7091818,620813.5733900992,800723.5588621553,0.3272727707010274,1944153885.3353329,35401124.11523843,10392772.264596436,3649050520.477151,1039214.2477636024,1078965267.2247577,66605770.20393772,1902615.500661141,3591922.304260527,623154174.6700239,3786.362893890621,17312224.052618258,1785.0499196454143,355416.0787296772,2932440.9720144304,110553.60495253766,2684.335403076368,1358672.679610429,276422.3000845525,36255434.07600858,321665.7813115562,2986542.456077476,497.2253613132097,79.05777227390521,355868351.09791726,30662216.09338586,376753832.497946,494417430.9428812,41459965.546789065,2261.466567248375,1.3977142656596524,29499979280.0198,58021.01160005806,21000757.295258835,11764471.756625311,127583.40480440189,26404.264811057157,35476675.995750844,25789066.8263934,17274.207718507045,2959.0803241958483,21866116.430876933,83238.11259763982,9.640922719206966,395.4108387496294,222175.32434345043,0.0,5347.980489092779,2234694.438704419,0.3472826500160313,1459367.1737756017,645082448.908998,749.6168243123944,484606770.0538573,6299849338.28824,58712.96981251008,647.3017294762927,2475.866686166388,54680.529808593565,1561609.1875911425,347588860.311352,0.2723237804585416,29948695.22106973,597903.1041246601,6736.708092310074,125847.74275013106,1781994158.306553,16059679.525464311,800224.1844168656,562746794.6960018,112240.18542643872,348306.7295257421,2430.96247482652,26713.54103290778,415525804.7752889,13769958704.364264,919.5028943135908,4661514.994363058,5578692.4316527415,6131305.895446662,68.02202508553174,68.94375237368145,2.195362482258701,324354968.8081786,112738.54403079364,630787.7999120173,104920259.69720715,159589.68735366155,28548.22084474591,49220101.12197225,142667775.03926313,151519.39110872973,69.97375020217846,21297253.942566667,202482509.43727243,102943804.4361733,3812962429.534993,71.83288616943501,4.21801658987101,7712062.936342085,3382867.4873727867,3708772.1856528665,107257.13037220766,7033.790663712604,6459804.003483848,703.7511818384096,14817486.680833776,116.11110873095409,2958.60859206634,1924105.236620657,46705520.86513013,226856012.97723275,3085.1917121993465,111270.2584915729,8578.801415625796,3473.915735521241,1002003807.0719572,364004.6161980582,3728.031990482291,1798709699117.815,28670288.46308567,244651.74717176537,222609349.59347093,203171.64901589608,428083.8296275101,24452.140360081048,3650.506149388554,4123.951238140318,35584.46736016835,319376.5523200293,4440.417057950249,2628.6708296376264,1290.843932940194
UZB,0.0468760440281741,3709052365.937352,506.8376128392748,0.0207675808531673,1830567.8931047765,290986.3574042358,920.4783410480984,22207478.55485945,0.049910873430099,1527243.800345481,2.4544244936155493,0.1718203295289943,9003.51966478287,14135957.33432547,70186313.25200412,9335.91486638976,879344.6392524906,84861.8106459966,63096.68215764001,117072902.96836068,40367555.66189145,1035.9101482710637,28.674383815671085,8863111.329571674,153692032.13342464,66.54679900342128,0.5892588603364312,204.97732274745167,46477.53459069555,9.55165451647684,33383.800119664826,71569799.66240425,0.0270813040953825,62.7455601205917,271531.997204426,76576569.57716128,0.0037155220085529,3029569.1924252263,175.42467616598776,25560006278.825462,27641.781422673856,186110.66192921717,220187.9915886169,4415.613658565444,0.0600452182136663,2901.869590581943,267.73099185694787,450.6764957873248,12.704130437760416,90.91830281686195,38.56692974063802,0.1788400929404718,161265.9972235882,8152781.236896159,29469989.33519844,222309.25921167637,1.316823278696991,5596222.629103053,23.59945706562235,1290744.3348145185,76.64345437503403,285281.64962929155,1524214.1721906338,4940.0790692024575,2404317.9761850806,32389683.337273,17966118.11148305,166598238.4817745,4.93517366842145,7.505041740887936,13156021.608716149,49775.60261378562,230.19917915108067,3301.2904270049567,5438932.650971665,78784342.6026319,29962.01104051635,41.63034619059884,59253.40031123521,3939.0742531643614,549.7675083099214,18328561.31378104,0.1809962352469731,75432344.85990609,38.20192961258807,6507.705537908241,668.1601625267349,7176.912244591023,0.1918741134436757,61.14667208333071,6456787.588684384,7.676334097835694,8940766.647905877,2011745.6058912624,2446272328.2784853,17.366834623743777,1265756.929870401,365133595.5401527,3098634.850944374,2928783.2348600123,324000.3628377323,18778629.1889428,3.71425978827272,393787.3940498582,246162869.96380475,25537351808.019825,151924.3863360232,18713628170.67961,774919.2164720836,0.3119053413830899,62402244.52373274,21956.884883815204,3788127.755494374,484938.973986876,959.2333302356528,284832.4952374797,0.1438813782480972,16739.912699634522,435961.6522977762,2.317594555043214,32361293.177125536,73097.15148921259,39843034.26774806,346242.7567457489,12577191.471394395,67279.97598877159,232.68676249123905,25640.364679314534,6.911364003043872,4829654.036206463,214547.4089412598,818.7960551897179,113331716.91572677,1511990.8920102136,4629011235.312443,970.6022625487336,81409.98253766485,41020.3850157821,0.1037761690408061,35.284088334848235,24263.22866552473,1424976.0038518156,0.0,5.559964152816872,211634.36973857836,0.0124103970927595,731115.805159363,52.56996501779841,0.0735880113125375,996198.63362219,91172752.5216482,462615636.3305785,0.0254847234566524,87.32507716697701,1601013.5199516886,3063580927.657257,23.484062304610603,0.0090363753447037,431.6338184319249,4707786.886617512,1123.731162855835,20115.83718866354,64464879.30083042,2.174095167543275,189980062.5787893,135781.4138369443,74.14525258559345,116583.10480101964,0.7357418884384456,29858.577502262306,78727593.0104675,41792304739.10589,4049.375937209812,3864113.674404248,2662304.9696981343,25312.51543808006,1138.8058517014529,2.466346577252475,0.0723795101050681,14220785.344669592,32.89715426688108,13809.083665436385,4.406713080813558,4485.386903237709,362149.1777623503,86.54614175297144,15698866.47746428,270357.6377640809,0.1939884920188385,7140.30859946809,6362990.566443091,2505770.778559153,189386070.3516529,2.176675595307823,315.0968162914252,2103620.7784123947,0.1975699227495244,1875387.565903848,28003.263146386234,4206343.843848806,6276348728.400064,0.0034795068151917,693146616.1405301,355.0877128313581,0.19767747465347,22.304014713535683,395787.4971273648,140719881.76906136,0.0315264597090365,3711402.843442091,395068.3050115645,65005.651494256585,391273721.6399326,25.69207962437367,48.0509271479789,1885673.393044204,6067289755.124072,8.204238653233817,9214.711242094378,0.0421945031076116,0.0959838602482356,6794065.026724238,5.192589485175201,0.0360565306484156,0.6593583124074929,7628099.7781543555,132.44095076718486,6149.567145617986,581.984125531823
VCT,16804.70622253418,791.1912358840995,1.3000863682536767,2656.1421439647675,2351.1795275527743,0.1323779139951426,81046.87932728755,106.03884006859104,17.08205283165281,10660.666760098078,0.0204970167750486,18602.38321840763,18.73552646579116,7975.479232045483,672.3469403585912,0.0247868273116296,8619.859447212424,35.77095989936705,10.96363037146308,0.2871835486844758,1693.8019287024993,0.0066580213762135,136720.6315760538,3237.995816935453,8072.067952165638,965151.1762284636,461.1866547241807,856381.7401451905,2529922.23093202,6208.2794551849365,0.024043325171533,0.095172529694878,0.000218130991243,0.6790148397231661,0.6874707905724184,4033057.044985472,3.0206057488157967e-05,4537.374801166891,9.459957925417555,65.75932907101776,4.574032924639711,52.06256387869989,2.2970127043826056,0.3447503020030105,0.7316247866458827,58145271.07162965,0.002158004262327,1.8802404220673448,9031747.754525509,1883818.411336657,0.0002625303891363,8057.120773404837,82.50560237710329,8745.763254161899,52460.39188065533,0.0129707516461348,43732.48584938049,8288.536960246562,1544261.6695803404,24474.747328945312,10590672.070709608,328.8676533592586,1.1471498779790712,3916.0657418535257,102557.6128641579,6222.912364059141,6.952971883299592,20534.238810122875,1.8627870612931217,0.0606846722841183,94000.47354579868,627.4472122008119,0.0029179807482729,0.2992096928846046,64692.790405308886,428.5875087251975,32.76582698571737,0.914414007216692,731.1562976105897,0.3639562581264499,0.032922496658017,10691.690234032249,30314.46212172508,59129.9512346929,5722559.681178853,3067.319108644943,0.0021460669043946,95619.91830892906,0.001543703906897,6949977.98072492,9427.029382228651,741926.2397785187,3579.8941758006745,6.336166083403213,5.417922279739555,9.21131701705491e-05,18084.56196308769,3015.3561680283387,524.3701883341513,38152.028262354965,13.646504565929078,26357.42486034241,367684.7454681397,115.4564727503648,2.337629826824786,9628.415365296036,0.5866084933257802,17.768819533075714,0.4886785390257415,66.45711321878143,0.5821093150463277,0.0379597735274046,0.562783673646063,66.28309018463278,7.878665115760441,3496.0020088036517,74561.02880096436,7.3006965416445695,0.1337439706554732,0.0242795565341111,4618.291985338721,602.6241858050926,3189.1309332007795,48048.12336005336,183.98114655132864,0.6926511951649461,0.0004139169698403,22164220.282705907,2.582013926703332,1133.275395407186,229.07613483051048,1.9990134821855463,1.4341646988959973,2253.9444955885024,16.804704558322364,0.0019009676914265,0.8867942523013141,531.0848636446692,4129.490447998047,0.0028107613983276,0.1284389937533281,1.220325121919867,0.0,0.0467201128465921,21.350382857108503,0.0001008296657118,23.58983235343723,11972860.511802197,0.0005861378513145,8511.797805624801,55918.24824687236,0.3117948000076005,0.0078955865919851,0.7121633978227175,0.42780362107,1.8405590892375137,11329680.521969795,8.084514481865313e-05,9122261.535202414,1.0564133609002075,0.0017427128398388,1.4479611277174962,24023.14437564997,469995.1770234108,0.9248651560049268,35355.11938770383,29305.10629208271,13.360948170122114,4.238641452576621,0.0398004816046686,6291.414924373796,130949.20752025864,0.0182146280907495,1089.435475838978,20.64804691904472,285.8997786908566,0.0021536766534211,0.0200002117451285,0.0006491037217131,412.1330921704926,0.0670877956779225,19.357461907284737,1242388.2961449623,0.232754595708684,0.6558366696453996,314.6166341304779,3563.2708157207453,0.9805673729340676,0.0015139097614209,6566.462699144738,1638.309291337372,2957.416220564468,43054.77157855638,0.0211051628559744,0.0007414022800782,1007.8074779408208,8697.112640857697,29.51866095502892,8.249865208941017,1.3040308699189789,22.468302202167397,0.8452816999243282,395.5044749083391,0.03615443371487,7.937779590101675,25131.20005723834,1825.4050254895735,14515.504881483092,4.908378289882663,0.1094877392646331,0.939698538783303,0.1986644446170409,16842.934320042194,87.14074797837677,5577.925797393622,24741117.88345432,234.4707672560777,126151.75041770937,15478827.17503856,6132.224019050598,15302.444933891296,0.9347813971262788,0.0313406391211588,5.47996393000525,483.248285098035,0.3370741268454705,1.346152403655393,0.8443216823098263,0.4255966569762925
VEN,5729057.763058782,1959.1298538855172,1792.105857650096,557698.5386037607,61864.32874367044,99.99009161213584,909682962.6223664,605.3125092197561,788.928490534607,15707999.415509049,71.40773340199559,1598792.370142564,26923.23934920878,297053.6403999632,20651.539024983173,34.51902227813112,389908.9702433853,2067.4702389648264,2142.6035473851,406.8620137270808,78064.01574443455,1.4231152852298146,27161302.567782614,79312.53778420345,406371.22610873537,312117923.6605541,54212.85105642072,14061755540.516392,52940527961.65126,463300.5900538388,34.979145660536545,139.31868974675308,8.20231972395678,966.3829824825182,912.35208420001,492458052.98074335,0.0446024150983004,343621.6647716217,1072298.267460256,92973.05911237284,3625.534226269896,781.9638313467196,3225.517086363236,500.4210327181095,130.15337001466824,380088125639.0712,3.06189691806249,879.1484826460788,5967690341.637843,408649629.22542673,0.3834294038948513,2757569.9865052537,2536.171265573372,260547.15499951475,2657814.240930793,18.4358499439492,2150830.0944386874,431808.79953556537,310586314.3196002,770303.2485200483,32400948380.341576,4829.6294124282695,206.17627766652325,261758.0914914421,4101443.3214413305,208762.7056870341,4867.8351695812025,746438.0627171296,1533.1946549599422,358.4227741600607,4436410.332730935,23843.449585358623,62.34066355263738,434.4450642828194,4091276.4666276304,45787.53999485796,440.7165780855898,46.20090268373826,15359.221469269649,6470.367678116839,48.37396927474926,283648.616139886,1184615.232445528,6091303.5087587815,1819293486.2208328,7071538.356476856,3.113316161633527,483180024.276876,2.2644943810045035,2446457640.0066924,147972.17514105263,186833151.27817577,100890.84330855004,9110.037145958278,7526.823990271075,0.1363356099505952,1293014.5697534606,29385.7117249266,6979.042322242329,1088062.1931828756,2243.7178594199136,810403.4519009098,94137307.002862,3009.0118204040377,3362.785941246763,241861.0272192928,831.1039801388907,1973.4480314930272,716.6403027376184,4338.579050972367,822.5608572648881,38.15454887547166,830.2828529886935,691.9651327412639,1356.2575545295474,200420.12339600016,1080445.340718969,626.6671754089618,192.9417274872108,34.43235753438801,250039.1232375613,18585.330935226168,234788.847205004,1436499.3694282717,30275.905803512404,984.3190261704236,0.5927975605555407,6187170235.192703,134.51191287400226,31889.795715632063,39842.68079964751,955.4695542369376,2079.7850457952786,33782.81607909265,22352.944784097577,2.776565487268848,1258.9475396083822,105644.45815477724,312389.9848037103,4.089280696673243,179.97609193154045,1769.8617056347748,0.0,67.01117017617229,8492.413259217701,0.1451339533986591,1609.8643474774788,6034957228.854073,1.0731640959371165,587584.1164620318,2217728.5360935605,1047.1037033655305,1.2074076861764889,1023.0955230403708,393.4857366596717,2111.6981440671684,14965528764.245676,0.1146829186475486,73912533305.21605,1540.202217588235,2.5979368116614987,2050.6153602642967,935545.894188757,41664510.46002576,1314.4706783616432,1160173.6870595375,812206059.7767552,977.87954012784,4041.216394718537,22.69644359831117,215258.22817675397,4388901.032859475,25.792214668271765,8479.213802938419,2035.6469624935128,13653.901068394236,3.0837910870011305,1268.3734916105077,530.6614011505219,23068.084273799428,1308.2274217088318,653.6825029427224,511966122.3137443,3.5394518331020137,991.87701910482,46123.68667065699,120289.6064293784,802.4877752580767,2.193727010060334,30645593.836592138,132587.37992953145,35480.915365156325,2186720.1376775955,30.501399095170363,1.072101994530772,22035.374171739044,1627865.5714386215,4998.406542592738,100.22462347225084,1898.0168516359067,788.8035422229177,84.66319074709754,11985.252601712758,51.22218291209971,637.653077614358,39230614.20804831,121651.3780924198,286926.5822049984,377.951104122617,163.92052220347855,1330.8775105616585,290.22797269213464,615945.53672558,4723.3171235440095,69402829.63338858,4444458206.48345,5424.82047197927,1125076.1376205522,203173163287.6417,430417.0744861405,1116732.2386028066,1373.149460128458,44.86994928624756,453.033286303356,13179.692444951654,531.4244389495119,2679.05673182064,1173.0619493384595,597.9324886416199
VGB,370.81332874298096,1794.9540310959867,0.4297957155645919,979.3121211230756,5009.700247444212,0.2237524517415816,2.429384232700663,96.44102023526762,2.5933015502661405,3564.4642182026864,0.0068563809430433,1708.4765503033996,6.223710996785968,20193.27405020967,328.2807997515434,0.0083406261519201,12067.384969472883,17.62484084473049,37.78618989634555,0.0956994707994858,5657.227185968565,0.000358563848694,192775.68709936735,6997.541320113494,15496.600561901942,600931.2836149037,974.1856204718353,11700.521861569405,194314.71073327784,277.04579097032547,0.0079723003104845,0.031210199901551,7.302714891466167e-05,0.2236309368543239,0.2281156013045682,3486257.401138185,1.0096526139591331e-05,23862.33272318542,0.4989607889365957,126.86638246636116,7.908353942191793,4.380878588392633,0.7504584724076387,0.1148460439928626,0.9874644336964532,2884618.121843438,0.0007249388311265,12.073892930602597,1007728.3645757856,2268735.231057558,8.789143987542047e-05,4749.454826295376,32.78901939760067,14474.599644015922,89032.73820364464,0.0043012008556635,846.8308067396283,12215.116862359922,2843294.088689208,43759.51098837285,306419.96766318986,326.631067688715,65.14253997397334,4169.230823146354,186687.35236989608,5092.706011270639,296.20237758568464,30388.00877821409,0.0135002399172614,0.0202582219092395,172529.5789905549,619.5950647741556,0.0022506854402641,0.0996507521766848,122942.32365764848,9821.437570005604,19.761121669703712,5.681098908185959,21.989301663318088,0.7462268179618832,0.0109458149630086,9974.434138018862,77.26079782098532,107719.37097958194,2846599.820914127,2035.4336247561923,0.0007184726446141,15510.896286971256,0.0005160744143175,2676243.372053909,11490.649693872976,968391.5910868644,6573.205495792589,2.108110636480192,1.714401564058384,3.0833526169615766e-05,39277.46083171165,13160.51122464117,2100.5995196911126,45367.127353825854,129.72049538995455,62068.18164353324,263942.6349873543,42.79504143710128,0.7735203154484795,23487.99031236626,0.1943120666762166,620.9201722106284,0.1623757782076413,56.5158012004576,0.1913859360509207,18.770826474396515,0.1874785712490236,87.26270491996365,4.641557175157004,1930.258055741331,231.55423989146948,120.07772180624306,0.044515839351888,0.0081318274955748,7647.343814914115,714.5155722424388,9671.169401068522,78630.18463782428,1565.2908748633504,0.2291828466590106,0.0001388586437373,11927100.19871439,0.9346291780433716,1268.7376755051446,269.49937877495944,10.208405983343257,0.4778245546968428,5620.532790441997,50.66314634310871,0.0006364169428412,0.2950416140379026,1236.101593288059,251.53358840942383,0.0009387242297713,0.0423361325104513,0.4047376753765821,0.0,0.0156239062856664,195.2126343656992,3.375633889390883e-05,83.40197694905079,2333931.3055037856,30.01053637070981,14249.227585159242,76111.05121011994,0.1035972238726046,0.1266961404662367,0.2369149585526183,1.9859125964212196,1650.285129972357,920591.1528170108,2.736132072200803e-05,352027.7740959962,0.3518842947782183,0.0005834275339289,6.454321971248028,53106.87235791609,1317400.7840218544,0.3079893106775984,62874.38914253563,0.2195602077984666,31.40117582702078,0.0124703238493784,0.1100417237773587,11632.236744835787,192862.17389685745,0.0059475389273817,592.919786748192,106.48653018321,188.4549308500448,0.0007278239283721,0.0067294651991693,0.0002182328917115,466.63676498770695,0.0223294905735045,9.787254345451458,300121.14375948906,4.557568348944187,0.2173055132005633,964.1591618061066,8591.427396922292,0.230975671995286,0.0005089816473198,5820.156161030061,4586.576139066718,7063.412404604256,54294.7919563411,0.0069608232822417,0.0002459434845281,537.3892583297217,13532.058735847471,39.64204024369015,12.86767881002718,0.4331080269031702,630.9755039554991,0.5944178465579171,1648.311978802296,0.011920995041379,3.881161634068453,882.6823076568544,5486.614155759636,17820.23528500029,3.62253941823144,0.036553977556303,0.3123470028090638,0.0663780522082237,17997.342598134273,56.95958209689623,0.1302137662560023,19751975.83941155,708.3244775293139,221.05748519301412,388408.218301736,20644.15615272522,50868.86086273193,0.3100150423194787,0.0272022859058505,16.743095511270113,208.8435519862749,3.523976618609045,0.4477123269684027,0.278851968233057,0.1407260519340063
VIR,1204.421356201172,4800.083601324256,1.0348639654065508,2309.727466583252,11788.74232691154,0.8552844483967768,75.99441991760784,340.5585879542217,31.954318765542325,8548.08702521357,0.0165106587180385,3911.40678536892,14.946928089279083,46774.6356346737,2099.343820850382,0.0199511606140276,19697.907418340445,8.698034245971556,271.3104474209012,0.2298460129365134,7065.940582367075,0.001566775498011,394682.5353322625,23977.453101565847,27663.53966815406,1545472.986149788,1722.999074935913,36753.245415899015,402456.4818882744,350.62671279907227,0.0192990192626894,0.075117268227359,0.0001760142185958,0.5381083236235042,143.32857853390917,8013097.572881756,2.472774792749988e-05,38083.8475358244,1.1991961913526712,1646.064752142917,185.67493452324675,43.760951176959,96.2965532324148,210.65763895361036,2.0226144356432165,8052675.219394341,0.0017374465061266,25.88671238100505,2831914.6650468744,4651423.190517128,0.0002130791044692,11438.9795255661,371.0396127269719,22544.521865903745,190160.7540715552,3.2074782744837838,2162.328675270081,27045.77981835953,6122128.535704613,80933.97931591715,1055290.4104467626,1226.7871101305338,31.820937493534974,8361.643629905535,363162.7838424756,14165.261433597072,183.3579859861844,67124.84057703006,0.032536614209949,0.0485085940456997,342079.31594180013,1132.7094703614712,4.0726685026924,5.063600662111258,238434.18667216063,10034.667820146577,220.17674309957124,9.710159540176392,1017.2446910481794,126.74336714593414,0.0885622474457932,14374.790269621968,229.54735520482063,251366.9681906462,7560104.909704089,6932.58890459565,0.0017317038533377,27323.32984361309,0.0012637000082236,7424485.191393606,20671.481134498805,2174293.638847351,19441.470638482813,5.057534156166581,4.43340840414198,7.509937144334344e-05,82715.712068995,11730.022369574684,3733.92964869786,77821.22703076129,497.54368515615886,123329.150679538,712520.2072944641,547.9365107782003,1.8637743907904372,42865.27936604929,0.4679495164038059,2193.027874854023,0.3901359862950357,207.13766671034,0.4607175351825603,17.51679307466111,0.4490739125619072,748.4687140568449,191.9978093303944,5854.621813263318,512.7023702859879,317.32953245192766,0.106608722889689,0.0194302213205901,11542.129386882763,1621.221245713532,12150.37910102526,165188.39779324888,3817.7136456276567,0.551225859571582,0.000333565791679,31116332.86035712,9.941195741455925,2641.88022330247,2723.982072179053,33.210841262713075,1.1460372280420468,10619.982874690522,149.91433348334544,0.0015356539684105,0.707540175185926,3594.6658244299515,577.5090847015381,0.0022742960912935,0.1020443028238622,0.9728115231707904,0.0,0.0375561491218121,116.23915739076472,8.183697946151369e-05,1009.3643815257338,6548945.732776642,7.826049287399655,24533.143558830023,154414.79330519613,0.2494700117781008,0.1112362377286899,0.5686685651042138,17.345268188985916,466.5212102066636,2513581.787343264,6.332923656771072e-05,816622.1070296689,0.843185008824328,0.0014141415301835,2.4434312935077074,78289.91347528173,3129977.5443553925,0.7420515283922668,113106.05963785946,241.8645773969447,151.10404947938684,0.343616370223021,0.0884668719499259,26840.98040831068,391222.37390472885,0.0143229148829036,1535.582396352084,694.525954011545,1761.057696500332,0.0016924705527969,0.0157271425402623,0.0005121662903775,1389.9384037311045,3.2013450670365167,423.5550632831311,856443.6892032623,14.353252410888672,0.9228977172908804,1438.0824146270752,14693.661467921744,77.78217417919521,0.0011912712581434,11813.543803784947,12685.49878669082,8501.004954783712,130861.43993972748,0.0169566854575577,0.0005966602258702,2287.4387993054424,31423.91371917725,227.6553380228256,12.749441510972758,1.0396464560214298,1972.398277377069,3.009899578057229,3460.2144281307465,0.0285775102331058,31.93831798568604,1629.9210882429034,8825.371346828955,44132.68508273981,5.232839240047412,0.0880005186929793,0.7504481856530996,0.159121647091105,41264.35047470985,175.68674868319306,157.0653209725445,47081172.9429075,2087.405177908797,438.6273495256901,927085.5698599308,26736.84930419922,92294.43264770508,0.7481259665889941,0.0286179359971612,81.24559578992532,895.7531182576386,29.088606048515167,1.0755970940610382,0.6701672777717889,0.3374914127682729
VNM,0.1106713732097786,965.7748363335576,352.80323597818654,0.0492036328515955,16.531829839376783,118.84075234254313,2161.887519089807,15.889893616636858,3.259115475610824,3293884.514076374,6.414119318690154,0.2850290642927627,72360505.07485487,103.25979577851662,72.9416434814101,22010.796820141877,43.42591312066681,42.53930662276864,95.2780608035394,101347711.2845127,88.27105069877638,0.2866153958713137,9.85881914019507,42.914268335537685,359.56393895895314,38.86706685974321,0.0504066354793985,529.400662505815,3352.949975544103,0.2672620051738597,15834687.50820061,11062015.161883296,0.06403055558272,189.06831800380468,5382.164560827297,53058722.5522675,313.86439440343304,47.935770456821935,437.8499784579102,112764785498.91884,114.51666450880988,280.19427744995005,268394.60286867945,10243.888836431226,2.7195691613500506,636.3819011886201,1172.1726366610778,2.290218958457638,26.476692662038808,82.45674986390313,10248.86500929387,0.3622180004433559,4.1795318513314506,103.92753455208532,838.2062160980406,7643.554869186118,0.4538841229189052,171.94513316414256,26.506424539970094,1093.047921660138,180.48542578042444,319.9201585343052,2473.120015830425,122.99014652193767,385.0614003177117,109.32032470023024,1364311.7754025096,2638.057894232625,14454.282731608804,17.753315021141155,613.4458197026364,6.053796575010466,43927.33636511421,1276.336017034453,1961.6714932782168,57.71233970164776,88.92682865285414,0.0044514705624588,86.96874613192921,13.419028951718104,10.060152486389375,72.00906538227787,0.1980575941407933,266183.78611799853,63.2347561510896,37.59090504137552,144938.50681550062,93.8072982321898,0.4572376143378731,62.442557042748845,55.30098514553511,16.240592408344746,116.64687880922412,4701679203.819862,963397796.757002,1604.9312442031428,136.5535588745266,28654.92345640324,3011.6613340694744,307.97306177257417,7.740868573338216,242.715879866312,6.776407365612396,32.26356741440145,3059857614.1451173,4835.432229004546,943782.276045186,235.55132415256844,7725953855.976052,312.00359025875605,1146124398.965527,29.59653640040065,7803804216.175178,3.608824194121804,35.39261749716789,697.1066450827159,0.3426421201719766,0.2072597252916104,349751315.44834447,7.014584357407023,121.34613393956568,3.42153166157991,132.73004355213905,209.901119784967,40.35817843885836,312298.9278885638,266420.85211863,200619.15963122825,164.70321831599628,15.8881017824251,388.68475769056266,0.2360255849465675,3443421503.154767,8.472269642072106,33548044.822375875,160721.47261831714,140827.79068971003,386.37079990068696,0.060507618095182,34.140601164439715,26608.514631870203,1889316021.9629729,0.0,18905.31166108968,275.95595960769566,0.0294685280459798,319.5735313184655,71.25037028356434,0.8678363413985544,57.49915497451904,18070.49397061393,16554461.016743358,43.28287388864557,1302.6958615798362,42910.00987659207,594782.8255029249,40.93516161308112,0.0232017286951593,780.150674730412,2642887933.228564,112725.9212289606,94065329.71096776,1722.3378062404668,5.203898846287357,960591080.8857224,65.65503109232438,189.29949689055096,2.1130350420071373,1.8600783238047167,4.568233071165885,256.2906299628329,1111240515.2184496,19315.85948315361,18178.596469314536,5480.251426691364,96.60950702019946,2765180.7954117134,5.797886607492291,0.1875920470150812,4126.8543312924685,655961.159474984,26.916294396593045,10.717849467049458,0.05910514529767,2263948.673311797,0.3726605004489114,85.87913723403597,45815.47982257851,0.4440888227585646,65.62156896054219,57.00619071425572,19.289051083068266,25755.74448798377,6.153172703083935,4968.611941684504,85.10627527237307,0.4675533346662948,292.47110460990496,20.490916653186797,8083210399.6606655,122.54015683294152,44.60441342545528,394.86512308251,4215365.457351725,11.736649957070394,2.88846508402413,96.93145440378748,417.5024322077786,91.66269926633734,1566450596.791793,894831.5397899974,259054.34645605856,794.3590434164952,630.1071789334339,114.47147356714056,22666852.16982008,443.55683600085297,0.2696116610118637,437.7297481660906,0.0997731004515944,0.226557292739203,26085821104.520206,21921.12538663009,130.7843804288135,4.950111944423059,42648.50016254396,386.65895314609486,14960.355806415508,392.43479524326455
VUT,0.0081844192787343,22.4940251684238,26.45768033982105,0.0035686825220285,1.2291182801312512,1.4982577419416312,300263.72759235336,1.220720147183766,11534.80058063299,847701.5425503666,4.476972774882576,0.0206973656179731,230652739.6703132,7.669422251213069,5.52835347172272,0.5161264967528316,3.194182943431912,3.096732786411007,6.83268600309457,6.07413293954072,6.621976176273476,0.0220912522468985,0.7080129918177115,3.1873854088740803,26.578536692766495,0.8926582348524941,0.0037009330836656,286.07381750977555,7954.958717768477,0.0194036705401927,123573.53542360736,2.0515731697658417,0.1130199719891038,14.048147220522456,13.355010079927029,4467.684035051511,105.9705922883004,3.5687580782561383,985929.4618194848,71557.95674560174,8.303177506571805,10.394998291048111,47.57410386367186,7.3886411826883185,4970.121692857171,46.38212939183998,0.0454415969433537,0.1692237305244632,1.9084242098677315,5.805121966049288,1563.765933137387,0.0160455885142647,0.3101055879989474,7.668165779506877,39.17595810670384,0.2738538109914808,0.032806396223437,6.292685263034048,1.9206003168611976,82.12353439982039,15.820849488622253,24.37979449531086,1.5871502998634657,9.41276250940174,28.55973179535964,8.056413152286698,22.53475282635533,86.53524214859922,9607048.408637814,1803.742200039905,45.25991547126023,0.2851911050688187,34576.17966305716,6.43170870724956,30.167270986234104,4.3455371174006,6.4097899948665775,0.0003241978547916,6.290871101287623,0.9728140321896772,0.71554096762502,5.362226676730609,0.0146117906416944,2859.3447093734844,4.295507540768767,2.774171165327029,2156.16038538464,6.900651417233876,0.0340989891472518,4.357855484449941,4.103591338047838,1.1849754945057,8.692243307798922,646413048.47439,232.9515642445905,53.650166429472144,8.141402136302357,44.35447680795791,14.232381103622634,20.748788733413864,0.5705069035520483,18.119081795259323,0.4908268323340152,2.398510748817014,278756.7601139883,330.38843398808746,12.425055498966886,17.899523161909507,4494.604573686192,16624.352431925498,10665.15002495869,0.5666013773661991,2718.2165487152515,0.2681574022589856,2.573621000956788,53.247728642283874,0.0253528768037112,0.0153822541248578,45.516086843259096,0.5153730091627993,8.922538658138176,0.252970216940549,9.791923364441733,15.73136885426549,2.9984805804439403,14.599300679962766,0.2438959032880896,615.8400500361982,5511.745591571879,1.1884900276764212,28.70274851483897,0.0173275877842904,394.7787162009251,0.6275631637948296,807.2234165728623,1161.5880825614845,18.539525782946388,29.556125602420884,0.0044149084116646,23.866189327300926,2.6441354712095877,5288343.986855648,0.0,44256932.27311815,20.19440867584488,14702.063370525835,23.13685255335271,5.096942119477856,26966.589552283287,4.218783080818318,68.1837548020079,6.824807451834183,2087.413295885548,13905299.26739812,5.782505119144526,31.35803506949448,3.0780940602643105,79.14316072618236,222.6720990836752,2799186.2011152115,25501.86182489159,892145427.4913089,37.55827742978112,0.3778993117800181,8114.665454210266,4.780191658483144,154.55952891369677,0.1555179015354075,8031.260134933424,0.3481387127824662,19.17054542968511,19069.54249560065,0.380928886639157,46.47244215688183,27.78159781687736,7.099785089500303,4752.731487335783,1271.4913244248162,1.987966377781304,43.371403310320886,69422027.2057314,1.9492762287345824,0.7752111910859618,0.0044266965669166,82.90948331834807,0.0275970839237729,6.421803821170434,11.845889264792438,0.0325403426886627,4.839553548690269,4.23433124174548,1.43015082184432,100.73634116747311,0.4521282750665714,0.2226160885043172,6.29477746517669,0.0341225947765337,21.02451971099304,1.4826645975133252,13809.88254750228,9.357097876755326,1143.76687608278,29.43428801042408,2318195.65765511,192615.85097960316,0.2111907265399597,7.185339468918981,31.25486278963304,5408.407602116815,1303.9814734153383,19.702242246817395,4.292759272626224,58.79414851754901,145.44505800246822,1950.5819816029812,775.5783667307858,33.1919190788972,0.0198726380048599,32.0251895080781,0.0072747349531476,0.0165751824409117,29976.1424901433,104960833.33745652,26019.448985203853,224809.67544178665,7.432373134948835,253.3743619284519,17.269047081021778,8.79793505957856
WLF,0.0001165767894075,0.3193808039670633,0.3736175113793087,5.22045086805735e-05,0.0173084350758239,0.0211349062688724,9520.098269067534,0.0174830268706138,2439.4428221217822,8934.353751700026,0.0062182336342803,0.0003024116276156,377809.5562575669,0.1090387520062829,0.0775015851455018,0.0072594606649711,0.0456628109091168,0.0442455954026441,0.0977686840260319,0.0860506935344403,0.0941287367287327,0.000296249530421,0.0100209301847431,0.0449596894849076,0.3749715911652043,0.0123873407652189,5.247676992305508e-05,90.57236980782146,12.317386939373208,0.0002834772505759,94.8906555063096,0.0294675581124218,6.620249221844787e-05,0.1990706375665647,0.190592073297722,63.29525321524053,0.0420498414959852,0.0508909346123721,19421.81923854637,19.485449946775148,0.1185305681747282,0.1481156582811657,0.6748446199784954,0.1047326223254602,211.27143077421624,0.6576339932661281,0.0006501490142781,0.0024278537269723,0.0274234919884747,0.0825118045289264,0.314766238437187,0.0002221762700684,0.0043810141654415,0.1087135224157154,0.5561808314190868,0.0039008260470749,0.0004888602210971,0.0904599901444135,0.0272860110212143,1.1603037413785522,0.6422514128499461,0.3425621456931108,0.0225977195713069,0.1325121211068312,0.4053410815683358,0.1141016780769601,0.2579640927776433,1.2295980883189612,796718.99962485,10.781831458988538,0.6418036753286153,0.0041613431699327,39.59325982400973,0.0913196909856321,0.429002404520977,0.0615267791355633,0.0917955036715942,4.6253796181366935e-06,0.0899887286397011,0.0138440964868467,0.010130633922168,0.0760859541804369,0.0002080538237342,40.59545880505412,0.0612609889622326,0.0395527699011887,0.0397170633640531,0.0983769553568422,0.0004678452954078,0.061947182944308,0.0583044742308115,0.0168758279568542,0.1245667220477773,2223908.1821597284,1.5607767354302684,0.0045417202385184,0.1165463434644809,0.6262824935549327,0.1998505911198642,0.2939498570428093,0.0081568878929441,0.2559827373994058,0.0069899866918902,0.0340536068261436,3904.621585829541,4.682324617949719,0.175709783884045,0.2537842700979801,9.621903082005028,26.293448044137712,0.9467596875931624,0.007805915014741,0.1790002643310968,0.003736731624738,0.0362439162278156,0.751064103470054,0.0003606982199892,0.0002222058820725,0.0403803834608331,0.0074072772885203,0.1286203090880585,0.0036036444212635,0.1398144527550063,0.222109928350027,0.0421614523547201,0.2071909664868572,0.0001258473344167,1.3132251698201023,2.4952977896784376,0.0169890287281498,0.4074560922113109,0.0002468036877896,0.4398488466644137,0.0090051701891328,4.749132444878375,0.7367708477209318,0.2619341631094261,0.4184958531197598,6.308085040318545e-05,0.0180024105343298,0.0375008576427029,8077.774905393242,0.0,114661.7895126032,0.2885370604760636,40.73764975671656,0.3304127661704253,0.0722682353428458,4130.369761317968,0.0597676739420363,0.9701018230609424,0.097680160669661,16.232145729416516,51978.95994985181,0.0820123164291714,0.4448409257153426,0.0426475729165153,2.3316780080311617,425.6147157417792,3720.7658504509695,69.32535505847181,4168682.2364984215,0.5303083707731758,0.0053693502842815,0.2776206860306727,0.0681745933544757,14.3585167867677,0.0022007179015164,308.0679333132313,0.0049437663670293,0.2692393069430876,91.88632807398206,0.0053758511073741,0.6533398362453595,0.3964021987865529,0.1012491626768435,0.0147831960646785,15.215113852958533,0.0068239943128127,0.6191144776925361,763512.8210683562,0.0279763745202567,0.0111021155064483,6.523648148548666e-05,0.1971242026448079,0.0003968874464059,0.0908652915137461,0.1692392921710244,0.0004618408243083,0.0684861504925374,0.06012161015873,0.0201971722232435,1.425923922485404,0.0063933136801876,0.0002229214028234,0.08898677148077,0.0004706661659857,0.3000831448579695,0.0208797854605654,0.3999483590278813,0.1322702503690881,51.863453057416336,0.4147045837381264,4288.862090958006,26249.790136822063,0.0029795518729739,0.1020754295933146,0.4418601845027928,259.66900953356526,0.0344292396283275,0.2783926400011285,0.0607647142044521,0.8355871009009324,0.4793666271268558,250.626674768124,10.989356216289323,0.4703297508844387,0.0002782877853305,0.4550525796263377,0.000103017106114,0.0002368210564823,24.656060347742205,290490.9304908092,8836.859817319273,47446.51643476263,0.1042208017415206,0.4053187036832988,0.2442287716821821,0.1239788083332419
WSM,0.0019191440860595,5.372190120277772,6.294899408092299,0.000859416113343,0.2914649426156757,0.3582400629237483,193577.67309591392,0.2932092267969892,244118.00183963776,120386.28428132107,0.1063557375939243,0.0049780823291314,4938548.149966198,1.8232831516186248,1.3125676082314044,0.1231591781141787,0.7604102004424931,0.7293814714251816,1.600540062373553,1.4377399638222776,1.5747371569394275,0.0052472613511937,0.1657372597499176,0.7554756841194603,6.27956993693914,0.208436366349531,0.0008743666857782,5556.933818691474,7192.381642432834,0.0046667411670568,349.5022166778308,0.4857776088481387,0.0074358861065775,3.3349904217166118,3.140146980017196,1063.4141625579057,0.0001553385724264,0.8476390591536074,365938.83813302615,2660.4415610258584,1.9529555711032671,2.43550528389315,11.259699995095168,1.7417453501622546,12568.282946377993,175.73561383428216,0.0108076215023515,0.0398531383777793,0.4476838517996877,1.365847088498931,3.799751898739487,0.0037573342124233,0.0734347344432535,1.815388451165072,9.263340837229364,0.0648645466142383,0.0076038515970253,1.495019312627683,0.4520692489562634,19.517951847945163,3.234164231965981,5.825705060016148,0.3746350888071537,2.2375048708995564,6.768383188667693,1.9050635093499293,4.253636933892326,20.522476130389634,8940992.664158583,383.7509985620004,10.719280322792358,0.0687772321562079,415.5459067547517,1.5218790637427109,7.115095463835964,1.0324513738938226,1.5091277529799925,7.513514890433726e-05,1.4796132997554563,0.2275524409506601,0.1679901512288779,1.2695300492083297,0.0034250836860678,679.7693722506514,1.00732764726588,0.6556125038945169,1.3055994071005728,1.6327950707369894,0.0079371906435028,1.026507496294926,0.9761004575571306,0.2811155370058031,2.073130481110703,25731251.96059684,25.93061964350685,0.0004722229255307,1.93499223379998,10.533272337845345,3.36179742633132,4.894362473625549,0.1356718063319135,4.294177055050216,0.115342973225097,0.570921343831482,24102.930931844698,78.39392944246495,2.9322563604291645,4.268204099403874,2.493591670156462,982.7551882675168,52.40121602338272,0.1329876944636225,32.6479037559276,0.0634347238474219,0.6038930622726184,12.711415394680724,0.0059431846668758,0.0036580616909986,0.6724323660926075,0.122366147007483,2.1306632048274423,0.0601491421519995,2.3305709315386767,3.730884424561693,0.7071511929150809,3.453307390278161,0.0020894662526622,85.6639370335715,9.820041109708049,0.2842841312224209,6.764374635584857,0.0041477764552837,7.279255971364005,0.149817534532076,80.58805025414853,0.9204932448630244,4.389302696302025,7.035687623521689,0.0010544434708208,0.0200201550548939,0.6285088621906061,43578.71696176967,0.0,1175034.0535122454,4.774730997596414,265.62927293777466,5.4450579358184505,1.196794449411783,126935.28283691406,0.9958070004554428,16.113229733269975,1.6091492395386098,169.0018494129181,682338.0645321179,1.361746654103113,7.499083748440674,0.6994591948190703,28.925064370501783,9880.133364218336,24680.322185631558,548.1977449115366,48576220.8408253,8.850474079741275,0.0888837611364294,290.54422707095546,1.1326545652109417,777.0204764505133,0.0369791905395686,18678.830981584186,0.0836282275013147,4.533354669470857,1544.6770221961865,0.0899369339274187,11.073386791960214,6.543949341058819,1.6761548508136317,46.25288262954695,726.2566214753203,0.004696041898569,10.269174431668064,8927513.026797295,0.4588935178199307,0.182214853598964,0.0010635306507538,3.285886588019385,0.0065513743084011,1.5264990997176824,2.797084346455605,0.0077409264365826,1.141849037449333,1.0054329051099558,0.3396498387317024,23.837513728015963,0.1061149425613621,0.0037491278490975,1.500440595135899,0.0079463482747996,4.942357561412977,0.3481136306642156,6.627708762390256,2.239653175114938,1110.7601389884949,6.969969324677468,52869.3937241137,418089.6233987808,0.0498882102778566,1.7096171030948373,7.417868157742563,6518.997354507446,0.5683561081414723,4.662660051443501,1.012366384125869,13.953865253061991,7.534039533591923,2952.783256621046,184.24837630641696,7.879679227714419,0.0046361341262581,7.542554815761435,0.0016968029148358,0.0039275990939131,438.1367936145668,3097400.808814198,269132.9639645964,5144338.860839844,1.7309492636710129,7.337297317177619,4.109443025892375,2.088228256450634
YEM,0.0676589669970964,2098051604.425703,17747821.30628232,24.05229584348696,111826.59018946024,67772765.91394502,1293.1206902243375,41629687.44895246,0.0730630537203719,1987595.0922975768,54.66765200791342,45.07103275012979,243028.90659730395,120665.85194725322,112879243.7778268,24308189.225704502,3397.189554166184,15263110.733519852,5292212.5922773145,781242261.8401966,525625.5797232063,1062516.0929830011,6.158262793514834,341140.3973244426,3702872.0232529817,7.358100641941489,0.0309261746493971,315.3879248371543,14615.214139299893,0.2562631123745061,4249.824462550437,352832166.4744308,0.0393134233416175,420714.8805325102,788073687.533601,429493.1314755167,2.09912351672393,51733.392036670106,255.87832948264668,2244127459.149441,31249085.79168243,585563539.6992877,1399540532.8579426,224855538.4391449,0.0902842171164073,377.4888671409567,634245.9201752546,8260.491712049155,15.593766983629727,49.00381573233053,561.0557670729111,0.1337846121420967,1935789.3170662192,132831.81454596642,220508.170539345,101539843.62122545,1.0833496455845677,50165.354821812274,514.496879500036,1244367.0782282243,109.57200420846618,22665832.944578648,420420275.02804005,16072.021454766713,76475.88108715118,655686.4592081099,11311309224.869637,1481045.1522111746,96.56853922194598,10.912838445489278,272809.3985698351,43.93516846182063,5.095955146625588,224088773.77479744,80384.40207524376,46822058.92161365,36617108.529655,0.0027598281996725,7634261.893069051,119469.7894085623,46298666.22167048,2493882.828312408,0.1202210712929809,318476.8910727935,35.444944031145354,2951.889100510224,34.100649012689615,14477.86485340323,0.2818222771805184,35.732249731923986,174725.70818918137,9.795090828675026,97104.55430557992,6897777.67902623,13668384726.573467,6670.86365002831,12105.630018537611,4658415730.005643,887626925.9622608,24076.135206492272,1620912.157502434,598888.900164713,4.072114290154798,25145553.51494786,7945020.616751583,1258896469.0279086,195782100.65360332,401793725.8341682,15349475.757258665,0.3340600615916307,4654874.886459362,34800325.00392972,84441944.24789508,2407808.813572204,10240024.0195966,1981065.8457629315,0.2056956688046246,37.80286679807463,19646822.577719443,744.5325909952461,444944.14041009016,1496.4144472070857,427138.6008937581,48376.77238580963,500517.995416522,76749159.27104284,47808.79519416545,964.0847464669248,0.1459631200397942,62834.350522115375,4619104.111682896,1084.1816178060385,1140909452.9760537,47744.79472123762,80260069.84962316,140.4594597758,71999188.50922416,378266.57117300807,0.0368010020777945,99446.5799685386,10250282.578283532,1214777.5777017465,0.0,620.5804271405342,10218425.449413223,0.0566912584682086,343013571.7282683,41.92757978933458,0.1072892051483105,1935.7424073973048,348144.0628866657,1140362781.6898785,0.0086800397036987,128.70370184753756,176525338.6823483,1904843163.500888,24.346832439099774,0.0133754578483666,472.71712831726006,2928154.797163431,85.85331823960742,292626.4636829093,478664.0095948671,23.54960415481841,3806143.465149878,805.1603727923658,110.59578941442594,338867.5682930414,1.09075103047494,15265065.474211397,1621104.930429524,1143046959.960134,18560175.41234848,2491509061.6477294,1262600196.3478413,509746.6942692271,1868.4631821276769,3.5518825314486984,0.1118161993756918,64895.65232173187,21.42106575544167,5129281.96258373,6.332414371870201,3.8334935984238943,274326697.39768314,0.2300549888023869,285337.1363604632,1040141427.5319846,370689.240668203,4940.0407757996445,27112.96892308451,28974.24514076708,1000869.2273218954,5115.834850754751,215281.9331992721,116105097.1555886,0.2890896851833135,252003246.9283072,9926316.0100513,116336265.02321088,555850506.2176334,0.005102320706131,512867519.91947377,19215.982504126918,0.2915076844623528,1.855858089383703,288781.12221223966,434938790.5655553,0.0216763379632489,5830816.526213731,338616658.55962586,209533259.3638335,17825564.73051316,0.5705648528553825,68.55013050235752,29511.42428557069,588092851.080975,0.1828895317979472,1978.3717092110244,0.0607976278150205,0.8331995220537335,71870170.4896218,14.861015113907497,0.6236239829928975,0.9656094557473298,3122958217.006847,232470.58667156173,16926668.697726976,2313185.5243908474
ZAF,18.91723893123549,136398.6773490238,8607294645.015938,13.314881254136669,74.83157664231786,12132.16717515411,677680.902678836,83.0787157025487,33.09868641672102,1628779938.0892365,121868100.12078248,24.288714007306044,454847744.82459134,461.4927428868429,355.2175169261941,50160811.728234015,186.68036834716955,10282493.417520529,7809615.012522023,20417487.937050845,409.9275435078232,2.043614091817446,198.41623550160617,192.47870357832488,1566.5274177683214,845.5093683923981,0.2065262170970939,2895148.996171929,557002496.2666291,219.72101981622396,5586.54748783929,5096001.698022639,1199.5458121270365,13862654391.22499,34571327.36819951,278176.70764613297,1029.3448575791172,3604.7205285308673,2269056.714171776,16300580.396968316,68454581.2524887,45561996.09334071,1517292518.2210171,102974445.98182054,247.97503067807943,5821891.252849686,2470539.218856229,13616.798845145056,558.1732749460667,475.997475176716,3442.387880690537,1.1531065275129817,19.054014695545007,451.2504971486925,2304.075584189478,278984.8444935865,49.7635587769884,364.1980946585807,507.4795520233987,35856.61521460729,467725.9772325874,2033.4232974794704,793540.3926350363,32730.77345492945,2452.2892335307406,471.0218011319976,212440963.45802605,5156.514821606735,48629.04395316641,15019.052084272402,3701.175587637568,16.432581585389915,11.265423789102105,110681641.94163884,1714.3840676455156,274.66439074532195,43931204.98641183,0.0182006666475571,35935285.78778417,2664323.875367437,10106155.9924436,325.84432585866773,807.1134667684835,173164.71788320004,1170.3166518612695,4037344.1377290846,120.85061104234224,7584647.631110926,3968006.0310285287,4048.5577793698594,246.8902960431213,130.34230862872454,526.516141045029,8602526.624096747,377354773.2395893,3522.025498525386,461.778774473397,210729.87394627312,1081.8925089204388,1172.0821096284346,34.68397229183764,11364.23165138356,61.65407941118234,154.12487860428996,71164.44367696515,20052.79240145336,354201051.45475924,1183.5218609402243,3268733.887763645,2.388012215409785,37315.970513059874,90.93381867359588,7762394.522393952,16.150661031416078,46378573.991884425,141251.4346251026,189.10432891247268,0.938899470282963,2461602.6990984003,7741234250.253535,521.8436776911701,14.712764809114642,571.9203119456869,2889.644362051343,178.64446583010724,2616351332.623533,9655.345317387277,6084.7321588900095,0.829116406000877,75.23943601687817,6854652.090163721,1.0621388526120663,61968044.287558205,37.75799669648249,22632.1123177822,20.930605885393877,10693058126.262129,452874.66053519386,3.432159518008671,1162159.1878340258,735744403.8301654,543327.0720529227,0.0,196450.8764748968,1349024.368506373,801.4325620502505,83884021.85147844,40778.78956048272,359.2455386484584,244.4595242431785,3923.7247334387257,10187009.18744761,0.0608531688410973,79595999.4476369,575784.6986529924,6145992.716400418,10613.936875637391,6.667604281206183,2099996.451352944,415752.2994019407,37.794503945318,2008379.4428063044,2182.8907976239257,50.368208715679565,22597.49274267393,273.8305256959038,732685.172405656,9.301057957195033,653.8937074587225,76.00969875788428,1166.2406500052398,408300.1093785201,19772217.038072392,261344.2970931776,14254285.197481615,3549439.713254088,1078.697372392518,12518.940319172856,69186.59369411507,2427.63793510318,29264.602410411087,27677681.384583987,1587.8938757996052,0.274812013831692,73896119.22249947,1.6216430739414245,394.7273643451872,165878801.5943338,517111.6303510132,5577740.928350732,252.6947460402212,86.49703605827204,5973.751828841225,3506299739.6227407,178076.64381734654,384.1238680852008,2.269431430653655,2709493.901368436,9200567.430366991,12684120.932715818,634.7620894176318,0.1632348649093458,1834.031969269028,137541.2054809986,1134.6749770295144,22585.085241438395,2653.91458520927,1946.604459748196,2.1317731879035167,27490.046010915,973926133.7273072,252800230.16680023,3491.367605653957,0.8147401446627554,26832.64821234676,47398.315559977,2095.003345961145,294.9359748149925,12826874.610729178,25.79405725900188,15.15554443822013,4560495.527888595,64357.665127701344,117.57743380583337,2213.9395718665846,2321260.403097397,123698731483.97395,4386168257.527193,8620949701.314371
ZMB,144.5499093080443,436265.71106885,152466832814.6809,35.77633863780379,119.8274593688482,4803.770418191942,2664046.362545406,101.93192047225828,0.6597401716532711,180091632.4987606,11403630.41113547,183.60978111425223,18597651.77149081,583.1401023669556,440.3157080651328,293622216.3687994,239.10349344436867,506775338.76921177,220787178.342732,39162205.89967846,511.68540603153576,2.305307314171737,51.24555996976478,243.55007108397916,1987.6685032626488,171.77576704419678,0.2653137254802079,7904831.16518902,1279042066.73818,569.2107529041288,37.06319908392231,15593554.119943276,480.8627874297828,27136192739.932198,3389007562.004349,346675.27429821366,1.4815166933985626,277.4546917428451,16902.410141672517,46811707.47386687,1971400229.5037527,6895149008.865776,91090726356.1094,8827001166.123787,0.8391256191727899,14956672.147790542,8938581.181348905,143518.9295009994,10220.688706801631,8108.730891501012,168.57448672997668,1.35693733851872,23.96415106815148,573.9766764769006,2910.87283871963,152784.37933734013,337.70968500520723,465.1100853112184,9672.273362698732,432377.2710018346,494799.18378046085,2912.3670209009288,2544389.2976448475,611329.3516820837,13972.180962587112,599.4772957427632,178750682.30940762,6512.286967181461,410.4432805346087,130.83160822746706,3401.9196309209337,20.942591743537392,3.633621692601194,8248185805.307186,2189.7950956293125,343.0155475974639,1586547383.3419464,0.0231210601898776,667389372.6098125,27995955.538713288,1196840082.9188857,889.1558168343581,1555.412096435193,216835.560783734,383.5468252427597,21089264.510179207,3.3083538265690526,21476134.23779076,327760.0769549385,71240.38996882085,312.96421122496344,2703.0408285503404,663.2025680112438,120442.98826383008,484761370.97527415,3341.735853908345,587.1185407895343,62303.062827001246,1131.0344032105045,1499.1207900382062,44.01816447584154,1493.2880535854242,951.2045159446998,194.6878253419304,381380.31937274896,25153.255917245497,307747707.5217671,1439.8928952926865,1336570.5435684407,3.020001621735457,10507.49041852792,43.91680923959323,7716450.841303244,20.423597520293708,1175123977.4811351,72243.24648641516,43.06493981871508,1.18536136415711,578787.5766392351,538333373.299927,665.0590813090051,18.889842518576383,728.3959330071566,217410.3121366122,225.69867225923556,2181378849.471416,1503.9883693078468,7033.961548410238,1.0628205999196845,94.05877676597623,154853805.78733027,1.3024457682192505,106656818.30577593,47.91893157880014,27485.141125870985,2.933490559100372,21607988997.84072,5562143.916695563,38.337727853718064,580620.9201480352,11505089642.10822,16021.073972464244,0.0,7178.669205592447,56057144.794192806,26.57891777937011,6886108445.419689,75385.07694591921,0.9617182803332582,312.6960121215981,4996.353395202286,20574749.71198421,0.0778231921257663,2585213.800828558,687766.9739846871,5946636.86955452,20059.88070193927,0.1245805516642875,6208514.896188413,62085.42176805374,2.731571444629933,30559.23638682991,2777.177736453485,11201.830813927834,1462.3704528879252,350.12853084895846,2048146.1703076612,11.799038758849449,10.845068468412602,47.32752624094038,1462.578942941704,503190.4202344102,122932361.90200436,139131.21998530274,185877836.23632845,40709609.30254863,3.3239248799271475,29229.683394509266,161490.20752005238,3097.6203440949203,106.48607562117851,511931065.52141327,857.5821488333823,0.3444118345619955,20922534.85510637,2.05239557562075,495.2494457229451,777103868.308182,23518019.910876088,23934383.25637356,319.0122306923925,109.71330456724196,7554.707570959352,184832799.89340612,386111.8185953376,487.14594705799306,109.90090652438,362960056.4413906,391034207.5148352,9053539.845109204,778.0259551605157,0.0473546184590157,2303.4364178063465,39315.55074154428,16.2934810259571,27265.616505833164,2686.5317624932663,2441.395891652842,0.138500636682142,114627.24635811168,12163926369.736994,603650648.2023333,4422.2536707276695,1.04559466077088,159977.77120543062,59365.446722192704,2579.908677762575,520.466205017604,28484683.017044395,382.5233165860289,246.23660085237412,5615569.707561404,786.1678243160479,0.4696547333601232,8.923222885530837,1656782.5688929895,10970755080.854208,160834194103.43613,19249438019.96005
ZWE,7.850514682083258,508007.3582183812,31836595599.44933,0.3707021745598311,40.84139721036085,10263.335580087574,1083025.6922921764,45.17585919160313,0.3201293751907137,180609715.78166687,19125249.688047636,65.6180605304298,52838899.72610568,251.3496338076708,193.129002728263,41250917.24497932,102.31926836807564,70082257.39058842,35155623.57762459,31812627.29057905,222.55731057770845,1.6138334558174292,24.587440907160023,105.02877177363028,854.119312661317,26.18924618588252,0.1130756844407301,3674791.277772282,863822394.4985023,85.44740662741708,336.0882833494012,11950542.019169554,429.1825954981074,35264344058.70295,105795132.63801052,151099.94004870777,26.0570613973877,119.9414604275957,100684.94681016318,28468149.10851524,417531692.1224057,508127303.41503626,2331376083.053581,455207743.3333304,0.3987753188358436,4742888.642806375,914985.1947855866,102933.85811618713,57.09623484079052,176.53803099427194,157.8433340077562,0.4837198660974073,10.383055013433989,246.08376652321948,1243.5182270684916,174341.1160481319,4.115071396824817,198.9563504406095,344.25726125833137,64480.8885511201,449043.40831908246,1059.1952347007225,859025.1719975123,139551.35985441174,1329.5860663817475,256.5296468641539,171266068.78810436,2804.486111219662,353.9307586547977,444.9721463551171,1457.262519721489,8.946865658664251,1.5402202852942284,637766056.6238264,933.0493925970402,149.59589566689166,267263744.61417115,0.0098517861156253,190487436.8541957,11289268.84442848,102022286.9649201,177.22345121288305,73.87127696916883,94001.51156378588,123.51607952653772,9584688.572795656,1.4018512192739865,8880142.81142592,549804.8664301317,142.1583325663805,134.80383692066118,36.63457534981672,286.28245114101094,211289.55341206444,436030818.4097926,186.2011041625941,250.65113560510548,56583.00602287352,537.2933873869958,639.006088524861,18.955130468699306,607.0388916122973,14.677464845167007,84.48462096759378,98692.87979477024,10891.626203435531,273103958.0702188,632.5322796775041,2657961.6155991363,1.2953462056455909,18992.652051836994,19.08660242522392,8917985.014792664,8.822561991362647,272136636.56452566,4638.51025546547,74.69337598621644,0.5105059317662821,765579.8010583209,1230006816.725716,285.1046780078585,8.074165769345349,312.0975839082907,43814.64720028436,97.29087369702792,942870627.790546,2017.0126509517631,2791.321773354131,0.4525559539316299,40.94013227511637,29874717.378844514,0.5607183180074458,89237518.99921203,20.59482112262046,12247.538994807946,1.2427298345268731,11248059463.381351,1111557.018554177,92.20469777984928,327495.19559394405,884126753.5623276,50260.73658170486,0.0,11169.277956504062,4464408.751727842,93.33519331731338,758776715.8211476,4265.782993561106,3.2417295083666886,133.77197574655514,2136.867482466837,13236217.01585591,0.0332574216796928,8188703.654433029,403864.5349444237,6922271.999017225,104.3203052008128,0.0537082651809242,2116970.648697019,575463.4163266234,23.88197767617446,16632.156138443723,1188.831054354383,11.239758903235694,40123.90055390448,149.4018655348747,1092675.2811802195,5.0774206974946985,6.837850569213586,24.703666623670458,633.7091452859606,219444.648403101,20791245.04309163,131802.5000919134,16258378.248429809,17416893.44238832,4.981823698635601,31418.49802098511,112399.95657615292,1320.1634978262216,758.3645549091444,145887957.5805508,23.766062882276827,0.1496827014826749,45687131.022488415,0.8811721802914576,214.50340910670988,156722180.46595603,3339694.880757905,9882375.969990762,137.29843509257557,47.17254199305606,3251.5582601106817,523744677.87049246,59291.15932674649,210.23154815575603,1.0162892741294345,11778700.817654105,64194587.4027458,10406900.396770349,344.0798981966694,0.0203454617588172,998.4814325801152,162.66742139895263,33.25409550398499,5652.517862735885,348.36155943810985,1057.9392910877066,0.0594877985810038,29171.00782242096,501672485.3566488,254581248.9920227,1902.249502737408,0.4454516336889393,66409.82145787182,25792.55600367356,1121.4837386417832,2.315313906658496,9378739.22619623,4.287751054827776,34.15720227290953,5875839.772894014,344.3107904176079,0.2020466249013385,4.933621625443493,1822920.164095229,27996807005.673264,20919905685.42811,44098308988.869774
