,ABW,AFG,AGO,AIA,ALB,ARE,ARG,ARM,ASM,ATA,ATF,ATG,AUS,AUT,AZE,BDI,BEL,BEN,BFA,BGD,BGR,BHR,BHS,BIH,BLR,BLZ,BMU,BOL,BRA,BRB,BRN,BTN,BVT,BWA,CAF,CAN,CCK,CHE,CHL,CHN,CIV,CMR,COD,COG,COK,COL,COM,CPV,CRI,CUB,CXR,CYM,CYP,CZE,DEU,DJI,DMA,DNK,DOM,DZA,ECU,EGY,ERI,ESH,ESP,EST,ETH,FIN,FJI,FLK,FRA,FRO,FSM,GAB,GBR,GEO,GHA,GIB,GIN,GNB,GNQ,GRC,GRD,GRL,GTM,GUF,GUM,GUY,HMD,HND,HRV,HTI,HUN,IDN,IND,IOT,IRL,IRN,IRQ,ISL,ISR,ITA,JAM,JOR,JPN,KAZ,KEN,KGZ,KHM,KIR,KOR,KWT,LAO,LBN,LBR,LBY,LCA,LIE,LKA,LSO,LTU,LUX,LVA,MAR,MDA,MDG,MDV,MEX,MHL,MKD,MLI,MLT,MMR,MNE,MNG,MNP,MOZ,MRT,MSR,MUS,MWI,MYS,NAM,NCL,NER,NFK,NGA,NIC,NIU,NLD,NOR,NPL,NRU,NZL,OMN,PAK,PAN,PCN,PER,PHL,PLW,PNG,POL,PRI,PRK,PRT,PRY,PSE,PYF,QAT,ROU,RUS,RWA,SAU,SDN,SEN,SGP,SGS,SHN,SJM,SLB,SLE,SLV,SMR,SOM,SPM,SRB,SSD,STP,SUR,SVK,SVN,SWE,SWZ,SYC,SYR,TCA,TCD,TGO,THA,TJK,TKL,TKM,TLS,TON,TTO,TUN,TUR,TUV,TWN,TZA,UGA,UKR,UMI,URY,USA,UZB,VCT,VEN,VGB,VIR,VNM,VUT,WLF,WSM,YEM,ZAF,ZMB,ZWE
ABW,0.0,1929.4728575251397,0.0,0.0,0.0,0.0,0.0,0.0,0.0,0.0,0.0,0.0,0.0,0.0,0.0,0.0,1884157.1267135562,0.0,0.0,0.0,0.0,0.0,34.494302762925194,0.0,0.0,0.0,0.0,0.0,0.0,0.0,0.0,0.0,0.0,0.0,0.0,48675.92563930478,0.0,1216.0575270852569,1114.719399828152,7677.262003090091,0.0,0.0,0.0,0.0,0.0,775914.1457888157,0.0,0.0,0.0,0.0,0.0,0.0,0.0,0.0,388206.0375074029,0.0,696.7540874396337,0.0,2758.7260347106717,0.0,3019.4568444753863,0.0,0.0,0.0,0.0,0.0,0.0,4614027.080002842,0.0,0.0,0.0,0.0,0.0,0.0,888034.2202265194,0.0,0.0,0.0,0.0,0.0,0.0,0.0,0.0,0.0,689.2074379436272,0.0,0.0,12638.063888229708,0.0,0.0,0.0,0.0,0.0,0.0,0.0,0.0,5679.934859902943,0.0,0.0,0.0,0.0,273658.4465579198,0.0,464023.0662798289,0.0,0.0,0.0,0.0,0.0,0.0,0.0,65863.36334704392,0.0,583.1755244138384,0.0,0.0,0.0,0.0,720.5943422842467,0.0,0.0,0.0,0.0,0.0,0.0,0.0,0.0,87391.2824072135,0.0,0.0,0.0,0.0,0.0,145.37859139879984,0.0,0.0,0.0,0.0,0.0,0.0,0.0,1686.3789918297146,0.0,0.0,0.0,0.0,2626.2269449647733,589.5611509104593,0.0,1936325.5137441333,0.0,0.0,0.0,0.0,0.0,0.0,346601.0064998501,0.0,54.52960270137609,0.0,0.0,0.0,190726.831935866,0.0,0.0,0.0,0.0,0.0,0.0,0.0,0.0,4250786.649862953,0.0,0.0,0.0,0.0,3430.1739689335814,0.0,0.0,0.0,0.0,0.0,0.0,0.0,0.0,0.0,0.0,0.0,0.0,51023.806174752564,0.0,291996.13710939983,0.0,0.0,0.0,0.0,0.0,0.0,0.0,0.0,0.0,0.0,0.0,0.0,0.0,1317.3956543423617,0.0,0.0,0.0,0.0,296.02548578991974,0.0,0.0,0.0,2439.22072991251,60201.06547759665,0.0,0.0,626937.935237743,0.0,0.0,1393.5081748792675,0.0,0.0,0.0,149076504.51783052,0.0,0.0,0.0
AFG,0.0,0.0,0.0,0.0,0.0,0.0,0.0,4338.11043872299,0.0,0.0,0.0,0.0,988854.9760743282,16715.890842594086,1114.7535394578433,0.0,203504.62062711146,0.0,0.0,12969.280002255358,0.0,60816.25439435778,0.0,0.0,6675384.078304307,0.0,0.0,0.0,427645.43376764556,23066.381465691295,1621.2766259486416,0.0,0.0,0.0,0.0,1029789.9253608584,0.0,12881.824580509707,27297.869255303125,907881.2284252702,0.0,4726.108878338208,1267.6411429559023,0.0,0.0,29390.39480890805,0.0,508.32711263952166,0.0,0.0,0.0,0.0,0.0,25096.42121584085,7760819.102483352,0.0,0.0,179827.19524613398,0.0,129402.40985511619,0.0,47452.456177404056,0.0,0.0,428656.2600449508,0.0,2393.7467639251863,0.0,113.38591056739217,0.0,70731.65802933772,0.0,0.0,0.0,1983260.8327671806,0.0,0.0,0.0,0.0,0.0,0.0,33560.82516371462,0.0,0.0,4536.01574704111,0.0,0.0,0.0,0.0,1540.5169273116596,29396.234119727258,0.0,0.0,132628.77746867607,127521588.45715287,0.0,0.0,22452877.967748072,9124594.626760185,0.0,0.0,833831.1769171885,0.0,712282.4933704468,0.0,7793741.733476509,0.0,76243.15727733006,0.0,0.0,19566.65383535388,53696.03465615295,0.0,426269.4234062122,0.0,0.0,0.0,0.0,66166.98990371275,0.0,163647.02468376662,0.0,432577.34628893505,52385264.72511572,16469.52642289556,0.0,0.0,0.0,0.0,0.0,0.0,0.0,0.0,0.0,2172.072388018411,0.0,48151.50012913426,0.0,0.0,12761.254341352515,0.0,354744.5485401935,0.0,0.0,0.0,0.0,54617.62553821091,0.0,0.0,2919022.516392254,28223.601486430238,79150.85095961911,0.0,92920.73711311325,0.0,520806592.8036796,0.0,0.0,0.0,128441.8267514768,0.0,0.0,948344.8301324645,0.0,0.0,5462.394252563634,0.0,0.0,0.0,53097.67293891605,0.0,48437412.14020531,0.0,787214.4607054405,0.0,1959447.1692850788,172879.49430209966,0.0,0.0,0.0,0.0,0.0,0.0,0.0,0.0,0.0,3895.7317122761056,0.0,0.0,0.0,10771.860437663338,0.0,139291.147771347,0.0,4358.274456630343,298113.1269095086,0.0,0.0,0.0,1187702.9282445186,111580.58178083619,0.0,1782655.9008542292,0.0,0.0,130.05700601341985,61611.73317706039,0.0,0.0,0.0,351.2743038305332,7065.436876571498,1009648.5497772486,0.0,0.0,3276420.2360936375,23384.962482486288,0.0,0.0,0.0,0.0,0.0,0.0,0.0,0.0,24692.35782265192,0.0,0.0,0.0
AGO,0.0,0.0,0.0,0.0,0.0,0.0,0.0,0.0,0.0,0.0,0.0,0.0,0.0,0.0,0.0,0.0,260478.95185082365,3376.947427645854,0.0,0.0,0.0,0.0,0.0,0.0,0.0,0.0,0.0,0.0,817428.6548880752,0.0,0.0,0.0,0.0,77699.47948876047,0.0,0.0,0.0,0.0,0.0,2555.5550260956447,0.0,0.0,5291.975555916641,2935.9339544814607,0.0,0.0,0.0,0.0,0.0,0.0,0.0,0.0,0.0,0.0,156045.72360399886,0.0,0.0,0.0,0.0,0.0,0.0,0.0,0.0,0.0,9099214.12413219,0.0,0.0,0.0,0.0,0.0,49.391128261437565,0.0,0.0,0.0,252.10037070908635,0.0,0.0,0.0,0.0,0.0,0.0,0.0,0.0,0.0,0.0,0.0,0.0,0.0,0.0,0.0,0.0,0.0,0.0,447.7712249808524,0.0,0.0,0.0,0.0,0.0,0.0,0.0,0.0,0.0,0.0,0.0,0.0,0.0,0.0,0.0,0.0,170942.9272832623,0.0,0.0,39356701.47038431,0.0,0.0,0.0,0.0,0.0,0.0,0.0,0.0,0.0,185848.09544227138,0.0,0.0,0.0,0.0,0.0,0.0,0.0,0.0,0.0,0.0,0.0,0.0,0.0,0.0,0.0,0.0,0.0,0.0,902577.658085949,0.0,0.0,0.0,0.0,0.0,0.0,325.14063847909784,0.0,0.0,0.0,0.0,0.0,0.0,0.0,0.0,0.0,0.0,0.0,0.0,0.0,0.0,0.0,28531603.46263166,0.0,0.0,0.0,0.0,0.0,40.052793054350865,0.0,0.0,0.0,2710.5241095612096,246.22525381463265,0.0,0.0,0.0,0.0,0.0,0.0,0.0,0.0,0.0,0.0,0.0,6331.856743981452,0.0,0.0,0.0,0.0,0.0,0.0,0.0,0.0,0.0,0.0,0.0,0.0,0.0,0.0,0.0,0.0,0.0,0.0,0.0,0.0,0.0,0.0,0.0,0.0,0.0,0.0,129733.19985172691,0.0,0.0,0.0,0.0,0.0,0.0,0.0,0.0,0.0,0.0,18883.08501749642,13128.859886813105,37089.095275713415
AIA,0.0,0.0,0.0,0.0,0.0,0.0,0.0,0.0,0.0,0.0,0.0,0.0,0.0,0.0,0.0,0.0,0.0,0.0,0.0,0.0,0.0,73.74070286231202,0.0,0.0,0.0,0.0,0.0,0.0,0.0,0.0,1874.1036893064443,0.0,0.0,0.0,0.0,398.96037111516114,0.0,0.0,0.0,0.0,0.0,0.0,0.0,0.0,0.0,0.0,0.0,0.0,0.0,0.0,0.0,0.0,0.0,0.0,0.0,0.0,0.0,0.0,0.0,0.0,0.0,0.0,0.0,0.0,0.0,0.0,0.0,0.0,0.0,0.0,0.0,0.0,0.0,0.0,0.0,0.0,0.0,0.0,0.0,0.0,0.0,0.0,0.0,0.0,0.0,0.0,0.0,0.0,0.0,0.0,0.0,0.0,0.0,0.0,0.0,0.0,0.0,0.0,0.0,0.0,0.0,0.0,0.0,0.0,43.82709778430391,0.0,0.0,0.0,0.0,0.0,0.0,0.0,0.0,0.0,0.0,0.0,0.0,0.0,0.0,0.0,0.0,0.0,0.0,0.0,0.0,0.0,0.0,0.0,0.0,0.0,0.0,0.0,0.0,0.0,0.0,0.0,0.0,0.0,0.0,0.0,0.0,0.0,0.0,0.0,0.0,0.0,0.0,0.0,0.0,0.0,0.0,0.0,0.0,4644.790943520433,0.0,0.0,0.0,0.0,0.0,0.0,0.0,0.0,0.0,0.0,0.0,0.0,0.0,0.0,0.0,0.0,0.0,0.0,0.0,0.0,0.0,0.0,1774.4309809112913,0.0,0.0,0.0,0.0,0.0,0.0,0.0,0.0,0.0,0.0,0.0,0.0,0.0,0.0,0.0,0.0,0.0,0.0,0.0,0.0,0.0,0.0,0.0,0.0,0.0,0.0,0.0,0.0,0.0,0.0,0.0,0.0,187.15353845434095,0.0,0.0,0.0,0.0,0.0,19419.649185214104,0.0,0.0,0.0,0.0,0.0,0.0,0.0,0.0,0.0,0.0,0.0,0.0,0.0
ALB,0.0,0.0,0.0,0.0,0.0,0.0,4764.8217892659995,76.37250371686585,0.0,0.0,0.0,0.0,8219.290881724899,38293.46779436753,0.0,190.0338238186955,8091.509079831702,0.0,3397.5365701805968,0.0,1142171.578958664,258211.84626336562,0.0,447856.8883565213,414086.85403367813,261.1051337904212,0.0,0.0,36753.3175261397,1041.1654331049965,0.0,0.0,0.0,0.0,0.0,182155.99033382462,0.0,108943.17431028618,0.0,36594.4511419804,5947.667795737717,0.0,0.0,0.0,0.0,0.0,0.0,0.0,0.0,0.0,0.0,0.0,803.3475420029549,194932.14947783726,2961048.4761487413,0.0,255.6100490081007,99636.24035286861,0.0,574769.1797569458,0.0,10834.554440686772,0.0,0.0,255311.84731295166,1582.182013518621,36810.85712133836,31.672303969782586,0.0,0.0,783916.9114361149,0.0,0.0,0.0,54033.47594784241,0.0,0.0,0.0,0.0,0.0,0.0,7039920.535585385,0.0,0.0,0.0,0.0,0.0,0.0,0.0,0.0,465587.6800225117,0.0,352010.96309868834,26304.988124488413,45885.502033028875,0.0,0.0,36930.44650001368,134442.9024915181,0.0,1689.2858542229596,15321713.474316355,0.0,19980.351433227494,32786.690213709255,1261.4717935439169,0.0,0.0,0.0,0.0,489004.846640941,153.791482309475,0.0,0.0,0.0,0.0,0.0,0.0,1024.255271203871,0.0,38166.26113388303,32.14304387578645,57923.232198775346,2097.8079106664068,4453.484315218187,0.0,0.0,7148.718148484697,0.0,0.0,0.0,930.5612317709515,0.0,1227973.8096782737,0.0,0.0,0.0,7432.030358406044,0.0,8956.322606366897,25560.490426311244,5451.201637891035,0.0,829.500376017847,26773.701194394347,0.0,2642827.7822307283,1530.5046025694326,0.0,102878.23448807349,7063.770090976725,447.1119619271226,0.0,0.0,5082.002542479358,0.0,0.0,0.0,0.0,18287.071176850972,0.0,0.0,149360.2098958186,0.0,0.0,0.0,0.0,0.0,0.0,210972.8675458463,218720.22733810046,456841.61519523023,0.0,3352.654314346555,0.0,2078278.7340358878,0.0,0.0,0.0,0.0,0.0,2508.6114819948125,0.0,0.0,0.0,0.0,5708901.329654985,0.0,0.0,0.0,767838.9936551172,358287.54113053647,4567.337689949452,0.0,0.0,0.0,0.0,0.0,215.6299809278642,1474.8294794524802,0.0,0.0,0.0,0.0,0.0,95.0695082307714,15228.322652846147,0.0,0.0,566.5350822718123,0.0,0.0,61590.27257150781,0.0,86194.86216108648,2098561.4033442554,0.0,0.0,0.0,0.0,0.0,0.0,0.0,0.0,0.0,0.0,6158.636730922901,0.0,0.0
ARE,0.0,0.0,0.0,0.0,0.0,0.0,0.0,0.0,0.0,0.0,0.0,0.0,0.0,0.0,0.0,0.0,0.0,0.0,0.0,0.0,0.0,0.0,0.0,0.0,0.0,0.0,0.0,0.0,0.0,0.0,0.0,0.0,0.0,0.0,0.0,0.0,0.0,0.0,0.0,0.0,0.0,0.0,0.0,0.0,0.0,0.0,0.0,0.0,0.0,0.0,0.0,0.0,0.0,0.0,0.0,0.0,0.0,0.0,0.0,0.0,0.0,0.0,0.0,0.0,0.0,0.0,0.0,0.0,0.0,0.0,0.0,0.0,0.0,0.0,0.0,0.0,0.0,0.0,0.0,0.0,0.0,0.0,0.0,0.0,0.0,0.0,0.0,0.0,0.0,0.0,0.0,0.0,0.0,0.0,0.0,0.0,0.0,0.0,0.0,0.0,0.0,0.0,0.0,0.0,0.0,0.0,0.0,0.0,0.0,0.0,0.0,0.0,0.0,0.0,0.0,0.0,0.0,0.0,0.0,0.0,0.0,0.0,0.0,0.0,0.0,0.0,0.0,0.0,0.0,0.0,0.0,0.0,0.0,0.0,0.0,0.0,0.0,0.0,0.0,0.0,0.0,0.0,0.0,0.0,0.0,0.0,0.0,0.0,0.0,0.0,0.0,0.0,0.0,0.0,0.0,0.0,0.0,0.0,0.0,0.0,0.0,0.0,0.0,0.0,0.0,0.0,0.0,0.0,0.0,0.0,0.0,0.0,0.0,0.0,0.0,0.0,0.0,0.0,0.0,0.0,0.0,0.0,0.0,0.0,0.0,0.0,0.0,0.0,0.0,0.0,0.0,0.0,0.0,0.0,0.0,0.0,0.0,0.0,0.0,0.0,0.0,0.0,0.0,0.0,0.0,0.0,0.0,0.0,0.0,0.0,0.0,0.0,0.0,0.0,0.0,0.0,0.0,0.0,0.0,0.0,0.0,0.0,0.0,0.0,0.0,0.0,0.0,0.0,0.0
ARG,723812.394138652,35526.19613306955,219430177.54659963,0.0,14968435.999039676,0.0,0.0,5546534.687360211,0.0,0.0,0.0,315017.4325589889,1053279060.4776034,2895020.1146825044,48099050.49711762,1846439.990790156,652010386.8668009,3567572.906891095,1681670.6546837576,1376716042.6451461,9396482.887026371,19281948.242349114,296095.5603660909,5832584.596226763,306392116.8537257,12117.54864465759,17479.29541724007,479942578.2886001,8547328725.324428,2230556.5565675595,12619426.535157537,0.0,0.0,45599.51297050496,3461.1628217006746,92207066.67023998,0.0,30814948.484886903,2862867356.0572457,18087464928.84569,53535037.057348564,52782695.07076654,39494901.13801388,39545542.43668374,0.0,3004174424.8631573,4170.830156626125,14815747.777266983,64092460.06932494,456195431.05189574,0.0,0.0,98775484.15125196,3618604.37634911,623469069.541663,30473139.18323894,504296.7110981972,1421269712.4981291,456183443.4903874,4266093266.440847,724507255.8729631,4735290360.759208,240115.02251185942,0.0,3434166750.6822543,6043095.139220899,31958186.98833108,14945808.39748021,1119514.8741981387,0.0,1010277963.8034829,3724.7433682286082,0.0,617982.0028372409,1997067119.9865658,43764633.453871734,36285941.54127464,0.0,760747.0523824433,1761473.9550832792,188217.94138037908,372976346.80360913,338505.03589749825,5159.105641509368,185318955.09231764,0.0,0.0,3653745.3448503697,0.0,30007905.320448373,16240178.058807572,40592834.856639795,9788676.332847126,4267010412.993881,5311872390.201023,0.0,472326079.84743345,4171668654.6099343,194253931.8955505,6614506.383704506,134910494.67885256,3026541758.146112,6222386.210243741,584961510.4736147,1146668952.489116,10469588.571422674,181634008.0834889,1087734.9115729406,2912915.974740688,0.0,2117390257.6968548,118996224.74268505,0.0,224946619.88586882,721057.1047700953,393502897.3778886,298975.30048729025,0.0,4956967.643577367,27071.984263238497,178175988.06436735,576073.0074690355,409751870.8598109,1510306549.4874716,4326603.21490287,60865754.99330844,274524.4595685545,340265632.0370572,0.0,0.0,8593434.727518477,7568476.17418975,750258.5439941497,680294.8840667476,3406406.888214839,0.0,240216147.6025123,32253765.40772037,5365.292019506427,230373277.58014148,30609408.01470101,3423124524.8851123,13580297.438139146,45675.257649331805,62586.754393767136,0.0,235099279.64850822,45615343.818852276,0.0,4728651470.409589,10678574.036843894,284813808.45046395,0.0,204420028.6842163,151406755.75657868,560769270.8749998,146794315.75047114,67.48945416118659,2667509025.619028,1489968950.858029,0.0,30504.675116995233,2168515409.019449,0.0,0.0,288854926.5900259,175095582.21738827,0.0,1222090.5285445834,2835467.9125373424,209851331.5516344,476440396.24261117,8728048.040515063,2133686146.6187227,0.0,261995499.28110266,25790341.950518653,0.0,0.0,0.0,49715.69570835024,7471586.091838632,17432044.27522765,55430.7534342322,0.0,0.0,8136949.339778986,0.0,828.4429034762908,10241538.197288938,1711072.2328258725,142320103.38709795,13042863.582789123,0.0,4666.141328017956,832893497.0241714,0.0,215889.04935092913,1329596.0774164048,1833600601.3897424,113997.49040587916,0.0,5963.217129848169,0.0,0.0,21690354.887011975,669603203.8900807,0.0,0.0,393521886.55694336,141469529.62208217,34969417.08148786,35710954.23125792,0.0,635447957.2858679,1267205016.3346198,25429474.168028504,234892.85413634317,1774842582.2289946,0.0,0.0,4126356802.2795386,0.0,0.0,0.0,656380640.9073882,2421853645.2027435,1268706.2316313013,9294828.187654657
ARM,0.0,0.0,55.66882680131068,0.0,0.0,0.0,0.0,0.0,0.0,0.0,0.0,0.0,748259.4875693986,465.75296571082043,0.0,0.0,22105.31270073291,0.0,0.0,0.0,30287.17321592675,3591.4285613388756,0.0,0.0,435179.9812779415,0.0,0.0,0.0,19472.775507439183,1059.8974146722662,0.0,0.0,0.0,0.0,0.0,7659.731018937741,0.0,9533.790754207534,0.0,46228.39369303137,1410.9947167219632,2197.1984298433626,0.0,0.0,0.0,0.0,0.0,0.0,28584.418838908914,0.0,0.0,0.0,3905.229052036155,32451.189210732453,157408.72295973968,0.0,0.0,728.2685321387127,0.0,10132.581332593858,0.0,116329.53509403822,0.0,0.0,493.773531495749,55226.831715477594,0.0,0.0,0.0,0.0,139168.3406225845,0.0,0.0,0.0,1620.9022421411273,31309118.01142688,0.0,0.0,0.0,0.0,0.0,30576.018772924137,0.0,0.0,15989.138753592415,0.0,0.0,0.0,0.0,0.0,0.0,0.0,22446.28632821248,118338.27034775041,6806.399983129269,0.0,0.0,443491.2219241613,844616.466730555,0.0,30049.135674083696,225536.28751099342,0.0,1016.7077118767128,1458.881961016605,219192.76193749567,0.0,8712.824236853006,0.0,0.0,4312.078719181321,0.0,0.0,5000.004596994774,0.0,0.0,0.0,0.0,0.0,0.0,95121.25791359965,0.0,98601.81395230313,0.0,9111.211323440786,0.0,0.0,14530.777551977946,0.0,0.0,0.0,5326.917016354765,283.2740983060089,0.0,3129.613517064175,0.0,0.0,7762.559318545415,0.0,0.0,0.0,14768.860487443344,0.0,0.0,0.0,0.0,0.0,0.0,0.0,18474.969128289653,0.0,0.0,0.0,4105.216029004336,0.0,272476.7069676714,1989.0928755328293,0.0,0.0,0.0,0.0,0.0,91284.82705898545,0.0,0.0,0.0,0.0,0.0,0.0,318.3740030753709,223.34490168196695,53270948.94900081,0.0,0.0,0.0,10299.269071755445,14587.02836844819,0.0,0.0,0.0,0.0,0.0,0.0,0.0,0.0,0.0,0.0,0.0,0.0,0.0,2407.148316849624,0.0,8957.883811234638,0.0,0.0,18671.68236921144,0.0,0.0,0.0,154614.04276784067,2409.379733010614,0.0,82877.40243323073,0.0,0.0,0.0,0.0,0.0,0.0,118.8787174980945,0.0,0.0,2084338.6864876433,0.0,0.0,680869.0787211139,2532.142006673502,0.0,0.0,0.0,0.0,4077.92531219392,0.0,0.0,0.0,9395916.617655067,16413.54702299475,0.0,0.0
ASM,0.0,0.0,0.0,0.0,0.0,0.0,0.0,0.0,0.0,0.0,0.0,0.0,101594.65879292079,0.0,0.0,0.0,0.0,0.0,0.0,0.0,29048.567288111968,423.9546404763608,0.0,0.0,0.0,0.0,0.0,0.0,0.0,0.0,0.0,0.0,0.0,0.0,0.0,4170.408124483188,0.0,0.0,0.0,0.0,0.0,0.0,0.0,0.0,0.0,0.0,0.0,0.0,0.0,0.0,0.0,0.0,0.0,0.0,0.0,0.0,0.0,0.0,0.0,0.0,0.0,0.0,0.0,0.0,0.0,0.0,0.0,0.0,0.0,0.0,0.0,0.0,0.0,0.0,11476.18799108239,0.0,0.0,0.0,3333.282516349999,0.0,0.0,0.0,0.0,0.0,0.0,0.0,0.0,0.0,0.0,0.0,0.0,0.0,0.0,6727136.4728283845,80774.54093260698,0.0,0.0,0.0,0.0,0.0,0.0,0.0,0.0,0.0,114.89610806724762,0.0,0.0,0.0,184.79936670852297,0.0,0.0,0.0,0.0,0.0,0.0,0.0,0.0,0.0,287.2402701681191,0.0,0.0,0.0,0.0,0.0,0.0,0.0,0.0,0.0,0.0,0.0,0.0,0.0,0.0,0.0,0.0,0.0,0.0,9667.076836324171,0.0,0.0,0.0,129342.38358280837,0.0,0.0,425.3972451566918,0.0,0.0,0.0,0.0,0.0,0.0,0.0,0.0,11151.53685060843,0.0,0.0,0.0,0.0,0.0,0.0,0.0,0.0,0.0,0.0,0.0,0.0,0.0,0.0,0.0,0.0,0.0,2314.428416954555,146.36622221823814,0.0,0.0,1673.5857874501098,329.604108061036,0.0,0.0,0.0,0.0,0.0,0.0,0.0,0.0,0.0,0.0,0.0,0.0,0.0,0.0,0.0,0.0,0.0,0.0,0.0,0.0,0.0,238818.05803536836,43014.45500847284,0.0,0.0,0.0,0.0,855.3721919119182,893.7945182042363,20095.687931120483,0.0,0.0,0.0,0.0,2236.039191695573,0.0,0.0,0.0,0.0,0.0,0.0,0.0,0.0,0.0,0.0,0.0,0.0,0.0,0.0,6468.5357019475405,0.0,0.0
ATA,0.0,0.0,0.0,0.0,0.0,0.0,0.0,0.0,0.0,0.0,0.0,0.0,0.0,0.0,0.0,0.0,0.0,0.0,0.0,0.0,0.0,0.0,0.0,0.0,0.0,0.0,0.0,0.0,0.0,0.0,0.0,0.0,0.0,0.0,0.0,0.0,0.0,0.0,0.0,0.0,0.0,0.0,0.0,0.0,0.0,0.0,0.0,0.0,0.0,0.0,0.0,0.0,0.0,0.0,0.0,0.0,0.0,0.0,0.0,0.0,0.0,0.0,0.0,0.0,0.0,0.0,0.0,0.0,0.0,0.0,0.0,0.0,0.0,0.0,0.0,0.0,0.0,0.0,21589.375119425764,0.0,0.0,0.0,0.0,0.0,0.0,0.0,0.0,0.0,0.0,0.0,0.0,0.0,0.0,0.0,0.0,0.0,0.0,0.0,0.0,0.0,0.0,0.0,0.0,0.0,0.0,0.0,0.0,0.0,0.0,0.0,0.0,0.0,0.0,0.0,0.0,0.0,0.0,0.0,0.0,0.0,0.0,0.0,0.0,0.0,0.0,0.0,0.0,0.0,0.0,0.0,0.0,0.0,0.0,0.0,0.0,0.0,0.0,0.0,0.0,0.0,0.0,0.0,0.0,0.0,0.0,0.0,0.0,0.0,0.0,0.0,0.0,0.0,0.0,0.0,0.0,0.0,0.0,0.0,0.0,0.0,0.0,0.0,0.0,0.0,0.0,0.0,0.0,0.0,0.0,0.0,0.0,0.0,0.0,0.0,0.0,0.0,0.0,0.0,0.0,0.0,0.0,0.0,0.0,0.0,0.0,0.0,0.0,0.0,0.0,0.0,0.0,0.0,0.0,0.0,0.0,0.0,0.0,0.0,0.0,0.0,0.0,0.0,0.0,0.0,0.0,0.0,0.0,0.0,0.0,0.0,0.0,0.0,0.0,0.0,0.0,0.0,0.0,0.0,0.0,0.0,0.0,0.0,0.0,0.0,0.0,0.0,0.0,0.0,0.0
ATF,0.0,0.0,0.0,0.0,0.0,0.0,0.0,0.0,0.0,0.0,0.0,0.0,0.0,0.0,0.0,0.0,0.0,0.0,0.0,0.0,0.0,0.0,0.0,0.0,0.0,0.0,0.0,0.0,0.0,0.0,0.0,0.0,0.0,0.0,0.0,0.0,0.0,91.1175615849183,0.0,0.0,0.0,0.0,0.0,0.0,0.0,0.0,0.0,0.0,0.0,0.0,0.0,0.0,0.0,0.0,0.0,0.0,0.0,0.0,0.0,0.0,0.0,0.0,0.0,0.0,0.0,0.0,0.0,0.0,0.0,0.0,0.0,0.0,0.0,0.0,0.0,0.0,0.0,0.0,0.0,0.0,0.0,0.0,0.0,0.0,0.0,0.0,0.0,0.0,0.0,0.0,0.0,0.0,0.0,0.0,0.0,0.0,0.0,0.0,0.0,0.0,0.0,0.0,0.0,0.0,0.0,0.0,0.0,0.0,0.0,0.0,0.0,0.0,0.0,0.0,0.0,0.0,0.0,0.0,0.0,0.0,0.0,0.0,0.0,0.0,0.0,0.0,0.0,0.0,0.0,0.0,0.0,0.0,0.0,0.0,0.0,0.0,0.0,0.0,0.0,0.0,0.0,0.0,0.0,0.0,0.0,0.0,0.0,0.0,0.0,0.0,0.0,0.0,0.0,0.0,0.0,0.0,0.0,0.0,0.0,0.0,0.0,0.0,0.0,0.0,0.0,0.0,0.0,0.0,0.0,0.0,0.0,0.0,0.0,0.0,0.0,0.0,0.0,0.0,0.0,0.0,0.0,0.0,0.0,0.0,0.0,0.0,0.0,0.0,0.0,0.0,0.0,0.0,0.0,0.0,0.0,0.0,0.0,0.0,0.0,0.0,0.0,0.0,0.0,0.0,0.0,0.0,0.0,0.0,0.0,0.0,0.0,0.0,0.0,0.0,0.0,0.0,0.0,0.0,0.0,0.0,0.0,0.0,0.0,0.0,0.0,0.0,0.0,0.0,0.0
ATG,10551.821433031679,0.0,0.0,0.0,29939.159177459187,0.0,0.0,0.0,0.0,0.0,0.0,0.0,441663.8113315648,165.0068599369992,0.0,0.0,5804.262487048308,0.0,0.0,0.0,0.0,11248.937622582864,23720.303712271783,6416.641015724843,0.0,743.7547575721171,0.0,0.0,0.0,14386.240773363867,0.0,0.0,0.0,0.0,0.0,76340.80105601277,0.0,31901.077791815493,0.0,3445.437147617514,7381.767729247196,4031990.343662888,0.0,2754.581187187146,0.0,19760.98685993598,0.0,0.0,57.46123970175833,0.0,0.0,0.0,0.0,1649.3036610081574,13522.232062219213,0.0,462.05598317174514,470730.15924354893,0.0,669.7848560195852,0.0,0.0,0.0,0.0,89146.51142619025,0.0,184047.04323852446,25786.515917508983,6189.084983906042,0.0,2790846.380280121,0.0,0.0,0.0,1178292.5651634845,0.0,5454.229572299022,0.0,0.0,0.0,0.0,61.334962176929906,11575.031706250376,0.0,0.0,0.0,0.0,184092.81716833057,0.0,0.0,0.0,0.0,0.0,244035.75037459543,31157.102864416982,0.0,3551658.7382424665,0.0,0.0,0.0,0.0,5710.562467108844,4392.406348640679,0.0,16450.863853346862,2086.540178122784,39816.3512728386,0.0,246986.0665342143,0.0,16817039.357706472,0.0,0.0,0.0,0.0,0.0,18473.027991477742,0.0,29745.6442078427,0.0,0.0,0.0,0.0,0.0,24.178934373678885,110815.35729375224,0.0,286.22108635247065,0.0,0.0,0.0,1569.807590307821,0.0,0.0,0.0,0.0,0.0,120959.15676347096,9672.741234073803,4639.800026825122,399778.9397593508,1973.1272111894286,0.0,2083.8902049262065,0.0,0.0,426069.81051789067,0.0,0.0,110929.88778270288,0.0,1056488.8359900813,0.0,0.0,0.0,0.0,0.0,0.0,0.0,0.0,0.0,0.0,0.0,0.0,0.0,14714.550442997754,0.0,0.0,0.0,3941.8410435406217,7855.4277252197335,0.0,0.0,0.0,0.0,35764985.31289557,0.0,0.0,0.0,0.0,0.0,0.0,0.0,0.0,0.0,0.0,9341.947690832765,0.0,0.0,19452.479560546668,0.0,263.4210816314018,17859.483569353903,0.0,0.0,306.3973643014095,0.0,0.0,0.0,256.7437559644532,0.0,0.0,0.0,0.0,0.0,40332.6055606906,746024.9287282075,0.0,0.0,0.0,723534.2699716843,0.0,24689.605139134983,0.0,553.5413118943593,290533.7531560471,0.0,35437.033416074715,5955.465889941859,7216.306057911042,0.0,0.0,0.0,0.0,0.0,0.0,3743.777304985022,0.0,0.0
AUS,11487.472143081719,8696.37167616868,21098.4864517678,0.0,201633.97962789793,0.0,5284501.10702092,24484.569375114737,141413.6952149541,2297.7209425001465,0.0,1289.1203941056172,0.0,679375.9024336505,84774.13610669985,3309685.6901851017,971722739.8551093,14809.353368412945,99146.67122220212,1029440878.996748,917457.0701915835,74813205.14608318,34331.071099868386,1213576.3439459156,56709.898564453906,5913.2189160459375,57884.63350614907,13486.496185618247,7371493.373220728,128589.81970228635,3986644.9270111453,4931.821977377971,0.0,1852710.2842652937,0.0,70757312.70337415,10932.13323987272,5454495.668545166,390488.49404840515,8064771703.04865,40383.39912831614,7190.568957220497,4848864.21202281,2559661.9115987075,304728.9338767275,14852222.006792285,0.0,0.0,43694.636274438264,5757.052138847549,67366.57566293293,36230.93649462846,444591.22962128714,615175.3727596694,627998823.6051297,1009095.5817662755,5175.151798459459,25088101.978147134,24609.82435553284,42056615.49509631,6796437.906325606,1018632284.6829575,0.0,0.0,76962726.34041238,78146.10851335795,4433063.80118109,3009862.497320061,404614657.40517044,2280.8062999591416,328925325.31234735,6444.589753262326,2520852.309828935,0.0,213983112.6258038,123862.05966458925,113161.78396792903,0.0,128302.72888659427,0.0,0.0,1395745.7836970387,1098.509617033351,1855.1994348267795,223886.30429658107,0.0,1419451.9258269821,12219.205098002438,0.0,25162.961380659966,796632.8106311137,296.0553791920895,1173939.6703351857,8260574457.530304,1009944025.5804757,0.0,22685378.111703698,1054944155.424952,1328142769.361063,157616.0807638873,75505335.88269362,423733704.97857857,117102.0549509761,105820143.6627224,5002670638.936775,314303.04871628195,109620534.78857423,2784.8681788114122,67737910.28222027,11144461.672372714,4179668078.742568,884415011.6433847,0.0,38272731.04805018,2170.6526027999575,187703.6947788982,3816.6800332030202,0.0,366523951.0878793,0.0,62353.11357292684,112103.43926906766,811844.305672777,17581948.190704368,9562.941836757564,3281109.283822013,1465379.1995457094,106012300.700806,1133078.0501430586,0.0,334831.0011222114,94936.01236216935,417211114.6682066,28787.860385772157,2133316.010539873,182910.48984447162,160805197.7923009,37249.35036110758,0.0,117118845.47627996,63311140.724430546,2405974335.1084743,4978089.9214065885,77550733.88294157,1530346.5377414546,83484.09221752865,403063414.5209809,396620.46771917795,3561.337728242301,824514580.720876,3978219.373060981,31599160.225264147,1361269.27594936,1557331679.439433,279584812.5089819,623020310.3769557,149012.3950207324,0.0,623671.0658875472,1452674096.8900166,14915.135179556706,424249018.9823892,2741529.5172789837,0.0,0.0,17045369.966652635,51406.3777038383,0.0,10903435.634533715,123233888.77130675,459315.36595727154,13845050.359096438,20695913.98057411,2040713621.4273198,0.0,26220.923416836922,549726710.4429615,0.0,15658.544686927991,0.0,54535545.26162296,1842.1750116241374,30288.615928752333,0.0,147.24781926691244,0.0,276426.1762951326,0.0,0.0,36841.33770186432,413532.52361768216,202601.23750099738,9205121.635086438,0.0,450217.3128767092,18225063.570583563,2658.896167366955,0.0,248612.31292888694,1665074813.1856372,0.0,0.0,0.0,487925.1366984227,663967.8720368223,121149.80819225551,5407216.591953201,0.0,507414.9786711765,866439178.8656579,251446912.66590738,47920306.579933174,187812.11263633322,0.0,5320095.237463141,416689452.4249084,0.0,4777.225883240654,1266923.5664170557,16030.951174415784,0.0,3230282244.1960273,12478193.48437641,577540.4754575725,4304646.334784696,1610378805.7527328,309812278.33487535,30607.142921176,18162037.506681178
AUT,847.2460767823569,0.0,907.1794294125222,0.0,3152088.426171047,0.0,937667.0579166649,2893026.505697338,0.0,0.0,0.0,8.012593832172577,13555988.077556856,0.0,488291.4100402785,0.0,58953074.73121688,139029.37748352636,77676.02316662925,27042.734445062903,37165824.41915509,468633.42734491016,2218.3795365081614,16853471.232034963,1443435.733769658,132111.60821668094,3115.741009419036,7878.490221479489,692625.7165778659,7280.360276009447,3849.041015687961,1417.893687246684,0.0,0.0,0.0,2343668.925247374,0.0,156247157.52760506,690529.1811295447,7607107.537594114,35228.26380624562,43768.67685873434,1644.018951306819,60339.00453589276,1912.682478753917,76138.18178680891,0.0,9081.359386329108,24929.830124527394,24755.234849067954,0.0,14426.764846479748,3336192.9566227254,243297295.63551125,1443685203.8760889,12569.374685696144,2554.9538657354024,17019913.874517873,7161.381588444343,1905687.5016580832,6365.503797217014,2683929.700419492,0.0,0.0,135329903.94516665,1846988.047706319,60298.728093042904,8385006.187337192,20158.915568069053,0.0,139214841.61307874,387.7264440183292,0.0,334247.241398527,55359980.22500274,869493.9002904539,65844.09341767694,0.0,1226.1128165255827,87.96521196984692,11908.308508611402,29902860.519277852,0.0,410.2119640682125,82.98795566055306,0.0,0.0,936.5798919809731,0.0,449.9023334672545,82361130.04363391,4156.312047089581,262024499.24463457,877528.1727532013,1342505.129114269,0.0,1676002.180015494,34021498.37782497,355269.8604943443,486741.35510835063,68272258.68273737,814801897.3956555,3593.9894737085215,4733927.053918239,23041138.14808961,2650537.1047934657,13423.868870868411,2374392.390382364,3155.134881655256,0.0,7911815.374912679,761445.273714285,0.0,3247755.0089956317,6285.787519545996,2152335.277829161,0.0,0.0,842958.7028006776,0.0,10565656.056365501,1397982.6466765131,4994004.685217025,310495.30982194684,2150672.497482737,13454.33428435583,357277.23585033993,313096.3723953243,0.0,0.0,7127.39144270105,1425778.6225052243,0.0,9963142.594393263,25789.26562288795,0.0,45.34898890419675,10911.585254380227,0.0,174079.5514124385,701021.5175456282,1020054.7869982632,19721.894431105084,24081.546206057676,8762.658817878757,0.0,1328012.1903721625,174.71655011222842,0.0,97277358.26806657,10192687.70000624,251237.77245838693,0.0,232920.9011043241,33044.88774243909,4221799.905105392,2287.09551121602,0.0,44067.72596313467,1556972.9019951853,0.0,0.0,168273076.18903673,0.0,0.0,11141976.445404196,367227.7840158248,0.0,8333.277149287745,286651.4858077933,66592556.246046625,32606099.34941439,167642.9402100195,14709124.581179308,0.0,152686.61441816427,1613987.2545035982,0.0,0.0,0.0,0.0,0.0,4930.7697260772675,0.0,1631.2353921365275,0.0,53841819.766031496,0.0,0.0,281.2009065882827,180281652.60206255,191957741.3055205,47132481.73514421,0.0,19540.431506683268,5162917.243304907,91.72859445167536,6642.057272189281,930.3346409382777,474125.2805382242,457629.0801746605,0.0,224690.3530017156,0.0,0.0,82.98795566055306,239080.37185065288,0.0,0.0,900904.3984083695,3445.6148519198196,51420.264405920505,17976555.38626407,0.0,253030.09586202085,55759684.508444086,13271745.018161563,0.0,3496.2137807572426,338.110669206591,0.0,53914.53838581327,0.0,0.0,0.0,754429.3410100822,1576384.3392929554,0.0,0.0
AZE,0.0,26607086.840737276,0.0,0.0,139.85766946598662,0.0,0.0,0.0,0.0,0.0,0.0,0.0,85329.6971896187,83069.70066036489,0.0,0.0,394294.98201011703,0.0,7204.130632317955,787.9954021740676,110115.54974963033,6040.540032198978,0.0,5807.965789384945,2657273.1412251852,0.0,0.0,0.0,0.0,0.0,0.0,0.0,0.0,0.0,0.0,139613.2420123537,0.0,311533.7175328131,0.0,114562.80772248107,0.0,0.0,0.0,0.0,0.0,0.0,0.0,81.94671344619164,0.0,0.0,0.0,0.0,0.0,430894.1195408406,16829759.91466933,0.0,0.0,66346.48884534104,0.0,43436.95901061069,0.0,52518.60563009915,0.0,0.0,685418.1419651633,591623.544211483,0.0,0.0,0.0,0.0,1017820.350729897,0.0,0.0,0.0,33756.68741625407,48992208.23948279,0.0,0.0,0.0,0.0,0.0,152701.326924455,0.0,0.0,0.0,0.0,0.0,0.0,0.0,0.0,8048.411913407297,0.0,30184.26654138612,421009.6575339659,0.0,0.0,596.3818232826978,12901436.150532506,80456623.81182712,0.0,529414.8283986952,14298243.18785948,0.0,728.8264093345797,15344.259498541764,26401456.250663325,0.0,12432061.0217648,0.0,0.0,8025.184844650694,21778.673415722296,0.0,0.0,0.0,6207.215490707647,0.0,0.0,0.0,0.0,1339368.9929750764,4548.343047120386,676510.644849444,0.0,103128.9545001407,0.0,0.0,0.0,0.0,0.0,8704.432538351022,0.0,0.0,1202.3322772569582,1608779.243115854,0.0,0.0,0.0,0.0,0.0,0.0,88454.43402828499,0.0,0.0,54684.1200372053,0.0,0.0,0.0,0.0,226603.06739837548,28051.131438376677,0.0,0.0,102682.0999766737,2591.4148128494044,13714.834558623385,0.0,0.0,0.0,5409.098507115855,0.0,0.0,3629874.649105432,0.0,0.0,0.0,0.0,0.0,0.0,2939.462459665821,38523.43951288019,404249906.1380367,0.0,63719.69919146124,0.0,7785.081392356534,899.0563237216633,0.0,0.0,0.0,0.0,0.0,0.0,0.0,0.0,0.0,1202.3322772569582,0.0,0.0,0.0,37897.920170837984,0.0,17807.635613635284,0.0,0.0,0.0,0.0,0.0,2376.113739478063,42377.963703199035,10781549.50008215,0.0,28659069.409243636,0.0,0.0,0.0,55891.03833353132,0.0,0.0,13158.247482448098,0.0,0.0,16501314.102103094,0.0,0.0,547981.7432246858,9965815.969365073,18.012847193445246,0.0,0.0,0.0,0.0,0.0,0.0,0.0,199975.9387746402,0.0,14443.376364684273,0.0
BDI,0.0,0.0,0.0,0.0,119815.5985790324,0.0,1240.8607751656646,4696.265530871162,0.0,0.0,0.0,0.0,401266.26756740804,83599.56767112271,0.0,0.0,20684366.011505917,0.0,0.0,0.0,117065.28625083974,0.0,0.0,0.0,95424.7646467546,0.0,0.0,0.0,0.0,0.0,0.0,0.0,0.0,0.0,0.0,703470.6576325097,0.0,22711763.843842257,2460.2908402785783,597991.6535083567,0.0,0.0,5608928.776706133,0.0,0.0,0.0,0.0,0.0,71.38821294649125,0.0,0.0,0.0,0.0,190366.33367872526,55181357.31294108,0.0,0.0,1970962.7321928097,0.0,68784.9682782507,0.0,199509.45189052707,0.0,0.0,782121.4672174342,0.0,0.0,2500530.9355883766,0.0,0.0,13693053.769186184,0.0,0.0,0.0,6548214.042068471,0.0,0.0,0.0,0.0,0.0,0.0,0.0,0.0,0.0,0.0,0.0,0.0,0.0,0.0,0.0,0.0,0.0,8536.010455790398,508567.1768238957,1035157.2557876115,0.0,0.0,0.0,0.0,3949.978256978591,0.0,3252257.584164824,0.0,124381.86664151723,1030440.6061113696,3701.1516154442434,18230705.50318747,0.0,0.0,0.0,201136.89054660033,0.0,0.0,41227.184056992024,0.0,0.0,0.0,0.0,0.0,0.0,0.0,0.0,45409.79158961215,444933.8009922491,0.0,0.0,0.0,0.0,0.0,0.0,0.0,0.0,0.0,0.0,0.0,0.0,0.0,2638.0722931506466,0.0,141808.76209690527,0.0,0.0,0.0,0.0,0.0,0.0,0.0,0.0,0.0,1603585.4448427202,103392.97643439521,0.0,0.0,23269.77941513212,1906319.4517409701,25699061.84108011,0.0,0.0,0.0,0.0,0.0,0.0,2594851.7536237226,0.0,0.0,90403.11146926988,0.0,0.0,0.0,1434.6029658332643,1207033.7194230761,3332982.1468075817,8769979.905477189,222415.3557902823,0.0,48260.43561917987,6294090.698978685,0.0,0.0,0.0,0.0,0.0,0.0,0.0,0.0,0.0,165343.2807527889,0.0,0.0,0.0,0.0,104232.30511391583,21252254.502208725,0.0,0.0,144781.30685753963,0.0,0.0,2216.292355996469,186979.0401260104,0.0,0.0,0.0,0.0,0.0,0.0,4909.166658336449,0.0,0.0,514846.3403666018,1415301.0564675154,7590212.350268513,48452.721550571645,0.0,0.0,12994128.733551137,0.0,0.0,0.0,0.0,0.0,0.0,0.0,0.0,0.0,0.0,412711.95826702076,0.0,682.2466473060305
BEL,779584.5591313614,690705.8264713828,81057056.70807621,0.0,1174414.7931489148,0.0,6569390.341392951,1345039.3626179276,0.0,0.0,0.0,105330.06248416244,103898058.34098834,348198940.9627392,2197976.0386772985,6982149.088275992,0.0,8915569.974216951,9313891.785755107,869691.957726595,21347659.760587618,4904042.111384457,960208.5148813894,7097470.278856989,4663690.25946372,222021.595495019,48414.28575367773,118878.33945642755,125465749.98505801,209963.02635658666,148044.6645888726,0.0,0.0,1790968.9161364338,1535738.2006343754,166075080.2996946,0.0,110937136.37527959,51755182.55387694,137754028.0050116,22895683.576907802,27946285.840767376,53582144.13433207,18639594.381163154,2622.6374329227597,6318185.423363189,519104.08284307644,5071129.608873727,2965269.666323945,898497.6899140371,0.0,9081.277844909766,24476760.41410657,183081422.61984012,5380104893.876191,4881431.699275736,283062.2375950101,184910777.13227808,2451248.9544723374,82949047.76525013,4654418.695292303,33907855.149540626,140910.12142837307,0.0,538358529.1953539,15705775.775150737,17533067.823855262,73664176.97340465,211821.04121628418,0.0,6717779192.263472,153278.83925435395,884.1504594461704,15956003.473943748,1862104833.3207054,11763615.250595981,22331091.337946985,0.0,7911494.192108167,1120524.7021490382,3041742.782927172,209728480.37721884,28598.717172083794,64481.54418854487,6351106.258612075,0.0,502549.1607402506,2882951.2344849757,0.0,2566557.0927408934,19898975.3205003,2602258.906491559,113556476.69157058,64032734.745819345,34266359.927790575,0.0,153503856.04746887,3446938.9685351714,12042402.321403537,9373141.849324027,153211827.12353966,636875217.6397471,2392044.048500274,11610154.174495112,160047360.81402934,6220573.664052604,5108052.869738854,1111356.599973913,2377590.346948599,182.69492334889497,75182527.82295124,37219669.816286504,0.0,39156219.11346425,1909265.0005562848,21667873.32337685,946406.6906279168,0.0,4827685.486055916,1391501.643091027,74277112.52740705,398448627.46805465,20136044.93417318,25255692.20252572,430188.1341379995,8402346.307344846,1645415.1539305276,26751647.94740961,3577.9146989876217,0.0,2167063.093729745,14158970.124077706,523537.4597631082,524199.75916619436,3865459.5129806176,0.0,6200406.324132914,5662472.037790908,0.0,2585424.537464114,39212.058413314604,39283500.42437971,3891776.4429446682,4783480.710809118,2441974.3617417645,0.0,65649181.08348322,1242098.3794232511,0.0,5389074194.368237,156328596.1564886,353264.0751415354,0.0,18920759.787705466,5334330.104647408,6992637.147429737,9270923.550535485,0.0,11350596.928887684,38215058.8069766,0.0,1044218.2885462975,446529800.6927993,0.0,0.0,129650380.36142837,333709.5594822222,0.0,7180340.16980588,6764946.39587486,66102467.2386151,163672271.47957754,6707117.318692716,59882594.21625897,0.0,13101492.454359328,47352861.29089395,0.0,0.0,0.0,854.2347881135315,1747825.8253278972,1780499.6276148527,0.0,46966.897655794135,9801.212703218518,13381757.666668259,0.0,1505137.9274094151,10450534.919514414,190270061.70501328,20006591.020596024,467916869.09513694,0.0,956246.2405015709,27014775.831315216,2834.2258843792906,11644393.864286251,11731809.738154206,32835510.63804858,29509.769907500842,0.0,117416.4558388809,0.0,1659.7484012862146,1597049.230511496,39825615.79016578,0.0,0.0,22399555.56534625,13149096.234032637,3012461.3049018392,25061403.362999763,0.0,5622588.229187823,423513169.49495226,2539997.795816063,171366.6053224824,43706976.081444606,6635.843459672789,0.0,39672086.22092382,26783.96884514592,20082.90888392445,215441.3879445706,3606003.7070393153,68736577.46967596,2232537.958860683,1962360.919449889
BEN,0.0,53.48526068981572,0.0,0.0,0.0,0.0,0.0,0.0,0.0,0.0,0.0,0.0,25379.84275188098,776.9962846975936,0.0,0.0,5250564.673452793,0.0,5759450.504888834,50826981.84935909,384707.3695229569,695601.9867661203,0.0,0.0,1333314.016290518,0.0,0.0,0.0,12690961.521818288,0.0,0.0,0.0,0.0,0.0,9456.692298352786,4617.77866053737,0.0,2815598.3021140452,0.0,427622585.2205511,6652816.689785372,1234017.3275211074,37077.46543319838,332753.61062052596,0.0,716135.5171272086,0.0,0.0,0.0,0.0,0.0,0.0,0.0,31619.872746677604,9209921.725052563,0.0,0.0,0.0,0.0,0.0,1213.8087611952146,29501533.49587496,0.0,0.0,5221111.231456964,0.0,0.0,658602.5271678284,0.0,0.0,3323431.4786792393,0.0,0.0,420426.68560245,791437.8470254244,0.0,6088832.753309851,0.0,394136.0790090049,0.0,8324.796238115006,173333.42771857968,0.0,0.0,464291.84602207824,0.0,0.0,0.0,0.0,0.0,3528.2960764306617,0.0,0.0,105753089.17311478,1358526628.2037916,0.0,15773.63134540589,0.0,0.0,0.0,11141.447826443622,4704952.855960875,0.0,0.0,4320.049112731151,0.0,0.0,0.0,0.0,0.0,2739599.629655062,371.34296334570945,0.0,247128.41645244163,36228.59262046756,32978.46339174829,0.0,0.0,767471.2812248761,0.0,0.0,0.0,0.0,14653352.195223363,10550.104234393933,0.0,0.0,0.0,0.0,0.0,220859.58154847234,0.0,497548.609942416,0.0,53.333308762442975,0.0,0.0,687296.7643126405,0.0,7335019.6038404,0.0,62974591.75432093,0.0,0.0,74430583.56211764,0.0,296710136.6545501,0.0,0.0,10430945.694190187,0.0,0.0,848.2069456260908,0.0,0.0,27332364.95180382,0.0,0.0,449500.3209775688,941815.0926698252,0.0,0.0,0.0,0.0,0.0,19652306.702137157,0.0,0.0,0.0,0.0,0.0,42470.999449638606,0.0,208227.20480559254,0.0,1884290.3430796026,28333030.97196906,0.0,0.0,0.0,0.0,1147.2323417404145,0.0,0.0,0.0,0.0,99918.79787950123,0.0,0.0,0.0,0.0,209297.60165521232,7122.332077928412,0.0,0.0,90344.85122474795,0.0,449519.65912037424,11602649.88407133,35622521.75788323,0.0,0.0,0.0,0.0,0.0,0.0,2531700.894355217,0.0,0.0,12388260.384749876,0.0,2846.925296747272,704.4755899523736,0.0,0.0,1256667.9143764116,0.0,0.0,0.0,0.0,0.0,180180491.03293717,0.0,0.0,0.0,0.0,9124972.913276002,0.0,0.0
BFA,0.0,0.0,0.0,151156.02892397981,10802.047367741956,0.0,0.0,0.0,0.0,0.0,0.0,0.0,35194.7766785827,3854.391108784672,0.0,0.0,29410119.822523024,22835627.97587204,0.0,5008565.7143469155,3603780.476398207,3361470.520106197,0.0,0.0,1525454.6310325365,0.0,0.0,0.0,9756923.730741058,0.0,0.0,0.0,0.0,0.0,1735.466778569918,572691.4811448278,0.0,305272853.92356193,0.0,590714659.3341384,39816932.95189962,207134.07759778528,0.0,20169.36598350857,0.0,2412027.0203654696,0.0,0.0,0.0,0.0,0.0,0.0,0.0,20144.621728968228,23043188.727805596,0.0,0.0,116006247.60224596,0.0,1110194.1445002914,0.0,8829610.705974953,0.0,0.0,1170027.3492780195,0.0,525.6291677008303,0.0,0.0,0.0,35760834.43975306,0.0,0.0,19885.894542946855,104696938.87185386,0.0,207957497.10414428,0.0,43223.799387811,0.0,0.0,10579102.91013525,0.0,0.0,43381.22768741494,0.0,0.0,0.0,0.0,0.0,9039.684294707517,0.0,0.0,171496403.21362108,95740203.71615565,0.0,78113.005330601,0.0,0.0,5177.704646687591,986003.7732367984,10190231.070831671,0.0,302880.17369891703,156999535.23892894,0.0,0.0,0.0,0.0,0.0,6499847.570828268,1528.9763076069955,0.0,1453498.0049520696,181699.20150615182,41788.8560122127,0.0,0.0,0.0,0.0,0.0,39597.003060057796,0.0,17518196.414446026,0.0,0.0,0.0,11744.948653445694,0.0,0.0,33068056.51271005,0.0,0.0,0.0,414.2358601661381,0.0,0.0,2469809.4914326714,0.0,2536440.958402589,0.0,109084544.11251087,0.0,0.0,60808998.65318309,0.0,2182611.375567149,0.0,0.0,72780302.82063463,47519.081703287695,0.0,0.0,0.0,0.0,49101707.90456371,0.0,0.0,2096304.7650557342,4509696.741050686,0.0,0.0,1438426.3594812003,0.0,0.0,7513087.756554703,0.0,0.0,0.0,0.0,0.0,685000.3797024152,0.0,3198.116449409174,0.0,40372612.62913837,437073372.6966623,0.0,0.0,0.0,0.0,238909.7099049471,0.0,0.0,0.0,0.0,0.0,0.0,0.0,0.0,0.0,1278556.1811486303,261663.22763974534,0.0,312230.7094325441,1598321.7288596143,156192.01007129264,414263.43310068455,184214094.3716746,136249777.81563556,0.0,0.0,0.0,0.0,0.0,0.0,7609090.843233102,0.0,0.0,20774597.92435074,0.0,0.0,816652.6943141342,0.0,0.0,3084989.997282317,0.0,0.0,0.0,0.0,0.0,45611190.47768979,0.0,0.0,0.0,130.11294724033368,0.0,0.0,0.0
BGD,0.0,45605.91551743707,524847.5433581193,0.0,0.0,0.0,5466.216560500398,311103.7047971606,0.0,0.0,0.0,0.0,2323963.099481955,12325.908493081304,62400.33612751503,0.0,5081392.088730287,153258.08121654685,129594.66883834953,0.0,1566496.8889508622,1612925.1524195608,0.0,14277.928229639227,270767.1776587987,0.0,0.0,0.0,5313859.9245807845,362.81680699273744,98136.48194236153,1266290.3779649932,0.0,0.0,1943.5378759876266,1023698.706603335,0.0,172247.42491531052,124675.1956723165,178732661.529265,7777954.348615276,35120.528507729876,36444.76729521007,6051.073134317126,0.0,48327.26883590984,26254.505748019626,16294.675126133674,1098.4441799593124,131037.98062747238,0.0,0.0,95575.66921919765,6750.308894763083,4612139.7997933915,326249.6162837462,0.0,291239.13941389165,73503.8599956703,87735.69475736993,0.0,184746.12531654927,0.0,0.0,6278926.858816311,3288.7633107682464,2705101.1047663726,3016.9169037007873,37831.83746492051,0.0,3948206.580324201,0.0,0.0,4084.03422746972,7410905.035198558,5937.8121085586035,396536.36342143524,0.0,59883.74137036078,42590.64265789851,0.0,2109044.9254442523,0.0,0.0,5256.619376102605,0.0,0.0,2730.7120973550204,0.0,12438.334343486596,219.92682410493182,6577.526621536493,142150.93900541015,3096766.6056143837,657318632.7266384,0.0,30008.44549669987,226116.3043413618,4861.945508892523,21611.879520183043,0.0,10762128.553256467,30632.851247167986,542143.1284432835,6832176.54869822,1492237.1597605858,65503.50403192626,32532.73014903916,22246.900871257112,0.0,4993332.231165872,1639151.9283568403,0.0,477956.02663466294,143665.26252297894,0.0,0.0,0.0,13133582.480127322,0.0,25838.304695413754,0.0,0.0,641.0058092514064,12240.007188421827,72716.67763040504,702192.3646605317,942782.2458838022,0.0,0.0,116381.07729472985,0.0,125033.23457602265,3895.23175977469,528.0818713762674,0.0,21689.6624334211,254858.86839529272,0.0,277490.4373307126,0.0,20405674.01061379,6091.897978018027,0.0,14552.063085832442,58704.42509721319,87601.04807351378,3895.5344586162328,0.0,3538962.175189961,91706.53290353983,13301765.697377898,0.0,371561.09831547947,3631860.2902845033,104462632.45227157,0.0,0.0,0.0,2437652.7109319926,0.0,9581.15983122208,891305.5724100342,0.0,0.0,89928.32348705933,0.0,0.0,0.0,3147866.036132211,382692.06746030046,8575822.112368092,27391.285821302878,50336690.85748522,0.0,281048.32095314935,7435130.2719695885,0.0,0.0,0.0,12809.600685378156,65435.57749459791,744667.3576785023,0.0,1143994.1099291933,0.0,15814.36727298696,0.0,0.0,8168.06845493944,18252.636374763766,0.0,111681.6125404145,0.0,0.0,0.0,0.0,0.0,25712.168908791413,16739870.274697827,0.0,0.0,0.0,8751.501916006542,0.0,4482.646000185396,1813421.0376452676,0.0,0.0,25321740.505037248,33197.655065830484,158386.35426364682,536169.9452399455,0.0,3528.650437710463,13958551.25840297,0.0,0.0,0.0,0.0,0.0,5707033.400709334,10805.869347777252,0.0,1361.3447424899066,124144.20660419801,1167281.4932473847,1655.6883323240502,7246563.624382347
BGR,0.0,232951.6539053392,40550.15772133765,0.0,29823837.658805184,0.0,131839.36490175215,1803171.7613533663,0.0,0.0,0.0,22338.170012075498,2137178.53477486,88470141.67081809,539827.2305674725,0.0,196539932.45365286,125307.95949300422,20509.415253351275,21523992.824371554,0.0,142920.04963138123,1615.412522591329,13783007.625253854,5707942.5881602,525.2228958712784,205.04231110923016,0.0,1277705.667302542,18022.874015725876,450.02287737011,1103.6938280680808,0.0,0.0,141406.85055756802,5544385.478206468,0.0,3647413.2723477213,62228.5426960993,21098633.932876885,57194.50659476769,14366.648073053728,61801.4715264962,78485.98343693941,0.0,18912.391037407928,36069.67353012558,16968.20957667502,11792.29191857304,0.0,0.0,92.20485401616996,77502505.8487472,23104422.757160004,226353442.36835822,60678959.33037493,0.0,19729541.386685155,25330.403362633435,24438923.377766244,22711.59679842367,71288923.27826092,1227.0785105991117,0.0,957992653.4555738,2631232.654837782,105357169.89082891,20757781.581278145,149105.2477484256,0.0,307000791.0138133,0.0,0.0,62521.42553527718,81817829.36099556,4230671.826728875,408675.6233189689,0.0,1103.6938280680808,4254.7643254711575,57397.3967294229,753286249.0878215,0.0,0.0,6463.556047620814,0.0,0.0,38401.76473836584,0.0,0.0,22875523.88956909,51407.19978391655,42102166.76324321,53702665.18442096,8557364.427114384,0.0,25024643.453711048,8539540.825407675,5536132.858863919,31183.491859829253,60954080.76338723,478428703.093018,13.338054547367431,17592920.19157581,5297434.993052874,215936.11925256555,140478.81702691535,23624.713553592752,7328.24398324343,0.0,76620979.72265808,1068108.569910345,0.0,52329382.30015175,7353.929030226406,194795101.8991806,0.0,0.0,16781059.854035094,0.0,10673842.266762376,48487.24832527883,2523339.7485440415,69418234.9458553,5410572.982540471,2020645.8494309331,34190.17354474874,2779813.8217355916,667.9017129058515,0.0,188116.30577865723,5202410.367107133,73789.41307343362,832063.2332079429,567717.7424225039,0.0,339914.21323170775,8105273.792223856,0.0,399261.35691617365,0.0,5140870.228898845,0.0,616.2590734718854,42606.52632136352,0.0,1979523.1521168938,437.5355741543035,0.0,392843393.7922477,9687397.624440601,334732.57042219886,841.3692203199357,9457125.762651836,3161476.5942620686,74599377.0504598,49451.52943286245,0.0,50943.35250813639,21797885.500813708,0.0,0.0,84743795.81584613,0.0,0.0,299599031.42626053,565371.8718318111,0.0,0.0,119792.50975229208,1201508026.5635397,62833297.14222026,2251.787832918423,68820630.31783426,0.0,885728.3421531229,1202821.6531565108,0.0,0.0,0.0,0.0,0.0,0.0,0.0,412288.0326677436,0.0,68253798.4143514,0.0,3238.9552515960017,3967.5651386192962,25232120.879378617,3363243.18858138,17125058.0954393,0.0,4806.61943310421,109197491.42119545,0.0,24781.755621061686,97184.89030732121,2982592.5793541623,6020.278884772069,0.0,20899.90938036806,0.0,0.0,237956.5852461281,56943809.57934721,0.0,0.0,823649.313503178,93675.82812948228,19168.591815218857,14173297.022990981,0.0,747776.0531492844,24896880.005376417,152136.29323965462,9667.038328643168,140013.71332840377,0.0,0.0,61390428.09337791,28.863101048083408,0.0,0.0,7791624.722205011,48005983.73378042,14777.594558149027,349182.1974519302
BHR,0.0,81.37743899082379,0.0,0.0,0.0,0.0,0.0,0.0,0.0,7374.950639770457,0.0,146.72556208550304,4995.4052984947175,0.0,0.0,0.0,39382.541306263796,0.0,0.0,274.0540978154116,0.0,0.0,641.6218118424616,0.0,0.0,0.0,308.0754189653272,0.0,0.0,0.0,0.0,0.0,0.0,0.0,0.0,2691.254080239646,0.0,26610.414213187763,0.0,49175.54148034785,0.0,3994.81908432965,0.0,0.0,0.0,0.0,0.0,0.0,0.0,0.0,0.0,47.17296476884909,1173.7146265507909,0.0,9129.379796482854,66192.48684449175,0.0,645.056434684749,0.0,0.0,0.0,15534.691361810294,0.0,0.0,427.3519352350001,0.0,2478.5793272325704,2842.2473773203174,57.70187597419303,0.0,29145.2135201744,0.0,0.0,31.874567595822377,4651.516638139717,0.0,283.9840652573123,0.0,0.0,0.0,0.0,435.9624258373533,0.0,0.0,0.0,0.0,0.0,0.0,0.0,0.0,0.0,0.0,0.0,638313.001114714,4374019.979884795,0.0,204.9352588224348,1761904.130793459,22237291.722720757,24.5131181233179,0.0,173088.55928412772,0.0,314137.6982029313,526443.0813342558,0.0,5541.035329367052,0.0,0.0,0.0,389.0106121471764,5393397.334805111,0.0,31553.21393112542,108096.33746979506,16645.46357761359,0.0,0.0,65576.48429128405,0.0,0.0,205.59351238455167,0.0,292.4757343652552,0.0,0.0,1189.5546765155937,0.0,2862.391763037575,0.0,0.0,2495.979778284426,0.0,0.0,0.0,0.0,0.0,12061.620100976534,0.0,0.0,0.0,277797.09334821894,0.0,0.0,0.0,0.0,1417624.7363947514,0.0,0.0,4579.844032379872,1692.4215399582065,390.50363394881595,0.0,5774.611833269417,1608486.0350262325,2102429.2767696073,13231.247989177153,0.0,0.0,316655.2985167139,0.0,0.0,0.0,0.0,0.0,49.61297155666186,0.0,0.0,0.0,10452536.330697093,0.0,444.50815219762364,0.0,41996974.84430957,0.0,8542.57145342098,56170.76011101883,0.0,0.0,0.0,0.0,0.0,0.0,0.0,0.0,0.0,0.0,0.0,0.0,6248.08647191157,0.0,0.0,361.8341343191374,0.0,2307.0588307610988,85907.79161165802,0.0,0.0,35.25206460711858,11926.931445751776,0.0,0.0,0.0,0.0,107.06896177813066,0.0,0.0,0.0,355.2483837341763,94854.36039775037,1499.1216025976141,2666.118291883705,0.0,0.0,0.0,40434.95417122392,0.0,341.90625208877714,0.0,0.0,0.0,35.25206460711858,3986.5029646560943,0.0,0.0,2127651.056224568,3819.1302169135897,0.0,0.0
BHS,0.0,0.0,0.0,0.0,2696.330169833187,0.0,36139.549353880466,1158.8075576445442,0.0,0.0,0.0,0.0,18452.874404306483,0.0,0.0,0.0,1659.6719920997232,0.0,0.0,0.0,0.0,9646.479115588894,0.0,399.96956658864957,4803.941619595066,0.0,57.94290946908646,0.0,1964.4860908446228,0.0,0.0,0.0,0.0,0.0,0.0,142452.59657693887,0.0,55982.5880809093,1656472.875722129,995.3042822718918,2060.176309053399,0.0,0.0,0.0,0.0,57.94290946908646,0.0,55.80891478675199,11377.011512561781,369.54796705223606,0.0,0.0,0.0,0.0,1520371.2212802598,0.0,37576.9490181098,0.0,0.0,166319.63355191646,0.0,0.0,0.0,0.0,86884.71002389601,0.0,857.8883517087949,445410.9300799462,115.60612736811474,0.0,1937.462754296218,0.0,0.0,0.0,10489.460195976157,84835.19213933882,11226366.565927405,0.0,0.0,0.0,0.0,0.0,0.0,335.6760207097569,8066.1860993101245,0.0,0.0,0.0,0.0,14.16674113134591,6895.374716166845,2483.794981033954,0.0,957.3378135471742,19545.330172027825,0.0,24.676039343914105,0.0,0.0,0.0,0.0,35494.79085104509,52.12916303268475,0.0,6039.339187027846,6256.106143993556,634.8114773757069,341.0010301799437,0.0,0.0,7378.434732521994,172.22838943830862,0.0,1388.0880093842727,0.0,0.0,80.6419917842057,0.0,292.62724397159366,0.0,0.0,0.0,0.0,2682.0410294298704,3951.2478522673596,0.0,6680.385899946637,355147.1317989408,0.0,0.0,0.0,0.0,0.0,1021.0553408783845,402.4917903396148,0.0,0.0,0.0,0.0,1718.0601230490743,0.0,21773.91847850704,0.0,0.0,23518.24360013563,0.0,0.0,0.0,0.0,10250.97624414163,63729.25091793413,58.52544879431873,0.0,2372.975253829938,8216.696438820763,1106.0965322472882,0.0,0.0,467.32238711464623,0.0,0.0,0.0,462.212824388307,0.0,0.0,0.0,0.0,0.0,0.0,0.0,0.0,120581.70684269919,0.0,0.0,0.0,414078.3827744065,65057.809553146,0.0,0.0,0.0,0.0,0.0,0.0,0.0,0.0,0.0,0.0,0.0,2147.763327105566,429.80960084541516,0.0,0.0,167035.92079085682,0.0,7017.168497581053,0.0,129.37643337956354,0.0,0.0,6459.777578851863,0.0,0.0,0.0,0.0,0.0,65.45880486591166,116.83059677866156,0.0,0.0,4788.944787210647,172.49648157412062,0.0,10912.872844841713,0.0,513.8733945510256,1286014.4571470472,0.0,0.0,0.0,0.0,0.0,0.0,397.8693196097269,0.0,0.0,0.0,50149.61574494027,0.0,0.0
BIH,0.0,0.0,0.0,0.0,8889399.46998065,0.0,0.0,1546.5311930667153,0.0,0.0,0.0,0.0,319416.7856797008,24221351.934508126,0.0,0.0,210772.527280171,0.0,195.73855710915234,0.0,412479.1086486249,135129.75013136785,0.0,0.0,8298414.001229337,0.0,0.0,0.0,0.0,75.99757816379419,0.0,0.0,0.0,0.0,0.0,235720.01434424787,0.0,1361663.3993396636,3115.3383304414433,1304278.9295897647,0.0,0.0,0.0,4440.935845294322,0.0,87583.41988366752,0.0,0.0,0.0,0.0,0.0,0.0,105.87891986347061,3598832.7284295564,14198851.000025671,0.0,46726.326816596,1844998.9416115514,0.0,1755159.1997421102,0.0,25213.540064952154,0.0,0.0,21499.856081432918,0.0,0.0,634.6783578708294,0.0,0.0,1064820.211039084,0.0,0.0,0.0,370202.74967059365,198.05510179223205,0.0,0.0,0.0,0.0,0.0,288858.5492189362,0.0,0.0,0.0,0.0,0.0,11541.729107988724,0.0,0.0,67353584.64972395,0.0,3455868.9090061095,133422.30683100317,6393.049550935391,0.0,127.44039552478573,0.0,16231.83010769335,438.5287246135895,243697.2129312453,32490715.29572229,0.0,1048274.0117666064,395.2044188165862,2291.353664844853,0.0,0.0,0.0,0.0,0.0,6647.800687432181,0.0,400921.64368826104,0.0,85913.1707150825,0.0,0.0,8449.81949158657,0.0,5027.724550097633,0.0,6290.553357448688,0.0,45169.149346335915,0.0,0.0,411.83073956450215,0.0,0.0,0.0,0.0,0.0,13989847.453187961,214.6539110503422,0.0,0.0,122532.33675032937,0.0,0.0,0.0,74295.03447747587,0.0,0.0,0.0,0.0,0.0,0.0,0.0,578937.518348496,357326.8118155331,244.07068729973273,0.0,34570.046526897626,52414.31836695901,0.0,0.0,0.0,0.0,0.0,0.0,0.0,2644405.7726108823,0.0,0.0,0.0,0.0,0.0,0.0,325.89268968587083,430074.70619583875,14864550.321820965,0.0,151912.9143084413,0.0,18671.882295531534,37490.869866961104,0.0,0.0,0.0,0.0,0.0,0.0,0.0,0.0,0.0,116016482.56927386,0.0,0.0,26792.591262851336,500884.31723322836,23019095.58447122,1207508.3181845476,0.0,0.0,1233891.2008225871,0.0,0.0,3254.011993600991,0.0,0.0,0.0,0.0,0.0,0.0,0.0,6182.249967585194,0.0,0.0,37963.47072485409,0.0,0.0,36283.43865490981,0.0,26361.44077935777,2885511.896861662,0.0,0.0,0.0,0.0,0.0,0.0,0.0,0.0,0.0,212091.42466364466,646.5196949017504,0.0,0.0
BLR,0.0,879116.5324170074,0.0,0.0,0.0,0.0,0.0,1859125.190491322,0.0,0.0,0.0,0.0,229299.34281648375,1171994.1252385837,10954308.534181781,0.0,6869602.750018697,0.0,0.0,0.0,140828.94944363605,0.0,0.0,694.1000822939682,0.0,0.0,0.0,0.0,181349.05197454675,20.993798278315005,0.0,0.0,0.0,0.0,0.0,186512.57403744233,0.0,287311.04714384436,5994.717843044027,7488629.513400169,10581.900902126858,0.0,1551302.1870772438,0.0,0.0,0.0,0.0,1281.242773573097,0.0,7122.604862984881,0.0,0.0,21560.01572921753,3955770.3335853945,15430384.779634975,0.0,0.0,34400529.313500635,5638.819745499193,0.0,817.9888138053927,46517759.74259936,0.0,0.0,681032.560543769,19451115.671580803,0.0,221027.34421511312,0.0,0.0,713994.493550885,0.0,0.0,1739.2718261020666,923429.0822797468,12605247.130408026,1826.1247400443374,0.0,216045.03819109386,0.0,0.0,189101.225456566,0.0,0.0,0.0,0.0,0.0,0.0,0.0,0.0,86857.60408431526,0.0,184371.289608991,0.0,4743.05206710144,0.0,461685.27467837,0.0,13749.246356960928,10.986281380499317,3660129.7797035417,37692.08799235421,0.0,572.6409845766499,133380.74355156685,80842224.13310486,3388.0489995501357,54987808.64764389,0.0,0.0,3129.5731602183773,0.0,0.0,97575.98785274438,0.0,0.0,0.0,0.0,0.0,0.0,176189434.85881793,0.0,48240805.20553691,293.3605642105042,22755912.228192687,0.0,0.0,0.0,0.0,0.0,0.0,0.0,0.0,3739.295628256462,852128.311844408,0.0,0.0,0.0,0.0,0.0,0.0,13147.441962291865,0.0,0.0,0.0,0.0,10158.578423126413,0.0,0.0,3147143.197608262,87146854.37160917,0.0,0.0,98357.1458402717,0.0,0.0,5242.712419390595,0.0,3978.600105628579,0.0,0.0,0.0,28447635.72716267,0.0,0.0,0.0,0.0,0.0,0.0,26602.56734661306,915129.2843283457,689824374.0984241,0.0,0.0,0.0,86800.03577282056,10138.633799879995,0.0,0.0,0.0,0.0,0.0,0.0,5490.116737341434,0.0,0.0,1313616.6372806984,0.0,0.0,0.0,919039.1000491228,26008.494034811592,3830673.956979722,0.0,0.0,4757.423196120783,0.0,0.0,0.0,0.0,18614434.61904733,0.0,10386778.239763692,0.0,0.0,0.0,0.0,0.0,0.0,0.0,9521.948793470294,0.0,73994244.95170069,0.0,0.0,3199116.712927671,35769404.49884044,0.0,1333120.341048152,183630.49383261995,0.0,491568.2026556869,41.51801234243846,0.0,0.0,21322.688604620274,331.79860134214294,0.0,0.0
BLZ,0.0,0.0,0.0,0.0,1953.5922367871203,0.0,0.0,0.0,0.0,0.0,0.0,168309.19618856942,205081.79872082587,154082.95385816746,0.0,0.0,405263.53089084016,0.0,0.0,12970974.428410461,74892.55442795978,14048151.900908493,0.0,9528.151060678809,0.0,0.0,7573.191416365346,0.0,49227.897422911585,689045.9087928502,0.0,0.0,0.0,0.0,0.0,1264592.6161181491,0.0,61593.35782896691,1661.359999746981,4534.412359579337,0.0,0.0,0.0,0.0,0.0,78903.4785322794,0.0,0.0,641.5504715110412,0.0,0.0,24838.311845963246,2645.6352853413864,0.0,77522.47772373405,0.0,43076.444431240525,192938.28005115417,32864.83175285571,268398.34673752985,0.0,0.0,0.0,0.0,2679892.7076954027,0.0,7264662.551822472,0.0,0.0,0.0,285073.00663437624,0.0,0.0,0.0,198051890.1144109,60.42493496150218,0.0,0.0,261196.08473549032,0.0,0.0,10728.245253379646,5967.596355263366,0.0,5854905.921885181,0.0,0.0,7630922.423910413,0.0,15880.038779309058,0.0,7608.999138827149,0.0,219518.71138008963,185237.30835440612,0.0,9358076.809592303,0.0,0.0,0.0,1260761.1480158458,15585042.497030415,15006993.137877885,0.0,2282137.317326686,0.0,6391.858460487033,0.0,0.0,0.0,127306.4303492966,47835.76714389558,0.0,22691.926834695627,0.0,0.0,78669.02101521054,0.0,278754.88693713397,0.0,0.0,0.0,158.67622984956935,0.0,51.221127976532834,0.0,0.0,171939.71147036878,0.0,0.0,0.0,0.0,0.0,0.0,264506.14520680154,0.0,0.0,5380627.332841091,0.0,3542.940569574209,0.0,4898.153682304099,0.0,5593.2343678984125,0.0,0.0,87277850.17340624,0.0,0.0,3564630.6232850067,2624.317313286989,1719097.1766173246,0.0,63922.380605395,0.0,291516.5856147597,6391.858460487033,0.0,0.0,0.0,0.0,0.0,0.0,0.0,0.0,11926049.605770113,0.0,0.0,0.0,0.0,443.28302485738755,0.0,0.0,206017.16527346135,0.0,0.0,263405.3936540495,0.0,0.0,0.0,0.0,0.0,181846.15773283236,0.0,0.0,0.0,2070.6452706111586,0.0,0.0,77188.2095028109,0.0,0.0,44124.290662387895,0.0,0.0,0.0,0.0,0.0,158809.49204896003,457588.72003821674,0.0,0.0,0.0,0.0,0.0,3811125.5132048745,0.0,0.0,0.0,8678.656608141247,0.0,0.0,240.7337186502215,0.0,0.0,27232916.637969065,0.0,37638.57168286053,0.0,0.0,0.0,0.0,0.0,0.0,0.0,282.6336053525697,51033.130050528554,1174.7870860966677,0.0
BMU,0.0,0.0,0.0,0.0,0.0,0.0,0.0,0.0,0.0,0.0,0.0,332.56805674363187,25458.544770303015,0.0,0.0,0.0,0.0,1426464.4630274686,23246.084771579746,0.0,720.8426122850462,0.0,0.0,0.0,118.97353990231593,0.0,0.0,0.0,1063.961773807886,0.0,192.7065782410515,0.0,0.0,0.0,0.0,65629.2502774065,0.0,238.56358548554485,0.0,413.6441351367678,28663.82972572967,0.0,0.0,0.0,0.0,1848233.689865487,0.0,0.0,0.0,0.0,0.0,0.0,1828.0911811314431,39793.19996884111,182880.18094261398,0.0,0.0,2188.3035338946374,0.0,0.0,0.0,0.0,0.0,0.0,0.0,0.0,0.0,512.4685330637974,0.0,0.0,0.0,0.0,0.0,0.0,27346.458184563504,0.0,0.0,0.0,0.0,0.0,0.0,0.0,0.0,0.0,0.0,0.0,0.0,0.0,0.0,0.0,1103.7333131967614,0.0,0.0,15875.738122738063,0.0,0.0,1415.7561065695945,0.0,0.0,0.0,449244.3411985032,3041.282943096675,139897.42260492186,0.0,364.5256747384785,0.0,0.0,61.523569828087425,0.0,0.0,0.0,0.0,0.0,0.0,0.0,0.0,0.0,0.0,0.0,0.0,0.0,0.0,572.6348695796099,0.0,0.0,0.0,0.0,184.57070948426227,0.0,0.0,0.0,0.0,0.0,327.65573285683917,0.0,0.0,0.0,0.0,0.0,0.0,0.0,0.0,0.0,0.0,36760.42139374338,0.0,0.0,0.0,0.0,16072.853192271701,1011.2676866806887,0.0,0.0,1183.155728569963,0.0,54214.87829202725,0.0,0.0,0.0,0.0,0.0,0.0,0.0,0.0,0.0,0.0,0.0,0.0,0.0,0.0,178.4603098534739,18368.788200508767,0.0,0.0,0.0,47227.96322847041,119.67585064511246,0.0,0.0,0.0,0.0,0.0,0.0,0.0,0.0,0.0,0.0,0.0,0.0,0.0,0.0,0.0,0.0,0.0,178.32486747795195,0.0,0.0,0.0,0.0,59.39677469646779,0.0,0.0,0.0,0.0,0.0,0.0,0.0,0.0,0.0,0.0,0.0,0.0,295.0234870143421,0.0,0.0,1164990.9183892044,0.0,0.0,0.0,0.0,0.0,0.0,0.0,0.0,0.0,0.0,0.0,182975.0669406251,633885.8268671853
BOL,232.28057428023035,67789.19429257466,16355.39374112116,0.0,97363.07643936515,0.0,264184272.83271307,212125.63727640195,0.0,0.0,0.0,0.0,2019427.4567139463,346774.2070663566,396.9164561373115,0.0,7795781.070390224,964.0236023516508,0.0,161281.09775480148,77815.19531480291,4486.190566954919,0.0,9694.489948078974,11518.123350674874,0.0,0.0,0.0,61647698.01901647,0.0,0.0,0.0,0.0,0.0,0.0,8854665.115557924,0.0,4669820.2482394,346078667.79786307,3862134.4145584884,0.0,0.0,0.0,0.0,0.0,1694042293.7241685,0.0,0.0,9102297.713926258,1649547.39957473,0.0,0.0,0.0,62862.35322015262,16193067.893163273,0.0,0.0,11306509.356760046,7852250.7405909635,7385354.778171203,738327008.5605043,274924.8935142696,0.0,0.0,28625031.077978943,566.4051116333553,14687.010272357416,82125.0618747048,0.0,0.0,13794147.643495115,0.0,0.0,1158.4900245705212,10290671.012775736,0.0,0.0,0.0,0.0,0.0,0.0,44210.71298864677,0.0,112.82931428872409,4635804.904737521,0.0,0.0,968.6505144431192,0.0,25563.600646872932,578707.8233351705,0.0,0.0,101981.03093105102,7466028.971771359,0.0,440151.5544038444,0.0,0.0,48181.44759076814,2228162.446224043,22349290.12443235,2407445.3282387345,416.4475766268869,37704938.45518557,9511.913119120445,0.0,0.0,0.0,0.0,8048560.705416961,22655.586381757024,0.0,121401.04531906318,0.0,0.0,0.0,0.0,389768.8862079024,0.0,158375.0627301307,0.0,0.0,118338.15938903176,11038.284603940856,0.0,0.0,10932036.929969657,0.0,0.0,0.0,379.5073209462656,0.0,3176.3942237461647,0.0,0.0,24812.886379916155,0.0,0.0,0.0,0.0,5595333.007726401,0.0,1636.1623062769734,0.0,0.0,12774.349361949347,3591539.1068336526,0.0,27778285.88325494,341659.9018698961,0.0,0.0,395193.8949112775,56492.23998011593,35651.090556121184,1438168.667417099,0.0,1483333190.0611508,117950.33085337175,0.0,0.0,3983108.0042056283,0.0,0.0,4360734.860531465,28818738.791264597,0.0,0.0,14220.500183555494,20614473.632058855,1381381.4517691326,0.0,4072.2181448920956,0.0,1317641.0137797734,46903.45810983533,0.0,0.0,0.0,0.0,0.0,2862472.650023097,0.0,0.0,0.0,72709.38099523648,0.0,0.0,0.0,5664.051116333552,2737.4467197449185,195456.20783350902,0.0,0.0,1448971.6575696666,0.0,0.0,0.0,91831.41162353336,0.0,0.0,0.0,0.0,0.0,287.568010968717,43397.06581713284,0.0,0.0,2114567.032449347,0.0,0.0,10042.57128215403,0.0,6607225.5523995375,49820678.89499112,0.0,0.0,1051728638.2329488,0.0,0.0,8704143.214399263,0.0,0.0,0.0,130324.7260274748,2193947.589871897,0.0,0.0
BRA,895987.394571803,2046855.4974611865,450455869.53279275,6021.173584658509,33218933.27081453,0.0,1237789838.3943987,69317084.81221753,35575.86441327494,0.0,0.0,1932639.4516746178,221691958.80323872,24105314.11521587,236744140.1348303,341514.9981957692,1825257668.6650193,233420997.83038518,46327999.22141526,2038475123.4066935,57508319.815574825,47141522.942398734,4230071.898077202,323922791.4860543,122829850.15134525,339145.87132580724,22418.827968070626,166450276.16667256,0.0,3732309.6591852373,31053.572027746006,0.0,0.0,656084.2304714415,8994099.18600882,1183543187.252468,0.0,422423750.0972266,412295578.12623215,51984686921.80101,92444508.8660895,68543842.22140388,38933421.23608845,24481606.37682722,0.0,733700317.8994431,136315.1243814492,35464033.63739542,72003421.88692176,802547385.459608,0.0,25978711.867028378,34054497.45282862,24618510.74994008,6043323203.989062,72220643.21220589,285968.8395845421,299849801.5057954,378253200.67111653,2434041215.622922,135667042.18416467,2550444625.631998,28239297.524888083,0.0,5788542790.809139,17092168.722466562,64329276.64793694,277486295.52790403,373130.279321794,0.0,4233474701.912502,441152.8105734638,24820.94497584511,2200582.1933691665,1861954562.8131526,292191923.8570455,281407914.3058128,0.0,94838710.18631285,13555623.436763937,5499758.795677862,346474947.5526453,134405.56034062238,3013.537975273557,65048587.81640307,0.0,0.0,4675279.989842158,0.0,20791905.14995421,339894392.41591716,48403348.99842908,15800198.786327727,2945630450.0559564,2645622418.4254966,0.0,173428434.51465535,4969486603.250758,237003698.5928859,2724773.600293316,449600006.0060846,2666109829.076403,15351637.426549656,168033893.42099416,3999377299.7389483,236656982.9020625,57903720.08876106,4099755.68366862,4910119.44960688,55202.62269473224,4577540796.1345,77059616.05164951,0.0,216322162.96291903,29367884.74521658,163045698.63886383,358412.1010865532,0.0,172598988.62997139,0.0,126273363.72145432,1833740.2110816007,28288325.310722377,1602492916.1122496,10556780.534960844,54264711.848408945,26158.706813691202,436112637.19205636,0.0,0.0,23079393.61806695,20102637.929263007,73561562.89318827,62297678.83519217,690709.2497547069,0.0,55468716.44327131,260835735.37638336,5412.323889093781,37867933.00774944,31774.74321972954,2270902825.8006997,5714916.046254822,138976.23697998235,48920383.91423139,0.0,1469987897.3119843,81848559.650045,0.0,9623750301.595053,818990022.0582182,92025865.95395671,0.0,65400175.80511665,59019253.699526936,394830919.3030999,57211502.958797306,0.0,240927488.99385437,229132762.33013332,34719.11769197236,119388.10855096398,181319706.79816362,0.0,0.0,1308952102.4342382,228151356.78562066,0.0,569537.471221162,5817745.04635242,627098034.5456017,3125648337.6036053,5754308.914537343,2391570029.7144756,0.0,352581037.294988,97542515.48911126,0.0,0.0,0.0,2848.036651026973,117664466.7208376,24624666.80066253,0.0,79686754.11206263,0.0,166770476.0731293,0.0,969700.0200678491,14075008.804467026,680260424.5676186,919114329.3478832,360635237.038755,0.0,284379.32035356323,472933952.5201615,8122379.697458191,0.0,137992509.34339568,4472692733.07099,242984.43285438916,0.0,4101.8925937415315,110446.33411613217,195256.4518398898,53480601.602895916,627473601.1437272,0.0,12209.544919060269,3162071802.3609343,48368063.61929427,40176964.60619683,45950434.20715423,0.0,291176197.5851962,4574272108.866413,19432806.073169608,1584013.64304515,940680035.8499016,4471413.227070645,0.0,2780382713.431236,74898.21880105526,0.0,16298909.278371148,658211018.727506,675310256.6685367,1251416.6478051152,5790994.595106482
BRB,3325.1103761194945,0.0,0.0,75742.76799421315,60.40424074426023,0.0,0.0,247.92121721382307,0.0,0.0,0.0,1793554.9317895947,50723.05311575717,625.952146857872,0.0,0.0,2758.449723138839,0.0,0.0,0.0,11758.145498334365,152.9446902916524,17464.23562880735,984.8371465578117,1546.0415777190215,6517.4839702546715,35086.68700702088,0.0,22463.569585425503,0.0,0.0,0.0,0.0,0.0,0.0,1942202.432810956,0.0,57487.88867086032,447.1396837450717,2741.637300661871,0.0,5644.917226814039,0.0,0.0,0.0,219411.9738977233,0.0,388.0074892308591,1342.5871049099926,97174.45519412555,0.0,35664.0077382224,2005.4780735353747,27638.334597749486,226738.22330098314,0.0,323230.4566324515,7830.110576841244,71884.7374520143,0.0,0.0,0.0,0.0,0.0,298435.5803174428,0.0,5244.34621373489,0.0,246.65933811554928,0.0,5058789.975501794,0.0,0.0,0.0,25371578.867314495,122.92115630325446,0.0,0.0,0.0,0.0,0.0,0.0,1481634.2520136358,0.0,120.80848148852046,0.0,0.0,2124138.055314199,0.0,1346.3096117863547,2738.453759675432,70277.43868892532,0.0,57.116994605193376,6995.324657490347,0.0,785.0258466540821,60.135573156461454,0.0,0.0,236.81270419747003,166596.7573839078,253109.69460314533,0.0,3421.10721609592,3624.9177068931313,0.0,61.14296712650758,0.0,0.0,0.0,0.0,0.0,60.40424074426023,0.0,0.0,6700654.697508831,0.0,122.28593425301516,0.0,0.0,0.0,0.0,7117.936103759121,1333.6013701233355,0.0,0.0,26936.15147384617,0.0,0.0,0.0,0.0,0.0,306.7810990962011,0.0,0.0,0.0,0.0,4756.714764303771,0.0,0.0,1261.426738187296,794.8741257334592,0.0,0.0,0.0,3792140.3115656334,0.0,0.0,255997.93162366847,1932.8095852067988,2241.5785512387615,0.0,43559.92434391934,1085.866949114411,139.62984066608203,21889.12703552093,0.0,36134.056742885594,3835.793274218467,0.0,0.0,0.0,0.0,0.0,6858167.014328682,17453.515629458354,0.0,0.0,0.0,0.0,11960.428373727136,0.0,62.71408723042881,0.0,0.0,4122.34690388322,0.0,0.0,0.0,0.0,227.49100647227695,0.0,0.0,0.0,0.0,5044.803894439972,0.0,0.0,142873.57729973234,0.0,0.0,4249.368497345678,0.0,0.0,0.0,7213.7902209288695,0.0,0.0,23286.92049115775,0.0,0.0,0.0,0.0,0.0,682399.2031289595,0.0,0.0,0.0,309.05037216452104,2077.675868794967,602.1617343280109,2847.820743747069,0.0,0.0,7394848.429272075,0.0,1383386.642919662,60.135573156461454,66560.30480753377,0.0,0.0,0.0,0.0,0.0,0.0,2912.592114665582,0.0,0.0
BRN,0.0,0.0,0.0,0.0,0.0,0.0,0.0,0.0,0.0,0.0,0.0,0.0,23409.004490244704,0.0,0.0,0.0,3403.970674360385,0.0,2044728.554034073,0.0,0.0,0.0,0.0,73355.09746583365,0.0,0.0,0.0,0.0,0.0,0.0,0.0,0.0,0.0,0.0,0.0,43.39228352970695,0.0,511.35583347640244,0.0,0.0,0.0,0.0,0.0,0.0,0.0,0.0,0.0,0.0,0.0,0.0,0.0,0.0,0.0,0.0,4369.170726959629,0.0,0.0,0.0,0.0,0.0,0.0,3627365.236315677,0.0,0.0,0.0,0.0,0.0,0.0,813.5209857680597,0.0,43886.532375099,0.0,0.0,0.0,27487.97450726835,0.0,0.0,0.0,0.0,0.0,0.0,0.0,0.0,0.0,0.0,0.0,0.0,0.0,0.0,0.0,0.0,0.0,0.0,88230.31640777839,0.0,0.0,0.0,0.0,0.0,0.0,0.0,43895.39426327289,0.0,0.0,0.0,0.0,0.0,0.0,0.0,0.0,37774.86794094993,0.0,0.0,0.0,0.0,0.0,0.0,0.0,0.0,0.0,0.0,0.0,0.0,0.0,0.0,0.0,39204.506302667265,0.0,0.0,0.0,0.0,0.0,0.0,0.0,0.0,0.0,0.0,67525.82153024856,0.0,108125.38775463037,0.0,3113096.586537548,0.0,0.0,65168.94359233014,0.0,3265.327359151999,0.0,0.0,0.0,0.0,0.0,0.0,297965.01358740416,49785.84198235943,0.0,0.0,0.0,0.0,4021.0163052711973,0.0,0.0,0.0,0.0,0.0,0.0,0.0,0.0,0.0,1788.6536763800495,0.0,0.0,0.0,0.0,0.0,16559.101509040265,30250.998268041276,0.0,0.0,0.0,0.0,0.0,0.0,0.0,0.0,0.0,0.0,0.0,0.0,0.0,0.0,0.0,0.0,0.0,0.0,14203.214419000396,0.0,0.0,0.0,997.146569314677,0.0,0.0,0.0,0.0,0.0,0.0,0.0,0.0,0.0,0.0,0.0,0.0,0.0,0.0,0.0,111601.76107385488,0.0,0.0,0.0,0.0,0.0,0.0,0.0,0.0,2296.043918304619,0.0,0.0,0.0,0.0
BTN,0.0,0.0,0.0,0.0,0.0,0.0,0.0,0.0,0.0,0.0,0.0,0.0,30680.5775484977,0.0,0.0,0.0,1616.2778162334298,0.0,0.0,8876276.935153501,0.0,0.0,0.0,0.0,0.0,0.0,0.0,0.0,0.0,0.0,0.0,0.0,0.0,0.0,0.0,111616.06670030481,0.0,0.0,0.0,0.0,0.0,0.0,0.0,0.0,0.0,0.0,0.0,7511.619861981376,0.0,0.0,0.0,0.0,0.0,0.0,30442.698955476284,0.0,0.0,0.0,0.0,0.0,0.0,0.0,0.0,0.0,0.0,0.0,0.0,0.0,0.0,0.0,0.0,0.0,0.0,0.0,771.3234353194174,0.0,0.0,0.0,0.0,0.0,0.0,0.0,0.0,0.0,0.0,0.0,0.0,0.0,0.0,0.0,0.0,0.0,0.0,0.0,6694537.754999997,0.0,0.0,0.0,0.0,0.0,0.0,0.0,0.0,0.0,1009.5802841767878,0.0,0.0,0.0,0.0,0.0,486.8707889525459,308.32010423524787,0.0,0.0,0.0,0.0,0.0,0.0,0.0,0.0,0.0,0.0,0.0,0.0,0.0,0.0,0.0,0.0,0.0,0.0,0.0,0.0,0.0,0.0,0.0,0.0,0.0,0.0,0.0,0.0,0.0,1327.7893151575345,0.0,0.0,0.0,0.0,0.0,0.0,0.0,0.0,0.0,7302.301647249634,0.0,0.0,0.0,0.0,0.0,0.0,22055.938004863943,0.0,0.0,0.0,0.0,0.0,0.0,0.0,0.0,0.0,0.0,0.0,0.0,0.0,0.0,0.0,0.0,0.0,107141.20356913589,0.0,0.0,0.0,0.0,0.0,0.0,0.0,0.0,0.0,0.0,0.0,0.0,0.0,0.0,0.0,0.0,0.0,0.0,0.0,0.0,0.0,0.0,104727.81974302443,0.0,0.0,0.0,0.0,0.0,0.0,0.0,0.0,0.0,618.9611636184432,0.0,0.0,0.0,0.0,0.0,249623.13406868838,0.0,0.0,0.0,0.0,0.0,0.0,0.0,0.0,0.0,0.0,8081.389081167149,0.0,0.0
BVT,0.0,0.0,0.0,0.0,0.0,0.0,0.0,0.0,0.0,0.0,0.0,0.0,0.0,0.0,0.0,0.0,0.0,0.0,0.0,0.0,0.0,0.0,0.0,0.0,0.0,0.0,0.0,0.0,0.0,0.0,0.0,0.0,0.0,0.0,0.0,0.0,0.0,0.0,0.0,0.0,0.0,0.0,0.0,0.0,0.0,0.0,0.0,0.0,0.0,0.0,0.0,0.0,0.0,0.0,0.0,0.0,0.0,0.0,0.0,0.0,0.0,0.0,0.0,0.0,0.0,0.0,0.0,0.0,0.0,0.0,0.0,0.0,0.0,0.0,0.0,0.0,0.0,0.0,0.0,0.0,0.0,0.0,0.0,0.0,0.0,0.0,0.0,0.0,0.0,0.0,0.0,0.0,0.0,0.0,0.0,0.0,0.0,0.0,0.0,0.0,0.0,0.0,0.0,0.0,0.0,0.0,0.0,0.0,0.0,0.0,0.0,0.0,0.0,0.0,0.0,0.0,0.0,0.0,0.0,0.0,0.0,0.0,0.0,0.0,0.0,0.0,0.0,0.0,0.0,0.0,0.0,0.0,0.0,0.0,0.0,0.0,0.0,0.0,0.0,0.0,0.0,0.0,0.0,0.0,0.0,0.0,0.0,0.0,0.0,0.0,0.0,0.0,0.0,0.0,0.0,0.0,0.0,0.0,0.0,0.0,0.0,0.0,0.0,0.0,0.0,0.0,0.0,0.0,0.0,0.0,0.0,0.0,0.0,0.0,0.0,0.0,0.0,0.0,0.0,0.0,0.0,0.0,0.0,0.0,0.0,0.0,0.0,0.0,0.0,0.0,0.0,0.0,0.0,0.0,0.0,0.0,0.0,0.0,0.0,0.0,0.0,0.0,0.0,0.0,0.0,0.0,0.0,0.0,0.0,0.0,0.0,0.0,0.0,0.0,0.0,0.0,0.0,0.0,0.0,0.0,0.0,0.0,0.0,0.0,0.0,0.0,0.0,0.0,0.0
BWA,0.0,0.0,4985.612432442891,0.0,0.0,0.0,0.0,0.0,0.0,0.0,0.0,0.0,1283.7782098862774,0.0,0.0,4086.9655062759243,263.93338308548573,0.0,0.0,0.0,0.0,0.0,0.0,794.4895228074747,0.0,0.0,0.0,0.0,0.0,0.0,0.0,0.0,0.0,0.0,0.0,85.55197353657783,0.0,0.0,0.0,1799.101140050838,0.0,0.0,436357.92151654436,0.0,0.0,85291.22758573697,0.0,2211.267954769844,0.0,0.0,0.0,0.0,0.0,0.0,33395.368062654015,0.0,0.0,0.0,0.0,0.0,0.0,0.0,0.0,0.0,0.0,0.0,0.0,0.0,0.0,0.0,0.0,0.0,0.0,0.0,693.0145563198213,0.0,118.43306020781854,0.0,0.0,0.0,0.0,0.0,0.0,0.0,0.0,0.0,0.0,0.0,0.0,0.0,0.0,0.0,0.0,0.0,0.0,0.0,0.0,0.0,0.0,0.0,0.0,0.0,0.0,0.0,0.0,0.0,14.451997671019335,0.0,0.0,0.0,0.0,0.0,0.0,0.0,0.0,0.0,0.0,0.0,338.79324600907415,78721.58812211094,0.0,0.0,0.0,0.0,0.0,0.0,0.0,0.0,0.0,0.0,0.0,0.0,0.0,0.0,0.0,0.0,3809.250377803988,0.0,0.0,0.0,36207.41598273016,0.0,367257.0254961985,0.0,0.0,0.0,2026760.9540014816,0.0,0.0,0.0,0.0,0.0,0.0,0.0,0.0,1984.738588346396,0.0,0.0,0.0,0.0,0.0,0.0,0.0,0.0,0.0,0.0,0.0,0.0,0.0,0.0,0.0,0.0,711.6743432509569,0.0,0.0,0.0,0.0,0.0,0.0,0.0,0.0,0.0,0.0,0.0,0.0,0.0,0.0,0.0,0.0,0.0,0.0,0.0,0.0,0.0,0.0,0.0,0.0,0.0,0.0,508655.09130571067,0.0,0.0,0.0,0.0,0.0,0.0,0.0,0.0,0.0,0.0,1254.3669370328212,0.0,0.0,0.0,0.0,1247.1910954534806,0.0,0.0,0.0,0.0,0.0,0.0,0.0,0.0,0.0,0.0,34680838.75322263,816162.2850032068,33570391.59384747
CAF,0.0,0.0,0.0,0.0,107209.84752719356,0.0,0.0,0.0,0.0,0.0,0.0,0.0,0.0,0.0,115.25823032408519,0.0,3058082.281865212,236.78424557601727,0.0,0.0,0.0,6239.518494989647,0.0,8405.70115986636,1404283.6865627805,0.0,0.0,0.0,0.0,11192.928977814934,0.0,0.0,0.0,0.0,0.0,69476.26227919717,0.0,48964.1132654728,0.0,20793595.523863263,0.0,2173410.454077087,0.0,70422.22791941385,0.0,209.8226176976959,0.0,0.0,178.36844251932487,0.0,0.0,0.0,0.0,168297.56596109032,537013.6852212743,0.0,0.0,50723.769306522874,0.0,894183.7001313771,0.0,0.0,0.0,0.0,0.0,5705.002235969164,0.0,92543.3205297606,792.1242389534359,0.0,20169535.370293483,0.0,0.0,0.0,58064.82781721873,0.0,3003410.7481758166,0.0,0.0,0.0,0.0,0.0,0.0,0.0,0.0,0.0,0.0,0.0,0.0,0.0,82.87448595160605,0.0,0.0,96818255.8652004,3116691.882173352,0.0,0.0,0.0,230303.48072073326,0.0,0.0,1310788.5510379253,427012.27952806454,0.0,513541.14341514255,211.62724571650884,0.0,0.0,0.0,0.0,57847.420864346874,0.0,0.0,13623.836815196077,0.0,0.0,0.0,0.0,0.0,0.0,0.0,0.0,0.0,3762725.652027694,115.97332011766945,0.0,0.0,84149.82178474257,0.0,0.0,0.0,0.0,0.0,92.89543736249749,0.0,0.0,0.0,46207.689125271485,0.0,0.0,0.0,2511756.339972318,0.0,0.0,0.0,0.0,14415.447510182115,0.0,0.0,318952.1951102288,0.0,0.0,0.0,0.0,0.0,0.0,0.0,0.0,0.0,0.0,0.0,0.0,451625.29733658663,0.0,0.0,6239222.727173454,0.0,0.0,0.0,0.0,0.0,143364.30921578742,0.0,0.0,0.0,0.0,10284.436456232477,0.0,0.0,0.0,0.0,0.0,0.0,0.0,0.0,0.0,3298.9449439980217,0.0,0.0,0.0,0.0,0.0,247.94811420837752,0.0,0.0,0.0,228659.42794828422,540108.7159384458,112852.98254433308,824966.426390759,0.0,0.0,0.0,0.0,0.0,6600.38277785371,2491478.599916068,0.0,0.0,1191538.1500865081,0.0,0.0,0.0,0.0,0.0,3424192.8493846375,0.0,0.0,0.0,0.0,0.0,0.0,0.0,0.0,0.0,4100.609855688035,6006821.496351633,0.0,0.0
CAN,642245.848013948,886887.6893387364,27321041.598970335,64841.60138389724,402001.4847964773,0.0,6034447.2389877625,1017119.1289076009,507760.4719749207,0.0,0.0,463961.0310212327,39584142.31907186,17343019.76172533,447736.9538598028,3496362.400736214,1032493206.8033311,542305.9915153655,6003365.832160516,1619632511.7076893,7217575.916979031,19978779.9853093,6100786.472688647,613415.4662555708,135153.70722778112,1692048.9813612087,3304370.3685842585,7699198.275941406,261867389.26346937,2814145.1063906434,460318.6600450531,7682.646792182593,0.0,0.0,118677.45020381079,0.0,52702.45490609739,60584685.86271351,395868562.8562374,11023668554.304913,21342923.29651737,104839466.83879654,6086653.847600172,3196449.137659063,402.4661928101666,922745266.2079035,234586.43997111192,818254.0742427608,90271298.9977508,300718749.9280174,54888.08359908549,258506.52347499935,3453674.8751936853,7086096.01736222,344831167.45249563,589143.2629617652,545293.8146276494,58323936.66243501,64337593.60526681,855303065.5029894,466398909.98784727,373375304.5396618,411159.7520305649,0.0,413757907.0915181,1115714.2278816523,14232426.16619694,5711319.774622945,1431891.9724061731,0.0,336292044.0141657,14617.138434721015,0.0,1590129.3606089978,536818507.40101254,1636845.78426562,337232419.825904,0.0,2282887.949086451,0.0,3246.162399221448,39774396.127461456,536856.1594467635,4389.96117852873,23307691.481212232,0.0,1905.4808055493008,37294413.27206209,0.0,4632325.394407951,3801878.136761889,14031333.28306054,3385492.9176117415,1277005058.7608058,2014243662.8316329,0.0,89934285.05124936,401451792.6934335,560037149.7811589,4118464.3880457613,77769337.0952717,1217308476.7828238,90125045.14889324,15808472.088009996,7013771491.470814,112366.10246527153,67046284.329684705,89025.40930771947,1262242.1497441395,1787.4905536138574,801133128.6841011,35542528.1964548,0.0,27295866.02517891,810505.9669584918,25496646.911202684,643401.2866794145,0.0,844048790.6299376,31623.665129045825,270887.8498883388,100784.80213194448,309564.72703999456,644674262.3385475,53418.777997602025,694168.1106267998,72351.5974190312,4299293841.008205,0.0,0.0,2561875.213650436,838768.2158829762,6820160.481085664,447739.9668935211,170510.8495813951,0.0,68728537.41907194,813972.0498913192,6227.758857641033,3298195.3728206344,12017367.43836024,401181590.3187652,7169540.2801017845,100728.83364703064,7298733.411328171,0.0,403087426.42088634,5570859.947433636,0.0,667383940.1726911,97463127.72947925,13621406.113580765,0.0,22404272.872106288,54735325.89621794,1299826577.0379524,18724568.21622451,30134.782584596756,915993057.5821176,306000149.3177157,0.0,11326.300427653241,13147776.24213772,0.0,0.0,273083005.3374992,266306.1989206914,0.0,66604.30368359383,22014932.83290312,5832656.959315665,30392767.89970668,7462425.710324539,681743649.9353938,0.0,33969373.92222759,59241956.94488733,0.0,29548.42519216069,0.0,0.0,373711.5432383981,6627348.940300946,0.0,2041496.4860889642,1182556.0546709367,733370.9122215272,0.0,0.0,1713418.7068469895,1635334.8762868855,925596.086705105,4397311.27768561,0.0,11246.672134638244,18681986.606035527,448936.91889560566,368302.60753359186,32197084.824976213,275321762.5890577,140420.7260922562,0.0,29000.091957715547,83613.8985641627,2120107.230408382,18843185.267393745,165763609.31905353,0.0,0.0,116188345.62408896,63775937.47064437,16152822.832321448,2370277.530967132,0.0,5159760.610158991,23157285073.23802,86593.37607143332,811428.4212090491,1017389053.9389863,439626.7982509326,0.0,214943529.06964424,6993.612386058821,0.0,171.75604592626178,9830632.0862269,206497571.60720983,928588.578784181,7329925.342789309
CCK,0.0,0.0,0.0,0.0,0.0,0.0,0.0,0.0,0.0,0.0,0.0,0.0,0.0,0.0,0.0,0.0,0.0,0.0,0.0,266.1158840618135,0.0,0.0,0.0,0.0,0.0,0.0,0.0,0.0,0.0,3695.4430252095067,0.0,0.0,0.0,0.0,0.0,12.68779509901655,0.0,0.0,0.0,0.0,0.0,0.0,0.0,0.0,0.0,0.0,0.0,0.0,0.0,0.0,0.0,0.0,0.0,0.0,0.0,0.0,0.0,0.0,0.0,0.0,0.0,0.0,0.0,0.0,0.0,0.0,0.0,0.0,0.0,0.0,0.0,0.0,0.0,0.0,0.0,0.0,0.0,0.0,0.0,0.0,0.0,0.0,0.0,0.0,0.0,0.0,0.0,0.0,0.0,0.0,0.0,0.0,0.0,0.0,0.0,0.0,0.0,0.0,0.0,0.0,0.0,0.0,0.0,0.0,0.0,107.02750371514814,0.0,0.0,0.0,0.0,0.0,0.0,0.0,0.0,0.0,0.0,0.0,0.0,0.0,0.0,0.0,0.0,0.0,0.0,0.0,0.0,0.0,0.0,0.0,0.0,0.0,0.0,0.0,0.0,0.0,0.0,0.0,0.0,0.0,0.0,0.0,0.0,0.0,0.0,0.0,0.0,0.0,0.0,0.0,0.0,0.0,0.0,0.0,0.0,0.0,0.0,0.0,0.0,428.9510317438106,0.0,0.0,0.0,0.0,0.0,0.0,0.0,0.0,0.0,0.0,0.0,0.0,0.0,0.0,0.0,0.0,0.0,0.0,0.0,0.0,0.0,0.0,0.0,0.0,0.0,0.0,0.0,0.0,0.0,0.0,0.0,0.0,0.0,0.0,0.0,0.0,0.0,0.0,0.0,0.0,0.0,0.0,0.0,0.0,0.0,0.0,0.0,0.0,0.0,0.0,0.0,0.0,0.0,0.0,0.0,0.0,2606.4039274263355,0.0,0.0,0.0,0.0,0.0,0.0,0.0,0.0,0.0,0.0,0.0,0.0,0.0
CHE,85266.95994656958,62476.47087244019,181864.60363442756,5596.496468897956,161061.58188696278,0.0,5590946.638124663,223957.51966337522,0.0,0.0,0.0,104.08683663046186,89682539.484084,86064081.2032428,559855.4550067373,2316.7128867318625,44521039.53910673,72039707.70965767,2267987.932077949,1105278.0095049124,2993532.8571952577,3383226.181255291,10150.249523255734,517679.86865746375,668346.0333974082,40031.35007709037,65200.43676355834,208954.21040532767,53844355.03021804,142155.13356840995,524886.0214840458,0.0,0.0,125141.41566840636,0.0,132184495.72692329,0.0,0.0,6744691.491577832,29237870.66085391,379376.5855323754,411507.7047074825,8822.381894448063,26156.5947278133,0.0,1665540.4563825354,0.0,144548.27034231296,889981.8361920058,0.0,0.0,225.94205592827058,2354968.1059640963,7879311.062049977,852345314.6484833,0.0,23398.35566236968,7397043.288190675,176928.83802449514,10178726.832789583,183614.21414249187,3632619.918003086,4181.616895115882,0.0,39070411.07680614,1851267.101685538,708746.4321335873,4993299.687710542,96572.21693181065,0.0,442754390.90476376,18073.86585491272,0.0,19808.56047676294,99313617.46513213,2732489.2111083525,20394508.81311808,33805.66613167024,21563.126886369137,18375.432609541233,0.0,2804609.603141136,10878.022859201461,7213930.046086205,246722.46729657106,0.0,25665.874690871653,7935.375546709337,0.0,95929.9886299372,1259370.912910581,1876.804466700619,4681324.156128195,34078541.33966598,8651690.045588665,0.0,1342836.6572155291,322577874.05056345,1240630.3252849425,2867373.6794826956,1722558806.9474134,202554461.370938,168448.7719749537,1595101.3065923485,23611921.87264747,464892.0072721265,1144482.5559595348,52791.45549868428,88520.3940922405,510134.07081218425,14247353.711055716,9936728.856207429,0.0,3961400.1479448113,4759.579961400057,1285819.3326538422,2025.94637672311,0.0,5256717.848215996,0.0,629511.7646793355,1298834.7605249535,316151.22404994187,7086532.94657417,187436.56375956934,3566610.115389785,975095.4977795995,4391518.6192075545,0.0,0.0,55769.06827294265,1408817.446191424,3730.997645931971,330090.07130516577,63715.45755546028,0.0,1830.5305943505346,2051109.5338262815,9019.375643750458,1975575.9334863573,18196561.676538035,34931979.97380839,26074.047935360708,241038.2705171387,881509.1013549955,0.0,219600.0304669616,18543.680343437314,0.0,79648019.22735131,30990123.484474793,1790785.0540129947,0.0,5307354.330739116,1469428.3059135852,21942429.94992058,1490212.9265302306,0.0,657016.816961453,46460912.26650366,0.0,3578.1053072203326,11533415.200627463,0.0,0.0,21569951.68276827,1318819.4540154422,0.0,596543.5765949084,5561103.052114678,1905995.4964831413,34418562.91926931,160041.23238563316,17774721.966301724,0.0,2237690.7224988355,35559841.903229624,0.0,0.0,0.0,6260.783983014107,65555.02110149877,1097729.0753220553,69576.05047027026,0.0,0.0,3096423.9688846264,0.0,561.7069678469647,103.1170998145343,12163815.983708404,1650694.693701834,28176570.81979771,0.0,213722.2885967282,658746.9915868508,0.0,0.0,80988.40585866568,26920583.072674267,50374.976890485705,0.0,107208.05404229715,0.0,6398.730140550333,51254.48148633931,3283772.6442124327,0.0,0.0,8289173.829070002,3626074.273152016,787220.3094595139,9604928.423794681,0.0,1188822.1766194804,181442418.8091973,14276.335617925697,111.95177347373848,5441827.224012071,5700.539846896983,0.0,950369.3067964094,0.0,0.0,0.0,13539148.074016202,26989220.201335028,75329.3421705771,3905364.4800234204
CHL,285752.86332268914,0.0,707103.137516005,6615.143937207812,15862.378565127168,0.0,45667482.792671815,75298.24016176078,0.0,0.0,92235.50340851533,90025.19688548656,15858573.362919876,3710938.3037277884,322790.080682879,0.0,14525927.9823699,105273.08385298512,13940.739585037414,46625.366219101445,186612.40661503334,507183.18812182016,104542.77782475248,168979.0516649342,996495.2559260842,84527.02080506003,33257.978879932954,43730418.931296594,112981889.490333,266056.01033914584,4595.967227979988,0.0,0.0,0.0,0.0,48580206.650851786,0.0,7893480.600819117,0.0,138948124.76476994,41774.458374129106,48087.336783111765,156696.75766551323,397473.28093631496,97.75547888108285,68403638.8738288,0.0,12131.772481758893,15454170.068594018,3779218.563842885,0.0,21507.487022374502,348937.5289512711,2200578.69063344,54426184.530636325,411.6639433797303,8601.563899760919,11136368.092837412,4430366.476773207,1368769.4853622743,75053474.66274475,2469325.093478186,0.0,0.0,54896180.219103396,1169005.104805041,25939.01990234547,5700562.132943517,19998.045472962407,0.0,31796179.81223487,7252.036244589002,3276.048128393866,13876.635910640289,91868933.4331005,655321.7593655189,87000.55543046899,0.0,6344.05139802238,0.0,10723.7486079997,1947651.7777056913,36585.24624918823,42647.54490233981,19718879.26249277,0.0,1465.6841125804542,60179.0022305796,0.0,3053961.9588724067,439725.4319118319,2006202.7254522645,1088100.590601701,8054004.100142373,6533487.235974642,0.0,5561488.537726003,888286.9950527671,233575.3493563048,502662.34987341653,993758.237963728,58783306.71883747,695789.5766868114,496582.5583785048,35764131.52734051,385889.0509916351,196003.4285906445,6052.503136631748,91407.15836968314,0.0,29143731.660736833,1482615.482328639,0.0,462212.52844569914,32170.035850868113,881755.6664336342,47601.417899249886,0.0,716225.2506284984,0.0,3008016.981329447,8258.688006040278,1663184.4070213973,1225652.9641558332,182606.91019372744,17996.88263322936,19768.072359907725,121545086.39757997,0.0,0.0,25672.964134256625,236494.66132290216,3130.7576542310253,59280.67321102609,61669.40194532593,0.0,557412.7042793392,39307.80098269464,127.72858723093633,43475.37259567484,96.91075828378527,3346439.425832804,0.0,51693.647604992904,12345.38789263583,0.0,405865.95633010287,8566410.882836971,0.0,135460277.0459904,7430576.631261196,9146.314318107567,0.0,1883020.5802727097,506727.2539337303,1386422.2598139595,9942935.723678682,0.0,124659834.88415988,2678975.4305449873,0.0,25909.203387229692,10856912.808344832,0.0,0.0,8166539.773970242,11788698.741525462,0.0,59971.57109039588,623556.8983255958,1252262.2895514364,53709193.50676724,4516.396918747183,16126547.406428775,0.0,13197.838003480065,2816552.1525475257,0.0,0.0,0.0,0.0,143520.61986453724,3585041.52067087,0.0,0.0,0.0,119983.76051192691,0.0,32.63578666379194,45739.76692405002,614518.0030872483,694871.145662334,8603789.738566801,0.0,11939.835395739156,63106.791779431194,10217.693803379436,0.0,39101.2575469847,4214413.734912124,2129.756669880155,0.0,0.0,0.0,4894.862080218011,852644.3608692957,335233.9616256333,0.0,391.43449697321205,23341804.83622964,27903.395362008814,1733.9203341952855,4036823.1579470444,0.0,10983180.124922365,489383810.8623847,5760.000400393326,22524.96779142785,52874337.692457825,10038.006543480702,0.0,3008484.875279192,208.13522726035694,0.0,1468.4667796770198,109018.75139878574,949687.2322596686,4744.60860999068,3552.17036006861
CHN,102883.40736340251,21771673.855943374,20204343.578564797,0.0,3014466.670994943,0.0,19687784.367581334,6028900.5809855955,0.0,0.0,0.0,157977.64412160547,388852896.7783275,12574018.698562827,3332372.1500838334,822513.6377899487,148799573.55870217,96929601.69652803,9592950.717413515,160610135.04500994,29162270.06664197,5351493.063186898,62772.63083171394,3073634.817508903,17764405.51308693,72374.21044156566,20700.105174710905,14232076.96870583,228480127.56636924,270526.0915602366,2267669.481309998,2168.3383039703376,0.0,6768974.32349823,892708.7887217683,160347783.37671474,0.0,31889782.541173056,175103856.79882127,0.0,53364404.733772025,70467131.45685951,19093228.156908046,3384383.0602738084,0.0,118256442.91682176,45125.17892236893,519042.5539309014,48750976.55545337,75251013.57742557,0.0,0.0,2535261.414995193,9703642.691760633,539071470.5148847,3769096.4558607093,276070.5023828316,38007742.878577605,12064368.02612335,161680894.3830932,27694082.615402833,218990624.41740248,420201.5367106513,94622.98774056064,152552606.78841484,20756732.692454252,14349578.731843086,4059109.2433345784,3788197.3056515134,0.0,224540886.79570585,2451.7689163260757,174779.85770558874,1460161.6032301837,276667935.46905535,14358785.709423056,105822580.43754095,1662.5438569658088,33536350.546031713,1229293.285444674,297454.6873412394,28761300.161604207,17413.15619405371,2501.8889189305273,25065861.173230056,0.0,0.0,2767432.386263811,0.0,3473957.080594629,18378476.203625724,10288660.753424628,10730681.87654499,1351200255.2629387,382415044.60297805,0.0,5485663.602018386,174326317.08758873,24340616.536994237,665131.105992603,91030328.54085392,149733375.3871047,2714157.80272724,23622519.22652817,2285438902.693547,101000025.18624966,16201195.997059451,34408087.16093688,22989505.493168317,1062148.3196019984,2254750210.352835,25219755.14126974,0.0,26492407.232708365,38844822.61501593,31642889.84813936,22865.280523934587,0.0,70848036.91433544,306762.2328742853,14157352.393716924,88696.6251220521,13345607.856996175,477823243.9470701,1540045.4626951932,6437863.225358187,898755.7962446102,58238881.31632426,96370.31917930338,0.0,52249633.25423267,493149.8391054789,86823829.47820607,4734447.971042741,85764381.92059195,0.0,9015776.835515063,111685478.2423087,115.18435978918495,4840949.976366968,1756291.6860676112,856937272.6766057,2419660.4350319197,619582.2358814306,30851064.146820888,0.0,272438903.93361306,2466170.300506331,0.0,378821335.78226584,16324593.5433556,21179081.631231446,12029.926204876987,78111749.33334894,15499976.480998347,235482575.89029276,8616436.96657637,0.0,188251474.4767416,907400493.5839968,39354.6578860655,20398783.357684758,86167980.58737493,0.0,0.0,19188340.361014318,4832107.6056082165,0.0,287188.0144523837,7263801.621856239,29039296.607756417,1099092119.7199905,642248.3350413798,125537960.50066338,0.0,117102626.02398254,417890104.4084131,0.0,0.0,0.0,1692723.5867532578,5340919.883332353,9614367.153414074,0.0,1640158.9054519946,0.0,17254275.947448373,0.0,49671.244997292924,788948.7184862939,1841996.9540526082,7231536.577381082,17083014.158383116,0.0,1530013.4863786506,30984019.64904883,0.0,5957674.903438113,122307997.99433698,844696278.0612322,21204065.787654947,0.0,24652587.11665987,1330656.9958521782,262451.56291691936,3024497.2955457172,29281335.01308808,0.0,7059.099682811404,363960567.746502,6154232.477258352,2429031.2455210383,78038904.05390358,0.0,11312065.217435883,1038416288.1046262,187900336.97665745,22268.197151873537,93732154.55812238,0.0,0.0,1336060479.3084478,2292764.5560457553,0.0,2908385.7265124824,90716152.72491877,379016775.72639,2968672.851264581,15572822.44719516
CIV,0.0,74.62923324048137,944349.2041717685,0.0,4717123.251070846,0.0,113689.42373672586,11734740.61631093,0.0,0.0,0.0,0.0,62897294.17218353,2379433.742242257,1198.49018883922,1279.8442823785338,2250360111.959771,21498445.7773046,329101895.52743,44890026.01550133,49279376.11138296,1819458.2424324164,159275.1782553375,4375338.202052209,9934094.299245907,451.7437295345925,0.0,0.0,365042365.39869034,0.0,0.0,0.0,0.0,0.0,40384.077452949736,538454489.5508835,0.0,100504806.69504261,4183652.13904224,309116350.1669112,0.0,15557461.503873646,11058566.627038142,755387.6887965453,0.0,56658.47453308511,0.0,2336018.3040010696,31782.52933657177,93842.33197489241,0.0,0.0,0.0,47572863.25780779,1869381452.2615733,238703.96350429772,0.0,4694957.8261965085,0.0,3278703751.921747,62126065.25529286,24413105.381319948,58494.80192150102,0.0,1153425113.1097953,669420780.8432747,238703.96350429772,155780.4118772483,0.0,0.0,2254704840.476464,0.0,120871324.96522076,705256.8943682979,1011901065.5462306,193319.58891366643,168610326.20449135,0.0,5366037.337219192,12262.101589470465,7049.9285164615685,14645651.027898101,0.0,995.7448138533039,14371.89641867039,0.0,0.0,0.0,0.0,0.0,5940788.889083701,0.0,125612.35218118204,354550209.9671008,2684662551.824963,0.0,46648.88703428445,11776833.767788801,0.0,17628047.540633697,42888038.08598504,1138428538.2546315,6087.706323958792,1841131.948176149,52234371.078148514,9649794.311000472,3853.1244741187597,1049.9278404410807,0.0,468454.770514656,136561259.90537342,83863.05479297422,0.0,3017300.0371740516,3840512.2331093485,624370.4213459991,0.0,0.0,5216031.914416763,0.0,10869276.023779163,3851946.836916397,1964198.4832487078,47447440.01471324,10329678.67653167,289241.5438489683,0.0,298703154.4748139,0.0,0.0,284675166.92223597,3114.8014629001354,229000.9756078889,7408.6162761016185,1085.7768235841463,0.0,80926.89779096084,7025079.25312911,0.0,6724716.8753908705,0.0,718848899.8812268,0.0,34734.11945089183,73021130.97432382,0.0,235585663.07005,0.0,0.0,6380360168.469415,5482301.843175894,0.0,0.0,1407115.144389472,423.09218712519686,12263089.515298141,284971.4405707058,0.0,3991.1883045017353,8330485.729203552,0.0,0.0,533761139.20904225,0.0,0.0,150605085.08252302,0.0,0.0,150137.68449474432,20731.344661798248,916293.1664349997,615638388.7485359,812.738550156101,7195468.008987878,0.0,227850693.94898075,87972311.7085378,0.0,0.0,0.0,0.0,380602.64863211924,0.0,0.0,0.0,0.0,35940294.54082998,0.0,1294.4429213580474,0.0,1770949.8403616787,788761.5105967573,1252844.8664140098,0.0,0.0,3599222.556917799,0.0,0.0,61244832.94196153,51140051.37235546,0.0,0.0,0.0,0.0,0.0,43846.63036371795,58059094.38487668,0.0,0.0,34659244.28289138,359474.59075309965,147.64286123181708,253575066.98062754,0.0,641878.8974081234,4484982078.851947,181615.84614365993,0.0,0.0,0.0,0.0,1319443238.9392447,0.0,0.0,0.0,8824.028826706402,76215698.34455055,187430.10483976325,0.0
CMR,0.0,1453.6311461382065,1174626.685269338,0.0,2256748.9536612094,0.0,637.2040108358583,873232.9595807956,0.0,0.0,0.0,510423.764980713,118352.53845377908,9556325.0386757,0.0,0.0,329722633.8709734,53553.07003937274,1488890.3991673505,45149335.23500594,1311869.3932999438,5216458.776028474,0.0,2150257.085727119,1374969.4922475312,0.0,0.0,4181.42696059462,4434135.276895072,236922.6649916202,0.0,0.0,0.0,0.0,14888145.00441255,2942357.6356814466,0.0,11209295.312740333,0.0,341811278.8481016,3433642.0859310008,0.0,169851.6115009298,30595686.60435032,0.0,2340.2334002602183,0.0,63944.2735077154,3938.855305196081,0.0,0.0,0.0,295.68592724268876,12610130.076010577,252802539.52541378,0.0,0.0,934071.667543373,58237.80155303974,90842278.7951323,0.0,15067392.69904492,0.0,0.0,329328904.34627146,2616808.126890024,79945.6406542621,192892.82924862718,145.97756621426916,0.0,736280502.6701669,0.0,0.0,31040218.533355936,157997410.22888893,601786.9793304136,67867.05957164471,0.0,2435.4019911415576,0.0,5502233.623255569,5750651.258155909,0.0,0.0,0.0,0.0,0.0,0.0,0.0,2105.298109151061,5150528.932886183,836.2809607069859,2438470.3664313382,97527163.08324642,13892591.164224165,0.0,6108.768989019693,0.0,0.0,0.0,2815919.2368183914,283407733.90006036,0.0,80990.69196445304,10610313.0946391,0.0,0.0,0.0,0.0,0.0,178851.34800929378,16051.357628226633,0.0,1183813.5116654688,0.0,36800.68557586235,0.0,0.0,0.0,0.0,490187.2652989312,28914.15154922463,96654.41793434456,19073651.589019347,0.0,7020.700200780655,0.0,659056.8468332052,0.0,0.0,19022.771541267575,0.0,0.0,8366.044940926438,0.0,0.0,83817.83590156317,0.0,0.0,3309867.654998506,0.0,378024810.26622385,0.0,0.0,3880.3213884179577,0.0,3434904.800837914,0.0,0.0,3157688462.221861,131482.40917725125,35426.39017217651,0.0,59.20950711643713,0.0,3140497.3783808835,0.0,0.0,0.0,0.0,0.0,0.0,6911824.9764295565,0.0,0.0,152703057.78575426,0.0,0.0,0.0,47236.01136490129,1290989.3148420425,31492301.9395586,0.0,391.0217464943719,0.0,583237.3658842273,83595783.00321215,0.0,0.0,0.0,0.0,1633.8708072141794,0.0,0.0,0.0,0.0,3675863.141986562,0.0,634254.848190028,0.0,52088.52824034104,4111775.487265026,277.7751547411184,0.0,0.0,0.0,0.0,23218275.71332763,469975.35204912286,48407463.17918442,0.0,0.0,0.0,0.0,0.0,10643.902333370292,42210797.87459395,0.0,0.0,4721942.057920318,0.0,0.0,10869037.183599405,0.0,0.0,233361554.48155415,0.0,0.0,255703.4420808859,0.0,0.0,21878083.275996573,0.0,0.0,0.0,0.0,822462.5617106752,0.0,0.0
COD,3748.056919579145,0.0,593070.4185477825,0.0,0.0,0.0,0.0,0.0,0.0,0.0,0.0,0.0,18664.180788364305,239560.67353300817,0.0,6493706.521332285,27396189.561970994,0.0,0.0,0.0,0.0,591688.5447384915,0.0,7270.918968460126,57723.0111039711,0.0,0.0,0.0,0.0,0.0,0.0,0.0,0.0,0.0,78971.85346770001,4096798.332432305,0.0,634105.511552518,0.0,86350.58842854839,127893.22097809825,0.0,0.0,12245440.38021506,0.0,0.0,0.0,0.0,0.0,0.0,0.0,0.0,0.0,56367.21730188428,30081427.9165072,0.0,0.0,139908.4072819585,0.0,47956.96103171029,0.0,0.0,0.0,0.0,22279832.192316122,48340.89532276464,0.0,2997253.414800484,0.0,0.0,23564076.001542494,0.0,0.0,0.0,1849818.1778243193,0.0,0.0,0.0,0.0,0.0,0.0,241688.66049247162,0.0,0.0,0.0,0.0,0.0,110.71374377002195,0.0,0.0,21197.253148803316,0.0,5039.169018351031,389297.4403762533,3398882.886106327,0.0,228521.83676362538,0.0,0.0,0.0,135566.99476316568,36734978.56691188,0.0,0.0,699226.8998236919,18766.988240783772,9536499.651620377,0.0,0.0,0.0,0.0,0.0,0.0,0.0,0.0,0.0,0.0,0.0,0.0,0.0,0.0,0.0,44339.86661837274,1168209.058337936,0.0,0.0,0.0,0.0,0.0,0.0,14053.688715259868,0.0,0.0,138.4698879470313,0.0,0.0,0.0,0.0,0.0,0.0,28176.902280618942,2078.8220659657013,0.0,0.0,0.0,0.0,0.0,0.0,0.0,10789753.912792498,179611.76548818595,41043.60680985667,0.0,93150.84831955683,0.0,501352.0622550988,0.0,0.0,0.0,0.0,0.0,0.0,460696.88234222424,0.0,0.0,1784662.250232423,0.0,0.0,0.0,0.0,1730736.3624002156,727895.7910683905,92278298.00318035,0.0,0.0,14760.85926422597,0.0,0.0,0.0,0.0,0.0,0.0,0.0,0.0,0.0,0.0,0.0,0.0,0.0,0.0,0.0,0.0,482143.9386408922,0.0,0.0,0.0,0.0,0.0,39259.86205893585,0.0,0.0,0.0,0.0,0.0,0.0,0.0,0.0,0.0,0.0,7002.094351674876,222498.95161712822,1874664.3491180507,26089.736457556173,0.0,0.0,17392853.363033365,0.0,238.520364965491,0.0,0.0,0.0,0.0,0.0,0.0,0.0,0.0,1009631.8204884245,194053.68951876462,46325.21597933897
COG,0.0,0.0,5074838.896912536,0.0,22890.25937665743,0.0,0.0,0.0,0.0,0.0,0.0,0.0,22408.428753565364,19570.761372957266,14990.600538042154,0.0,19883313.532637518,43853.22665898626,0.0,0.0,0.0,1402.6411669437302,0.0,630168.4324305392,11291.96385521778,0.0,0.0,0.0,0.0,0.0,0.0,0.0,0.0,0.0,846832.2383251172,1018778.17214207,0.0,1284169.203971045,0.0,20163.782606834164,93711.54850485308,18871505.428527646,13228.406648728622,0.0,0.0,0.0,0.0,0.0,0.0,0.0,0.0,0.0,0.0,1865768.9414010507,63593732.03098147,0.0,0.0,790518.9217961082,0.0,29753.15005365359,0.0,0.0,0.0,0.0,20700926.211037304,0.0,0.0,212819.1710313917,0.0,0.0,12869463.709638232,0.0,0.0,0.0,3976714.598895913,0.0,200.48496133826612,0.0,0.0,0.0,0.0,71233.72978142998,0.0,0.0,0.0,0.0,0.0,0.0,0.0,0.0,724544.9694849454,0.0,509.9694182783413,0.0,2449063.633769339,0.0,0.0,0.0,0.0,0.0,141696.65724856887,81296256.6389293,0.0,0.0,268210.34724435234,0.0,3623.300953592516,0.0,0.0,0.0,49653.33134680514,0.0,0.0,1824.3047206324873,0.0,0.0,0.0,0.0,0.0,0.0,0.0,227.9242718427982,0.0,6372748.544418026,0.0,8575.950862630903,0.0,0.0,0.0,0.0,8614.542753519714,0.0,0.0,60.11117466870525,0.0,0.0,0.0,20266.3078303146,0.0,0.0,0.0,2491403.283795668,0.0,0.0,0.0,0.0,0.0,0.0,0.0,4213661.99816727,0.0,0.0,0.0,166584.64449552525,0.0,828577.2894859058,0.0,0.0,0.0,0.0,0.0,0.0,7859978.007211864,0.0,0.0,3578432.986873633,0.0,0.0,0.0,0.0,4345922.38826448,169146.88963179308,395.8137397197288,0.0,0.0,346267.1926232562,415382.94728018844,0.0,0.0,0.0,0.0,0.0,0.0,0.0,0.0,0.0,3914.152274591453,0.0,0.0,0.0,0.0,153843.31368925003,1764732.3813362943,0.0,318.7366725603879,0.0,0.0,8656862.406141037,12341.627440286386,0.0,0.0,0.0,0.0,0.0,0.0,0.0,0.0,0.0,0.0,30516.510693577868,0.0,0.0,167222.86044778337,0.0,0.0,1717563.7490995235,0.0,0.0,0.0,0.0,0.0,0.0,0.0,0.0,0.0,0.0,937445.163620991,0.0,7299.3286746505955
COK,0.0,0.0,0.0,0.0,0.0,0.0,0.0,0.0,0.0,0.0,0.0,0.0,2096.1270535164754,0.0,0.0,0.0,0.0,0.0,0.0,0.0,0.0,0.0,0.0,0.0,0.0,0.0,0.0,0.0,0.0,0.0,0.0,0.0,0.0,0.0,0.0,4594.7356961227015,0.0,495.54423962968497,0.0,15673.736868354375,0.0,0.0,0.0,0.0,0.0,0.0,0.0,0.0,0.0,0.0,0.0,0.0,0.0,0.0,6566.890261257279,0.0,0.0,0.0,0.0,0.0,0.0,0.0,0.0,0.0,0.0,0.0,0.0,0.0,0.0,0.0,64.48263013564195,0.0,0.0,0.0,723.3956115829598,0.0,0.0,0.0,0.0,0.0,0.0,0.0,0.0,0.0,0.0,0.0,0.0,0.0,0.0,0.0,425.03460486572453,0.0,271.67284530949854,0.0,0.0,0.0,0.0,0.0,0.0,0.0,0.0,0.0,0.0,0.0,120232.5143261526,0.0,0.0,0.0,0.0,0.0,6999.8614033905,0.0,0.0,0.0,0.0,0.0,0.0,0.0,5816.299341004565,0.0,0.0,0.0,0.0,0.0,275.5824798464078,0.0,0.0,0.0,0.0,0.0,0.0,0.0,0.0,0.0,0.0,0.0,0.0,0.0,0.0,0.0,0.0,0.0,0.0,0.0,0.0,0.0,0.0,0.0,0.0,0.0,1049.5112128874498,0.0,0.0,68775.11393686305,0.0,0.0,0.0,0.0,0.0,0.0,0.0,0.0,0.0,0.0,0.0,0.0,0.0,0.0,0.0,0.0,0.0,0.0,0.0,0.0,0.0,0.0,0.0,0.0,0.0,0.0,0.0,0.0,0.0,0.0,0.0,0.0,0.0,0.0,0.0,0.0,0.0,0.0,25146.19957773842,0.0,0.0,0.0,0.0,0.0,10570.523732792482,674.3994751199158,0.0,0.0,0.0,0.0,0.0,0.0,0.0,0.0,0.0,174.9965350847625,0.0,0.0,0.0,0.0,0.0,5898.849257628641,0.0,0.0,0.0,0.0,0.0,0.0,0.0,0.0,0.0,0.0,0.0,0.0,0.0
COL,2122605.3374471758,376777.80080274644,3713336.578221902,0.0,1176042.4257285336,0.0,30674191.54390742,966271.0622697028,0.0,0.0,0.0,773238.5237218656,68973623.1461824,1752066.365986251,269177.24943092425,0.0,832903564.1007543,810180.0196706982,11211.262570034898,0.0,2988268.03527617,258603.9059115876,3074618.817133802,4032176.9173200163,3807843.3267840613,327060.01320692856,39512.37589446446,8950864.488435673,56082255.57952267,2487353.4282538327,447.4837279089905,0.0,0.0,0.0,25747.832355548053,595402814.4109107,0.0,9409406.468029022,203145036.93950942,14773182.705606274,11675312.535289261,189249.16979013733,743889.4554995983,1297889.8312267559,0.0,0.0,2756.639111683011,114826.95428676275,13792314.350383855,4723401.735942111,0.0,2139.9728918043565,265998.99698806193,2265617.6909468286,776204569.8927319,0.0,942716.3368514845,24727410.580389515,43979957.59675663,8982595.317755323,121549681.00657815,2379903.5582317617,0.0,0.0,289479623.76968896,14822314.384432338,0.0,163014212.04190013,94437.33935285412,0.0,138254538.65469277,96006.21111067322,0.0,2006.3000933503233,498070142.9178417,2414197.079479075,2400645.350150422,0.0,73638.66929370453,68458.44831955803,6915.5628007580635,13470712.862150984,727515.7100874084,843.9379997347245,3171096.6316777677,0.0,32.57490750374923,6136930.044042796,0.0,3486632.3915713844,5376901.728302669,83400167.01892194,145068.87631786783,1869475.8028169286,6660136.665703871,0.0,5076354.409895971,602716.463251418,59116.33321015848,1889513.0119371878,47983553.05323936,303228547.8159762,40554911.11824821,8583636.310369696,1000836407.5050755,99526.94808539221,925891.695048784,3055.396638704215,349176.6890532214,0.0,246061349.46922937,661045.7486701872,0.0,6091636.405266068,769416.2302068404,3780841.264615519,2041708.6341937822,0.0,15880055.08510372,0.0,3629592.802688275,227428.76445396882,2447678.366113035,7377469.05329763,252940.04529438214,200932.60543703433,0.0,188122001.9283949,0.0,0.0,181004.7337474366,184012.16003523726,218.24261705030108,380399.1485854579,2924.1157176921324,0.0,3229652.3347743354,2489226.433053804,59845.71066940025,111553.41932805144,66969.179953604,38225218.70658675,0.0,39634.19019420532,13274.794762402582,478267.7354166823,84456.59839554976,26393.52785931241,0.0,268642277.1219778,111820481.06755371,0.0,0.0,16521892.085879913,524983.8661817813,4332233.7335561635,30529809.307278235,0.0,186274297.01957893,87029.11963749916,94.18096091443911,0.0,7918869.610729571,0.0,0.0,31330660.278495714,308790.1278458191,0.0,359438.89468693524,70920.44487711304,13219922.763997028,58874434.51013511,22703.08337406879,3797690.6084643537,0.0,1955193.7563307902,5278724.536147274,0.0,0.0,0.0,0.0,10298.846063659681,3220527.991519762,0.0,0.0,0.0,4260630.0735478215,0.0,0.0,7369426.918227835,101396.82075998808,11395724.931457093,141312960.77772936,0.0,0.0,19146117.26473488,0.0,0.0,872005.1376684116,138052.34038658676,0.0,0.0,0.0,0.0,0.0,44649288.63953054,11276128.77166709,0.0,0.0,17021804.170992717,3530211.716666715,2729176.464442757,4519695.942731599,0.0,1321709.3985154245,3749706924.33917,0.0,989335.339526591,100682095.03154925,150462.7264140021,0.0,680959.8240160155,0.0,0.0,30730.360704513914,3282816.10185153,48809070.152147666,1163985.4900520027,3687485.1079363893
COM,0.0,0.0,0.0,0.0,0.0,0.0,0.0,10569.181284394037,0.0,0.0,0.0,0.0,110415.69226805985,0.0,5332.876637306622,0.0,447493.4722700965,0.0,0.0,0.0,0.0,418718.6829393438,0.0,5235.232417186923,26362.96023674464,0.0,0.0,0.0,0.0,0.0,0.0,0.0,0.0,0.0,0.0,526540.1721483648,0.0,45714.292001484646,0.0,0.0,0.0,0.0,0.0,0.0,0.0,0.0,0.0,131515.726066649,42922.64642952205,0.0,0.0,0.0,0.0,0.0,6070203.864742147,0.0,0.0,0.0,0.0,1283131.5042546834,0.0,2630168.192079877,0.0,0.0,1439293.3271110542,0.0,9289.845186661942,0.0,0.0,0.0,2625123.211447191,0.0,0.0,0.0,926170.0623848685,0.0,0.0,0.0,0.0,0.0,0.0,1945913.2154289351,0.0,0.0,0.0,0.0,0.0,42040.721923097466,0.0,0.0,26898.973324262453,0.0,0.0,1815509.3087596267,33687795.21418234,0.0,0.0,0.0,0.0,0.0,10304.335157836176,1089171.4647562248,0.0,0.0,31997.259823839737,20824.549813154626,0.0,0.0,0.0,0.0,5235.232417186923,512100.4028290359,0.0,42993.799268158575,0.0,0.0,0.0,0.0,0.0,0.0,0.0,0.0,36122.42299544117,110593.11831743713,5367.6707012068255,5486041.573316904,0.0,300947.57429752406,0.0,0.0,0.0,0.0,0.0,0.0,0.0,0.0,0.0,17222.45947779169,0.0,5235.232417186923,0.0,263766.0666870523,0.0,0.0,0.0,0.0,0.0,5235.232417186923,0.0,14034703.76686924,47596.171862010844,1569109.3927974242,0.0,0.0,0.0,10236813.149309514,0.0,0.0,0.0,0.0,0.0,0.0,139526.44097303285,0.0,0.0,0.0,0.0,0.0,0.0,202982.89386984723,0.0,3486468.6404724997,60.65406030469637,5275443.598373064,0.0,0.0,42182958.25613009,0.0,0.0,0.0,0.0,0.0,0.0,0.0,0.0,0.0,58158.28701384305,0.0,0.0,0.0,0.0,0.0,0.0,0.0,0.0,0.0,0.0,0.0,0.0,0.0,0.0,0.0,0.0,0.0,0.0,10778.172908197677,176896.5041179022,0.0,0.0,47350.84061526543,0.0,0.0,366485.2501848658,0.0,0.0,6559586.842177293,0.0,0.0,0.0,0.0,0.0,0.0,0.0,0.0,0.0,0.0,1890084.3970038267,0.0,0.0
CPV,0.0,0.0,0.0,0.0,136819.38695382403,0.0,0.0,0.0,0.0,0.0,0.0,0.0,0.0,0.0,0.0,0.0,663.690958751286,40462.95068855164,249.28255929736827,0.0,0.0,0.0,0.0,84.36086895092824,0.0,0.0,0.0,0.0,1142243.0046751755,0.0,0.0,0.0,0.0,0.0,0.0,68.04655787524813,0.0,63160.160442272914,0.0,0.0,0.0,0.0,0.0,0.0,0.0,0.0,0.0,0.0,0.0,0.0,0.0,0.0,0.0,0.0,1963.5184408878329,0.0,0.0,0.0,0.0,0.0,6159.7163884075635,10365.102725069768,0.0,0.0,81544.46272168728,0.0,0.0,0.0,0.0,0.0,2252.2613627943433,0.0,0.0,0.0,36007.81260140732,0.0,1171171.115107894,0.0,0.0,25147.358967873442,0.0,0.0,573.9425629581793,0.0,0.0,0.0,0.0,7324.672592382637,0.0,0.0,0.0,0.0,0.0,827.9593758828073,5613.882551926359,0.0,0.0,0.0,0.0,0.0,0.0,11126.368915498399,0.0,0.0,5022.414102778228,0.0,1425.362405665049,0.0,0.0,0.0,0.0,0.0,0.0,0.0,0.0,0.0,0.0,0.0,0.0,0.0,0.0,1077.9257704415393,0.0,0.0,0.0,0.0,0.0,0.0,0.0,0.0,0.0,0.0,0.0,0.0,0.0,0.0,0.0,0.0,0.0,0.0,0.0,174.10705305321287,0.0,0.0,0.0,0.0,0.0,0.0,0.0,99981.13983467281,0.0,0.0,0.0,0.0,0.0,0.0,0.0,0.0,0.0,0.0,0.0,0.0,0.0,0.0,0.0,224839.5967499948,0.0,0.0,0.0,0.0,0.0,0.0,0.0,0.0,0.0,191094.12328255794,0.0,0.0,0.0,0.0,0.0,0.0,0.0,0.0,0.0,0.0,0.0,0.0,20219.709700696265,0.0,0.0,0.0,0.0,0.0,0.0,0.0,0.0,0.0,0.0,0.0,0.0,0.0,0.0,0.0,0.0,0.0,0.0,0.0,0.0,0.0,0.0,0.0,0.0,0.0,0.0,92578.30866834703,0.0,0.0,0.0,0.0,0.0,0.0,0.0,0.0,0.0,0.0,0.0,0.0,0.0
CRI,1459903.149315063,131437.19679454327,95851.26258444776,0.0,171961.51638815072,0.0,514337.7234730948,102864.21642823608,0.0,0.0,0.0,249394.21288487097,23617704.492786374,1152786.2542700926,70019.57064446821,367.885042218362,210339348.63780272,0.0,12.484171125796308,0.0,459405.0771357698,13954.006057194172,7651086.23198496,748692.9568838181,9870391.229872428,284342.48584307346,9699.135355720602,48707.59640337173,447922.88831622724,889385.5520826107,0.0,0.0,0.0,0.0,0.0,70280298.57756162,0.0,29018827.975678716,2242587.319070476,8311651.716802834,1138726.8963799302,0.0,0.0,152870.235563676,0.0,4910284.238025281,0.0,1331.4967380234457,0.0,419398.4602211014,0.0,1824.0957676943735,5787.0150608977465,486731.66445066343,108185986.96461885,0.0,282724.405483543,2418495.037778004,8678132.149953034,539984.6392741271,420064.68207682244,317404.00146408274,0.0,0.0,40186265.20525292,96834.79140489177,0.0,14387631.576217758,7566.465388401083,0.0,23505357.912189383,5396.394345388831,0.0,732.2226460742417,132755237.86065578,56827.918144570715,0.0,0.0,0.0,0.0,0.0,8803476.420567514,27436.671063325524,3551.127049184488,19929359.79022427,0.0,0.0,449607.8236622261,0.0,23963953.05030109,871510.6896647381,25501.699550109366,21935.784101935864,6992573.351954698,1667868.1374677133,0.0,14469964.14809835,2112517.7612706255,320881.72323019995,853629.5249950296,13629379.56836433,106336929.35011408,4364468.742824336,88699.97189609212,30890560.83965167,457120.1930364569,0.0,201055.9564659377,1394.0426767516574,0.0,18038720.640124712,162446.9406969646,0.0,124647.00032226904,0.0,1426399.5106853275,3112.5683892740444,0.0,495038.8300704497,0.0,2718206.404638441,0.0,227172.50953976056,3327484.6053468557,379061.164652347,1307.9736186620732,0.0,343964682.7756807,0.0,0.0,0.0,191360.28587121214,3824.122711849697,1364994.4036460917,1378.3966829533038,0.0,0.0,0.0,0.0,14577.666029341393,0.0,2738197.2486790377,0.0,51069.78145867609,0.0,0.0,202.30457094889354,110784290.00069346,0.0,129994758.78744204,14689897.383888092,0.0,0.0,25531765.88530756,797546.3612739786,216.82979359693394,83082392.5493026,0.0,2933319.4807666107,292404.0030334122,0.0,9780.3371756682,689310.4058351018,0.0,0.0,38569460.415023126,22211.96412098972,0.0,3936.959078837661,11206.052735888807,900617.8119513529,18206633.726762578,0.0,9064487.213049658,0.0,79998.22480655106,1015357.0931538952,0.0,0.0,0.0,0.0,0.0,22551927.870648146,0.0,0.0,4367.939600032929,1247841.8745088768,0.0,0.0,32680.914404667663,37659.63800633406,1241133.0755378185,21544398.62642099,0.0,0.0,934630.4253025928,0.0,0.0,0.0,24057.83949775255,1253.8025972017722,0.0,0.0,0.0,0.0,4152318.6421983307,754457.0548545157,0.0,0.0,4055814.3182020616,0.0,366.1113230371208,4173361.9780657142,0.0,20995.856152304237,1049172103.0343916,5343.504283936098,114.22692061482182,19390814.748410124,0.0,0.0,1135.385882585244,0.0,0.0,0.0,392666.28275653487,1468010.2537481624,2425.521468828677,0.0
CUB,43573.8668315876,364806.75393231056,21862.98068817039,0.0,10267.873418922987,0.0,541303.2919120076,6035.548378103356,0.0,0.0,0.0,294.099662958156,2361616.307793326,20366.131561785354,3000924.396030436,0.0,4955220.320760825,2204.66417492423,0.0,0.0,31252813.757344287,7249.824135620123,7539.681216257731,14787342.36735548,125543586.70117003,0.0,0.0,162562.13691531454,36643.25404213444,799.4710825035202,0.0,0.0,0.0,0.0,0.0,3215260.705207275,0.0,2759139.6471607047,2102150.6936540487,1247669353.1050177,7900.459260193533,301.438774525331,0.0,0.0,0.0,1277423.0984269753,0.0,27431.924499797802,64918.77356718086,0.0,0.0,0.0,304753.521652171,73626.75734355042,7474712.581701049,0.0,0.0,123361.95665431494,0.0,8931682.653695254,432879.2624862178,7764641.356667136,0.0,0.0,109783919.70809466,26096.046476732547,3303.8837945555592,36303305.22534676,436.90511863289737,0.0,14442101.422323717,324.46599478878113,0.0,0.0,14722305.684680505,4674702.963527454,166.54261250131265,0.0,0.0,0.0,0.0,447218.6740544699,0.0,0.0,12559.705992452109,0.0,0.0,0.0,0.0,279.9566223425007,55463080.70679787,0.0,22456099.539551232,56535.274217871796,66216.27294653587,0.0,60915.94357315976,0.0,0.0,16728.809185526083,0.0,47045765.14509,5153.3991671729955,22258.847342996116,4352347.910883324,63412961.30454719,450.3990013837167,1885.6548509404213,1462.5618327690654,0.0,1771793.2359030813,0.0,0.0,22596554.341713943,0.0,0.0,5879.275620585336,0.0,979.919361302711,0.0,0.0,0.0,2891.572101222092,34585.28182685929,4260.2100460839465,20124.83759426118,149.94947800748636,900668.9218229813,0.0,0.0,0.0,0.0,0.0,3711.8282521166725,0.0,0.0,0.0,0.0,0.0,1021.9520347148488,0.0,86179.59220657538,425.2605515300211,14611.63168834223,766.5142327968578,0.0,0.0,318.19387427547105,0.0,25304275.08695358,444966.4918560933,284.8014248349048,0.0,1179774.4566288008,6951.33112976175,0.0,4072.9080901930697,0.0,7318730.005078775,149818.14181112533,0.0,0.0,39612867.25632773,0.0,0.0,133625886.62493645,1974.2534540525505,0.0,17496.436193964226,10000.979619791962,47510642.93161751,264221501.32320118,0.0,0.0,0.0,46063.38196858398,101572.40008738065,0.0,0.0,0.0,0.0,0.0,8373.689436717508,0.0,0.0,0.0,21913.60020241948,0.0,0.0,0.0,10339.380063241028,215.78657814779328,19284.964340820607,0.0,2706.597639957705,0.0,0.0,0.0,0.0,90531.73587497571,0.0,0.0,0.0,0.0,0.0,0.0,287.6710643387548,0.0,0.0,26215.821982697784,2118.595752192339,433.0268944193657,7568847.387618896,0.0,100777.06214560132,0.0,0.0,0.0,11791168.561493363,0.0,0.0,0.0,0.0,0.0,0.0,0.0,124922.05123910512,0.0,0.0
CXR,0.0,0.0,0.0,0.0,0.0,0.0,0.0,0.0,0.0,0.0,0.0,0.0,0.0,0.0,0.0,0.0,0.0,0.0,0.0,0.0,0.0,0.0,0.0,0.0,0.0,0.0,0.0,0.0,0.0,0.0,0.0,0.0,0.0,0.0,0.0,0.0,0.0,0.0,0.0,0.0,0.0,0.0,0.0,0.0,0.0,0.0,0.0,0.0,0.0,0.0,0.0,0.0,0.0,0.0,0.0,0.0,0.0,0.0,0.0,0.0,0.0,0.0,0.0,0.0,0.0,0.0,0.0,0.0,0.0,0.0,0.0,0.0,0.0,0.0,0.0,0.0,0.0,0.0,0.0,0.0,0.0,0.0,0.0,0.0,0.0,0.0,0.0,0.0,0.0,0.0,0.0,0.0,0.0,0.0,0.0,0.0,0.0,0.0,0.0,0.0,0.0,0.0,0.0,0.0,0.0,0.0,0.0,0.0,0.0,0.0,0.0,0.0,0.0,0.0,0.0,0.0,0.0,0.0,0.0,0.0,0.0,0.0,0.0,0.0,0.0,0.0,0.0,0.0,0.0,0.0,0.0,0.0,0.0,0.0,0.0,0.0,0.0,0.0,0.0,0.0,0.0,0.0,0.0,0.0,0.0,0.0,0.0,0.0,0.0,0.0,0.0,0.0,0.0,0.0,0.0,1544.2331704681485,0.0,0.0,0.0,0.0,0.0,0.0,0.0,0.0,0.0,0.0,0.0,0.0,0.0,0.0,0.0,0.0,0.0,0.0,0.0,0.0,0.0,0.0,0.0,0.0,0.0,0.0,0.0,0.0,0.0,0.0,0.0,0.0,0.0,0.0,0.0,0.0,0.0,0.0,0.0,0.0,0.0,0.0,0.0,0.0,0.0,0.0,0.0,0.0,0.0,0.0,0.0,0.0,0.0,0.0,0.0,0.0,0.0,0.0,0.0,0.0,0.0,0.0,0.0,0.0,0.0,0.0,0.0,0.0,0.0,0.0,0.0,0.0,0.0
CYM,0.0,0.0,0.0,0.0,0.0,0.0,0.0,0.0,0.0,0.0,0.0,0.0,0.0,2655.619821231017,0.0,0.0,0.0,0.0,0.0,0.0,0.0,406.01561733309285,374.8286594433559,447.93488289608433,0.0,0.0,0.0,0.0,3029.5749928172177,31.33593371820204,0.0,0.0,0.0,0.0,0.0,29974.944320060655,0.0,109.54990544251453,0.0,0.0,0.0,0.0,0.0,0.0,0.0,314635.85402638494,0.0,0.0,0.0,0.0,0.0,0.0,0.0,0.0,879.5844072161098,0.0,0.0,181.23114555048835,0.0,0.0,0.0,0.0,0.0,0.0,230822.9329181097,0.0,0.0,0.0,0.0,0.0,10800.094203145787,0.0,0.0,0.0,273.2352589194014,0.0,0.0,0.0,0.0,0.0,0.0,0.0,0.0,0.0,0.0,0.0,0.0,15.052897087123663,0.0,0.0,270.54424049454394,0.0,0.0,0.0,0.0,0.0,0.0,0.0,0.0,0.0,0.0,0.0,552.2703594409116,0.0,0.0,0.0,0.0,0.0,0.0,0.0,0.0,0.0,0.0,0.0,0.0,0.0,0.0,0.0,0.0,0.0,0.0,0.0,0.0,0.0,0.0,0.0,0.0,0.0,0.0,0.0,0.0,0.0,0.0,0.0,0.0,0.0,0.0,0.0,0.0,0.0,0.0,0.0,0.0,0.0,0.0,0.0,0.0,0.0,0.0,2841.1248049667715,0.0,0.0,0.0,0.0,0.0,0.0,0.0,0.0,0.0,0.0,0.0,0.0,0.0,0.0,0.0,0.0,0.0,0.0,0.0,0.0,0.0,0.0,0.0,0.0,0.0,0.0,0.0,0.0,0.0,0.0,0.0,0.0,0.0,0.0,0.0,0.0,4782.468924113946,0.0,0.0,0.0,0.0,0.0,542.2242269200434,0.0,0.0,0.0,0.0,0.0,0.0,0.0,0.0,0.0,0.0,0.0,0.0,0.0,0.0,0.0,0.0,0.0,0.0,0.0,0.0,0.0,0.0,91004.09645505746,0.0,0.0,0.0,0.0,0.0,0.0,0.0,0.0,0.0,13681.793111676598,0.0,0.0,0.0
CYP,1812.9977764442194,40657.68704086721,41068.53031878035,0.0,2825.266450823002,0.0,10673.021147299087,361521.7545391087,0.0,0.0,0.0,40973.63567869501,243956.85160480547,4153097.1942999195,1754.755566252562,0.0,6722949.98772785,264555.78253474314,18408.833952138393,584207.7005781324,5391279.947880445,401830.65809187974,0.0,21984.926158667968,174835.4551723439,0.0,0.0,2471.6578545831526,41369.105899493814,4584.649731849035,84340.15863389026,0.0,0.0,0.0,3905.6427304095437,277900.13247438415,0.0,1384030.9942302997,26787.349290340542,2607225.1488285833,8110.152709030443,249635.53622413467,21712.189503364803,75278.00383935958,0.0,0.0,5517.369096329028,17334.404316384727,0.0,0.0,0.0,0.0,0.0,1470418.3339500388,7632336.44485499,29308.892578998333,2929.84556523881,526698.7159058712,0.0,941386.378892562,1387.039628847336,633770.8074291422,0.0,0.0,3823637.974480879,628541.330349572,43093.36698554414,204735.54184700391,21185.61326038153,0.0,1326281.3911748412,0.0,0.0,17351.188284350857,10776063.46992675,198454.11924307872,5065126.1420226665,0.0,71653.29650451941,0.0,4571.150873537479,50591151.628836006,2404.6695431656153,0.0,0.0,0.0,0.0,0.0,0.0,0.0,425583.55402106076,23753.619277813497,1688248.5204707915,7901.525991555132,227635.51861015268,0.0,543099.8979397216,419805.13489188295,46845.67798043942,567.9301859007202,36309756.13678085,11437283.073209107,15262.986279166607,742060.3418481444,123877.90279885728,36166.595423528954,305796.81649965566,18122.001450567986,323183.2266138972,1837.2450584403487,221280.5160820069,1193781.9499924453,0.0,1844302.724797777,53443.20543917257,1610747.0896339878,1602.7568166426458,0.0,206747.62300085125,0.0,826212.9835452026,74484.29896790179,1647905.3780996697,116486.81258985944,36964.98037626242,37628.813049107375,157830.97973236593,59469.38436102486,0.0,0.0,9138.522269487326,1086604.2267244027,54457.54006008152,3749.5535188040885,65976.11590610529,0.0,2311.6192466835387,543768.3513559081,0.0,408499.0698596689,0.0,1789487.2979684991,0.0,10154.722062419996,5085.707810443386,0.0,30.54398674352691,0.0,0.0,4739183.620925573,550120.9617887866,275145.4688010902,0.0,0.0,438848.41518224165,3685471.310251731,0.0,0.0,0.0,758972.1467753387,0.0,1561.4510450615114,13692515.94610612,0.0,0.0,139876.70917521816,0.0,0.0,0.0,515168.199667889,3778431.5186238736,2230848.5389554356,0.0,2142859.7473527566,0.0,16279.03770472769,1400689.242365563,0.0,0.0,0.0,4502.276668856868,0.0,9949.084487446988,0.0,808.7668072875307,0.0,308712.44820404734,0.0,2667.0188435216096,5164.944443584791,2708833.674282949,119582.70674482288,1486225.1330703273,0.0,238864.23146883718,939998.7696188069,0.0,0.0,33257.57730607922,140310.60011575132,0.0,0.0,0.0,0.0,16999.653637160896,1323.8483741855412,143967.28449825206,0.0,0.0,148186.53286098418,27924.295420821585,11295.343411123878,5913281.5348846335,0.0,0.0,1003860.114478537,0.0,1327.4744758120348,717510.9926349566,28299.703431206897,0.0,13439.921508611456,1733.523038469242,0.0,1401.5937313084064,7647.4092025571545,154005.54368544827,84610.72519138771,11007.628919242525
CZE,1130.4217465230286,166.31018911886162,0.0,0.0,918118.1988159931,0.0,123594.7404721981,317452.7244370343,0.0,0.0,0.0,0.0,430931.6044210693,486906717.9247016,883658.6192329228,0.0,44554414.43519556,170718.1261283606,0.0,0.0,39267719.56484341,1032540.6374843379,347.82207585323954,1151431.150426431,2642931.1057698363,0.0,24.161464809033642,4043.6986636480788,729719.0527509083,26.54998554482766,0.0,0.0,0.0,1384.517925155081,87.57865909269402,3336557.1143611977,0.0,28077061.502508923,80836.58464297146,1838019.111055654,6748.100761118465,1737758.0780514516,0.0,120171.09777140788,0.0,55529.98946713558,0.0,12289.030793744485,432.70567862048676,11046289.434420543,0.0,0.0,5790344.08476255,0.0,1895870700.2722557,0.0,14.162083410076454,9037567.402971191,9413.475389159088,23364632.600311913,2251.5120720359478,8888659.189633606,0.0,0.0,14718710.518352108,2244848.0758602037,320658.9549261596,969781.8886354329,0.0,0.0,95000225.33245699,13.521846424581858,0.0,3731.655317957719,86157059.65313458,6629668.2281544935,170643.7524560666,0.0,59275.149604455335,0.0,716.2613071494065,4632581.819481296,0.0,37121.86835159043,0.0,0.0,0.0,877.1652592766948,0.0,52.772636452063935,15504631.064555505,0.0,183510173.03576607,80398.40664616744,1268229.3231865014,0.0,5769609.580613112,70749.70348798651,25776.016294577832,137045.13817903676,13979078.322144048,89921745.2737924,0.0,1060271.7643474224,8712390.89972978,7221510.527664807,309565.38482533727,1575743.4520134323,253.8764740658413,0.0,538686.0779219657,10745303.961969582,0.0,5847542.4955233745,159.5942757667768,15485.233719612213,1565.6925174113728,0.0,1148765.1718732873,5623.4375604766665,9622447.478149075,230926.45285879463,8712131.296317877,9061127.754250987,4379345.5476013515,0.0,717.3507324687507,557895.2828492359,0.0,0.0,142.35831090304032,704955.4700126722,0.0,401313.24738309503,277320.6858961582,0.0,128.0044209372027,0.0,0.0,20042.623918472833,0.0,650675.8930277503,1284.842963666885,37703.83859049741,633.7229169920083,0.0,25773.637963797122,0.0,0.0,74970339.84983104,6028188.127438807,402.80336282027247,0.0,319734.6992686393,780690.8471196009,47484.313267250815,173442.97429436236,0.0,42270.55804646548,161116.02342590166,0.0,0.0,849411837.8360953,0.0,0.0,5911470.823336251,1464.4055640270112,0.0,25833.934154859337,269938.4582377101,51453852.98071791,20245594.007176787,0.0,18853818.918238737,0.0,467263.9182107288,50395.108786222096,0.0,0.0,0.0,0.0,77944.14721947201,189.50642569153894,0.0,0.0,0.0,3602190.2752255327,0.0,0.0,4759.212261283746,828301101.7763081,15038070.468564289,4308381.365891509,0.0,12701.153964293224,5716082.909719681,0.0,2940.0731535783843,491892.4780302501,712104.664837725,3639841.0804877193,0.0,843727.7888210182,0.0,0.0,0.0,376752.2630985993,0.0,0.0,80222.76904291773,1657578.1524073998,6932.691206112388,8813778.480586033,0.0,199.87304388594546,3759188.286250444,3119999.696908184,0.0,641249.4286272341,0.0,0.0,706447.3307194742,0.0,0.0,0.0,217139.82871271163,1826699.2073876902,967.9256988652289,16325.96389562798
DEU,194704.27687053682,2642019.2200791934,20722567.21466379,0.0,9106027.97797028,0.0,6292987.360348448,4146878.8060291177,106.01139342749664,0.0,0.0,109368.57095729395,193351454.041278,2574437215.385679,10063074.564269349,1012447.0938955401,3280556257.095019,6109038.7270571105,2928430.328766694,13152502.29538613,173302953.37869474,10902514.91063822,329398.41880155186,20819030.57385459,54529197.592409596,36359.78922139128,28625.784869088668,965356.5545283575,91213052.8018651,144020.93493604206,1024441.030789763,796.3442039726867,0.0,167319.9797706062,700065.3541988241,176146837.72248137,0.0,855889357.4495655,25211394.807490204,120967968.79294437,7295920.383327626,20484298.60603202,26800802.633208126,6689414.879275135,38.82493415206726,3805722.28577949,55582.36974852244,1192222.1344157702,2989481.792932273,50096943.34668973,0.0,71265.51026243326,35486323.801281326,1467030181.485136,0.0,615168.4458873742,11982.172699775272,1698502476.9253774,4981693.844927764,542708775.153645,3131486.793546415,144516037.8268876,16944182.76080886,0.0,1469010316.9908903,53541932.525549196,45374505.02325994,417517478.2895766,440479.84233143326,0.0,4471483369.62202,7264615.5016212175,0.0,965494.973240443,2696209309.4504385,12808245.758346783,7765744.192438917,0.0,34740490.77090826,2481.650847189399,743711.815262755,332851610.2714326,2401.155529163302,365659.3235013726,3947878.1631461466,0.0,12427.341924992921,1395332.5064253332,0.0,633010.5125757246,163725260.88780692,189219.6136076391,644746930.634904,29984153.843006883,36161408.11500469,0.0,206614829.17533234,614042989.0270154,14110272.657529823,26577286.488528073,176516112.92243698,2880776315.8685718,1102018.2353524624,61648858.256014876,100554909.83723083,25874878.548272833,46962498.309272476,2753956.155651492,3384420.985014586,18.01007830252153,54888294.64490048,56829397.46009433,0.0,40902010.5765472,3658057.110679027,139576427.54308772,23011.245645173054,0.0,9996186.294688229,34706.86999092234,207073014.9982783,259566399.44610876,107196493.04804987,458000966.18284774,7709538.614773045,1421935.616799701,1917156.8041364492,27827152.299404487,775422.9980510601,0.0,8453486.408592787,9476065.25812892,469174.4597557957,3604294.4130754108,18576105.306616325,0.0,45813854.01703584,23860108.8213831,0.0,2867906.2613697755,6165145.913546815,130344286.31089936,25030912.712997504,928306.1579614197,813765.4743007264,0.0,68332385.99670953,4004503.991505428,139.12500118753587,6118985235.119488,341656500.6904448,947595.3911181451,0.0,15706752.036002435,42766297.42362339,7068461.6144352695,3048944.8630191055,0.0,6071813.155493496,24022493.504871104,0.0,37640.831986037985,4018428561.679533,0.0,0.0,260683470.53355128,981142.8122127526,0.0,833834.2822223101,7477332.097254651,460563214.4714186,826592866.13678,1478519.3461440105,713365690.4270647,0.0,14694438.949009597,35650197.770828195,0.0,0.0,0.0,92567.57193564676,4151519.772366466,623478.6729610772,0.0,57092.11531323454,0.0,61452680.07022507,0.0,7589.045774545737,3492121.0007170048,520954158.52112037,145643730.62955272,706420679.1372752,0.0,566794.3352198724,30548969.186202977,334.8287804648471,82481.02514881833,1593397.4456971064,27744590.327514075,342702.7878870171,0.0,1967956.8443365975,0.0,1330.302982289337,1183565.629902934,56647099.34585557,0.0,0.0,26033311.41648613,32652296.292069647,20012748.460699566,243471461.56626382,0.0,2990367.3889713585,983718415.3125826,6034344.879682353,5631.285546076234,16416387.801916216,31332.201604187274,0.0,28886917.139841538,8536.246153518361,0.0,6176.088269967822,111693035.81184915,330894706.22624815,230979.24140261576,19179473.15010471
DJI,0.0,0.0,1128478.4716043794,0.0,0.0,0.0,0.0,0.0,0.0,0.0,0.0,0.0,969635.7909291101,0.0,0.0,0.0,3281458.602794045,0.0,10537.525602712167,0.0,23862.16368873799,40.536690784332436,0.0,0.0,0.0,0.0,0.0,0.0,230169.0182089,0.0,0.0,0.0,0.0,0.0,0.0,4398.902470712612,0.0,73763.37866757902,0.0,1841135.2493252447,0.0,0.0,0.0,0.0,0.0,0.0,0.0,0.0,0.0,0.0,0.0,0.0,354899.65996314347,3032836.180123435,595496.8913402407,0.0,0.0,68507.3883397397,0.0,0.0,0.0,108946.53111034176,0.0,0.0,4337573.840748917,0.0,382676.0179283041,810138.4834467885,0.0,0.0,778605.3824957436,0.0,0.0,0.0,1928453.6533452745,81877.86244131046,101543.95457198513,0.0,0.0,0.0,0.0,0.0,0.0,0.0,205839.84678379938,0.0,0.0,0.0,0.0,0.0,84028.16204868858,0.0,0.0,1922126.252313682,2386590.853047955,0.0,4305.460243859815,0.0,0.0,0.0,1193724.9244423965,4746247.3352815425,0.0,0.0,0.0,0.0,6963.0789194968565,0.0,0.0,0.0,97176.24440799211,0.0,0.0,0.0,0.0,0.0,0.0,0.0,0.0,0.0,0.0,0.0,0.0,0.0,0.0,0.0,0.0,0.0,0.0,0.0,0.0,0.0,0.0,0.0,0.0,0.0,0.0,0.0,0.0,1281.7908586102903,0.0,95659.781747767,0.0,0.0,0.0,0.0,0.0,0.0,0.0,1577477.1989566965,75762.06309675686,0.0,0.0,244695.1752058458,27450.155500516492,1133475.279946762,0.0,0.0,0.0,0.0,0.0,0.0,0.0,0.0,0.0,0.0,0.0,0.0,0.0,118322.57092112722,0.0,0.0,0.0,1726836.9447470764,0.0,2192311.0175226806,709154.0413411635,0.0,0.0,0.0,0.0,0.0,0.0,0.0,0.0,0.0,0.0,0.0,0.0,0.0,34518.83548112823,0.0,4185097.5189684057,0.0,0.0,0.0,0.0,0.0,0.0,285694.2995825463,0.0,0.0,0.0,0.0,0.0,0.0,0.0,0.0,0.0,0.0,58224.777744841645,0.0,0.0,0.0,0.0,2635448.3549298737,0.0,0.0,0.0,0.0,0.0,0.0,0.0,0.0,0.0,1715036.7927294953,3224374.638810415,0.0,0.0
DMA,67077.56556131589,0.0,0.0,0.0,0.0,0.0,1052.114841802867,3776.063571352864,0.0,0.0,0.0,2164686.02176002,46422.20994503018,0.0,0.0,0.0,3896211.2985991444,0.0,0.0,0.0,0.0,2404.989903223413,95741.35411609797,13397.91369455811,4667.543007053547,8972.678074067142,396.1810773665102,0.0,0.0,570735.4367622683,0.0,0.0,0.0,0.0,0.0,44454.750280456814,0.0,23878.593019381056,0.0,3820.214050775009,0.0,0.0,0.0,0.0,0.0,0.0,0.0,0.0,0.0,0.0,0.0,0.0,0.0,0.0,13889.578839842787,0.0,0.0,0.0,0.0,1769.7778431433503,0.0,656749.3545613418,0.0,0.0,102557.43564182041,0.0,0.0,0.0,0.0,0.0,1902804.0357026784,0.0,0.0,0.0,12660800.217316858,0.0,0.0,0.0,0.0,0.0,0.0,0.0,110.26273221560903,0.0,0.0,0.0,0.0,11377.561565150181,0.0,271705.9935801339,13027.261591298002,0.0,0.0,862682.7533806454,0.0,0.0,0.0,0.0,0.0,0.0,202.99240562621395,50587.58425114878,122531.41272708455,0.0,16744535.481102236,43.68465456185203,0.0,0.0,0.0,0.0,61443.87865326427,0.0,0.0,9378.507158436954,0.0,0.0,7245.219092020745,0.0,11660.153593120165,0.0,0.0,0.0,0.0,21751.08528708019,0.0,64.91516341676932,0.0,0.0,0.0,0.0,0.0,0.0,0.0,5862.9772008300415,0.0,0.0,0.0,0.0,56180.246246619994,0.0,0.0,169.72940430331923,0.0,0.0,0.0,0.0,0.0,1065.0129958387572,0.0,4344696.17654747,18395.48518223592,0.0,0.0,47747.98379259888,0.0,0.0,0.0,0.0,0.0,0.0,0.0,0.0,2365.930857841113,0.0,0.0,0.0,0.0,0.0,0.0,0.0,0.0,601821.1689898997,0.0,0.0,0.0,0.0,7205.143123632512,0.0,0.0,0.0,0.0,0.0,0.0,0.0,0.0,0.0,10508.870291737425,0.0,0.0,142284.43836834247,0.0,0.0,6541.51213976112,0.0,0.0,0.0,0.0,0.0,0.0,42804.2439839222,0.0,0.0,0.0,0.0,0.0,409740.15995493013,0.0,0.0,0.0,249675.7213646901,0.0,366.7760731732343,0.0,0.0,0.0,52658.89230754015,0.0,0.0,0.0,17698.93188580242,0.0,0.0,0.0,0.0,0.0,0.0,0.0,200.38956238059842,0.0
DNK,3470.7999900166624,26939.870902262373,687907.7895972243,0.0,3179.82931071975,0.0,1252323.0433440828,30645.9544808648,140.84070777783884,0.0,0.0,152646.90759779423,1903144.118795106,7323664.5604472505,143138.77810019383,0.0,57516548.50131866,97220.7175575241,650942.292183571,2617107.8556963415,917264.0177685232,1323533.52014016,10413.766084403129,118073.44183825878,5154272.650343557,134209.06821076863,42455.55616232768,22569.46050051024,2613575.680002198,1232444.7402823844,8731.297683285993,13588.243768224158,0.0,12511.641596404295,47818.90566959112,14336298.180325381,0.0,5377901.220563833,335060.5626123986,18755231.781189747,61158.73391536495,476662.12173563644,114152.61079086381,128356.91961169742,0.0,9223368.0038891,0.0,3481.924271832866,385982.3874547321,1167.2955138573152,0.0,0.0,2058272.3408805227,11845509.725833772,729407360.6067246,674208.2269866802,86387.72989672917,0.0,587989.4947408526,10588110.120557398,23017.768187365346,7055542.640662172,164243.91770668782,0.0,126307693.36878759,26950963.365807544,7210809.214286825,99396058.9832331,909913.5638698214,9.739787976655721,53732345.98011071,17222786.53539704,0.0,22131.821624204742,152641498.54929215,267981.88955287356,10661614.547029339,0.0,331365.83933206595,5907.680075774579,6666.69053309622,39063495.81351672,62407.2846475343,21655563.769094285,222326.27457372495,0.0,0.0,67116.05867150622,0.0,1129.9271276286454,361482.46150359197,769116.4269680943,3682161.5680462527,1324074.8396616064,1606167.3478340493,0.0,43551381.92942468,8229977.858099939,17699.80677322425,47444428.706410006,18377670.094801545,38029340.1525585,10956.722758536702,3813456.150822883,7866242.346218152,3703734.4064478707,998067.0966447451,17371.946718315947,2813693.171180228,0.0,26213531.475019645,280496.2878778408,0.0,4792577.983380069,904525.1936612744,1413765.4415655881,5633.840572587549,0.0,3003807.1279707653,0.0,28840985.955278933,5085034.258210993,45695145.99183205,3052782.764263259,98220.1659289142,47445.44020298054,391912.69387488504,610153.7192999771,120.32606237790992,0.0,1526.2352015933038,647431.5288163547,4869.85816076157,2760.0718217866615,6513.984787200405,0.0,110071.02598327724,113224.82591731021,0.0,47168.67704397835,2601685.6617943873,16955736.78735939,1856234.0105752556,20529.369182542494,277773.73889017355,0.0,59750.04276552677,76921.00907627142,0.0,193648469.11334154,259558687.76957533,211469.48026622075,0.0,251666.50278156143,530238.7256907667,587193.1143552647,23373.332610996193,0.0,3343307.993280083,9894136.958275344,0.0,0.0,119543617.5883063,0.0,0.0,31037935.08827688,33792.994452980674,0.0,2648.1299930246337,499898.6935752088,2253713.762325805,54890943.2998954,3383.159730999733,38349939.529496446,0.0,2772623.0312203057,7111128.446131813,0.0,0.0,0.0,0.0,239160.015745731,3617.3314774714067,0.0,0.0,0.0,515339.11438820616,0.0,0.0,3845.771835925154,3244746.8647250775,1220395.3956488871,929935308.3305647,0.0,39359.230318713126,2454037.976162825,75.28855393252131,52853.49411361698,225192.45351190702,8463405.080542123,1966940.32885696,0.0,1245.1249820951577,0.0,4181.39561919028,912494.4353824287,6656376.697674379,0.0,0.0,810232.851914901,759883.4860968622,545436.8513231478,2379931.509252315,0.0,103166387.39135051,42029693.051584244,1801249.4615708194,397130.729759589,2026712.0930421336,564.311412938934,0.0,10803475.152336307,0.0,0.0,0.0,192513.99727672382,1907255.2202069727,1567.3618743400884,161771.2923079588
DOM,332021.91532992345,0.0,0.0,0.0,0.0,0.0,10727.376297170726,0.0,0.0,0.0,0.0,114027.89199765833,1929492.0854873445,8683.153151927669,123.31486607727496,0.0,240366478.9559188,0.0,0.0,0.0,6187237.571027044,329.5724923008093,35686.5153133426,271.33643941383275,260297.57943565233,1427.660299888175,2253.5638630997123,33722.176980599856,1199780.1362828945,320568.58690264006,0.0,0.0,0.0,0.0,0.0,70453828.3828919,0.0,7006745.6672082655,2238676.992921481,296196.8155650756,0.0,3799394.8404943105,0.0,0.0,0.0,4346268.393105653,0.0,0.0,3513226.5770340296,0.0,0.0,0.0,143.51034584430136,48954.85523609983,84964013.427421,0.0,17487.55553844128,1117512.2717666058,0.0,43559.41018819726,32736.51009112264,957.9546834110156,0.0,0.0,101964326.0674583,9292.15320706384,0.0,0.0,0.0,0.0,54662874.53730793,64.46842672488873,0.0,0.0,143553025.21493733,4591304.741380841,0.0,0.0,0.0,0.0,0.0,33579.81411610378,9074.325682564862,0.0,4652597.960358072,0.0,0.0,152564.0996331243,0.0,1165318.6504021634,47519.553250236466,0.0,5154.535467112004,5828341.135662179,33826408.53319598,0.0,291058.1137380579,0.0,0.0,18514.259541083782,231867.72547267994,127133315.077317,1993627.8635164325,0.0,10087872.640563957,278.2060564790588,0.0,0.0,0.0,0.0,683893.1506175426,1793.1274351947434,0.0,69025.9393760779,0.0,0.0,6636.663808968603,0.0,13215.519332567226,0.0,1799.8348640082093,0.0,11991.562884325402,172529.07111640216,1034.9331446303468,0.0,0.0,37201923.28401494,0.0,0.0,0.0,352.7050299560746,0.0,0.0,0.0,0.0,0.0,0.0,4771.892824017315,0.0,0.0,11886765.33545471,0.0,139.37929743906471,0.0,0.0,0.0,804.7846705302128,0.0,301028473.06844145,2310568.6928700632,0.0,0.0,843785.5843414867,0.0,2585.223148251729,9756771.17679791,0.0,83780.8651529139,25782.5729903391,0.0,0.0,9534766.192984033,0.0,0.0,17579732.621007875,0.0,0.0,0.0,5886.772359882613,5508.314868212867,1818630.577623149,0.0,0.0,0.0,786.541155933536,861856.2868779704,0.0,0.0,0.0,0.0,0.0,96626.23825186108,0.0,0.0,0.0,10549.51293246694,0.0,0.0,0.0,2697.4658208804085,21797.652160620964,12703138.602362903,0.0,0.0,0.0,0.0,0.0,0.0,8593.722988218215,0.0,0.0,0.0,0.0,0.0,305975.6247570223,80329.97001224503,0.0,0.0,671471.5920547029,0.0,0.0,458139.2836273565,0.0,313802.7894219729,1158181215.5333605,0.0,32541.542659762872,12045888.10097157,0.0,0.0,0.0,0.0,0.0,0.0,0.0,110463.91685259745,0.0,0.0
DZA,0.0,0.0,628927.0767085629,0.0,9723861.25204501,0.0,0.0,235.95463507917782,0.0,0.0,0.0,216.67711630085162,8218.282404528924,29558.405982816766,35102.472720559235,0.0,4693929.520408151,1022254.9302384034,959227.7937019119,497557.77077077527,4393439.209002402,487752.3761279446,0.0,2897325.544486,132877.78030633807,0.0,0.0,0.0,3279.8501345868676,0.0,0.0,0.0,0.0,0.0,0.0,4601777.196298148,0.0,1069943.8543318403,0.0,165930.04061728017,1437865.4312123521,126573.61172387801,81881.92594759609,2220.5095205035605,0.0,2769.523129564285,0.0,157754.33819975206,6307.707050370662,0.0,0.0,0.0,449477.31180638477,37550.09633811516,13209648.782922603,44564.365126825985,0.0,27224.966973932427,0.0,0.0,5157.878757103089,6117966.147724047,0.0,0.0,16323708.90561829,0.0,137132.85583229977,0.0,0.0,0.0,34925799.39233268,0.0,0.0,3064.501724243552,14804388.26045195,296869.39683999424,2805126.8347752434,0.0,374122.6545549501,159438.23126271967,46091.08713685846,2844012.5956784463,0.0,0.0,372.2982337002743,0.0,0.0,0.0,0.0,0.0,2588752.410081252,1106.7321411866978,3224.4214275097047,100592.71686189406,1453840.1216960414,0.0,36301.7701579385,0.0,38214688.55822232,109068.20038912683,0.0,30373227.25441554,0.0,10736488.797797339,1235.820462198521,23425.567749102036,593897.8699111976,674.1131580760103,1085.8698482924667,0.0,18375.860478828912,165981.15672419753,0.0,22583443.548766382,179460.79393798375,15340574.368607024,0.0,0.0,1091.4128512287434,0.0,126270.75320579694,0.0,21225.279168504807,1785098.6905337987,497.0653639936752,16735.71522974293,216.67711630085162,1121.3021690509902,0.0,0.0,532693.315130346,12043.93663991922,0.0,690064.9322173841,0.0,0.0,0.0,14384962.649637524,0.0,17660.028613500795,12339.446186847992,142681.08150713795,0.0,11562.491213824811,30985200.934930153,0.0,22313645.583917946,0.0,0.0,10110405.767933749,52966.43682935437,0.0,0.0,13830.481240221681,57900.58367118877,46996.759392159365,0.0,0.0,0.0,0.0,0.0,0.0,1798952.6387307586,0.0,0.0,427032.7946107513,0.0,0.0,9820.040281382768,347833.3062290695,369222.0114239236,4979488.733782258,0.0,8997250.434377797,0.0,7851859.935371571,37298.07611147952,0.0,0.0,0.0,0.0,668894.6227333923,0.0,0.0,0.0,0.0,2286491.5759668048,0.0,0.0,0.0,0.0,2447.83566272645,103015.4150691659,0.0,466.8613533980306,32977221.21741952,0.0,3037.1480136909117,3235609.8643227187,135662.62253875504,8381.099965321207,0.0,0.0,0.0,0.0,129.7046044428797,27012318.143319584,0.0,0.0,6732.429759710462,3487347.7099221745,603630.0826227558,694520.3885381381,0.0,7223.9454727454195,1996888.3379296197,0.0,1216.7240615748312,0.0,0.0,0.0,0.0,0.0,0.0,0.0,39992.90321462569,63181.454172907695,0.0,0.0
ECU,2635.524066380922,484.9330473338066,0.0,0.0,5163501.025872454,0.0,83783354.8987737,3326730.7382917963,0.0,0.0,0.0,2184.378886103092,17889687.245919865,659357.7045265288,2747610.949180603,0.0,248524975.84164932,0.0,582.7799296976605,2990.093313622324,4441490.216938024,15189.101540395208,367497.9322033979,5969271.826227418,10348035.79442009,283.83885267424836,3368.5531726125355,7715729.88129228,31684532.565234497,198094.40111253117,0.0,0.0,0.0,0.0,0.0,100312562.64013486,0.0,50204898.756927006,155920829.81326762,83083681.9460703,590.8336457518371,66415.32513864251,0.0,0.0,0.0,830506157.9542205,0.0,75894.09190298745,3514476.4698114144,24553148.979733635,0.0,0.0,314617.311205646,760924.219761457,534051069.6485829,0.0,3308.2762984709434,1426728.5482386677,10622110.730893938,21828454.748940054,0.0,5321266.489963462,0.0,0.0,95643218.56975527,19605446.740406454,6499.651505545569,1666105.2220281095,0.0,0.0,36967675.535909355,1484.9967734591291,0.0,0.0,72987859.98971006,10621099.890688,114254.67363516988,0.0,801199.4995813093,0.0,0.0,17084754.17072135,0.0,0.0,5328714.650507132,0.0,1188.3976848510408,31863.75519400044,0.0,684063.8310924756,7407763.461756874,2333909.231424661,96529.51040675062,85958818.413152,59141302.04640702,0.0,1037262.1749335275,2113950.9302260024,1807176.315362811,382817.3983717694,924499.0538951824,214557729.48595318,302018.5480102897,2113089.7075770795,139886441.07231945,2556807.2186933532,309071.57103441894,1187112.8352587863,0.0,0.0,7639234.988725117,7349216.970243353,0.0,227867.1073782128,0.0,5097665.59535474,0.0,0.0,585778.9586148722,0.0,3004691.1853217175,168345.71731872734,11427.29854277022,1410924.1346681798,2182592.9879366406,92.24114153030736,7480.038050728286,398928906.9478849,0.0,0.0,0.0,209646.14273809537,0.0,15258575.93977918,9453.797639155431,0.0,0.0,3471.7691126525233,739.9653483782333,2010.5815821300373,0.0,194924785.55890167,0.0,553.9718235937406,0.0,0.0,0.0,2411912.406950789,0.0,553298409.1563358,5454826.8413137365,48.251957259645195,0.0,11782280.918479072,24227.030453583302,0.0,2811177.910392726,0.0,98402523.03218679,1995398.172579341,0.0,0.0,10372233.430850577,0.0,0.0,4677953.53452272,49544.82305753649,0.0,11985.388561567886,222167.61979697808,2404912.2135954928,350318208.3757061,12640.421362118019,15457044.161034541,0.0,9565.145638603872,5658814.891792581,0.0,0.0,0.0,0.0,9627.90780009998,122907.32869065617,0.0,0.0,0.0,23460064.02477565,0.0,0.0,0.0,1966.2097794961664,7935726.249965764,8428108.63753175,0.0,17810.532576427315,9290703.904523272,0.0,0.0,0.0,687780.967002996,417282.91242663603,0.0,0.0,0.0,0.0,849787.6282899427,5043966.067757291,0.0,0.0,926604.1808095715,0.0,0.0,32049098.665322594,0.0,5310652.691835891,1862219007.7650058,416249.6176578135,313.2421102591009,229328012.51000798,0.0,0.0,18384.45038185762,0.0,0.0,3571.922325667101,27539.376868604788,515272.1849056385,0.0,0.0
EGY,0.0,82236.18123481984,2388759.0337915877,0.0,10333919.173070256,0.0,720746.5797925304,1946364.9292893473,0.0,0.0,0.0,0.0,1591911.0050333205,2997214.97037764,1193824.0957304426,24799873.025682602,71696774.05149662,851436.8670957716,113002.11460174584,8339459.606620492,16911560.650047943,17663227.19905476,0.0,6528416.904534179,8470701.198350206,0.0,0.0,0.0,16801136.6656251,26068.266814714574,47665.59072186051,0.0,0.0,0.0,9472.535718570529,8053310.985659461,0.0,5462012.6160405185,273175.81951315585,90336373.02312599,3477023.2622515094,1029034.215783214,1150275.7062261282,223280.70813971193,0.0,93454.12945490975,15373.375732738725,507162.20583039586,498942.3215939002,0.0,0.0,0.0,3200263.9128893293,1243595.836032017,37052034.426596,1911629.044702693,0.0,3173436.1850338303,7644.654614950435,65169502.602113485,318710.788956775,0.0,11069181.1695149,0.0,40265402.639257014,484931.53248372726,42842008.6922314,4499405.5669306405,13093.95154764503,0.0,23869443.499899846,4000.1687149846784,0.0,354075.01644517214,83504320.57454519,4136075.934460329,6396785.562734772,0.0,2073401.7400095894,833987.1010555985,0.0,20857150.60987849,0.0,1262.4919913042163,85311.79368510316,0.0,0.0,2478.0285282156483,0.0,4435.52242952987,4068537.4230050263,69058.45908754076,1923698.895833338,24350009.220463414,106252799.06287259,0.0,2545769.186450854,13737734.656481214,1550363589.570075,138673.88188727634,23574408.05597517,80031139.64274907,123541.01705258872,155628916.67845523,9689665.416200353,2216913.2532855375,53631192.85938493,223903.36403540216,35296.97964183011,0.0,8368973.673303543,60677041.28255677,0.0,121285862.78289802,278347.89828643826,80492523.62127681,485.24883218739683,0.0,3720682.3011043505,0.0,6380213.470023376,45258.48831457553,2855844.7123013344,75381249.12795891,1456733.2786180775,67356503.87515262,882375.9600605643,1482023.4661827292,0.0,0.0,306949.4918927015,1716267.6544599428,11.65550600191465,642994.0404222042,15255.707534608813,0.0,730166.0577323661,3204549.2322135065,29876.32726165023,7930533.760969662,324053.5690807642,26220277.36352761,25232.30157199862,36496.71862413631,783039.6868201661,0.0,267770.96792625386,1185.1096873783854,0.0,59961604.511886016,1658531.5747060692,75745.00687391651,0.0,168135.85909006238,323212912.2817471,77431796.64122291,11243.22061437407,0.0,26324.656776780597,443606.42777172895,0.0,1268.7656990859368,5306952.176819968,0.0,0.0,13385139.861838236,106592.52285309187,0.0,92.06965387902375,22851048.78236471,32240051.091202267,175354940.82255766,12338313.882528165,334485219.2482164,0.0,13669651.552086983,3767133.8930066535,0.0,0.0,0.0,0.0,194194.1079528908,250346.3161375061,0.0,23475601.07376905,0.0,3404890.544867785,0.0,0.0,11676.158747595335,84266.93679425192,4650900.386303365,4241691.566979519,0.0,1087808.239769048,184787762.22226083,0.0,606169.4907082869,931400.3217215885,7163087.006908126,11184.559498957591,0.0,2777.064159560166,0.0,5705.343486301328,105679.63448275147,64084322.974782795,0.0,0.0,3007140.079332095,18027289.456595756,16977113.813468054,40423508.34452753,0.0,682283.1881205402,61066150.37841412,56850.459623764466,0.0,27988.088383590166,0.0,0.0,246900.7760813316,0.0,0.0,3684.5216970626716,29251638.112399474,9839394.116613895,1714298.342933106,3314389.7197076636
ERI,0.0,0.0,0.0,0.0,0.0,0.0,0.0,0.0,0.0,0.0,0.0,0.0,0.0,0.0,0.0,637690.6489517346,0.0,0.0,3030.5635925091606,0.0,0.0,1028.8490921072034,0.0,0.0,0.0,0.0,0.0,0.0,0.0,0.0,0.0,0.0,0.0,0.0,0.0,1906.7930534555808,0.0,1310.0002302092983,0.0,5645703.8884311635,0.0,0.0,0.0,0.0,0.0,0.0,0.0,0.0,0.0,0.0,0.0,0.0,0.0,0.0,1846.3648545031351,0.0,0.0,0.0,0.0,0.0,0.0,12519141.923721693,0.0,0.0,0.0,0.0,0.0,0.0,0.0,0.0,0.0,0.0,0.0,0.0,1045.6072327975032,0.0,0.0,0.0,0.0,0.0,0.0,0.0,0.0,0.0,0.0,0.0,0.0,0.0,0.0,0.0,0.0,0.0,0.0,0.0,0.0,0.0,0.0,0.0,0.0,0.0,4063.7260371802568,149700.04158838253,0.0,0.0,0.0,0.0,6454.362010570357,0.0,0.0,0.0,0.0,0.0,0.0,0.0,0.0,0.0,0.0,0.0,0.0,0.0,0.0,0.0,0.0,0.0,0.0,0.0,0.0,0.0,0.0,0.0,0.0,0.0,0.0,0.0,0.0,0.0,0.0,0.0,0.0,0.0,0.0,0.0,0.0,0.0,0.0,0.0,3777.110433373787,0.0,0.0,0.0,0.0,0.0,0.0,0.0,0.0,0.0,0.0,0.0,0.0,0.0,0.0,0.0,0.0,0.0,0.0,0.0,0.0,0.0,0.0,6258.484945881316,0.0,0.0,0.0,633259.393687046,0.0,0.0,0.0,0.0,0.0,0.0,0.0,0.0,0.0,0.0,0.0,0.0,0.0,0.0,0.0,0.0,0.0,0.0,1444.5622903814412,0.0,0.0,0.0,0.0,0.0,0.0,0.0,0.0,0.0,0.0,0.0,0.0,0.0,0.0,0.0,0.0,0.0,0.0,8412.935862927588,0.0,0.0,0.0,8859.148651875495,0.0,0.0,0.0,0.0,0.0,0.0,0.0,0.0,0.0,166660.78954007442,0.0,0.0,0.0
ESH,0.0,0.0,0.0,0.0,0.0,0.0,0.0,0.0,0.0,0.0,0.0,0.0,0.0,0.0,0.0,0.0,0.0,0.0,0.0,0.0,0.0,206.12651269139045,0.0,0.0,0.0,0.0,0.0,0.0,0.0,0.0,0.0,0.0,0.0,0.0,0.0,3076.093364864753,0.0,0.0,0.0,0.0,0.0,0.0,0.0,0.0,0.0,0.0,0.0,0.0,0.0,0.0,0.0,0.0,0.0,0.0,0.0,0.0,0.0,0.0,0.0,0.0,0.0,0.0,0.0,0.0,0.0,0.0,0.0,0.0,0.0,0.0,0.0,0.0,0.0,0.0,0.0,0.0,0.0,0.0,0.0,0.0,0.0,0.0,0.0,0.0,0.0,0.0,0.0,0.0,0.0,0.0,0.0,0.0,0.0,0.0,0.0,0.0,0.0,0.0,0.0,0.0,0.0,0.0,0.0,0.0,0.0,0.0,0.0,0.0,0.0,0.0,0.0,518.8090153697856,0.0,0.0,0.0,0.0,0.0,0.0,0.0,0.0,0.0,0.0,0.0,0.0,0.0,0.0,0.0,0.0,0.0,0.0,0.0,0.0,0.0,0.0,0.0,0.0,0.0,0.0,0.0,0.0,0.0,0.0,0.0,0.0,0.0,0.0,0.0,0.0,0.0,0.0,0.0,0.0,0.0,0.0,0.0,1247639.4795071164,0.0,0.0,0.0,0.0,0.0,0.0,0.0,0.0,0.0,0.0,0.0,0.0,0.0,0.0,0.0,0.0,0.0,0.0,0.0,0.0,0.0,0.0,0.0,0.0,0.0,0.0,0.0,0.0,0.0,0.0,0.0,0.0,0.0,0.0,0.0,0.0,0.0,0.0,0.0,0.0,0.0,0.0,0.0,0.0,0.0,0.0,0.0,0.0,0.0,0.0,0.0,0.0,0.0,0.0,0.0,0.0,0.0,0.0,0.0,0.0,0.0,0.0,0.0,0.0,0.0,0.0,0.0,0.0,0.0,0.0,0.0,0.0,0.0
ESP,268229.40869198873,1068938.9270721728,53948869.45331701,0.0,6108235.932632636,0.0,27752235.976517707,6097369.759371087,208132.97170154602,0.0,7245.781296171217,48015.36821291593,276994528.84870106,93543722.64111117,12736722.095065664,23261.985803857307,722570823.3079162,12095497.3740695,9499014.208314104,32548765.53040858,36101810.203600064,6923957.569113685,54881.87154169296,5393622.162631199,20451640.688080296,108076.29483942603,16361.247186242623,7076960.207155385,261693187.28576076,203170.80372496202,213619.7555809092,6580.1219198226545,0.0,48148.79397124047,553440.8249949147,102027521.85783993,0.0,274503537.81216043,54293691.24159115,400204571.8650447,58042524.7946851,14241835.361751424,3756860.5614236337,5480609.614359692,0.0,68830679.03785376,196561.16977287162,8014234.7815485485,17032277.283217125,28881567.815941866,0.0,32706.023882103487,55973967.919786796,142112624.45769274,1851354051.5051048,402663.31177062425,51863.6343420231,106000665.38232653,38729849.30457622,490512255.3101338,18677455.914832745,112240195.31791061,643207.8162762204,0.0,0.0,23597410.975359283,3273315.9861256005,75901831.66495377,64827.578116258526,1285.7643664003685,4487282550.136492,33179.255022951984,0.0,6518189.153917544,1608885029.7133315,12059897.870558158,25207827.916016128,0.0,4074322.82154612,1145054.3367515882,35941303.39293125,170193632.2558931,7568.281173957788,70713.80680231594,10651623.819525622,0.0,135706.59135644705,237547.53892134025,0.0,2396571.7150040762,32576464.949557133,1269027.7852374145,56288812.10699621,23547852.247357406,95970346.29041871,0.0,108894058.87331843,57579666.21858722,5422738.864294415,2532879.797831076,98994732.17044201,5998104256.808932,2146223.158386915,18504780.21796507,368734035.6962892,9018749.297518643,4955690.986809428,767387.9560112224,682897.169600578,0.0,258286952.95501027,20828582.100461252,0.0,33005954.322138045,2088538.1234961206,48273374.81051295,37456.46154072835,0.0,1674741.1138185533,0.0,51695086.64932319,3915960.742075951,29293865.15953232,405600965.99760574,7045629.992050409,3065781.430557628,1073948.3127654423,218548503.24280375,42664.31534417969,0.0,13107370.76640145,36501921.5994738,718910.7054598619,815700.6312758217,214650.4520308983,0.0,1011525.1472506667,8552578.453165296,0.0,7282578.692312066,102590.39877484334,17954052.61085046,265505.0949623951,3179543.7935218797,1819045.271025354,0.0,37835818.80149853,1644882.8083448783,0.0,687833893.9835893,91418479.91045897,1140872.0563846852,0.0,37368464.98683724,15057216.847833276,24194964.37960783,12173090.069295947,0.0,12394632.514788263,46427628.2494627,0.0,557461.9534919267,340378299.761885,0.0,0.0,3551714517.889784,3538660.973397377,0.0,1785444.1678484275,8669388.674302097,77559253.88906664,488824000.97646916,57736.809942138214,148467453.6112029,0.0,53086735.07321346,18796153.444313817,0.0,0.0,0.0,13732.554112283542,1076252.8957417707,9203684.94475133,0.0,170930.32217101843,1764.7094323147826,20967733.783681974,0.0,329380.77352886536,81554.23589527364,48079265.49529845,14317709.714404749,177983139.88011435,0.0,11084010.401955701,33976360.03592572,17507.26599712079,1533414.9853686925,8277192.482873514,44611526.602347,245676.4178521124,0.0,565421.6589578999,234.71907432696136,340.9742413093804,827827.8495186802,185009422.5700946,0.0,0.0,44092982.917882,1504764.7434970783,143091.19026887967,83192121.94096102,0.0,12125231.943460224,1626215292.6152482,4718229.624434061,10512.75610230343,37677162.98902342,420091.2993482113,0.0,16200664.810790602,2224.6013592756844,0.0,1198.013799257749,4198896.88869322,254004845.6913592,147658.22288618496,269337.21588339197
EST,127620.9025626641,0.0,0.0,0.0,0.0,0.0,0.0,81699.0356938481,0.0,0.0,0.0,0.0,127273.00993410066,229551.76327879823,89224.22809247329,312.5442196337057,16651855.438060096,7393.468392855962,0.0,0.0,260384.36570689554,564.0373765630131,0.0,1942.2524342747508,10573125.348682009,0.0,0.0,0.0,280.8280411726171,0.0,0.0,0.0,0.0,0.0,0.0,61217.435554777425,0.0,146194.22893796215,874.3529908574602,36159.13631196645,0.0,9299.625572357902,0.0,0.0,0.0,860.0794797567773,0.0,0.0,0.0,0.0,0.0,0.0,3423793.8405945012,2203874.6955289673,89633264.6398133,15773.984902229691,0.0,54939124.67091294,0.0,23935566.784501076,0.0,576274.6267528408,0.0,0.0,46524317.25010225,0.0,0.0,140645822.7089273,0.0,0.0,6870308.328793357,0.0,0.0,6422.841746503407,39124667.909227505,141177.55280901343,4396.922930154995,0.0,0.0,0.0,0.0,287252.7716612708,0.0,157.91750867454465,21884.3267089922,0.0,0.0,101987.95151850654,0.0,0.0,383832.8446273378,0.0,191841.69744702673,0.0,7497535.102114286,0.0,14108060.76803562,13066811.665255236,9755164.127498545,58090.35345101731,5909522.019442554,6817646.732970413,0.0,3164187.996991425,17307.96257493274,1627745.3967150683,21942794.424225286,824106.1076243077,0.0,0.0,34282.506875554405,7776906.837041293,0.0,6426.590941889519,0.0,4225965.608862668,0.0,0.0,0.0,0.0,134603199.43823314,715084.0018399622,181088308.82951102,11814728.675317712,3626525.616669305,488.81496508031057,0.0,1984.0573275264796,0.0,0.0,0.0,3930833.7608721755,0.0,0.0,0.0,0.0,526.1963436228901,0.0,0.0,488.81496508031057,0.0,5950.327433899514,0.0,156.7087186917052,0.0,0.0,6479.5108574563665,1631.1482064813042,0.0,41206654.93672141,21069053.263520736,78.46499181352027,0.0,1022.6302430432673,0.0,189722.5914693701,0.0,0.0,0.0,312111.8654734183,0.0,483.9363895413917,13718841.351026546,0.0,0.0,8369886.335804279,0.0,0.0,0.0,3866.516726249063,860210.3494374299,43038282.27511968,0.0,64218781.30654897,0.0,8529.462498474557,1827251.9346590836,0.0,0.0,0.0,0.0,42857.45963753311,0.0,0.0,0.0,0.0,1835.3698352515962,0.0,17711.14094285439,59043.191916376,94547.76670916099,41449.90749485949,22754613.817278914,0.0,1696.9129580693589,3327847.5251367246,0.0,0.0,0.0,595234.7878968593,289880.91208489245,0.0,7264.059652103955,0.0,0.0,28215.444923346215,3382888.988269283,0.0,0.0,193.36511109036772,4504668.849169153,1380248.0761956677,69359873.66370946,0.0,236727.09409370672,1043714.2146375711,1317578.3386898902,0.0,0.0,0.0,0.0,20409.241849417027,0.0,0.0,0.0,2823.3533801106937,205493.13471346715,0.0,0.0
ETH,0.0,0.0,1469594.843938023,0.0,440275.3182576897,0.0,50933.55275495079,800920.1135219418,0.0,0.0,0.0,8742.214699259299,33833609.06676346,849494.3085586759,0.0,1346.1798960327947,171953739.29958877,0.0,337.80977596208436,5744652.033620474,12738218.747501072,552263.3949887031,0.0,218099.66088762152,306850.56557657546,0.0,0.0,0.0,227735.00497838308,23.75063695517921,0.0,46109.62412516595,0.0,6517.379584294187,0.0,36789962.87393557,0.0,24469214.186411586,68913.8201057514,979751515.1222848,3321.7980379634896,121606.16064311065,20923.505367053735,144416.13084800527,0.0,95066.67689109685,0.0,0.0,0.0,45569.2726998967,0.0,0.0,580310.5336695797,7725808.300102128,553738239.3509735,61792900.16534841,0.0,2212524.8762340024,9654.23034128108,4426687.197797287,0.0,20803690.417456977,0.0,0.0,24206042.061789364,574096.9082828911,0.0,15562022.523793956,5073.4130296282865,0.0,115757926.1828885,0.0,0.0,40.701782540661476,79994870.00252612,266378.1368095203,328418.5243666124,0.0,812.8928657151424,63767.5832471094,124.24644637453156,39275297.29940346,711.8635865913175,0.0,1083736.6230793619,0.0,0.0,0.0,0.0,1755600.0237852554,3773578.8100008047,155107.68763643142,783353.5140640334,20753996.865604293,77820539.84587234,0.0,449263.13084824936,641712.2660863333,694270.2508017062,553660.4651925524,227553896.74970022,117420093.93166885,501599.8030433583,76409524.66634214,170177038.81313765,22746.027112036347,56422083.53345678,0.0,1008.3701200707102,6111.060061181318,77032886.99278666,3199206.8412832906,0.0,8600742.782251053,0.0,300735.13546587084,0.0,0.0,1224064.2217392304,0.0,834344.8892813451,0.0,911674.0498651459,2245107.23832816,58712.42796321433,10886.474833271532,0.0,4420739.150167569,0.0,0.0,3897.39674449973,23128.2071814299,336.1233733569034,6071.371510397452,8193.852229812748,0.0,145895.69977203367,7147.912454717505,0.0,1464470.7208828328,32216.187961429074,3309491.8460370265,14640.02907978322,131786.75784340093,34122.45399338727,0.0,181633.16289170875,8816392.283529589,0.0,23305302.07011869,4962953.348115068,777502.5283093454,0.0,5774060.614675527,204120.8673879468,95172565.7956671,52232.4152660942,0.0,1280.822892365721,350052.5677450001,0.0,0.0,2822175.6802629214,0.0,0.0,26416345.508015476,0.0,0.0,185158.5381077812,817787.1388891549,7587041.54494303,36830474.80389614,1010.0565226758912,408659085.60567254,0.0,94480.72357832553,19321015.295100026,0.0,0.0,0.0,0.0,46902.55201320068,5646074.558668055,0.0,128124942.14473584,0.0,1006769.0169979816,0.0,231138.23337429765,0.0,1931741.6204546532,1398519.620788444,50854914.22885409,0.0,128.1616636268173,4688825.424108808,444850.2628649886,41255.34235952396,337.80977596208436,12510792.338330325,0.0,0.0,0.0,282397.3749449372,0.0,5698.225612057755,2037406.7896536728,0.0,0.0,12254111.479045998,402832.047108259,8886.740124975868,2494485.6140009523,0.0,0.0,304515211.78421944,0.0,0.0,33826.183360091614,0.0,0.0,25190605.650552098,0.0,0.0,0.0,51177181.70267298,23445683.055110242,4035.166882888022,69700.3986719916
FIN,217.43434790607344,882.4119242676794,0.0,0.0,4352.269792459574,0.0,25754.574555216146,242036.96845586112,0.0,0.0,0.0,1682.3433505430357,877744.6913761653,926626.367896077,915894.7490468984,0.0,26680427.729947098,0.0,0.0,138.69083790407967,311335.4621580115,88156.89837375123,2056.958110715746,12299.878903351104,2156661.3355092937,223.23278093738975,4432.496600064266,641.6991362986793,1065162.5990289722,214.30165088942215,0.0,0.0,0.0,0.0,0.0,2226526.681540714,0.0,14041254.2113256,44750.5798863672,917208.9508788881,27585.390876245143,0.0,0.0,0.0,0.0,6047.478275067653,0.0,0.0,303917.3987828942,19802.242061396257,0.0,0.0,17403.74113671061,4593254.051380742,134588360.84295395,0.0,0.0,41738997.45122273,5831.3153954989475,15342581.575242784,32821.25311552124,144138.80781458912,0.0,0.0,37152227.78526727,175901713.7187839,273339.6591464957,0.0,0.0,0.0,2566475.921785364,85752.51408885395,0.0,0.0,43399932.87356596,356643.60624995275,2471.492574199319,0.0,0.0,0.0,0.0,614054.7843084708,2200.1163444633894,15914.518890048565,29831.50563062464,0.0,72.45247262475627,0.0,0.0,12548.575943055388,47180.73349447429,0.0,415208.6779436019,1988114.080578289,3212197.129487344,0.0,18734760.870242096,4466819.240712922,3198.302220563422,678744.1747314035,5798007.365895868,6242024.760989017,41919.830747784654,15314.097083240826,18569662.447550997,1390970.1818233833,5485.212254535996,35937.84476160551,1159.2395619961003,0.0,4423081.212837357,20625.541354075096,0.0,30644.994860324412,0.0,2699921.7778399903,2526.110645062494,0.0,166001.38233865963,0.0,34665235.40263398,17257.113149113986,17043829.9944687,9774328.181093855,92665.35391754944,132.08183967009126,5675.6511667113355,315620.1105134638,0.0,0.0,0.0,16183.533395764654,19996.506347530187,1244.2989256602757,8204.367310715817,0.0,0.0,0.0,0.0,196.31664898543752,646.4667528471639,384443.29554604646,0.0,480.41081204952167,337400.8218567946,0.0,3235.3449119850916,41902.22983722789,0.0,57581807.10629205,87569151.18680853,30344.14449587408,0.0,59154.9401402286,1046641.9795267903,351977.11392517155,62497.74742671996,0.0,3821.960636496067,45526.750319333565,0.0,0.0,17801003.18932389,0.0,0.0,6755914.322133445,520.8764888539094,0.0,561.1256593161164,250352.72384998362,762281.2469102201,122034245.0842823,398.13119665947494,22561291.65586759,0.0,0.0,774947.3673881755,0.0,0.0,0.0,0.0,866.502121231903,101022.02799106223,0.0,229.30068041704965,0.0,67084.62298044714,0.0,37329.88161102358,1092.4475896994068,1025555.1544475446,37837.65920667154,161740160.25109378,0.0,2748.9932349015926,0.0,0.0,0.0,9841.78043644398,269115.5046832334,0.0,0.0,16943.572756098743,0.0,0.0,3262.327034569528,4968285.478303386,0.0,0.0,1143608.0846802075,0.0,68.27797435621292,6523516.311785737,0.0,737151.3757051169,36668185.36341264,0.0,2736.9913852302016,35499.42801928593,0.0,0.0,4412717.1771870125,72.45247262475627,0.0,0.0,0.0,8641957.322483348,0.0,79.11141544365493
FJI,0.0,0.0,0.0,0.0,0.0,0.0,63.706661697479994,0.0,251647.32289358188,0.0,0.0,0.0,7569930.328538805,18176.749576828326,0.0,0.0,4629466.105635827,144336.72282387785,0.0,0.0,0.0,442.09651084283666,0.0,827.7155154711578,0.0,0.0,0.0,0.0,829.5071101816187,0.0,239.28259168944552,0.0,0.0,0.0,0.0,619536.5685643833,0.0,7024.052121396622,0.0,172064.26517468976,0.0,0.0,0.0,0.0,325476.84490440926,0.0,0.0,0.0,0.0,0.0,34319.16210092473,0.0,533.4755899684803,450.23994280904236,1107432.2392991253,0.0,0.0,0.0,0.0,0.0,0.0,0.0,607.4595145500008,0.0,13852635.21019881,0.0,0.0,1106.900509418679,0.0,0.0,41482.7191769836,0.0,33220.96354637281,0.0,270787361.3375283,0.0,0.0,0.0,0.0,0.0,0.0,0.0,0.0,0.0,0.0,0.0,492.08157215286724,0.0,0.0,0.0,0.0,0.0,0.0,7164.877429680188,0.0,0.0,0.0,0.0,0.0,0.0,0.0,7395868.925213788,438868.95089965995,0.0,13114.107696503532,0.0,0.0,0.0,0.0,6833294.301317587,690334.5166081868,210.83362244653006,0.0,0.0,0.0,0.0,0.0,0.0,150785.51112979456,0.0,0.0,0.0,0.0,0.0,0.0,0.0,0.0,262.69325975342304,143087.89491520633,0.0,0.0,0.0,0.0,0.0,0.0,0.0,593.5560079445627,0.0,0.0,0.0,0.0,10007745.140954921,1248.1674256245774,462876.53545458306,0.0,411.12788617354335,0.0,0.0,6689.822321576896,9147782.491343005,163837.15833873136,0.0,592050.4325086037,5403489.055500075,0.0,214360.1464198076,48.20145281285631,0.0,0.0,213508.2543537418,0.0,9322721.768416632,1050.992549790101,0.0,0.0,21788116.352615017,0.0,0.0,3210506.09269136,398.34341490487407,7967554.230535275,154.33234864998212,0.0,167.0792738708946,0.0,0.0,4199812.373422309,0.0,0.0,0.0,1520354.2843003038,0.0,0.0,0.0,0.0,0.0,0.0,0.0,0.0,0.0,0.0,5035.014310538042,0.0,0.0,0.0,0.0,448.0318371218397,0.0,6110.1454529971315,36162.23199633523,0.0,0.0,0.0,0.0,12053124.676359937,23741.52283087499,0.0,0.0,1230290.3151911607,11104744.799251443,0.0,498.90212143453914,96081.65668126525,0.0,0.0,11587441.127476113,0.0,0.0,0.0,0.0,0.0,158371.06010335442,10200459.578757992,1486914.6589896248,16450478.36430608,0.0,468.07144369401897,0.0,0.0
FLK,0.0,0.0,0.0,0.0,0.0,0.0,0.0,0.0,0.0,0.0,0.0,0.0,0.0,0.0,369.2503037592744,0.0,0.0,0.0,0.0,0.0,0.0,3455.246048616918,0.0,0.0,0.0,0.0,0.0,0.0,0.0,0.0,0.0,0.0,0.0,0.0,0.0,0.0,0.0,0.0,0.0,0.0,0.0,0.0,0.0,0.0,0.0,0.0,0.0,0.0,0.0,0.0,0.0,0.0,0.0,0.0,0.0,0.0,0.0,0.0,0.0,0.0,0.0,0.0,0.0,0.0,0.0,0.0,0.0,0.0,0.0,0.0,0.0,0.0,0.0,0.0,0.0,0.0,0.0,0.0,0.0,0.0,0.0,0.0,0.0,0.0,0.0,0.0,0.0,0.0,0.0,0.0,0.0,0.0,0.0,0.0,832.206504656503,0.0,0.0,0.0,0.0,0.0,2101.510538224974,0.0,0.0,0.0,0.0,0.0,0.0,0.0,0.0,0.0,0.0,0.0,0.0,0.0,0.0,0.0,0.0,0.0,0.0,0.0,0.0,0.0,0.0,0.0,0.0,0.0,0.0,0.0,0.0,0.0,764.6884194721567,0.0,0.0,0.0,0.0,0.0,0.0,0.0,0.0,0.0,0.0,0.0,360.070920294302,0.0,4090.2788693542793,0.0,0.0,0.0,0.0,57053.974006560435,0.0,0.0,0.0,0.0,0.0,0.0,0.0,0.0,0.0,0.0,0.0,0.0,0.0,0.0,0.0,0.0,0.0,0.0,0.0,0.0,298.5540934218827,0.0,0.0,0.0,0.0,0.0,0.0,0.0,0.0,0.0,0.0,0.0,0.0,0.0,0.0,0.0,0.0,0.0,0.0,0.0,0.0,0.0,0.0,0.0,0.0,0.0,0.0,0.0,0.0,0.0,0.0,0.0,0.0,0.0,0.0,0.0,0.0,0.0,0.0,0.0,0.0,0.0,0.0,0.0,0.0,0.0,0.0,0.0,0.0,0.0,0.0,0.0,0.0,0.0,0.0,0.0,0.0,322.1715475840377,0.0
FRA,144953.4292647555,2496281.371397903,124242470.19400218,0.0,14017166.844353251,0.0,11928888.622340627,1516548.5436666475,6239.554299366619,0.0,0.0,410767.772377576,73963684.33037853,193535827.46468252,635344.7282190843,1130434.9043780651,7386458832.408987,61305497.12691972,55462571.820300244,21468174.864567947,36598758.01479992,7530312.984335135,1756103.9496863713,1788654.8144124697,6142217.485221539,24266.387785981755,669394.2038267918,167594.28313839596,80358875.86945432,592179.5601662657,85835.16987604204,1942.30256074723,0.0,1169868.6750501122,14018259.585577272,153980089.98382843,0.0,906344188.97972,13028700.945860276,750985879.0438943,324080193.2759892,255354154.75622877,76496614.33486958,54717465.18732038,0.0,17423488.44677408,3752629.562876222,11407371.604969647,4012552.839184857,203211820.28173867,0.0,175972.95848817925,62324995.91486122,122786006.66633981,6327092890.490917,3688280.6119732303,73394.82020138197,289537463.2440473,10722529.260002859,2785520108.8262424,1828979.0732216395,809530695.8668315,929754.6202843378,0.0,4545913881.500843,12648705.106267493,13320930.20725897,90967087.55487025,106565.61299227201,0.0,0.0,40764.68873543207,0.0,86710828.78222483,3322402078.5120125,4215219.648475831,56871388.274418786,0.0,26700601.100138184,610131.9283495813,8183904.445145239,278156384.3096145,54814.65755980765,45416.09928034707,6420233.601020968,0.0,13708.996716228867,85392.45897359223,0.0,696543.3104106726,63626073.20892482,8331932.055301264,52046112.20400436,72990177.15605238,112496804.64521278,0.0,1098566294.848323,55660994.75355735,19494836.769634508,16338010.147274695,147811697.54222935,3469355670.2263584,1722175.2935315454,39301695.29254732,239815390.2391824,1649185.4180660285,1931403.8730432105,349257.2681048035,3522602.937107169,0.0,180180752.52007034,16678596.422800697,0.0,43559490.45528609,858502.6000767737,107084709.87712021,1314821.0523334937,0.0,17121969.386379294,52395.25338964021,43403768.175303645,110515058.60846734,16260596.422989704,1244530205.739847,7978029.104426367,19004053.841085248,576291.7957929495,77854133.11608107,2651.5867720791716,0.0,89291019.0095954,24001340.549291305,542174.3806363529,881473.9678099183,597010.188938037,0.0,4073265.4523433214,127029294.59543538,10607.158741956671,65383848.05625728,7776.386440825081,65504349.21794167,3752080.803180206,24933469.233455043,19147516.676645547,0.0,179262140.39500183,147791.56521776045,0.0,4615543243.840999,170046581.02837956,832978.1161146491,0.0,10340728.406875538,3957758.007616425,40572905.87801938,8583185.545247838,0.0,4210721.891914806,29483007.63143799,0.0,19307.120610629954,395269751.5228276,0.0,0.0,864736096.0641494,430399.4893110434,0.0,30469914.831232786,10289772.041357405,76018235.18989016,280544478.95371026,11003202.237462508,270470576.67730594,0.0,310998879.7412952,142359716.23249373,0.0,254.07281594028123,0.0,22322.018882934757,2481006.163662276,701220.7235964612,0.0,71977.5425850747,715775.2806146618,24949786.023041002,0.0,105193.43090273878,4092637.95502261,40542325.66352379,13251224.928733617,186816656.26465493,0.0,696001.4163886011,85503092.227273,88090.90515179941,19975217.592806116,51278993.38110641,131196353.36198312,266004.471450582,0.0,200196.03965913085,0.0,27905.17418017398,3453592.2609207057,216734003.86038148,0.0,0.0,50811021.263280146,7485147.886466267,1890541.8901533356,41731248.83094739,0.0,10133410.155766347,478445033.8418511,514970.18047661666,215556.35999814034,33841778.78664652,109322.99922343277,0.0,62269668.76302738,785916.6242541153,584817.9988541524,0.0,211323188.59383595,54356281.53907851,1510274.3712744843,1784719.826785781
FRO,0.0,0.0,0.0,0.0,0.0,0.0,0.0,0.0,0.0,0.0,0.0,0.0,0.0,0.0,0.0,0.0,0.0,0.0,0.0,0.0,0.0,0.0,0.0,0.0,0.0,0.0,0.0,0.0,0.0,0.0,0.0,0.0,0.0,0.0,0.0,0.0,0.0,0.0,0.0,0.0,0.0,0.0,0.0,0.0,0.0,0.0,0.0,0.0,0.0,0.0,0.0,0.0,0.0,0.0,0.0,0.0,0.0,6795.038124355727,0.0,0.0,0.0,0.0,0.0,0.0,0.0,0.0,0.0,0.0,0.0,0.0,0.0,0.0,0.0,0.0,0.0,0.0,0.0,0.0,0.0,0.0,0.0,0.0,0.0,0.0,0.0,0.0,0.0,0.0,0.0,0.0,0.0,0.0,0.0,0.0,0.0,0.0,0.0,0.0,0.0,9013.302162813154,50978.049481868875,0.0,0.0,0.0,0.0,0.0,0.0,0.0,0.0,0.0,0.0,724.3035967018984,0.0,0.0,0.0,0.0,0.0,0.0,0.0,0.0,0.0,0.0,0.0,0.0,0.0,0.0,0.0,0.0,0.0,0.0,0.0,0.0,0.0,0.0,0.0,0.0,0.0,0.0,0.0,0.0,0.0,0.0,0.0,0.0,0.0,0.0,0.0,0.0,0.0,201.23288071155264,52446.227594331016,0.0,0.0,155.00865179931813,0.0,0.0,0.0,0.0,0.0,0.0,0.0,0.0,0.0,0.0,0.0,0.0,0.0,0.0,0.0,0.0,0.0,275.97993637942034,0.0,0.0,0.0,118467.92677165341,0.0,0.0,0.0,0.0,0.0,0.0,0.0,0.0,0.0,0.0,0.0,0.0,0.0,250.96081214308919,0.0,0.0,0.0,0.0,0.0,0.0,0.0,0.0,0.0,0.0,0.0,0.0,0.0,0.0,0.0,0.0,0.0,0.0,0.0,0.0,1372.654178070139,0.0,0.0,0.0,0.0,0.0,0.0,0.0,0.0,0.0,0.0,0.0,0.0,0.0,0.0,0.0,0.0,0.0,0.0
FSM,0.0,0.0,0.0,0.0,0.0,0.0,0.0,0.0,0.0,0.0,0.0,0.0,0.0,0.0,0.0,0.0,0.0,0.0,0.0,0.0,0.0,0.0,0.0,0.0,0.0,0.0,0.0,0.0,0.0,0.0,0.0,0.0,0.0,0.0,0.0,0.0,0.0,563.081791048972,0.0,0.0,0.0,0.0,0.0,0.0,0.0,0.0,0.0,0.0,0.0,0.0,0.0,0.0,0.0,0.0,0.0,0.0,0.0,0.0,0.0,0.0,0.0,0.0,0.0,0.0,0.0,0.0,0.0,0.0,0.0,0.0,0.0,0.0,0.0,0.0,0.0,0.0,0.0,0.0,0.0,0.0,0.0,0.0,0.0,0.0,0.0,0.0,0.0,0.0,0.0,0.0,0.0,0.0,0.0,0.0,0.0,0.0,0.0,0.0,0.0,0.0,0.0,0.0,0.0,0.0,946.0463477519822,0.0,0.0,0.0,0.0,0.0,0.0,0.0,0.0,0.0,0.0,0.0,0.0,0.0,0.0,0.0,0.0,0.0,0.0,0.0,0.0,0.0,0.0,0.0,0.0,0.0,0.0,0.0,0.0,0.0,0.0,0.0,0.0,0.0,0.0,0.0,0.0,81230.153048814,0.0,0.0,0.0,0.0,0.0,0.0,0.0,0.0,0.0,0.0,0.0,277.8633303176748,0.0,7821.700249572952,0.0,0.0,0.0,0.0,0.0,0.0,0.0,0.0,0.0,0.0,0.0,0.0,0.0,0.0,0.0,0.0,0.0,0.0,0.0,0.0,0.0,0.0,0.0,0.0,0.0,0.0,0.0,0.0,0.0,0.0,0.0,0.0,0.0,0.0,0.0,0.0,0.0,0.0,0.0,0.0,0.0,0.0,0.0,0.0,0.0,0.0,0.0,0.0,0.0,0.0,0.0,0.0,0.0,0.0,0.0,0.0,0.0,0.0,0.0,0.0,0.0,0.0,0.0,0.0,0.0,0.0,0.0,0.0,0.0,0.0,0.0,0.0,0.0
GAB,0.0,0.0,0.0,0.0,11614.798819610847,0.0,0.0,0.0,0.0,0.0,0.0,241.7340395245753,303090.25271833455,0.0,0.0,0.0,74601.09650595317,4689.027199603828,0.0,0.0,0.0,16070.110315062988,0.0,99.82387165151928,0.0,0.0,0.0,0.0,0.0,0.0,0.0,0.0,0.0,0.0,2274.424779474217,59088.863262709194,0.0,3357400.670374972,0.0,556832.1276731025,2243.9887058860654,2071840.8624823955,622.7736702882642,465949.1258882004,0.0,0.0,0.0,0.0,0.0,0.0,0.0,0.0,0.0,0.0,1466586.3330584746,0.0,0.0,50837.81703557429,0.0,105849.35531865073,0.0,0.0,0.0,0.0,1200536.066596343,0.0,0.0,0.0,0.0,0.0,2881927.8369873343,0.0,0.0,0.0,45707.67616032645,0.0,153526.22804017214,0.0,3371.263675672345,0.0,0.0,0.0,0.0,0.0,122.15840311672974,0.0,0.0,8958.566402798137,0.0,0.0,107847.52307844098,0.0,63652.832537763585,188924.6249892525,93150.04769889728,0.0,0.0,0.0,0.0,0.0,0.0,48874.01725580442,0.0,0.0,0.0,0.0,0.0,0.0,0.0,0.0,0.0,0.0,0.0,0.0,0.0,0.0,0.0,0.0,0.0,0.0,0.0,0.0,0.0,0.0,0.0,0.0,0.0,0.0,0.0,0.0,3460.7474366915976,0.0,0.0,0.0,0.0,0.0,0.0,106533.49318804764,0.0,0.0,0.0,23873.712774123138,203.56409211162986,0.0,3774.0101092657424,0.0,122.15840311672974,0.0,0.0,1334442.0439695485,0.0,0.0,0.0,0.0,0.0,0.0,0.0,0.0,0.0,0.0,0.0,0.0,0.0,0.0,0.0,19.61082314581341,0.0,0.0,0.0,10661.635604710465,0.0,0.0,1520.2359636624462,0.0,0.0,18765.435977481986,2668.5387743769184,0.0,0.0,0.0,0.0,0.0,1128.9915854125074,0.0,0.0,0.0,66154.950725041,0.0,102932.57077442372,0.0,0.0,0.0,0.0,0.0,0.0,0.0,0.0,0.0,639.7048822165267,30913.49460769034,0.0,0.0,0.0,0.0,0.0,0.0,0.0,0.0,0.0,0.0,0.0,0.0,0.0,0.0,0.0,3131.718884590319,0.0,89.9075925464004,0.0,0.0,0.0,0.0,0.0,0.0,0.0,0.0,245039.66020352094,0.0,0.0
GBR,3148763.6041183365,3488335.0714953765,2082818.2311613325,0.0,228022.9198595821,0.0,4922357.860933342,117880.96018055824,7618.295064342926,0.0,0.0,749580.5271266383,90342239.4222425,36024262.9162406,169112.45195823052,751242.9948041476,612321682.0707837,521434.63868054457,271998.3855958561,4840558.808862034,12298647.598833289,7151522.622144431,2478508.4921052177,401857.8307807324,842749.21422282,374469.27335639024,2532435.457950378,849374.465580516,24830327.237335928,10292922.009658199,510630.97232519806,36373.26731012974,0.0,300834.723723069,204421.60483341268,161462372.11152273,0.0,42451615.33140835,9298579.600882702,36488531.730413936,578947.5156274344,2516628.30570267,424527.19953782496,329595.9736397849,0.0,4108773.533678884,0.0,174851.6826926077,1403930.3267044357,186767.9076955486,0.0,550024.2179067031,33685740.005131364,49858809.654601485,739044474.3695868,352172.6602124881,292402.2965431416,153668084.46623972,3143723.1930563534,73641541.34939913,1709998.28091271,97004238.24404234,1106.3789215264305,0.0,778707036.4063988,9514414.214438533,2108000.8742503594,27735522.56188859,395388.28606101323,6781693.650308395,863395459.46778,3213850.750582967,518.7495924266933,439266.7149693799,0.0,521430.7915316929,5271599.01175058,0.0,537741.039809902,14226.46463090188,203376.18709858894,70049545.96683182,1245289.750100339,56540.51497214919,882386.0270140584,0.0,58072.209601504095,4481918.694135371,0.0,140905.86439597007,7351496.194683699,146648.63682958568,21540946.090308897,20805291.07991427,40788681.80555347,0.0,1851212246.4114509,68893341.46703738,2339154.3678980577,16643544.840541797,447332423.69573885,255507868.67371666,3888226.285665084,13030700.826825747,100272817.37834437,1402912.3103258507,15897017.28540507,129941.94283391634,540932.144209281,34501.175120590706,30917542.05899076,24352075.661779188,0.0,20890496.063087314,145123.46882134498,24918878.100644104,1392843.1863361383,0.0,26783969.4085454,0.0,11182405.179633787,969150.3771718624,11847422.021551944,19771861.917920586,856597.9838901269,239435.72336756092,531441.1296569796,27049456.83531036,2358.2479597470406,0.0,61828.50910060968,26703542.294768423,495656.73215723864,246790.6882294538,37147.06419533555,0.0,136922.2529576328,1696934.7983964027,20188.076977571447,1316281.7969249806,1203024.1112276188,23638618.307426568,2259630.9967114627,384961.1347391672,79112.7643646896,0.0,31516085.31547968,123737.82393023853,0.0,936427280.8066236,180967248.424816,1575170.9885168928,86.58014639901062,14089124.697200809,4855918.558473748,10753290.786332447,6289634.6984933615,0.0,2908488.3290746524,22395454.278734967,37.88124327740789,52605.87625272204,326716552.5199478,0.0,0.0,167867722.9174538,2256687.767693455,0.0,105395.21545191485,7380414.907274461,16713988.141045498,46476574.828351,1451010.3989615194,61366727.01296718,0.0,1330206.2786800654,56218583.930458695,0.0,3401439.2622193526,0.0,2459.7571798816275,782386.2883930037,279245.4013693611,0.0,8348.567672646835,138.2604156002569,3997372.855534906,0.0,3684.069200311273,1121942.812323384,22624763.437760994,3393571.6482458725,139097233.24461645,0.0,253174.55374927638,4543618.628595695,59054.43480651626,68594.9259066293,374049.81263207115,39601719.64860223,0.0,0.0,335.983861060459,1354.7621753770254,232.92420244161056,10402754.102400027,33023768.989753887,0.0,0.0,16887923.448610965,6235307.843987686,3947543.0643594777,11748052.895373195,0.0,6509196.312196599,274425751.7508602,29838.26270903439,549352.1096267295,8192317.723884932,324730.4980233759,0.0,15086687.097237132,3670.1378108789922,486.77530697936504,0.0,23622533.01257787,55889185.16151938,233076.75697816064,35429487.09017777
GEO,0.0,11246.303438576802,2922709.184072482,0.0,0.0,0.0,991149.4618247884,52404314.05294423,0.0,0.0,0.0,0.0,534040.0912859959,224198.38898447523,22890552.83749263,0.0,4492379.398566286,17044.25185561362,0.0,0.0,618098.4767529627,7065.802660289581,0.0,30154.06111545948,9577338.939257704,636.123418634314,0.0,0.0,73835.81583734452,0.0,0.0,0.0,0.0,0.0,64671.50110103368,729240.3943400778,0.0,601161.3768730492,5678.483306059864,1690415.4087560722,10497.519586646244,0.0,0.0,0.0,0.0,0.0,0.0,0.0,9732.44522767057,2987.037536465687,0.0,35292.315322825714,89122.59265629738,61432677.91586505,31969862.67478684,0.0,0.0,1539.7320569496535,672436.6165277703,103812.90846357332,0.0,293093.1193853619,0.0,0.0,7076658.9463782925,1298015.5025492331,0.0,8803.525606593097,0.0,0.0,9893343.343731131,0.0,0.0,0.0,3993196.66746547,0.0,8686.910686615507,0.0,0.0,0.0,0.0,2739088.3516693544,0.0,0.0,0.0,0.0,0.0,0.0,0.0,0.0,317078.933299801,0.0,141091.56839487847,236649.2816595954,126402.46720332057,0.0,15492.995009444188,1367204.0985795099,4762809.957020541,2400.4019826738636,883789.7411291902,21785773.91561039,0.0,58968.6969131274,132764.98444280948,20271631.35779142,1778.191627604996,667226.2357011847,2951.7032404673914,0.0,53464.69592655418,44428.618309919424,0.0,140484.51013143745,0.0,300250.0735040729,0.0,0.0,0.0,0.0,3764461.0511282003,4634.314048204998,3193871.706598855,19514.924642950977,2343677.274801601,0.0,0.0,62510.04333840181,0.0,0.0,0.0,13801.87254395961,0.0,28968.00177812079,4880053.445891651,0.0,3513543.0991305206,0.0,0.0,61.110923725486956,0.0,246926.10787086922,0.0,1990.7588232849037,0.0,0.0,32707.728704315236,1291.3093220793346,0.0,4679496.226666366,72129.38583702894,206974.5295344853,0.0,3307.2663996942497,1305.014820053942,45478.118005375196,79497.63884983485,0.0,0.0,185826.0874413686,0.0,0.0,4453914.0368625475,0.0,0.0,43257.793174233484,0.0,0.0,0.0,10461.489871513571,62116.817454684264,37292392.65441991,0.0,40389.316645368366,0.0,0.0,162969.61168081302,0.0,0.0,0.0,0.0,56505.87443210921,200.03349855615528,0.0,0.0,0.0,117415.06691419339,0.0,0.0,0.0,3090252.0753596355,1246.0080325495237,59743.59365641627,0.0,0.0,698278.6126722745,0.0,0.0,0.0,31614.153644069487,1154345.4774032354,0.0,1327887.196136447,0.0,0.0,24899.403099549727,816294.8003749425,0.0,0.0,76780.45919190609,0.0,0.0,168264603.48485845,0.0,1162751.6063318322,4188822.8365883883,779885.058409738,0.0,0.0,94895.27648397374,0.0,76255.76630749759,0.0,0.0,0.0,0.0,107388.6445728572,0.0,0.0
GHA,0.0,0.0,658621.9022415093,0.0,0.0,0.0,55599.548226367086,7148684.347515922,0.0,0.0,0.0,47.51345043416832,23550539.130398467,1476914.731231794,0.0,0.0,787287388.6422772,8566624.305801487,24758040.946901154,293109.08503035683,90846540.0427509,3088.439627384874,77557.56065631912,7758436.532040238,121507196.57248436,0.0,0.0,0.0,489328316.57022464,0.0,486288.506251767,0.0,0.0,80476.70202193313,1388.5662776798295,120826209.36261678,0.0,345935015.4586041,14948.742246059206,408554204.22743094,17588827.116634473,451798.4514096177,22394.463389691668,21704.313069829277,0.0,50042.546809430765,0.0,383499.63247398473,0.0,0.0,0.0,0.0,31917.49370613803,5196253.843097717,730820504.052729,1343.5830104905583,0.0,137722342.4656459,0.0,6734481.804697212,116826.06756799205,11492365.881378202,0.0,0.0,485238193.5082337,273770084.27239364,103363.30251296813,42292.66546340945,0.0,0.0,774929748.486735,0.0,0.0,992726.6717867276,908477215.5073351,0.0,0.0,0.0,167157.20693930268,1096.8792302546296,24463.60749745014,2252971.0526088607,0.0,55.387400308258975,621276.8006760196,0.0,0.0,0.0,0.0,0.0,36979324.108151585,0.0,985055.1692734137,81324461.159317,939847414.7069244,0.0,60346113.616199814,35079656.70760317,188863.58174903563,723.8924074743832,7187143.75326401,309374106.69143856,811288.4296251535,2327330.4680188196,572940285.1791768,109050062.51829277,373269.4154172059,0.0,2448102.5009739744,0.0,56182725.96562442,125522.82275259875,0.0,4941058.285275568,424698.6691030118,12959.24275230315,0.0,0.0,16368588.591871139,0.0,0.0,1955405.9635190868,23145519.588488147,3942486.1407924006,2563950.6429865607,810.4724448271211,98.77867304086482,1405333.3971477319,0.0,0.0,3497170.857723306,176969.14850515936,0.0,102783.63630785933,0.0,0.0,0.0,131130.75454083015,0.0,389666.98903696844,516.6073095192993,1280072397.8910074,205.74418391830798,0.0,45933676.811478786,0.0,159992095.15423328,0.0,0.0,3922251658.2940445,868410.278443526,4375.364971574969,0.0,19798432.268590968,56.44240234757331,10127710.770828992,0.0,0.0,442711.7002371631,953101.3815716255,0.0,0.0,235317635.44314757,0.0,0.0,5461023.657836159,0.0,0.0,934.0676092604135,700909.886944591,177098.72519243808,487992089.23329586,0.0,1584111.9507936076,0.0,632688.2182571522,349387546.46087044,0.0,0.0,0.0,0.0,276336.3537903959,844.9238141465119,0.0,0.0,0.0,96878606.2540443,0.0,0.0,0.0,2404038.162396654,82161.26876206874,4432350.330876945,0.0,0.0,181832.4800961367,0.0,0.0,45841100.09341087,103542166.22444671,0.0,0.0,0.0,0.0,0.0,295206.5373975101,32756379.77632688,0.0,0.0,1681594.2687406333,45880.0046207952,0.0,51595510.494122915,0.0,2427855.2175697144,1010541487.5793353,0.0,0.0,0.0,0.0,0.0,620749376.3947436,0.0,0.0,0.0,0.0,7587920.755241413,4151.301776678068,0.0
GIB,0.0,0.0,0.0,0.0,0.0,0.0,0.0,0.0,0.0,0.0,0.0,0.0,0.0,0.0,0.0,0.0,0.0,0.0,0.0,0.0,0.0,0.0,0.0,0.0,0.0,0.0,0.0,0.0,0.0,0.0,0.0,0.0,0.0,0.0,0.0,0.0,0.0,0.0,0.0,0.0,0.0,0.0,0.0,0.0,0.0,0.0,0.0,0.0,0.0,0.0,0.0,0.0,0.0,0.0,0.0,0.0,0.0,0.0,0.0,0.0,0.0,0.0,0.0,0.0,0.0,0.0,0.0,0.0,0.0,0.0,0.0,0.0,0.0,0.0,0.0,0.0,0.0,0.0,63043.02134349332,0.0,0.0,0.0,0.0,0.0,0.0,0.0,0.0,0.0,0.0,0.0,0.0,0.0,0.0,0.0,0.0,0.0,0.0,0.0,0.0,0.0,0.0,0.0,0.0,0.0,0.0,0.0,0.0,0.0,0.0,0.0,0.0,0.0,0.0,0.0,0.0,0.0,0.0,0.0,0.0,0.0,0.0,0.0,0.0,0.0,0.0,0.0,0.0,0.0,0.0,0.0,0.0,0.0,0.0,0.0,0.0,0.0,0.0,0.0,0.0,0.0,0.0,0.0,0.0,0.0,0.0,0.0,0.0,0.0,0.0,0.0,0.0,0.0,0.0,0.0,0.0,0.0,0.0,0.0,0.0,0.0,0.0,0.0,0.0,0.0,0.0,0.0,0.0,0.0,0.0,0.0,0.0,0.0,0.0,0.0,0.0,606.3592175622825,0.0,0.0,0.0,0.0,0.0,0.0,0.0,0.0,0.0,0.0,0.0,0.0,0.0,0.0,0.0,0.0,0.0,0.0,0.0,0.0,0.0,0.0,0.0,0.0,0.0,0.0,0.0,0.0,0.0,0.0,0.0,0.0,0.0,0.0,0.0,0.0,0.0,0.0,0.0,0.0,0.0,0.0,0.0,0.0,0.0,0.0,0.0,0.0,0.0,0.0,0.0,0.0,0.0
GIN,0.0,0.0,3872.424798675529,0.0,908546.4456784071,0.0,0.0,0.0,0.0,0.0,0.0,0.0,183095.0597221163,62633.35910252438,0.0,0.0,27560181.865567688,0.0,3569.6753366636526,0.0,191782.08199032056,0.0,0.0,38545.711372808735,3968990.848254295,0.0,0.0,0.0,0.0,0.0,0.0,0.0,0.0,0.0,0.0,1169014.33369813,0.0,221578.27806458584,0.0,435871.82710763125,178204.78389744172,0.0,0.0,0.0,0.0,0.0,0.0,0.0,1206.135519749936,0.0,0.0,0.0,0.0,6334890.975660216,91803942.7009427,0.0,0.0,245790.91932412272,0.0,37501138.41615124,0.0,295569.2166432005,0.0,0.0,45045594.14358883,119730.50363023307,0.0,0.0,0.0,0.0,48565830.06297637,0.0,0.0,0.0,1358976.7592233003,47081.822120155826,0.0,0.0,0.0,7778.4385998626885,0.0,10201.058789970082,0.0,0.0,0.0,0.0,0.0,0.0,0.0,0.0,578949.5439064687,0.0,45768.88506410246,1601957.788785845,83902613.30513687,0.0,0.0,0.0,0.0,0.0,101074.34050841216,7828515.108612211,0.0,1014330.5175219481,0.0,0.0,0.0,0.0,0.0,0.0,159742.64610179578,0.0,0.0,53221.12313466222,5582.005168242923,0.0,0.0,0.0,0.0,0.0,0.0,0.0,0.0,135122601.74596542,24244.49695789631,0.0,0.0,18095.750732454027,0.0,0.0,16234418.41950903,0.0,0.0,337.099364731201,169.08938247674234,0.0,0.0,28450.20351417151,0.0,26394.12634052172,0.0,13228623.066992888,0.0,0.0,22673.344885299084,0.0,12986.527117994166,0.0,0.0,68467825.86344688,151867.36300293377,0.0,0.0,337573.503290796,0.0,21853.2894886707,0.0,0.0,0.0,0.0,0.0,0.0,4503993.874928834,0.0,0.0,1290628.3367095925,0.0,0.0,0.0,0.0,476863.5552191754,1574521.288174579,0.0,0.0,0.0,14710274.581208574,343208.08051643556,0.0,0.0,0.0,0.0,1494445.0892321044,0.0,0.0,0.0,0.0,182792.94263873188,0.0,0.0,0.0,0.0,0.0,1062963.406823254,0.0,0.0,0.0,0.0,0.0,2979.2494458627416,1065139.8911066058,0.0,0.0,0.0,0.0,0.0,0.0,59677.856048334055,0.0,0.0,92570.44949939256,0.0,0.0,4316895.051616363,0.0,0.0,8644931.496743275,0.0,0.0,0.0,0.0,0.0,3476371.4663161873,0.0,0.0,0.0,0.0,71022.36562164864,0.0,0.0
GNB,0.0,0.0,0.0,0.0,0.0,0.0,0.0,0.0,0.0,0.0,0.0,0.0,0.0,0.0,0.0,0.0,997128.6770498422,0.0,0.0,0.0,0.0,4198.481764566873,0.0,0.0,1330624.4518535847,0.0,0.0,0.0,0.0,0.0,0.0,0.0,0.0,0.0,0.0,0.0,0.0,0.0,0.0,134963.18681559144,0.0,0.0,0.0,0.0,0.0,0.0,0.0,890815.8692617151,0.0,0.0,0.0,0.0,0.0,0.0,338743.3740192785,0.0,0.0,0.0,0.0,49.216241221662166,0.0,535178.9701144097,0.0,0.0,399611.18320627813,0.0,0.0,0.0,0.0,0.0,38161.088369199155,0.0,0.0,0.0,40368.16213469894,0.0,0.0,0.0,0.0,0.0,0.0,0.0,0.0,0.0,0.0,0.0,0.0,0.0,0.0,0.0,0.0,0.0,0.0,10833.119957732233,643893710.9247208,0.0,45905.33638558596,0.0,0.0,0.0,0.0,23136.747814375874,0.0,0.0,596247.3410637263,0.0,0.0,0.0,0.0,0.0,0.0,0.0,0.0,0.0,0.0,0.0,0.0,0.0,0.0,0.0,0.0,0.0,0.0,108280.42981833311,0.0,0.0,0.0,0.0,0.0,0.0,0.0,0.0,0.0,0.0,110.29087648696628,0.0,0.0,0.0,0.0,0.0,0.0,583202.7798284905,0.0,0.0,0.0,0.0,0.0,0.0,0.0,29947.23035530429,0.0,0.0,0.0,0.0,0.0,3477017.370270583,0.0,0.0,0.0,0.0,0.0,0.0,317.61047969882344,0.0,0.0,85788.39789469208,0.0,0.0,0.0,0.0,0.0,31028.39074098137,0.0,0.0,0.0,119137.46533246581,1182271.6116241545,0.0,0.0,0.0,0.0,0.0,0.0,0.0,0.0,0.0,0.0,0.0,0.0,0.0,0.0,0.0,29607.98984680161,0.0,0.0,0.0,0.0,0.0,0.0,0.0,0.0,0.0,0.0,0.0,0.0,0.0,0.0,0.0,0.0,1242178.5056680185,0.0,0.0,46028.21735613723,0.0,0.0,121317.37218445964,0.0,0.0,0.0,0.0,0.0,0.0,0.0,0.0,0.0,0.0,56646.40112247652,0.0,0.0
GNQ,0.0,0.0,0.0,0.0,336623.18214743934,0.0,0.0,0.0,0.0,0.0,0.0,0.0,8925.466197820133,0.0,0.0,0.0,0.0,1580.2016246787678,0.0,0.0,0.0,0.0,0.0,0.0,103512.42319139639,0.0,0.0,0.0,0.0,0.0,0.0,0.0,0.0,0.0,0.0,4427.097640118631,0.0,0.0,0.0,0.0,0.0,48560.92606388375,0.0,0.0,0.0,0.0,0.0,0.0,0.0,0.0,0.0,0.0,0.0,0.0,52210.99125378977,0.0,0.0,0.0,0.0,0.0,0.0,0.0,0.0,0.0,79826440.93086718,0.0,0.0,0.0,0.0,0.0,61879.61046569866,30339.740539942843,0.0,0.0,9533.909918960782,0.0,76150.59899400819,0.0,0.0,0.0,0.0,0.0,0.0,0.0,0.0,0.0,0.0,0.0,0.0,0.0,0.0,0.0,0.0,0.0,0.0,0.0,0.0,0.0,0.0,0.0,0.0,0.0,0.0,0.0,0.0,88.51906201105639,0.0,0.0,0.0,0.0,0.0,186305.77641631023,0.0,6827.783485769117,0.0,0.0,0.0,0.0,0.0,0.0,0.0,0.0,0.0,932.9588953505788,0.0,0.0,0.0,0.0,0.0,0.0,0.0,0.0,0.0,0.0,0.0,0.0,0.0,0.0,0.0,0.0,0.0,0.0,0.0,0.0,0.0,0.0,0.0,0.0,0.0,0.0,0.0,0.0,0.0,0.0,0.0,0.0,0.0,0.0,0.0,0.0,0.0,0.0,0.0,0.0,0.0,0.0,0.0,0.0,0.0,0.0,0.0,0.0,0.0,0.0,0.0,0.0,0.0,0.0,0.0,0.0,0.0,0.0,0.0,0.0,0.0,0.0,0.0,0.0,0.0,0.0,0.0,0.0,0.0,0.0,0.0,0.0,0.0,0.0,0.0,0.0,0.0,0.0,0.0,0.0,0.0,0.0,30841.359878564926,0.0,0.0,0.0,0.0,0.0,185276.80522292864,0.0,0.0,43320.56105151552,0.0,0.0,0.0,0.0,0.0,0.0,0.0,0.0,0.0,0.0,0.0,0.0,4731.124943983148
GRC,8111.101894704127,28230.355959151777,357937.7382598897,0.0,58849389.604640774,0.0,394396.2382763942,2218055.3398399604,0.0,0.0,0.0,2944.419052545555,33432502.837775998,24779623.980265904,1185402.9623060506,0.0,43876406.96101897,1872.8374116837938,2012.9040015775329,3242300.570767505,334775620.3646015,3443009.6136061717,238133.10447919994,6256830.688481776,3094060.9192161667,46.51889233986604,0.0,1324.2931653383832,3765876.831694921,40067.83106198304,18709.997270194133,0.0,0.0,0.0,11989.41589139135,38622068.16282945,0.0,10662859.761275964,112177.9002810528,76072720.61463064,885151.3837821175,43956.58373554011,82950.90841041385,381088.44957236847,0.0,90796.34798731556,18.37739281829797,162.8508957015558,125556.9339340113,262633.7065143313,0.0,0.0,101825902.1134667,24687084.24773233,201002587.79581937,12679.740055391747,0.0,7911162.320668225,33781.21516861051,29774568.954166453,78622.34031030019,150137087.59150445,3440.264197363702,0.0,116274607.6103491,1980093.7843391937,1405060.3044765273,8599758.38912853,0.0,0.0,49212780.00033659,3004.675200540533,0.0,26093.340666517262,89494119.79749985,409391.7685572156,205196.9919861186,0.0,50064.800105921175,0.0,0.0,0.0,575.236055498081,1491.922422925871,11878.741545736535,0.0,0.0,86746.46302066167,0.0,31375.70092892075,6655414.946552694,5674.4503419307675,28361309.79457702,66888421.87489752,3906688.603079362,0.0,3578086.1877474682,1429489.4480573712,2137026.9137198655,89711.43310199624,37059888.27859671,1350242542.6129537,39265.82670631825,4115145.9311762345,30462907.6208839,721546.964630772,84344.83172907998,34573.058801829364,14383.048588131418,0.0,7367579.334737574,1827241.886385986,0.0,15258585.361938264,45904.540165012535,5673688.851458485,0.0,0.0,1810134.7729537385,0.0,8604115.27253334,185171.14306464163,3204713.807080181,7776359.015502064,10118551.540289225,162312.10591713784,49572.57383494779,2067501.9892142995,1590.1468115841515,0.0,58613.55630458935,5166047.501095501,387938.3461499896,1859286.6614538555,20749.632589892695,0.0,0.0,4042800.5551995095,0.0,152931.02484488167,1222.418138334374,9637599.90975582,30369.70129170402,5512.602332443017,6857.72638340796,0.0,25980800.83763516,4196.221067764428,0.0,57577462.802114725,4069257.145195616,0.0,0.0,2338259.7263111114,693287.9385012535,32890205.90520312,426552.75147807016,0.0,65223.167975199605,1293808.8683640168,0.0,0.0,53009834.39112557,0.0,0.0,9509997.641602343,763838.4935400249,0.0,4151.353123804812,680812.5993603482,112231247.82530217,46162035.27595945,1715.6366750174316,24368661.47219682,0.0,64794.99560101479,722021.7806970634,0.0,0.0,0.0,0.0,357.4591389421628,17101.223118237467,0.0,0.0,0.0,26607438.927946415,0.0,0.0,79325.27178401474,7133193.560780341,6083671.186481979,18810649.0506301,0.0,45804.91600327028,7951816.517124676,0.0,2708.693920457941,2190.845389010595,3002563.087317104,0.0,0.0,4124.208164710142,0.0,0.0,604253.9552016438,75182320.4384858,0.0,0.0,7128730.9454942765,198361.28067029594,5916.51171409692,17994099.519908465,0.0,1364443.8601853482,118742104.98323752,83899.06415366543,1913.2387878036195,555047.0083157101,0.0,0.0,4994720.241499032,71.14776108506976,0.0,0.0,2153915.7201645784,3744585.161074218,28817.951472287274,113443.16248132511
GRD,0.0,0.0,0.0,0.0,0.0,0.0,137411.7821473635,0.0,0.0,0.0,0.0,547190.6986424348,190419.00767112203,0.0,218.78227283478657,0.0,2155574.986559142,0.0,0.0,0.0,0.0,0.0,4796.370247179428,0.0,0.0,50.02321623797517,0.0,0.0,0.0,162556.33418422483,0.0,0.0,0.0,0.0,0.0,2738195.8074799064,0.0,10089864.151393672,0.0,0.0,0.0,0.0,0.0,0.0,0.0,0.0,0.0,0.0,0.0,0.0,0.0,0.0,0.0,0.0,2016742.850994901,0.0,648232.3592569476,0.0,0.0,228219.26679910766,0.0,0.0,0.0,0.0,69294.38673664941,0.0,0.0,0.0,0.0,0.0,5498581.644564923,0.0,0.0,0.0,655713.3512893207,0.0,0.0,0.0,0.0,0.0,0.0,0.0,0.0,0.0,0.0,0.0,0.0,0.0,0.0,0.0,56963.86234814866,0.0,0.0,0.0,30052.13696346017,0.0,0.0,0.0,0.0,0.0,0.0,375228.1732139208,250352.64667311756,0.0,15450.261627878444,0.0,0.0,0.0,0.0,0.0,10108.321695067609,0.0,0.0,0.0,0.0,0.0,1454967.2033398452,0.0,0.0,0.0,0.0,0.0,0.0,0.0,0.0,0.0,0.0,5123.136070808576,0.0,0.0,0.0,0.0,0.0,54.01465264743792,0.0,0.0,0.0,0.0,45608.68638873265,0.0,0.0,2767.81585731057,0.0,0.0,0.0,0.0,0.0,0.0,0.0,5586687.511878147,160678.4444455808,0.0,0.0,0.0,0.0,0.0,0.0,0.0,0.0,1973.5613886962633,0.0,0.0,53883.49351869125,0.0,0.0,0.0,0.0,0.0,0.0,0.0,0.0,3029.7826595943707,0.0,0.0,0.0,0.0,0.0,0.0,0.0,0.0,0.0,0.0,0.0,0.0,0.0,0.0,2561.568035404288,0.0,0.0,0.0,0.0,0.0,0.0,0.0,0.0,0.0,0.0,0.0,0.0,0.0,0.0,0.0,0.0,0.0,0.0,199641.09576150333,0.0,0.0,0.0,0.0,0.0,0.0,334.86145811378117,0.0,0.0,3736359.970708049,0.0,17871.507404731958,2528.8269789920305,0.0,0.0,0.0,0.0,0.0,0.0,0.0,0.0,0.0,0.0
GRL,0.0,0.0,0.0,0.0,0.0,0.0,0.0,0.0,0.0,0.0,0.0,0.0,0.0,0.0,0.0,0.0,0.0,0.0,0.0,0.0,0.0,35.626086961195,0.0,0.0,80.74368214359289,0.0,0.0,0.0,0.0,0.0,0.0,0.0,0.0,0.0,0.0,1072.4192033024844,0.0,9818268.48426212,0.0,0.0,0.0,0.0,0.0,0.0,0.0,0.0,0.0,0.0,0.0,0.0,0.0,0.0,0.0,0.0,0.0,0.0,0.0,2592.652865777073,0.0,0.0,0.0,0.0,0.0,0.0,0.0,0.0,0.0,0.0,0.0,0.0,0.0,0.0,0.0,0.0,0.0,0.0,0.0,0.0,0.0,0.0,0.0,695.0454877063545,0.0,0.0,0.0,0.0,0.0,0.0,0.0,0.0,0.0,0.0,0.0,0.0,0.0,0.0,0.0,0.0,0.0,0.0,0.0,0.0,0.0,0.0,0.0,0.0,0.0,0.0,0.0,0.0,0.0,0.0,0.0,0.0,0.0,0.0,0.0,0.0,0.0,0.0,0.0,0.0,0.0,0.0,0.0,0.0,0.0,0.0,0.0,0.0,0.0,0.0,0.0,0.0,0.0,0.0,0.0,0.0,0.0,0.0,0.0,0.0,0.0,0.0,0.0,0.0,0.0,0.0,0.0,0.0,0.0,0.0,0.0,0.0,0.0,0.0,0.0,0.0,0.0,0.0,0.0,0.0,0.0,0.0,0.0,0.0,0.0,0.0,0.0,0.0,0.0,0.0,0.0,90092.07332294573,0.0,0.0,0.0,0.0,0.0,0.0,0.0,0.0,0.0,0.0,0.0,0.0,0.0,0.0,0.0,0.0,0.0,0.0,0.0,0.0,0.0,0.0,0.0,0.0,0.0,0.0,0.0,0.0,0.0,0.0,0.0,0.0,0.0,0.0,0.0,0.0,0.0,0.0,0.0,0.0,0.0,0.0,0.0,0.0,0.0,0.0,0.0,0.0,0.0,0.0,0.0,0.0,0.0,0.0,0.0
GTM,380590.0751850974,82292.12447512083,3676955.9925603047,0.0,2721904.4179288163,0.0,4675536.375472631,81693.75616721879,0.0,0.0,0.0,674889.5063437807,19209934.59870532,1643458.2144705371,318612.51743114926,0.0,155610363.87791997,3125415.349229087,11227558.926078558,28979601.976691097,1287700.0873907215,2354452.9010555833,900482.6064467016,509099.0639298909,2099263.285689166,3314349.966704624,24389.644752191587,2879918.632854209,6932277.232191233,2438659.541788728,23408.70779984955,0.0,0.0,0.0,63226.683399388916,452819058.9350955,0.0,36406673.80184958,270843645.9210651,110471765.2847871,9008263.880602442,7258301.108354434,6415068.720458958,5730291.778476668,0.0,47393199.10043147,0.0,0.0,45828659.74435042,2283595.418049607,0.0,6191.506070475747,19272.466996044932,106706.03228851929,215208145.5329559,0.0,584507.6972064083,1623199.8082077038,35810990.48586994,13679109.800542831,11650723.742223626,17677571.622688506,0.0,0.0,43259772.99132389,82313.83797349429,2136440.592184301,32474083.564710326,102809.54553105895,0.0,31896265.23802248,0.0,0.0,0.0,58690399.80353039,36602.73496524612,64578998.553056985,1859128.5143105488,10700642.060595652,0.0,0.0,3256919.7869144455,982926.3200796297,0.0,0.0,0.0,0.0,4686028.439702274,0.0,107578634.94115895,7792536.700426251,32288103.27488792,89597.59318092566,39442331.551953085,34684056.54316621,0.0,691292.0545917489,3474175.652562325,721808.025300001,603107.3306563408,29338944.528121874,137989603.3710651,40588064.318527,38176298.52810576,482978684.5172759,30654.577703455157,1553976.1557310405,703.2052286881622,0.0,0.0,228304495.8631501,14396957.238519112,0.0,8529270.16159296,0.0,9528298.455443822,1892467.4834875027,0.0,10662317.123912433,0.0,111064.35691321279,1169471.3654464374,237099.4308955567,3497178.154423168,60294.53624865183,0.0,0.0,547901338.4307892,0.0,0.0,3433393.8780897846,68301.47991472298,748281.8837475681,87670.5969787486,1234161.8006872272,0.0,0.0,6555792.180838595,50029.05569481678,280048.45170909655,0.0,54528516.76160321,0.0,5394.760547419903,982072.5437602571,20635.668565976768,5300140.448990216,40958090.84660405,0.0,152061473.91913205,49965506.67253113,13866813.465462906,0.0,12449833.932494497,1353729.672760157,36562632.06832248,29980315.09016982,0.0,61279980.85035062,9159544.036409745,0.0,0.0,3445124.88104287,0.0,0.0,14321807.335281778,0.0,0.0,0.0,3836094.8754537604,2649937.768012204,38177145.016317435,270762.2038795519,156331060.1767937,0.0,3259094.542317846,29573959.588034436,0.0,0.0,0.0,0.0,968647.5418116436,306197961.7056051,0.0,0.0,0.0,422462.8108462656,0.0,0.0,3231741.9538718467,1100836.1515438417,569777.7042516051,16138465.35917122,0.0,695.4520580953372,81534113.73854853,0.0,0.0,12459129.632010315,169727.75458957726,0.0,0.0,0.0,0.0,0.0,20807474.61808772,71884389.819199,0.0,0.0,104461272.37643194,406727.5975541684,1437141.3562646445,4680390.345242504,0.0,469349.98439551494,2305991958.8040304,0.0,1199312.48531466,98902801.0578205,380471.37051813054,0.0,677628.172123038,0.0,0.0,0.0,2179504.985551218,14733368.944771105,487.91030255893537,68199.19440719904
GUF,0.0,0.0,0.0,0.0,0.0,0.0,0.0,0.0,0.0,0.0,0.0,0.0,0.0,0.0,0.0,0.0,0.0,0.0,0.0,0.0,0.0,0.0,0.0,0.0,0.0,0.0,0.0,0.0,0.0,0.0,0.0,0.0,0.0,0.0,0.0,0.0,0.0,0.0,0.0,0.0,0.0,0.0,0.0,0.0,0.0,0.0,0.0,0.0,0.0,0.0,0.0,0.0,0.0,0.0,0.0,0.0,0.0,0.0,0.0,0.0,0.0,0.0,0.0,0.0,0.0,0.0,0.0,0.0,0.0,0.0,0.0,0.0,0.0,0.0,0.0,0.0,0.0,0.0,0.0,0.0,0.0,0.0,0.0,0.0,0.0,0.0,0.0,0.0,0.0,0.0,0.0,0.0,0.0,0.0,0.0,0.0,0.0,0.0,0.0,0.0,0.0,0.0,0.0,0.0,0.0,0.0,0.0,0.0,0.0,0.0,0.0,0.0,0.0,0.0,0.0,0.0,0.0,0.0,0.0,0.0,0.0,0.0,0.0,0.0,0.0,0.0,0.0,0.0,0.0,0.0,0.0,0.0,0.0,0.0,0.0,0.0,0.0,0.0,0.0,0.0,0.0,0.0,0.0,0.0,0.0,0.0,0.0,0.0,0.0,0.0,0.0,0.0,0.0,0.0,0.0,0.0,0.0,0.0,0.0,0.0,0.0,0.0,0.0,0.0,0.0,0.0,0.0,0.0,0.0,0.0,0.0,0.0,0.0,0.0,0.0,0.0,0.0,0.0,0.0,0.0,0.0,0.0,0.0,0.0,0.0,0.0,0.0,0.0,0.0,0.0,0.0,0.0,0.0,0.0,0.0,0.0,0.0,0.0,0.0,0.0,0.0,0.0,0.0,0.0,0.0,0.0,0.0,0.0,0.0,0.0,0.0,0.0,0.0,0.0,0.0,0.0,0.0,0.0,0.0,0.0,0.0,0.0,0.0,0.0,0.0,0.0,0.0,0.0,0.0
GUM,25419.494239464166,0.0,0.0,0.0,0.0,0.0,0.0,0.0,0.0,0.0,0.0,0.0,76942.48442414327,0.0,0.0,0.0,3501.791629698296,0.0,0.0,0.0,0.0,49666.84084098543,0.0,0.0,0.0,0.0,0.0,0.0,0.0,0.0,0.0,0.0,0.0,0.0,0.0,96874.50847854155,0.0,90947.71231546832,0.0,0.0,0.0,0.0,0.0,0.0,0.0,0.0,0.0,0.0,0.0,0.0,0.0,0.0,0.0,0.0,0.0,0.0,0.0,0.0,0.0,0.0,0.0,0.0,0.0,0.0,25900.26717339907,0.0,0.0,185822.66297052655,0.0,0.0,0.0,0.0,0.0,0.0,0.0,0.0,0.0,0.0,0.0,0.0,0.0,0.0,0.0,0.0,0.0,0.0,0.0,14557.630058210809,0.0,0.0,14.124586032316977,0.0,0.0,0.0,0.0,0.0,0.0,0.0,0.0,58.593034317596775,0.0,63283.66816176844,0.0,0.0,94355.23034669731,0.0,0.0,0.0,0.0,0.0,37657.07652075252,0.0,0.0,0.0,0.0,0.0,0.0,0.0,0.0,0.0,0.0,0.0,0.0,0.0,0.0,0.0,0.0,0.0,0.0,0.0,0.0,0.0,0.0,0.0,0.0,0.0,0.0,0.0,0.0,0.0,0.0,765.2123652587671,0.0,0.0,0.0,0.0,7804.205473543203,0.0,0.0,479112.80694803596,0.0,0.0,0.0,0.0,0.0,1097.7970338823643,0.0,0.0,0.0,91448.75406819046,0.0,0.0,0.0,0.0,0.0,0.0,0.0,0.0,0.0,0.0,0.0,216.2274113696765,145.1822106875792,0.0,0.0,0.0,0.0,0.0,0.0,0.0,0.0,0.0,0.0,0.0,0.0,0.0,0.0,0.0,0.0,0.0,0.0,0.0,42232.487515277906,0.0,0.0,0.0,0.0,0.0,0.0,0.0,0.0,0.0,0.0,0.0,0.0,0.0,0.0,0.0,0.0,10742.381186961009,0.0,0.0,0.0,0.0,0.0,0.0,0.0,0.0,0.0,0.0,0.0,0.0,0.0,0.0,0.0,0.0,51546.2872021418,0.0,0.0
GUY,3405792.183622833,0.0,0.0,47338.967978117376,381.58882814968433,0.0,0.0,0.0,0.0,0.0,0.0,3374889.139064677,193412.05205084034,0.0,55.201008315501745,0.0,19669540.063765973,601.8443382047449,0.0,0.0,0.0,3683.360672606883,17275.971513772027,33303.17184693509,114.77116052522128,599378.1964994678,34082.768869799074,0.0,12639938.839302545,12638214.664195225,0.0,0.0,0.0,0.0,0.0,2416272.6045251964,0.0,61636.59747581713,323234.3615872963,11191.56523866172,406.2945540374444,0.0,0.0,0.0,0.0,5498770.185726531,37013.42697659153,0.0,114297.23766309208,33562.59757396529,5143.16459267535,177470.98362432228,33064.63257719967,0.0,4540836.943889498,13479.306689495152,3375064.2530671735,29760.545593385454,16237141.962288486,0.0,0.0,0.0,0.0,0.0,7280601.826931645,0.0,0.0,0.0,0.0,0.0,16272923.538646244,0.0,0.0,0.0,265812035.51228565,0.0,22114.802976028604,0.0,0.0,0.0,0.0,2094606.8367816822,6002461.206295762,57.816360989677754,233973.72959191067,0.0,0.0,0.0,0.0,15374.111884253827,88063.2996811553,15398121.540523188,0.0,0.0,330358.72303740063,0.0,2594.447390828582,0.0,0.0,11125.211850607078,0.0,35050831.73603226,101897989.56453128,24980.919866163193,34913.23814033714,3072.5786707023267,0.0,58.81248014784197,0.0,159.72835402003517,110.40201663100349,3825.208655127002,0.0,16449.78111016693,0.0,0.0,5125714.136319199,0.0,0.0,0.0,0.0,0.0,0.0,55.256132428953045,1927.4149043219804,109.27251572454844,0.0,125095.31494127164,0.0,0.0,0.0,0.0,0.0,56.02973105120339,0.0,0.0,881.7063185564912,0.0,12688.36087185942,0.0,0.0,2095.9387407186086,0.0,957.3115341546517,9556.839419393955,0.0,0.0,18372532.4724312,0.0,73517672.26292749,1801.4604475624303,0.0,0.0,11304.671838968983,0.0,161574.94984837563,31352086.423620634,0.0,48795.525788033716,60668.88562066416,0.0,0.0,2052065.5972840886,0.0,0.0,136373336.35761702,0.0,0.0,0.0,0.0,0.0,59804.798593324,0.0,83658.92331099352,0.0,79229.73853526234,9002.774796724807,0.0,0.0,0.0,0.0,0.0,5963.910367046655,0.0,0.0,0.0,791.2916525710273,0.0,0.0,13826077.333194293,0.0,0.0,107439.32559313827,0.0,0.0,0.0,37486.078397114776,0.0,0.0,1218.6027812018037,0.0,0.0,0.0,0.0,11317.436299805977,62657284.744895846,0.0,0.0,0.0,937.7897549856557,0.0,1104.020166310035,12772.874043753136,0.0,0.0,27404441.02458591,0.0,7268274.525859952,148823536.79575709,112455.1861830328,0.0,0.0,0.0,0.0,0.0,0.0,8701.769343548644,0.0,0.0
HMD,0.0,0.0,0.0,0.0,0.0,0.0,0.0,0.0,0.0,0.0,0.0,0.0,0.0,0.0,0.0,0.0,0.0,0.0,0.0,0.0,0.0,0.0,0.0,0.0,0.0,0.0,0.0,0.0,0.0,0.0,0.0,0.0,0.0,0.0,0.0,0.0,0.0,0.0,0.0,0.0,0.0,0.0,0.0,0.0,0.0,0.0,0.0,0.0,0.0,0.0,0.0,0.0,0.0,0.0,0.0,0.0,0.0,0.0,0.0,0.0,0.0,0.0,0.0,0.0,0.0,0.0,0.0,0.0,0.0,0.0,0.0,0.0,0.0,0.0,0.0,0.0,0.0,0.0,0.0,0.0,0.0,0.0,0.0,0.0,0.0,0.0,0.0,0.0,0.0,0.0,0.0,0.0,0.0,0.0,0.0,0.0,0.0,0.0,0.0,0.0,0.0,0.0,0.0,0.0,0.0,0.0,0.0,0.0,0.0,0.0,0.0,0.0,0.0,0.0,0.0,0.0,0.0,0.0,0.0,0.0,0.0,0.0,0.0,0.0,0.0,0.0,0.0,0.0,0.0,0.0,0.0,0.0,0.0,0.0,0.0,0.0,0.0,0.0,0.0,0.0,0.0,0.0,0.0,0.0,0.0,0.0,0.0,0.0,0.0,0.0,0.0,0.0,0.0,0.0,0.0,0.0,0.0,0.0,0.0,0.0,0.0,0.0,0.0,0.0,0.0,0.0,0.0,0.0,0.0,0.0,0.0,0.0,0.0,0.0,0.0,0.0,0.0,0.0,0.0,0.0,0.0,0.0,0.0,0.0,0.0,0.0,0.0,0.0,0.0,0.0,0.0,0.0,0.0,0.0,0.0,0.0,0.0,0.0,0.0,0.0,0.0,0.0,0.0,0.0,0.0,0.0,0.0,0.0,0.0,0.0,0.0,0.0,0.0,0.0,0.0,0.0,0.0,0.0,0.0,0.0,0.0,0.0,0.0,0.0,0.0,0.0,0.0,0.0,0.0
HND,25256.49862837419,0.0,0.0,0.0,165116.26891349955,0.0,366711.9555573059,196016.07102840612,0.0,0.0,0.0,207585.59277723075,22771094.97096121,4959585.398652086,253.48653096951324,0.0,360280390.7168839,0.0,0.0,0.0,17621360.25782685,753.3195224864743,1357.0271266878642,102494.19805833281,910978.3514190628,146878.42062294972,0.0,0.0,575697.1565386945,836770.4959340631,0.0,0.0,0.0,0.0,94711.37108986401,84519300.06886852,0.0,38391282.70823661,4189044.4418917084,1348914.2826009265,0.0,175.5984369673856,0.0,0.0,0.0,10953498.765207836,0.0,0.0,31481635.269208536,9380.29821096401,0.0,0.0,0.0,12135193.482847022,937674005.1494393,0.0,4171135.4944749125,9353205.597518928,15839851.284572972,477028.6747451409,5244049.224898907,2620644.071232925,0.0,0.0,60086471.974526726,546073.8254430157,410.3252875881231,44898289.66701975,0.0,0.0,141175589.2536097,0.0,0.0,0.0,106415869.7997675,30312.87849485994,1919264.9278952181,0.0,0.0,0.0,0.0,983812.537251458,5074.067226559853,30.549862154945668,84707023.25415713,0.0,0.0,301616.63412550994,0.0,0.0,2360570.7814579494,3178868.6181427795,10727.788732531024,4148423.5172554203,2812837.3967864965,0.0,3270883.704060823,111896.95269628035,0.0,108051.98623431247,4080650.6522256304,156170419.70048583,7139185.059386152,756553.5298307235,79928328.39556058,11325.343719189237,104663.9140678859,0.0,0.0,22828.87711415951,106004479.09538428,45094.38139830748,0.0,74905.08846569827,0.0,28693.44392957787,216628.70251967898,0.0,573298.606463153,0.0,4459.991583585071,0.0,0.0,1510311.8270874647,9217.817411110636,73345.77770723627,0.0,269306466.0870054,0.0,0.0,0.0,814.8099350142713,0.0,16182.900634010593,1255.2175749073613,0.0,0.0,0.0,17247.564596117918,2415.0417265605033,0.0,102447.91686794144,0.0,0.0,0.0,0.0,6442.124912549635,57115037.860187784,0.0,182500889.56927535,5114594.691200122,0.0,0.0,885210.8800976507,0.0,228562.79649999423,1447856.5360137762,0.0,4327215.717176203,7976.945093257359,0.0,0.0,4505064.870704694,0.0,0.0,20829069.805939015,0.0,0.0,93213.91805321113,4290.811839443967,1937229.8732793762,26403886.285025205,14368.828337183448,209539.7808964838,0.0,96341.61883493431,270942.9335207464,0.0,0.0,0.0,0.0,0.0,183886077.17533463,0.0,0.0,0.0,282282.026347747,0.0,0.0,237997.5247018906,428696.2153208782,870458.5741776632,77992393.57780999,0.0,0.0,451132.9357513867,0.0,0.0,2724.2792161400566,11371.429050777017,0.0,0.0,0.0,0.0,0.0,4764692.200375939,33125.27538035082,0.0,0.0,12120430.550617665,135.30195869980574,98323.83962158387,704760.6149839548,0.0,304.7378524101075,835963793.9327561,0.0,353098.8053427215,41713590.316052414,0.0,0.0,976362.4780823069,0.0,0.0,0.0,882393.2232516751,4197843.41150814,0.0,14104.947402818485
HRV,0.0,0.0,27940.31747841602,0.0,23188509.79861125,0.0,2906.5866572387026,214202.81571148155,0.0,0.0,0.0,60.30081751240032,2906391.1501295823,49529222.110310584,94948.78545427354,2235.777019280478,5261587.3834136445,60683.05773686461,0.0,0.0,13320301.639248513,188.94663989168504,34.36444588194455,290093074.42040753,78638.94204422232,0.0,1216.6039290319466,0.0,454967.68099262164,0.0,0.0,0.0,0.0,0.0,0.0,1867528.2445233501,0.0,2192202.982531121,5270.256773305929,252081.32499237277,120604.36528876147,2198.3715042754657,0.0,14340.381930034055,0.0,0.0,0.0,0.0,0.0,0.0,0.0,110.95826541938241,3082071.656759142,14419622.186210541,30222790.786866706,0.0,1216.6039290319466,270534.41173256707,0.0,1280569.1456312235,0.0,1299758.3869553544,0.0,0.0,4927477.7800862575,57128.263032484785,0.0,15113.482478254928,0.0,0.0,10670475.007512582,33.543773091471415,0.0,0.0,2640807.328222398,395484.48452548357,33025.09039246295,0.0,6562.984237043131,129.03173561048186,0.0,42316391.70269557,0.0,126.20661146167782,0.0,0.0,0.0,104.89787298745726,0.0,2725783.01009061,0.0,0.0,110483533.41790141,631064.8221973637,82718.97690466877,0.0,27437.476351363104,19881.25906628595,8324.08162772844,667.1901812376311,4512603.440953121,270968430.19087857,7722.803287090272,3092758.8457438224,111542.7474567155,1140775.7844889308,1857.830197789067,2061.394283778278,1148.5090576722455,33711.80474187133,77806.25917542301,193.95782592856472,0.0,36615.243049275705,48996.62802720984,14526623.529197523,0.0,0.0,73772.83743247582,0.0,242181.88369648397,13839.41758790023,35202.48816547694,322689.1070842379,50575.197790398095,0.0,0.0,142400.68441453247,59.770511818390595,0.0,5937.813013854501,8446750.125040038,0.0,16725323.250222644,0.0,0.0,0.0,0.0,0.0,0.0,707.3274369652395,151621.69964726176,0.0,0.0,0.0,0.0,2343.0418564161314,0.0,0.0,5810154.579127718,1846075.1513132437,0.0,0.0,99800.78095279013,526039.1501866475,971445.1501398613,2960.2284258183754,0.0,4443.258242573034,223775.7457523289,0.0,0.0,3017128.218649142,0.0,0.0,954317.0523915687,0.0,0.0,0.0,64822.17982398652,22099823.804169364,20192096.85217109,0.0,468995.79086303833,0.0,0.0,192826.43442346787,0.0,0.0,0.0,0.0,22.63428809917347,0.0,0.0,0.0,0.0,119757077.8947497,0.0,0.0,0.0,15914260.33820504,129123655.51527198,1232051.5287300376,0.0,0.0,5782776.957370673,0.0,0.0,302.72396594874385,381.39295584629957,52290.644444208745,0.0,0.0,0.0,0.0,0.0,11629477.950597193,0.0,0.0,13103.148915830556,49450.384283545194,0.0,415651.881314701,0.0,170.56971418548142,6171155.912831244,6371.833698630962,640.1332234099717,329053.77071998565,12.250710908882134,0.0,36505.88202411975,6351.4994441206845,0.0,0.0,424.4360631298507,159191.63628928954,0.0,0.0
HTI,61.36971214856939,0.0,0.0,0.0,0.0,0.0,0.0,0.0,0.0,0.0,0.0,0.0,0.0,0.0,0.0,0.0,1750372.303195683,0.0,0.0,0.0,0.0,20104.39494251445,5905.289852055291,0.0,0.0,0.0,0.0,0.0,0.0,4375.792292050089,0.0,0.0,0.0,0.0,0.0,1235375.9443084882,0.0,1366713.3351215692,1524.766578754113,2054.524087590291,0.0,0.0,0.0,0.0,0.0,0.0,0.0,0.0,181581.24061169615,0.0,0.0,0.0,0.0,0.0,13979538.190127306,0.0,0.0,0.0,0.0,18566628.32092041,0.0,0.0,0.0,0.0,5035238.47854597,0.0,0.0,0.0,0.0,0.0,2146817.5408049184,0.0,0.0,0.0,5326.278625687748,0.0,0.0,0.0,0.0,0.0,0.0,0.0,0.0,0.0,0.0,0.0,0.0,0.0,0.0,0.0,0.0,0.0,0.0,0.0,178414.1005898645,0.0,267410.1392965137,0.0,0.0,8222.349000599519,0.0,10802196.575799555,23814.275678437083,538.1887658968737,813540.1958467665,0.0,0.0,0.0,0.0,0.0,0.0,0.0,0.0,0.0,0.0,0.0,0.0,0.0,0.0,0.0,0.0,0.0,0.0,0.0,0.0,0.0,0.0,0.0,0.0,0.0,0.0,0.0,0.0,0.0,0.0,0.0,0.0,0.0,0.0,22966.26554271471,0.0,0.0,0.0,0.0,24086.708043762414,0.0,0.0,0.0,0.0,13923602.041916022,49.793967075662074,0.0,0.0,0.0,0.0,0.0,0.0,0.0,0.0,0.0,0.0,0.0,66622.20514000687,0.0,0.0,0.0,0.0,0.0,0.0,0.0,0.0,3302.730406500233,340.15853410923626,0.0,0.0,0.0,0.0,0.0,0.0,0.0,0.0,0.0,0.0,0.0,0.0,0.0,0.0,0.0,0.0,0.0,0.0,0.0,0.0,0.0,0.0,0.0,0.0,0.0,0.0,0.0,0.0,0.0,0.0,0.0,0.0,2410.286440147558,0.0,0.0,0.0,2327.480674052497,0.0,0.0,0.0,0.0,0.0,85018226.0643563,0.0,3356.4040087974777,0.0,0.0,0.0,0.0,0.0,0.0,0.0,0.0,0.0,0.0,0.0
HUN,0.0,359.89883462035544,549361.6090623048,0.0,29006185.194247767,0.0,25041.33708805022,2853007.9908611397,0.0,0.0,0.0,0.0,1321442.8761717284,992858863.1748987,991089.5454535447,5281.422567499757,118224596.35474709,30869.865686838748,1869.8546868351732,310317.8334468866,70601798.97409403,48588.09371360957,10866.979775027228,269763156.41052336,2036832.7906757232,0.0,0.0,19076.373929264897,964462.5820660903,0.0,0.0,0.0,0.0,91.47940382967043,55.236360412058126,3969855.4821629548,0.0,37072095.896824285,508261.6645209555,1336465.3623132107,189131.3878978756,146826.02775216292,0.0,2923939.152281239,0.0,18441.932188886356,0.0,105.76458739728166,8028.642593397391,111435.43328958069,0.0,9820.2371076954,33114984.725703273,292267578.9457121,1415108814.3298967,0.0,224.90067887161342,6786115.555571418,33580.785933383595,3645587.8891868833,2376.0927220421445,1388527.2626533164,0.0,0.0,55917522.93023328,9150002.369853513,383.68700230159817,4778783.783867351,0.0,0.0,53956379.940822065,41.85378763022163,0.0,233917.49231052725,60977617.57086175,4887997.434949822,2699.865061513288,0.0,10931.95286951064,0.0,0.0,127662028.5398892,0.0,2750.5534343704876,15218.816342451852,0.0,0.0,0.0,0.0,0.0,183151322.04101506,0.0,0.0,744959.1331814867,460477.86353540886,0.0,2742729.18728174,573958.232260928,236067.58740586357,175258.9130515412,32994048.3871098,1397164105.6273456,0.0,4976269.4331145445,12159285.455052614,3846848.2510390016,107913.01313687304,1022313.1533999159,2787.9126207022946,0.0,104733783.49526408,575966.7428711872,0.0,11887978.18057508,37408.69738798663,3787120.739742646,0.0,0.0,10481.313866738188,0.0,23343825.206263497,273236.1106128129,5510520.781367495,10665358.33082886,1997462.953990885,151122.18277165593,4205.883446423475,149988.57981402517,0.0,0.0,38251.1264299331,6589506.550693624,0.0,3321271.442324413,2630917.2580651287,0.0,0.0,4051.5823206131763,0.0,206390.5734130152,0.0,486134.69058636617,95.00542851790881,6297.614580656518,20671.28015591034,0.0,11939.781082652848,0.0,0.0,864924516.9886463,2975378.3864456997,22080.028491665857,0.0,250086.78900779184,45695.38828499597,916068.5533573386,187925.99839755968,0.0,11094.25556522198,3171417.2434355346,0.0,146185.24075090702,312601125.9315691,0.0,0.0,9784308.049802246,0.0,0.0,104.8315366556605,44626.96279867887,1147725522.938921,39944865.69567552,0.0,21180782.40254037,0.0,1607113.2860264713,196359.7300187107,0.0,0.0,0.0,0.0,28825.192578470647,0.0,0.0,0.0,0.0,61093243.17963608,0.0,0.0,48859.04824493017,715396685.4837154,228320488.92612177,25786468.582872946,0.0,5132.713913439913,14840451.79093807,0.0,0.0,12275.29638461925,46090.293676550085,654464.073689554,0.0,112490.12395928643,0.0,0.0,0.0,27676372.91266183,0.0,0.0,301201.18689597445,4718136.021736609,655372.8019845207,20850768.77005432,0.0,149595.6569206826,8289690.731830574,151986.7714721102,0.0,9001.555042441129,12995.03371645717,0.0,176445.06541006092,0.0,0.0,0.0,66194.69473781675,849551.8398018777,0.0,19343.363999022768
IDN,2489.6626513285273,105833114.00402512,136090382.59700507,19729.13117462915,1233739.4882304503,0.0,32066338.510782413,29933806.40620911,1128787.1715877398,0.0,0.0,7151.666636043821,712316796.3268323,13859774.002601748,70863229.60336927,298489.10496793233,798145323.4920671,151409582.2889731,8760098.277794901,2743558741.9666834,118389295.38216369,5727418.996426952,34707.04484432024,5708096.269779082,9035111.69834903,17526.987752155987,0.0,1619312.754759225,1433851800.0977848,235476.33951000037,13738426.474600695,109351.0025435794,0.0,112242.66812232093,7202102.065532057,641624411.3872645,0.0,54413184.70320707,15530398.677748038,10313529316.387896,142654858.89158264,43716362.80781515,33885396.66093882,27163045.066120654,91751.44710620392,34988365.40284301,3762912.3325610906,504415.6186953759,2256546.1971726976,698675.9706291676,698.3082447452118,0.0,841539.9522872394,51746168.20668832,3744908254.358053,406210987.6197049,61919.75735544605,64188547.561461605,24840732.74417303,621765610.200004,126692250.98084371,2655391285.547117,3096561.8138686502,0.0,1902999491.0573704,229091520.05121505,47120869.59149948,62432190.763923734,5672014.07212135,0.0,861670865.6012751,1432.4198909054876,430050.8849927541,16443353.888206882,961669704.8631145,306390264.75406784,216685633.27632323,0.0,76357888.62982637,5870535.61948376,3265485.39236364,212204912.6996071,85584.82275437682,0.0,5508274.091341133,0.0,238440.69542420024,989090.4479629775,0.0,253620.82880694693,7721145.768028855,99608595.58156186,12095161.593020549,0.0,19443742889.860767,0.0,67243068.90515216,822901168.4322786,6131262.124480815,918693.1890286877,77486064.70236388,3821926640.2261395,5381348.4723383,175257762.6235262,1830167549.25852,7027371.646577891,321174109.3438326,2300308.0562756704,7395903.85658923,29533436.682411894,835404234.4450774,12560559.638635715,0.0,6163150.130234723,34436901.22591888,2733653.8568071444,0.0,0.0,149025881.49818408,0.0,5444312.883602684,152833.37578777553,8431573.710617265,313470157.57584584,2565481.7475586683,63172657.93116028,20780945.425920825,230854572.81285208,957324.7831282099,0.0,1659680.1507988763,1591538.2834772603,649879621.8992839,578150.9191995072,1396146.9531340774,22757.471618165066,151032113.34402812,153403065.10910094,0.0,24266076.559225008,1131431.7346446335,11174476769.09359,108093097.40052816,272142.2638266754,11054489.219383221,161420.16415605668,273084580.13906777,10112472.281287767,0.0,6546459924.659148,8721706.311812691,442471816.4509003,92245.86379969874,453282016.9517292,171548780.2392848,2398524320.3690367,5253542.583786704,0.0,45735127.0364898,886069746.5277163,7496.836361787018,29610747.138282686,279422866.4899196,0.0,0.0,102235735.17031647,2772648.5114487763,0.0,535013.4142916901,1606475.2398669785,56956785.2913734,1889257383.5834897,1386909.0701175178,782276574.2127209,0.0,63863348.87443231,4153577454.441536,0.0,0.0,0.0,3924875.278581881,21458809.19511261,19999.091148930485,0.0,15958180.258124474,0.0,7280228.376605064,0.0,2515715.6427876856,889119.6962855849,2363111.529500606,4355188.226879623,76281300.56707618,0.0,242276.2946916574,37379753.142688684,0.0,0.0,138111975.2670582,1027082931.0823882,77811.67003362319,0.0,118433.23465203983,58147234.21438895,2374365.4710141933,3271856.5598058132,201715085.23766148,0.0,1251744.6866360041,243878360.60395595,588388868.671883,228983937.60021907,1368553038.8028135,0.0,34765805.65127956,6397089619.544663,2238376.0941102873,9130.980301364334,6101034.019844467,25782.581280129245,0.0,2450932739.6751213,2231622.3795237076,475.6374490321393,4434574.123780131,83744192.53729893,1007763598.0282282,13117394.312050622,2998281.3399670897
IND,17292.523767456936,79625566.74475318,78706099.18621838,0.0,18005959.49164522,0.0,15402228.82339111,8305290.505263608,57446.577650689665,181.88608704187612,0.0,2544.787232982164,307649750.0110323,22828250.964664206,24256568.516338944,1714730.331159531,733705581.1271987,956030034.0809865,16266006.78384021,5810750551.267397,26248460.52694495,165318935.50130808,106391.90330544114,38803162.25582198,16355594.280652156,13199.338879481682,12804.307219650935,729217.2359780193,152014704.02905387,537851.1598781362,16371023.857476993,61868010.662175626,0.0,1871702.5245159033,820919.6480168743,352561051.1792113,0.0,104145965.88271526,14220977.084979305,10090964270.685125,528556303.6086975,213482147.53696522,5955521.908626367,14251710.98070577,389.7496645846319,15526333.964771522,7837773.170795577,244013.5199406427,1853459.107673138,1127368.0358451903,0.0,86876.23847704937,31113269.955463998,9760703.364113508,778600112.6578317,489313522.7412475,313903.7838876624,26340189.26098926,8149056.678958576,227300172.2478418,10287304.940519594,527798032.2407721,50124524.83025733,0.0,272318731.6259888,13358134.246385582,375802152.4644049,18852168.581605982,12710918.883292088,1332.530945549532,1527757053.402227,2064.2979113636843,16391.30659773691,415346.07206244784,985214444.2141325,40905596.46407877,114916093.52450797,0.0,425413512.14450693,24203966.829392232,6589026.885408087,321184541.660649,98329.47695350088,2925.0593579814895,12412316.814122343,0.0,65512.164371296,1985350.9302425145,0.0,5016232.805984693,165621497.8985079,9351980.049690139,11908308.382364562,3553000492.638908,0.0,0.0,11080974.752893493,3212413179.0897074,683292718.5061709,1156002.3808276474,259526346.1882391,1172487950.9117453,3743675.750344836,482125840.00542027,2050168369.3838391,79562942.53989506,355930202.29824764,2755865.3795006718,61675486.836805075,975671.6901593204,1928336329.2514675,801144297.0162524,0.0,76080151.62454553,288401861.92573583,98104707.88480109,129274.53011530249,0.0,1543164130.436437,0.0,34901431.044586934,209291.39117450055,11644850.23653052,48736270.27424118,3573033.5616403846,210224306.8400928,89788455.67474566,223266905.9598557,19201.444366375617,0.0,12622553.552733436,2476636.3036955073,587646917.5314105,14018328.08258903,3629952.9327095323,0.0,125485899.05575,13884823.650274873,55685.47244800024,125896655.1262384,3221540.1953179818,2832806951.881813,21433880.417932875,5963954.300141042,70998463.38576859,37063.63289551386,651695098.3941531,228484.0871123925,2104.0413950558673,1438676985.9314663,31649373.789297573,1547214089.2284086,0.0,48021944.47059595,572480805.5349731,2994133453.28109,842809.4751888363,0.0,15181821.239600195,530960399.0988854,0.0,270886.82620906713,138742138.4600673,0.0,0.0,76013734.71725868,7008442.69015413,0.0,5303618.584631216,282627027.283578,45506757.34817038,609326330.5733832,13917095.976733573,2845441407.099715,0.0,1003216776.4447793,707861761.9136064,0.0,1781.7918762313573,0.0,259890.11389243277,74405554.10756285,936915.2732746021,0.0,710930443.5391564,0.0,37669082.05406162,0.0,1015761.222611935,1322890.750399851,2077890.607596614,130617424.89870599,54870415.42151563,0.0,19481582.67821441,163796940.00959513,0.0,266504.4067456589,94400762.1864046,1732152211.1490853,2379363.7431599465,0.0,2210993.055659189,2710683.748972872,498934.36051117,7361001.6442220975,185593551.34067616,0.0,50367.096188015625,1091504402.3382313,219454618.67787272,40269128.07967096,136657873.7875632,0.0,2199167.7295785863,2465482498.445462,2785370.8782658963,10635.147049908832,5178641.429453423,0.0,0.0,4577184296.393271,138024.270364332,0.0,1393124.528169313,926580190.0047046,681908907.6309944,4837054.394096535,17229068.528267786
IOT,0.0,0.0,0.0,0.0,0.0,0.0,0.0,0.0,0.0,0.0,0.0,0.0,0.0,0.0,0.0,0.0,0.0,0.0,0.0,0.0,0.0,0.0,0.0,0.0,0.0,0.0,0.0,0.0,0.0,0.0,0.0,0.0,0.0,0.0,0.0,0.0,0.0,0.0,0.0,0.0,0.0,0.0,0.0,0.0,0.0,0.0,0.0,0.0,0.0,0.0,0.0,0.0,0.0,0.0,0.0,0.0,0.0,0.0,0.0,0.0,0.0,0.0,0.0,0.0,0.0,0.0,0.0,0.0,0.0,0.0,0.0,0.0,0.0,0.0,0.0,0.0,0.0,0.0,0.0,0.0,0.0,0.0,0.0,0.0,0.0,0.0,0.0,0.0,0.0,0.0,0.0,0.0,0.0,0.0,0.0,0.0,0.0,0.0,0.0,0.0,0.0,0.0,0.0,0.0,0.0,0.0,0.0,0.0,0.0,0.0,0.0,0.0,0.0,0.0,0.0,0.0,0.0,0.0,0.0,0.0,0.0,0.0,0.0,0.0,0.0,0.0,0.0,0.0,0.0,0.0,0.0,0.0,0.0,0.0,0.0,0.0,0.0,0.0,0.0,0.0,0.0,0.0,0.0,0.0,0.0,0.0,0.0,0.0,0.0,0.0,0.0,0.0,0.0,0.0,0.0,0.0,0.0,0.0,0.0,0.0,0.0,0.0,0.0,0.0,0.0,0.0,0.0,0.0,0.0,0.0,0.0,0.0,0.0,0.0,0.0,0.0,0.0,0.0,0.0,0.0,0.0,0.0,0.0,0.0,0.0,0.0,0.0,0.0,0.0,0.0,0.0,0.0,0.0,0.0,0.0,0.0,0.0,0.0,0.0,0.0,0.0,0.0,0.0,0.0,0.0,0.0,0.0,0.0,0.0,0.0,0.0,0.0,0.0,0.0,0.0,0.0,0.0,0.0,0.0,0.0,0.0,0.0,0.0,0.0,0.0,0.0,0.0,0.0,0.0
IRL,3155.338591524139,76326.07156055022,91382.05080330028,0.0,60128.22296531269,0.0,381513.50748157105,23660.541802046748,0.0,0.0,0.0,14805.42715290543,10220553.130696628,946170.8879973036,109262.5281737784,4224.162301381863,17186398.97461583,32429.920081339154,3714.919130235578,8532.83100452711,2051368.8890235971,294651.7878380425,11075.160673076945,119881.10921136965,209012.7256808834,3333.693911783671,28835.456895257437,13136.207471842117,4395274.357384535,34132.97107222034,0.0,0.0,0.0,0.0,0.0,53050077.81233625,0.0,1323558.7069238415,181924.35017777252,545655.1015235523,5519.045943789295,298105.2965181403,134.05725075335997,1973.9624381027866,0.0,540284.3043338575,0.0,132.74233167185807,174138.9404838916,59075.7814861871,0.0,3587.3534880770662,1408858.721151986,2398992.8551197485,30075101.041287906,0.0,1884.7558724724133,6204572.980013832,36516.843677920566,102633.64712156965,11567.555621637108,186786.07931840533,0.0,0.0,8520444.886789152,879885.3766540521,13956.935047047662,911093.1096813256,59957.41093823014,1379.9878321987396,17180478.87307799,6321.739863507228,0.0,9305.834686516851,1112188125.5894115,87553.96084676028,269525.59010159684,0.0,205.23128044812503,0.0,32426.023120237496,1080346.1175273424,275.8606996277289,991.7041331736075,11333.180527830322,0.0,1968.3745871563192,33001.840612637665,0.0,7528.604173900354,733184.9000250613,0.0,668255.4915655865,106637.08101571738,759173.7855971821,0.0,0.0,269169.44190137536,35587.18510447401,124374.7152064711,522430.2175521755,4050894.195130676,38463.18921440655,214383.91978882792,1450179.4260143798,222991.37481536026,346691.9649997208,12299.488997769427,2308.202903765442,0.0,1300933.9238579888,1461558.760642132,0.0,451220.25494176237,12341.965489313443,249.32374328900121,1517.6538601924017,0.0,138577.63608370567,0.0,719751.4097905778,55931.938369385316,1967366.803135078,430416.7801140708,64622.74659036271,2987.2617917284897,5448.146107364807,1134403.2622116774,0.0,0.0,0.0,471233.60601232946,0.0,12360.107305315674,5514.723900248868,0.0,18838.956240311665,0.0,3118.6569281439793,22932.61728021136,5973.9770941035495,624409.3898465058,15766.065329141255,27232.611668141777,57253.318957654024,0.0,1422033.074962196,6379.2513664814505,0.0,11331295.361381792,7277908.687470096,2260.425891695695,0.0,2405268.2672275123,302663.5122970277,2171714.1106958846,247594.99616090528,0.0,91801.49970705397,2250478.99844989,0.0,73218.13323256912,6202700.580153919,0.0,0.0,2638677.341960893,12751.625737600652,0.0,133992.49908897636,298588.1226760249,530676.1925128195,19727116.930803016,3733.9238782870025,2496320.187018683,0.0,43509.46116311688,2056858.036082168,0.0,0.0,0.0,2763.5618923783313,0.0,4837.462674580737,0.0,0.0,0.0,84970.81522512627,0.0,0.0,26920.616685203513,2993903.652253513,136416.47949577463,3606664.602410503,0.0,55783.7358071639,2570.2802014671356,0.0,0.0,0.0,297523.8385766968,0.0,0.0,1764.9798298674682,0.0,0.0,176330.8648045985,7500.808756944844,0.0,0.0,123122.17627359321,80516.2115732713,17204.2152734408,771587.8364033564,0.0,111995.61230907383,143661370.59580252,691.9568335721376,14191.541885857916,33552.63105771477,0.0,0.0,34623.01218484635,620.9051334032257,0.0,0.0,32147.390353678144,1394555.9362327561,199.85924648323655,200542.5539993802
IRN,8611.956573885465,46745209.1492767,101410.02624837105,0.0,647323.8120042182,0.0,173326.18565684732,18699083.891087323,0.0,0.0,0.0,246.0481190281104,16145560.618904604,2044536.6645699148,46844682.4365032,0.0,39329604.64553019,29314.54784432853,69399.98783692601,16848827.730894424,3757809.2273977515,7566943.513664633,0.0,1036517.0779300614,4331579.06415224,0.0,0.0,11538.223064368567,1971454.1528072949,1164.5963626580417,15153.706933905978,0.0,0.0,0.0,364.2340051168994,31445132.376489595,0.0,1118582.6600896453,457605.27532020124,97574768.5264184,528904.5749049501,514749.22735278984,5097.332195305051,240378.69898178015,0.0,43309.56992743211,0.0,41.59562094824357,0.0,0.0,0.0,0.0,505877.4399051302,1938604.6370355967,270725404.93768775,44912.88088017309,0.0,4644489.354038908,0.0,7604078.398253481,6873.403534693665,11545187.531149082,2512.8826823072177,0.0,32102553.553770524,51878.16429008674,1691924.1729081746,328628.82862207294,82598.64319695685,0.0,13457445.946048899,7441.457515253241,0.0,0.0,21280204.409193985,14088665.350142784,66086.9968704922,0.0,9113.799839167032,0.0,0.0,5980051.524549544,45.92191575630585,1939.7996701474783,0.0,0.0,0.0,0.0,0.0,0.0,1246710.7566477465,0.0,2392741.5214165095,31501026.606513686,220417962.81163746,0.0,219674.67552131167,0.0,167262212.9634018,535142.4992759113,0.0,16278656.516402133,60277.72823645071,7419009.291155987,8171991.194448639,95620347.73607428,8958913.176130649,8225481.595124602,0.0,0.0,2340350.9319703365,18119003.222049076,0.0,44721722.5723652,8272.266112915728,61108.56758276182,0.0,0.0,9206093.415089142,0.0,10298746.487297993,1886201.836948545,564053.4254367689,1873816.8894859664,968317.3501481377,416128.6586029624,8175.038248399874,9899668.020317676,0.0,0.0,26.54329113720489,374498.6715010286,0.0,344495.575212412,18176.116314290546,0.0,1192.1930768970562,22990.5942032274,688.5392435662671,134176.32282983008,1074.976070825991,21061317.623166814,1247.868628447307,26173.108429939213,5534625.118825487,0.0,0.0,0.0,0.0,44821304.76668647,333264.1348611736,27172.64229414281,0.0,3962031.4743436747,53751548.356628925,125547464.71901983,0.0,0.0,1077.9060516066133,3895928.357113968,0.0,0.0,15443090.820671793,0.0,0.0,299314.4793004226,0.0,0.0,10924.406040571164,7187367.71690689,9358678.863745013,308198088.3780504,0.0,66749882.06396336,0.0,269348.18582106556,4696668.0479887165,0.0,0.0,0.0,0.0,0.0,0.0,0.0,238695.42409620594,0.0,3234042.3669987964,0.0,0.0,0.0,9622546.617986675,150905.18350009382,4015126.8942310563,0.0,4298.982562745501,26481236.625624534,0.0,0.0,49901.187239543935,3052741.1005433667,12165237.992536621,0.0,16052411.272852374,0.0,0.0,74623.24092707243,14514153.050726973,0.0,0.0,26084922.289859906,21588728.328698717,1608826.0495618444,57490964.283223726,0.0,10137.697952960038,3890582.425933243,3916057.3500060397,938.9115084429183,160735.83208303747,0.0,0.0,9156925.491773773,0.0,0.0,0.0,16310080.20384539,3196262.747215412,6399.301847671315,86402.74443671812
IRQ,0.0,0.0,0.0,0.0,0.0,0.0,0.0,0.0,0.0,0.0,0.0,0.0,3400.7963308555677,0.0,641587.3563235155,0.0,7670.277564834147,0.0,79.51383733001877,28320.76969103072,3934.9921532391922,37318.99595482028,0.0,2347.0251125163577,0.0,0.0,0.0,0.0,0.0,0.0,0.0,0.0,0.0,0.0,0.0,521375.60452624876,0.0,0.0,0.0,4381145.647636722,0.0,0.0,0.0,0.0,0.0,0.0,0.0,0.0,0.0,0.0,0.0,0.0,0.0,4110.199206120338,175969.98043360712,0.0,0.0,4524.855367996817,0.0,40834.96898535387,0.0,2386929.8639211273,0.0,0.0,18683.663327420672,0.0,21149.798751158763,0.0,0.0,0.0,52056.41343312848,0.0,0.0,0.0,50047.273422407816,247896.75849608367,0.0,0.0,0.0,0.0,0.0,25075.268020693133,0.0,0.0,0.0,0.0,0.0,0.0,0.0,0.0,529.1093130013911,0.0,0.0,3227256.328954978,133407646.44905657,0.0,0.0,20089.539430485267,0.0,0.0,0.0,145497.03952591523,0.0,716412.1210592265,0.0,0.0,0.0,0.0,0.0,0.0,4694.050225032715,1983.6030245607496,0.0,1911972.9176883656,0.0,72371.31512545072,0.0,0.0,560269.5859082894,0.0,0.0,0.0,0.0,6803765.153695016,0.0,0.0,0.0,0.0,0.0,0.0,0.0,0.0,0.0,255.58792547285742,0.0,0.0,0.0,0.0,0.0,1261.2197137989835,0.0,151668.93254739593,0.0,0.0,0.0,0.0,0.0,0.0,0.0,21994.085545616006,4473.863116846045,0.0,0.0,1438.9445326775674,0.0,3257361.6551512666,0.0,0.0,0.0,0.0,0.0,0.0,3988.5179810953755,0.0,0.0,0.0,0.0,0.0,0.0,112734.2349370776,17966.94945218251,21329.481431697594,0.0,0.0,0.0,9359.70244089086,131.58420931900133,0.0,0.0,0.0,0.0,0.0,0.0,0.0,0.0,0.0,0.0,0.0,0.0,0.0,80.55078330205899,0.0,4852.784770008877,0.0,0.0,6467431.850057048,0.0,0.0,0.0,0.0,0.0,0.0,0.0,0.0,0.0,0.0,15036.420363379895,0.0,0.0,0.0,0.0,0.0,136457.5169480628,0.0,0.0,79874.04405804454,0.0,0.0,1510.7629092703567,0.0,0.0,0.0,0.0,0.0,0.0,1315620.1112974705,7525.68947344353,0.0,0.0
ISL,0.0,0.0,0.0,0.0,0.0,0.0,495.9393656395516,0.0,0.0,0.0,0.0,0.0,16078.948270647925,20.287029539172423,0.0,0.0,4473.336154518557,2347074.442247985,3490.288569967278,0.0,0.0,2514.1334172072548,0.0,152.76200550884948,1254.5361263237628,0.0,0.0,0.0,0.0,49.51084121103402,0.0,0.0,0.0,0.0,0.0,22756.85745183642,0.0,5998.380795586498,2687.6197862964445,893.1554170845587,86.0986469686904,0.0,12906.732073927737,0.0,0.0,119.71273658555485,0.0,0.0,0.0,0.0,0.0,0.0,0.0,0.0,39955.08032312179,0.0,0.0,726499.9237834018,0.0,0.0,0.0,0.0,0.0,0.0,231.5784360445678,346.9621766850281,0.0,2933.6673515658827,1260.9178575875906,0.0,1443.864115333318,689818.6521283218,0.0,0.0,839748.4667586056,0.0,29670.065539502022,0.0,0.0,0.0,0.0,10.143514769586211,0.0,52478.71992007381,0.0,0.0,0.0,567.7992651079942,0.0,46.98115785751028,692.1290865292217,0.0,0.0,62114.781597279194,7260.119398507832,0.0,681.2332733259852,0.0,0.0,0.0,30536.14435265674,282917.6300035387,0.0,0.0,879.9986848105735,63.17583758657601,345.24580305606116,2600.451448018166,502.8563913203277,0.0,3387.104905492897,0.0,0.0,0.0,0.0,0.0,0.0,0.0,15761.505803954471,0.0,0.0,1990.9045641032712,57.107354818079365,0.0,1227.3930292894702,0.0,0.0,0.0,0.0,0.0,0.0,0.0,0.0,31.853388008433708,0.0,0.0,0.0,31737.281107295414,0.0,658.1466301195222,0.0,0.0,0.0,0.0,0.0,0.0,19.150037622603204,0.0,0.0,121415.63136006234,648218.2627031932,57.107354818079365,0.0,52715.40273056427,0.0,228161.5340683814,0.0,0.0,0.0,0.0,0.0,0.0,0.0,0.0,0.0,378.09865950485096,0.0,0.0,0.0,19526.178225283707,0.0,11350.055555721694,0.0,0.0,0.0,1661.541142892778,1009.26069519717,0.0,0.0,0.0,0.0,0.0,0.0,0.0,0.0,0.0,0.0,0.0,0.0,0.0,97.94376479802393,0.0,715184.1343654165,0.0,0.0,0.0,0.0,0.0,262396.58725451364,2469.981478242591,0.0,0.0,0.0,0.0,966.2280379671176,0.0,0.0,0.0,0.0,502.28490845972624,1358.8555546920534,0.0,2589.2240143136273,0.0,0.0,2581362.7619617432,0.0,0.0,0.0,0.0,0.0,0.0,0.0,0.0,0.0,784286.9385586724,219755.85437202605,7788.0391785971715,0.0
ISR,3376.203680566937,0.0,267205.3476829489,0.0,13984.43151802956,0.0,303202.26475838927,268490.8321053183,0.0,0.0,0.0,2628.5019615722717,5935304.186223264,2083111.8537694009,1693271.0913873222,0.0,14621303.367170312,11466.565605486625,11488.358891953834,0.0,373560.2306993169,0.0,2744.9177221444593,373795.9697277322,6977363.714176338,0.0,0.0,2052.251054768267,3046003.2275494137,2696.3383337080345,383.7512171773446,0.0,0.0,0.0,91522.18172027939,32189713.924033303,0.0,6039939.347890262,95524.52978645562,18217145.542840704,15185.155258497805,28921.222005446914,37220.221790707525,759.4197122156753,0.0,102588.636263563,0.0,0.0,21501.273394788393,16186.935539769915,0.0,0.0,1980461.082391186,915397.3232950385,21919500.031788502,108047.26647025233,27082.202437576354,1110364.9476868191,9598.87258752753,0.0,5317.306677394689,703513.3890148774,0.0,0.0,17203358.57905659,373872.18992907926,1747310.3226915458,2853564.506130934,23914.25581388498,0.0,35494220.58174389,518.8756627301154,0.0,0.0,35158768.15891265,1900025.670769145,244919.39208895288,1130.1969681088947,7381.309925705647,98.0687506137559,70218.56203165499,2869747.1683096867,0.0,2145.5654789082755,370485.23788999504,0.0,0.0,46485.196180400984,0.0,15290.090091588898,318648.6497369034,4008.6820703511567,535347.4393503148,58691.84490259873,9908757.114735523,0.0,995391.1107465231,0.0,59598.433102761715,4517461.171126538,0.0,16099316.60654641,8910.007251813384,30317429.893177226,10241032.08247801,1456475.8157697888,158567.22417882533,18123.71515732328,18610.19937094726,0.0,6031802.2119044,25269.190908961064,0.0,0.0,603.0555909592292,0.0,0.0,0.0,448722.85991744744,0.0,464522.05176975066,3745.15200861337,1706119.247212609,714517.5209454884,161912.1430760156,17622.392699404947,31609.165341820375,318016.3886530966,0.0,0.0,80.40967685984589,82994.92076834192,3188.5903550963776,29612.49775283924,9233.831849447008,0.0,0.0,0.0,12476.89873702027,177363.12995039576,0.0,371733.25814091373,0.0,3317.763486382662,1632.6481477933864,0.0,494765.4903880305,0.0,0.0,42904999.48697201,3297660.9255822827,183838.19448139847,0.0,331246.8844265162,0.0,0.0,64876.45225644825,0.0,89338.87657821723,349276.8920323516,0.0,262.4842221539451,2445798.9103519777,0.0,0.0,608302.3588943332,0.0,0.0,1490.6655023156363,0.0,864685.6979221846,78921305.36936885,61.107277846905404,0.0,0.0,2928.1315255581603,56826847.55172843,0.0,0.0,0.0,0.0,0.0,1642.8246965833646,0.0,2358.2024474496084,0.0,297334.8626309706,0.0,0.0,0.0,44078.34711629594,7313579.601392126,4310033.6638764925,0.0,6426.696140142806,1206250.3899303754,41844.57282904765,266.55047647189986,0.0,8662503.320912577,2418.0627729471653,0.0,240217.842969927,0.0,0.0,1597.992268988649,0.0,0.0,0.0,1083421.3192772912,14248.62311192905,18433.993524828835,4383809.258229198,0.0,32580.56415043517,72286720.23783185,120369.14483228413,0.0,15343.250131934648,6287.104129942141,0.0,530466.7861564104,0.0,0.0,0.0,0.0,16248071.630556239,11257.704703499141,236670.9656963146
ITA,383774.73788741534,453530.2298331027,14095750.730909852,0.0,86211120.18532424,0.0,24780169.06033454,13778477.860868843,89581.66071994475,0.0,0.0,610655.7421122873,303453363.44847417,904893010.9249272,11037718.256544119,4001619.5969997304,690477062.3605303,3181808.7607399244,6388254.630856706,16125862.318789504,109422156.82669692,9652016.219776446,1034453.2953625973,78760667.34605125,13743749.898096064,56111.83334929872,957264.5645272218,626128.4884784967,125181179.48152184,893181.7921595513,1207674.8524284617,68827.2076562341,0.0,282521.86110218836,1414248.9947177372,505755344.93106174,0.0,482835895.27091515,19658714.37932556,250812477.67369735,9012563.10798851,4433328.934802036,3341950.457569846,2792291.827202199,197.2786067172066,15806599.132159807,37183.916824464795,1015987.6589797603,7464812.206889603,3789929.8338403427,0.0,247681.61239760614,33132011.473538797,242742863.68651724,3229184724.8184547,1466929.9939953987,83927.17120938342,203041061.2585996,6850968.958876832,134779452.0330346,17292109.41894428,62087388.76890288,854552.6600121664,0.0,593640857.6896567,14578629.878549736,168840298.49098936,70444289.88683422,423158.82243516884,8847.783393754711,2616058236.814902,41771.3344193317,0.0,3080214.4286741,1320651641.5625656,11540541.05839452,11859095.752318632,0.0,2092967.8627931385,174819.7841091567,790198.7685937484,404591546.2189557,67654.24529691,172816.14044336654,3598771.274534374,0.0,217862.97177485004,210216.17252504878,0.0,1350146.2618137242,161274238.14428622,1069523.5025362473,250889211.42449263,22294632.04159815,91130323.3324296,0.0,87202266.43620794,25416513.843080826,6946092.810963012,5457125.631686543,126800469.40468425,0.0,818069.3061707136,22587730.926653914,464234412.25937694,5630417.261884662,14428343.090758158,859081.2930705816,2193723.131608843,305.33071698631284,133013642.12940809,28748730.06825284,0.0,61637529.572643846,649391.091243874,92158170.86540964,163063.17565417953,0.0,5754075.745279971,2683.0554938966898,58273836.52338827,33558916.060733534,34898143.5832018,48548250.42492036,6633229.968580246,2384759.5117024425,3933228.7167280903,66415943.91758747,455.5617559937139,0.0,2711052.3548234184,58721762.78969392,684391.7037660643,12451320.406254958,1985001.2931383385,0.0,1429486.6582687928,6872496.20801392,370062.6066643011,6814694.726526958,893310.7611698364,26050758.98327177,513104.7428164107,4799363.415589175,2312724.119058186,0.0,11679273.568899177,401864.62949511636,0.0,558583513.0203099,61685283.965979986,2864588.898591591,0.0,35217269.2620556,16711517.945287194,68359308.01672667,5106227.924295756,0.0,8167712.171558218,17604363.63884087,0.0,298529.282255154,600232743.2172412,0.0,0.0,130929474.51803225,1469132.280860033,0.0,4733850.42786548,14673626.433513291,226453195.1150139,397531492.2590207,4969963.927475447,116801437.33156174,0.0,8098420.5472242385,42581233.485650696,0.0,13247.88417401055,0.0,468.75478632869,728271.9136145876,4844461.218766555,0.0,3489549.004439696,521.1886890978101,79050286.09556967,0.0,167987.21856465752,494508.4084884665,99534360.29495801,209375495.796512,243659798.67092073,0.0,1603495.506105695,26801526.99713238,33288.309907882125,1121080.966878512,3682050.851242356,32146194.13240706,353795.6251999636,0.0,906900.0560463323,291.95842127036235,676.5510380337581,2263530.7391724247,256144326.79172575,0.0,595.5762531098376,98686259.89366944,8398972.166827792,7952996.879604202,77092889.72072214,0.0,5728584.914687605,2277706191.147506,2846026.470451145,38132.15394682996,23633071.947797094,66647.52268153486,0.0,15202227.66609885,108522.6619678036,0.0,12444.174279055413,12537240.653287187,74387066.08404733,1341417.9129284637,9142010.65365479
JAM,1927313.0259646827,0.0,0.0,6480.651892011916,193.84693386122183,0.0,724.9446234972027,0.0,0.0,0.0,0.0,1108471.3247986664,151206.6820116432,16361.727064123897,0.0,0.0,2684651.413734648,0.0,0.0,0.0,3745721.145846108,1048.986261813374,680682.7849652679,0.0,9142.012376316477,790579.2022218782,435420.35490498785,1553.1719959012294,105449.44078779241,2452995.721642399,0.0,0.0,0.0,0.0,0.0,7299582.4848202,0.0,6681354.575626802,15113.386738855641,246390.94820965113,0.0,0.0,0.0,0.0,0.0,4465.476705466557,0.0,0.0,96523.95102980096,7521.061917283003,0.0,1004657.4922149365,3335.4247219941294,2235.972843835605,1366629.056277994,0.0,485562.47095161054,17144.911882730426,164231.74206784216,456.23436303697497,11374.7110561516,0.0,0.0,0.0,92141.16033809965,0.0,398.4313749903094,14816.39967620257,479.80679438748757,0.0,4245580.711480543,647.9534028734896,0.0,0.0,113319556.22783569,0.0,30408.231180939973,0.0,0.0,0.0,0.0,6374.10874282604,777132.2148405815,73.16874292451837,10027.768353059439,0.0,0.0,3876174.3545023673,0.0,27884.058942102947,22808.325323800076,36840.7886090003,232.85185344774968,5480.0917489275025,125221.44534910783,0.0,14066.961884690067,0.0,0.0,9935.105554824942,951.1936580187388,7842497.060803748,0.0,1089.0349657603283,10934114.218117842,755.2250202831227,0.0,397.90037639978345,217.082599012126,0.0,207850.29729698098,2394.1924136059324,0.0,485.99363995917673,0.0,0.0,1314706.1570297815,0.0,0.0,0.0,0.0,0.0,0.0,2569.033838469429,10539.38856623684,0.0,942.208957793853,356752.1026040064,0.0,0.0,0.0,0.0,0.0,0.0,0.0,0.0,0.0,4825.575342778152,27606.26497392987,270.8510403578664,0.0,77499.4796372982,70.74511316308926,0.0,1357.8163347024442,0.0,929.9291048229305,0.0,0.0,7343561.82667147,27354.96818434667,0.0,0.0,398165.01061316486,71.58259922102287,0.0,215327.61381270055,0.0,284796.5729022864,5194.857188079152,0.0,0.0,4209171.99406201,0.0,0.0,23716472.05948444,0.0,0.0,1053.3885803401356,496.37689580566257,4408292.198897284,110871.46990037717,0.0,0.0,0.0,0.0,45176.26657176358,0.0,0.0,0.0,0.0,0.0,18500.74860607942,0.0,0.0,0.0,137.13275778091122,0.0,0.0,761821.6956477562,7605.513088755919,0.0,185428.13805315725,0.0,354.21535679303724,0.0,248464.54951821946,0.0,0.0,2217.563433880325,0.0,0.0,0.0,0.0,0.0,2182658.552308893,73.16874292451837,0.0,0.0,605072.2134735804,17249.054916051344,66.38764461782195,1588.6888702830995,0.0,434.9497834915264,28907985.076395962,0.0,638993.2276043702,73.16874292451837,120854.88566868502,0.0,7375.808293386369,0.0,0.0,0.0,0.0,37870.78310471813,0.0,0.0
JOR,39.167996168051495,914.5355515518054,19632.746507784934,0.0,4316.686220088134,0.0,6455690.08691044,6939.030416122828,0.0,0.0,0.0,0.0,757170.254287668,24132.862140718356,240436.41835774115,0.0,347743.9798790742,0.0,0.0,24569.140721354695,242656.60847976862,6287554.261331007,0.0,18299.863886185096,269638.5958551297,0.0,0.0,0.0,1008369.182578639,0.0,0.0,0.0,0.0,0.0,0.0,519060.04924713715,0.0,161144.47137995364,1859.9498114186815,387600.47487269854,24583.280854714478,16819.630999476685,0.0,0.0,0.0,0.0,0.0,3573.984389706222,0.0,0.0,0.0,0.0,134976.0903248677,13457.228553026309,491891.28885144595,8524.882534012875,0.0,129184.45090191317,10668.04647278286,873451.4441750101,0.0,4836401.710505118,0.0,0.0,1531475.335622421,0.0,212259.71574982672,0.0,0.0,0.0,267760.6052407488,0.0,0.0,0.0,1086481.8948869512,66912.90711219204,40211.26408990329,0.0,181913.42777381284,0.0,0.0,36050.97173754484,0.0,0.0,0.0,0.0,0.0,3816.9171819430726,0.0,0.0,3913.3069612397003,0.0,279113.6054599778,242648.13116405898,1137065.2229875633,0.0,18343.957016414624,38481.90434510495,94528397.31624644,8131.693126748285,20767244.490900133,140762.15948579242,0.0,0.0,34211.128543594124,3184.7855055238383,14401.86198370836,0.0,0.0,0.0,18219.81463647018,18446982.274793398,0.0,6689713.894026137,7211.535661245846,2302070.05462185,0.0,0.0,359609.6304414503,0.0,923514.1754459062,0.0,4930.063651338582,669938.3734322404,25613.015310925795,0.0,29257.850869113747,7141.529239955981,0.0,0.0,45758.53590296885,0.0,0.0,197.62720887474666,0.0,0.0,0.0,36245.05628486023,0.0,368.81876499405524,0.0,184107.06280678132,0.0,0.0,0.0,0.0,0.0,0.0,0.0,404630.21477435087,42470.18757388784,0.0,0.0,28842.750266033,3643102.3596211188,108988.38817772969,0.0,0.0,65.0712403674348,8116.139165536929,0.0,0.0,8458520.65597666,0.0,0.0,19914.3505144856,0.0,0.0,0.0,8395251.398312531,1526852.2681741335,1086888.9959479915,0.0,41807989.08101857,0.0,231071.877480477,20636.04991766464,0.0,0.0,0.0,0.0,11834.659679025555,746.2491770490116,0.0,12065.602219425356,0.0,5135.72171982781,0.0,0.0,0.0,13961.409114401597,315397.44006873015,269797.7501950592,0.0,10.320838229204194,25302200.170652546,0.0,103470.55707429111,0.0,34485.39917844962,0.0,0.0,0.0,0.0,0.0,0.0,148495.23955209472,0.0,0.0,8675.081892097609,122551.93263054098,5918.668184015956,584655.1037123312,0.0,13052.749500242428,3887844.5156320534,0.0,0.0,2977.235158155263,0.0,0.0,6812.685643632,0.0,0.0,0.0,6974588.462180018,193464.8236026933,0.0,7166.6707575589435
JPN,0.0,568947.1895656626,1165.2906090837946,0.0,29.18676101898299,0.0,308286.3130206831,63.247339178661896,6426.355720010665,0.0,0.0,0.0,9650662.2232526,593342.0841636797,4277.928439856754,1639294.7208130232,1978649.5037999717,1659640.4747061322,4198773.3484669505,2414075.842732683,196.86455044577485,97560.143763008,1006.2295652844504,0.0,19401.098120389204,0.0,731.4467359782583,1252.6698600374734,1153923.3512654689,1683.0797411987141,69998.16353802836,469.7018117596642,0.0,8077.604566180257,1302324.9672618934,91218614.56061345,0.0,791763.3778563733,132794.07228800398,38079763.72340891,2557319.934782561,141.75542159460483,1677785.5961515552,807668.8326955603,0.0,37499.469428594544,42847.516990582466,13159924.7054533,232240.1340143095,0.0,0.0,0.0,8713.802937967908,193529.64911204344,10215400.346458504,12813.513226217015,512.6359632111727,397901.54705236224,85.19981706288996,66853.08260837171,142997.82813898637,736042.0219330979,0.0,0.0,4662070.138606843,455661.1368714931,4985785.705330109,118779.09053186796,159012.52750229163,0.0,15664975.595440766,483.9563514143933,81658.10337244577,0.0,3999662.164160721,2992.65004372444,5719199.877146954,0.0,814506.6123577221,282274.6280707855,0.0,37819.71433906998,0.0,0.0,781000.256364098,0.0,873132.4504414079,4950.468628074425,0.0,40865.2781044653,59626.20578639863,482698.13608015166,41600.55301153563,15898698.868239926,19901965.514953442,0.0,300939.6349940636,23490.005792845735,642.1087424176258,54485.74233591774,2306853.9729354996,1972538.1250640857,6942.061860409362,29937.297096099315,0.0,8644.240575726237,2471222.867923366,0.0,206303.3869461513,28424.32579573057,58708574.23923426,81893.5080867447,0.0,124872.98456354409,431941.91863695614,0.0,0.0,0.0,1077813.3847468342,0.0,28577.954941125445,122.56757336134008,101884.12880741133,54134.072409485736,1993.439996251366,580766.5195909326,2487436.252580746,638779.3594596353,14229.761020758793,0.0,1415018.8238930814,0.0,74441.98322071384,656.3608669498989,3626395.055522082,59065.52229220467,2069775.632416221,5690134.694117116,0.0,8959.401255799678,308556.20165216475,26407174.71766688,0.0,22785.346235700068,2338388.986408149,0.0,1597953.3740409557,90829.13750223152,0.0,6125396.284746778,131989.5484238518,4113291.8704941547,0.0,2210041.3433898194,3563830.600355285,8514046.684627505,16393.709498057833,0.0,28382.715033076154,9117651.888572125,342483.61404606764,0.0,115758.63591597645,0.0,0.0,263781.8745716366,288564.50199777295,0.0,12677.446325460895,95847.13599604719,316.7801531399598,3587053.3286999594,61.27549813870852,171768.26370847118,0.0,853431.204240276,79405145.20761666,0.0,0.0,0.0,404.13838497677546,0.0,11052.615127045407,0.0,0.0,0.0,3329.691327753585,0.0,1553359.807858625,2296.340940191865,11186.980155718025,504.01311161764835,751935.1494205509,0.0,2902.985560513367,491790.98315603443,0.0,0.0,905807.7035064198,50508368.638487756,0.0,0.0,0.0,24216.590075777844,205.89740699709586,4002.8896411654164,9823.422259872565,0.0,0.0,69692823.00471282,3071105.2255804627,474179.1686024219,227401.32432618935,0.0,3432.2786967097118,161857060.89412856,490.3366017810524,126.12807331134293,199083.25585791733,640.6249153330537,0.0,28861287.35811055,132.13244405640646,0.0,0.0,792.365930641966,536222.0718558239,3310.323629704711,1748766.290531023
KAZ,0.0,2598820534.7207427,0.0,0.0,19926247.259084955,0.0,87545.11970739713,55709720.46681518,0.0,0.0,0.0,0.0,0.0,9050614.532967307,1934973440.5132365,0.0,515856644.578114,0.0,0.0,1385942.1729192706,1017683.4318978393,202.24987917456917,0.0,93224.2106925347,63283429.01528765,0.0,0.0,0.0,122719.4948370612,0.0,0.0,0.0,0.0,0.0,0.0,3065501.0029739756,0.0,23067738.7424383,0.0,474748034.27626926,36.324560669436366,0.0,0.0,0.0,0.0,3881.3107259437147,0.0,0.0,8474.405773703133,0.0,0.0,0.0,19800217.076732337,8580008.3227393,181233039.93528715,0.0,0.0,87328605.98558882,7546.993078223891,1354584.2329528187,0.0,372350924.03513724,0.0,0.0,59874575.09119114,10550539.615383876,3473806.667140207,34446523.26388571,0.0,0.0,21788425.712176185,0.0,0.0,0.0,112985181.55307654,537230308.6339576,21098.873380901943,0.0,0.0,0.0,0.0,112966789.84445527,0.0,0.0,14849.209628672568,0.0,0.0,0.0,0.0,0.0,110375.01023237451,0.0,1416265.4366519183,1681532.965011951,8265964.364841547,0.0,569134.65592169,2095531302.2329924,256650.10831813846,29281.54087956454,4489031.209887908,260342053.4379846,0.0,55430235.16132281,1130487.6767604284,0.0,29952.33610828695,1427961883.0363796,0.0,0.0,433543.2101558732,13666.405386628938,0.0,127706345.60552989,0.0,12495354.625360042,0.0,0.0,524840.2067688893,0.0,35576244.77633328,0.0,163758230.5921448,35993669.23179146,23181073.751283992,0.0,0.0,0.0,0.0,0.0,0.0,0.0,0.0,0.0,32993262.216537766,0.0,0.0,0.0,0.0,0.0,1665247.7061239448,783600.2568215453,0.0,0.0,0.0,0.0,0.0,0.0,0.0,96539293.58918847,140311131.42118868,5720491.934831797,0.0,817.3494310507898,12982287.806325441,40109274.84474558,501768.01228017587,0.0,0.0,0.0,0.0,0.0,112078267.83795446,0.0,0.0,4158021.792043997,0.0,0.0,0.0,1985.9050390023071,551251.2965248566,1616190494.2678587,0.0,124843021.40406269,0.0,862.5134946541589,727158.47924256,0.0,0.0,0.0,0.0,0.0,0.0,0.0,0.0,0.0,84553.96658437446,0.0,0.0,0.0,718408.9373871018,4854220.378783461,126235025.29070073,0.0,79.74595021765235,525552.3584923134,0.0,0.0,0.0,125686.3564946989,2407535176.298328,0.0,324691746.43166775,0.0,0.0,0.0,77545081.00961547,0.0,0.0,242997.7396100194,1077.4183442901476,0.0,23994703.120465558,0.0,0.0,14756822.161018798,4684495045.381522,0.0,0.0,1180631.5623240853,0.0,3336250.240129522,0.0,0.0,0.0,270812478.3496275,76141.1195010937,0.0,0.0
KEN,0.0,96504485.95843434,353600.38597305276,0.0,2843.963947614457,0.0,41297.07899072094,597392.532199749,1240.0671711721382,0.0,0.0,26090.27068181151,16487743.643969588,499367.1176742094,232526.79106412578,2225168.07668815,140731275.51740947,57400.00727840702,20470.681859744986,1261667.6976291377,2589239.6012746156,928070.6603813682,484.9452361538588,215741.3849743113,626265.1410559905,33410.81511354067,0.0,0.0,34844.92466103619,932.5231386559408,193.18361885502142,0.0,0.0,2305829.441742923,66337.24314862331,43152959.405310236,0.0,42428399.957385115,4240137.300193861,26318330.57498152,1180179.9087965211,41562.85962560891,21311569.69532528,13404.841678308503,0.0,51977.00291618845,58761.49148332564,118949.67444435463,5498.251282375466,0.0,0.0,0.0,195663.48529353386,5585466.0650553275,239206694.5242862,6712408.0268727355,136809.5541836086,4651823.653469276,0.0,38293.71894421021,0.0,192518647.3546008,900133.3859876932,0.0,23584110.658787593,434102.9140696357,10451923.218338802,79716054.13475813,1159.5224575213147,0.0,35526469.68153435,85.83652557669207,0.0,183628.28083586565,346086747.98632514,266612.3666290243,319461.03209705267,0.0,12177.37010861076,0.0,0.0,1557709.963141059,8383.260037895277,40.90277883723944,6808.556011207744,0.0,0.0,0.0,0.0,39655.85735121604,368328.53368475044,0.0,28221.030293896314,16299155.321163343,129832366.3208156,0.0,16077923.614945637,8417388.10115667,0.0,168733.34263862023,6168288.383357554,14944644.942035798,0.0,11318409.631658772,40013612.67977354,54716170.00147703,0.0,896979.7815455379,10899.69901093914,0.0,20537818.869957145,341725.1826232865,0.0,781197.5336070292,7250.204213286527,583104.2830631558,0.0,0.0,8949921.24930562,0.0,38331.02530099031,13067.067918786268,181920.2387077884,5478779.902597476,225104.50949986532,1333939.2834566995,10476.444288445266,1996677.8648395012,0.0,0.0,54569.882482416586,57101.07274811911,6641.938646637078,3793.6175912386057,244.69948076851193,0.0,521563.57040834543,354166.47827082704,0.0,1239251.204598493,3145140.3581530023,6280077.186431722,22992.59778106248,363.3988969626648,560488.2644248055,0.0,8505178.634787433,0.0,0.0,47868491.961129494,30357077.860865064,79071.34887206549,6428.446324513146,7690899.575457103,4142882.6571459505,430565702.51071334,126210.54875902932,0.0,30042.340109586847,1746442.0888264661,0.0,0.0,25757877.4526112,0.0,0.0,1384982.961834932,0.0,0.0,201.18465021305232,508245.2135380847,8165565.122183685,100842520.93339652,32954739.39620293,32619909.74204748,0.0,177471.9941228041,4485253.528106954,0.0,3751.9318584984744,0.0,6698.035060711465,16227.859121295456,0.0,0.0,25207638.356309757,0.0,9069284.50921859,0.0,0.0,107.61752867658048,131654.38537732812,196300.20217475286,147193327.1803344,0.0,205314.9934223956,869689.5047488157,0.0,100121.4724943192,366254.54036141397,541953.9386793361,0.0,0.0,0.0,0.0,0.0,46743.07073917924,2955039.3816856914,0.0,0.0,2729883.6627681404,46012578.16213309,66490391.43960939,5062215.636080786,0.0,0.0,197784724.88747,51314.858788939375,0.0,0.0,0.0,0.0,1468493.836212842,0.0,0.0,0.0,53508085.64640253,14100458.916626249,5291937.569302361,980763.0336631084
KGZ,0.0,972497.1010951876,0.0,0.0,154283.752845889,0.0,0.0,26524.38848666183,0.0,0.0,0.0,0.0,361.6747303678198,81476.21230585978,384356.50654432486,0.0,571327.1021910585,0.0,0.0,0.0,5978189.675142838,0.0,0.0,355598.3163427924,1370580.2152518786,0.0,0.0,0.0,0.0,0.0,0.0,0.0,0.0,0.0,0.0,866.0182940327444,0.0,108936.28890448055,0.0,6604870.686956941,33636.35672183085,0.0,0.0,0.0,0.0,0.0,0.0,0.0,0.0,0.0,0.0,0.0,0.0,129191.20820190868,4486728.321017525,0.0,0.0,27322.284158975985,0.0,627652.6326203359,0.0,0.0,0.0,0.0,141459.25452620306,15493.17116671939,120986.46061908337,450.1007527821714,0.0,0.0,586234.2735938027,0.0,0.0,0.0,29182.844713591207,2334620.571008971,0.0,0.0,0.0,0.0,0.0,573840.8902069787,0.0,0.0,0.0,0.0,0.0,2108.31670475896,0.0,0.0,104201.50772426023,0.0,51199.45472734416,218897.25410043602,184139.87837610196,0.0,9222.786520261938,3671347.221987524,1416341.2489848563,0.0,312886.22901554336,429147.69852152234,6190.920203293702,74513.82575292567,5956.044088452522,78243746.60487624,0.0,0.0,0.0,0.0,509455.8618753233,372.4889471463746,0.0,149600.7169471675,0.0,0.0,0.0,0.0,0.0,0.0,56573.38556226915,0.0,577209.1575897286,2186.4537630888985,765614.9566264909,1350.0706975885373,0.0,0.0,0.0,0.0,0.0,0.0,0.0,443494.78094636556,380451.7730376073,0.0,0.0,0.0,0.0,31183.956701185452,0.0,174694.94440922944,0.0,0.0,0.0,0.0,0.0,0.0,0.0,241120.56191639623,7734.169523516566,0.0,0.0,0.0,0.0,9329.743214098287,0.0,0.0,0.0,76445.62767226569,0.0,0.0,632068.6653166412,0.0,0.0,63881.52125952529,2414.1814331504847,0.0,0.0,4494.150321792409,761849.4026318665,131148292.32198855,0.0,15944.116301877844,0.0,0.0,3988.005068584261,0.0,0.0,0.0,0.0,0.0,0.0,0.0,0.0,0.0,4154169.536318265,0.0,0.0,0.0,18465.608380258436,96032.49541468093,103841.31383217884,0.0,0.0,292444.1939523831,0.0,0.0,0.0,32521.310629665775,13515186.991409708,0.0,1033393.3218097395,0.0,0.0,0.0,1285122.0217895312,0.0,0.0,63440.107423858404,0.0,0.0,2338252.8218680173,0.0,0.0,231767.45443012033,14358629.658875305,0.0,0.0,0.0,0.0,48827.573934695945,0.0,0.0,0.0,0.0,188189.10307002396,0.0,0.0
KHM,0.0,0.0,441859.05606576457,0.0,0.0,0.0,14202.474403634651,814.7616076921296,0.0,0.0,0.0,0.0,2405371.3480478493,551201.5558229912,0.0,0.0,21507699.38133979,46188.86004484404,10246.810767140232,7112.175888478359,18050978.538950402,0.0,0.0,7832.561475599324,1440877.1660389132,0.0,0.0,0.0,0.0,0.0,4623196.873758022,0.0,0.0,0.0,0.0,550728.5952167618,0.0,10403720.927719975,0.0,122946894.64914478,1627586.8132350182,53044.13481874797,0.0,129566.16866116568,0.0,0.0,12938.146000841489,67155.05738353767,0.0,0.0,0.0,0.0,343859.9711844382,16684029.305533955,54994132.61432491,0.0,0.0,2208194.6783074955,0.0,84332.01912384188,0.0,25240.255307935342,0.0,0.0,12804641.608717639,972131.0180510759,18269.536775417757,264335.35698062583,0.0,0.0,107415054.13028258,0.0,0.0,8457588.612526646,40097457.73499408,4185.543558531846,1114983.3547653796,0.0,59170.08870436417,0.0,0.0,6355468.120688347,0.0,0.0,2088.9617419733295,0.0,0.0,0.0,0.0,0.0,2262305.591465868,24313.085237443054,5185330.730639312,1340306.421757462,16291211.73066564,0.0,116145.76851880924,0.0,557003.6559979799,9079.085216590347,535402.9382576552,22849401.976003155,4854.353496044392,0.0,364404.42990159825,0.0,195946.8094136626,0.0,0.0,9752.438325025038,2066847.3914914082,11941.581594235866,0.0,12833.579154998482,0.0,0.0,0.0,0.0,122099.3005943434,0.0,6640623.911798741,0.0,4044792.1357123563,25481.039466094917,78111.19349382908,34247.45138030824,27908.91801207332,1366.6260533639438,6663.926440560857,0.0,0.0,37335.206350998444,0.0,0.0,24523.249301263957,0.0,0.0,1133616.782619177,0.0,0.0,0.0,81291583.05159518,65533.70409785955,10928.839362519808,4798.027037203818,0.0,27026.816002538624,0.0,13156.038997204842,45536949.94034849,210890.0075886695,0.0,0.0,660890.7671306841,0.0,1008239.8897220559,0.0,0.0,0.0,984132.1089182299,0.0,2931.037906070899,50835017.2492835,0.0,0.0,11578543.985694364,0.0,0.0,25963.017398670392,107.8562233387121,13285846.756500252,11515122.523240827,829838.2758444287,430519.6849831691,0.0,846360.5103058127,6184437.434865069,0.0,0.0,0.0,1180.098539555455,94788.8235259692,0.0,0.0,0.0,0.0,0.0,0.0,27410.227503484763,0.0,621236.9693741831,1596304.819868676,6112695.810330996,0.0,0.0,0.0,0.0,0.0,536704.6354890035,294956585.35810095,0.0,0.0,0.0,268.75028819466723,0.0,6767.838439198292,0.0,0.0,0.0,5569283.67175178,0.0,0.0,133032.81608603927,0.0,0.0,3208368.1238144794,0.0,0.0,10341.12322260033,0.0,0.0,48077549.94727467,20123.266811546593,0.0,0.0,0.0,142653.2996861922,0.0,17359.88661154166
KIR,0.0,0.0,0.0,0.0,6141.075645030209,0.0,0.0,0.0,0.0,0.0,0.0,0.0,436348.76583811245,0.0,0.0,0.0,0.0,0.0,0.0,129505.57700942636,0.0,0.0,0.0,15060.154107836392,0.0,0.0,0.0,0.0,0.0,0.0,0.0,0.0,0.0,0.0,0.0,0.0,0.0,0.0,0.0,0.0,0.0,0.0,0.0,0.0,0.0,0.0,0.0,0.0,0.0,0.0,0.0,0.0,0.0,0.0,0.0,0.0,0.0,1307.7284533773857,0.0,0.0,0.0,0.0,0.0,0.0,0.0,0.0,0.0,0.0,117538.18124467284,0.0,0.0,0.0,0.0,0.0,0.0,0.0,0.0,0.0,0.0,0.0,0.0,0.0,0.0,0.0,0.0,0.0,0.0,0.0,0.0,0.0,0.0,0.0,0.0,92161.52272631082,0.0,0.0,0.0,0.0,0.0,0.0,0.0,0.0,0.0,0.0,0.0,0.0,0.0,0.0,0.0,0.0,0.0,0.0,0.0,0.0,0.0,0.0,0.0,0.0,0.0,0.0,0.0,0.0,0.0,1491302.5587672787,0.0,0.0,0.0,0.0,0.0,0.0,0.0,0.0,0.0,0.0,0.0,0.0,0.0,0.0,0.0,0.0,0.0,1168984.6762978584,0.0,0.0,0.0,0.0,0.0,0.0,0.0,0.0,15426.040961876928,0.0,5026.134533622536,255105.67826996496,0.0,16940.599891242775,0.0,0.0,0.0,432183.1472210011,0.0,0.0,0.0,0.0,0.0,0.0,0.0,0.0,0.0,0.0,0.0,2031468.040282257,0.0,0.0,0.0,0.0,490489.4564650399,0.0,0.0,0.0,0.0,0.0,0.0,0.0,0.0,0.0,106824.52352306215,0.0,0.0,0.0,0.0,0.0,0.0,0.0,0.0,0.0,0.0,0.0,1851.733775545145,28303.924263198944,0.0,0.0,0.0,0.0,0.0,0.0,0.0,0.0,518.833510177516,7034357.3284717975,0.0,0.0,0.0,0.0,0.0,0.0,0.0,0.0,0.0,0.0,0.0,0.0,0.0,0.0,0.0,0.0,0.0,0.0,0.0
KOR,19901.252691589783,165418.39715273955,21989.411383718252,0.0,47170.242698718364,0.0,411787.65989822365,13699.664291340894,574.4932372900809,0.0,0.0,834.3263313501387,19046068.638458006,434880.1407786284,442525.3100726588,0.0,2117782.9521054276,18288.686276117518,2888.036199905635,1979887.677326411,92102.59029733519,100185.63341884734,0.0,0.0,208892.11902340566,139.77341710966255,0.0,58504.81165774049,1362591.0064190533,2472.070295333965,14713.49583331795,0.0,0.0,1067.6796927494252,0.0,13606420.934198478,0.0,120468.83529516432,717770.8271574124,287963579.0351868,50981.46718760348,4067.666265039256,220.91259634646642,1695.010606340221,0.0,76794.22179692607,0.0,3520.334685478745,100342.47681734875,0.0,0.0,0.0,31037.753137064647,256522.0310936863,3809530.759101624,216.4564729663981,0.0,172406.330970073,46000.880924642974,438504.33972082456,637549.0915386637,1474783.3866890857,0.0,0.0,10236767.80507363,44498.861325958824,2109661.0195127823,105082.46998508746,1532106.604442016,0.0,1298207.4278093432,0.0,250737.19876690136,2175.233652963188,5636770.306022089,63163.99633963305,488502.8963324183,0.0,14312.314369925372,0.0,3699.0695806655995,381250.8831402245,0.0,0.0,196175.06859250672,0.0,2348890.545211534,4715.612513175939,0.0,51805.522601894685,6504.313631747882,11251.53668889087,38141.04479222987,35785456.49327848,22627148.194994777,0.0,94822.05990765979,4853241.860134611,1368797.7062982451,16908.040919153853,2046666.8671438259,1371718.1349958915,207370.4359972598,325936.96605022426,798090336.270942,1707221.3107427256,279104.09595690743,215721.64180046425,2070486.6259551384,10093.255883875907,0.0,321053.6455312518,0.0,2175706.6349871675,50.09483064957116,164947.97639601628,6755.615530826738,0.0,2384661.1625865633,0.0,307699.3920061829,0.0,10963.78946845268,18448.591007588453,8863.822154566715,24071.395934843928,82960.52878759462,3391950.321274678,17633.27034396187,0.0,0.0,156.0591134552366,2026913.2193445985,14.116879519289869,7954350.65702961,339955.6800690586,2191.290682127643,97810.18845901701,0.0,55357.65845106627,4281.295923911863,35774336.47491942,448.80023239763204,13203.965902598886,3952.4820980059512,0.0,2355366.2502725986,34643.58748038539,0.0,14916576.459424414,22414.077918929226,582286.0233222246,666.4833339215671,4754046.480224904,925181.8444775724,356587.01855663845,407254.74981899967,0.0,90438.0831466598,305770391.1305415,221519.6537936356,1463.5924623968765,289750.70392364066,0.0,0.0,282698.4305192414,333272.3157534796,0.0,418.84470981638424,1357934.9298007933,193939.58308087807,18388815.045575097,9804.876957466355,1959226.6014254978,0.0,73797.19796031849,30564855.110242724,0.0,0.0,0.0,448.84676683695903,1020.8619548848637,26074.67441593501,0.0,70.8380289917351,0.0,438.9741326481296,0.0,0.0,62967.12350167404,209358.4773458758,71476.5242594964,339074.36578878126,0.0,3097.596382349512,127.8430560578562,0.0,0.0,323.39842899044373,6983360.596140091,8908.612484385343,0.0,9523.821309164421,10663.687764597345,631.1731567448628,53363.71695334275,1051.586095381522,0.0,0.0,28350839.241524782,916974.1395626103,24677.515937354437,126140.78542834321,0.0,11942.67051542722,60151309.586208545,599121.2552211327,0.0,93392.0029580696,0.0,0.0,92783830.99183838,13115.538454955547,0.0,2996.051007458784,16647.778682278673,13140989.373850837,37775.66903849949,3313.7285180473937
KWT,0.0,28795.258860259433,0.0,0.0,0.0,0.0,0.0,0.0,0.0,0.0,0.0,0.0,97621.40073792024,0.0,0.0,0.0,18083.292440583158,5122.428327196881,0.0,26111.269686845684,132.13254227164427,6381984.191970695,0.0,5288.039208419377,0.0,0.0,0.0,0.0,0.0,0.0,0.0,0.0,0.0,0.0,0.0,10301.12697925932,0.0,511.28881204205635,0.0,131586.57529316307,0.0,0.0,0.0,0.0,0.0,0.0,1388.728465352825,0.0,0.0,0.0,0.0,0.0,3494.0195039252035,0.0,11824.774508298156,0.0,0.0,7737.715755271625,0.0,13086.84032931099,26924.88764644634,361442.48051117244,0.0,0.0,0.0,0.0,284526.74913065886,0.0,0.0,0.0,23091.62050431586,0.0,0.0,1547.5431510543249,29256.711345532483,2218.3604706040464,5566.722500151573,0.0,7290.741939715608,0.0,0.0,5473.238206458623,0.0,0.0,29010.488275285912,0.0,0.0,0.0,0.0,0.0,0.0,0.0,0.0,130.1918203520644,547965.6823436684,0.0,0.0,9612847.518650109,49294922.87574889,0.0,0.0,1168.3332405299318,0.0,2778049.763910478,258.1963989207439,0.0,3965.3890313930615,0.0,0.0,0.0,0.0,0.0,0.0,279306.0426401197,0.0,3094.0663696985157,0.0,0.0,8212.59375679628,0.0,0.0,0.0,0.0,715.9486399541577,0.0,1205.1583628857306,0.0,355.0770014551883,0.0,0.0,888.3248485360867,394295.01636008185,0.0,0.0,8940.026715753293,0.0,0.0,60379.52459005118,0.0,0.0,0.0,53805.1562807494,0.0,0.0,30998.79218425556,0.0,1241.145528022191,0.0,0.0,148222.70012776286,0.0,16535.762063273927,0.0,420.02798784770516,1173139.1897597925,1384865.9313251514,0.0,0.0,0.0,0.0,0.0,0.0,0.0,0.0,0.0,0.0,0.0,0.0,0.0,7950033.289183353,0.0,0.0,380.70137021375234,135235754.36482108,0.0,10905.843240866487,16457.551951482146,0.0,0.0,0.0,0.0,0.0,0.0,0.0,372.04445751876176,0.0,255.5422606298806,0.0,0.0,0.0,0.0,0.0,0.0,0.0,0.0,371991.06502461544,0.0,0.0,3176.487574002572,221.68406891207226,0.0,0.0,0.0,0.0,0.0,0.0,18751.108957397122,0.0,0.0,0.0,8540.895675158114,331.6048008714437,0.0,0.0,0.0,140732.4182554843,0.0,0.0,0.0,0.0,0.0,0.0,0.0,0.0,0.0,1705331.3133200184,0.0,0.0,15061.77603767201
LAO,0.0,0.0,0.0,0.0,0.0,0.0,0.0,0.0,0.0,0.0,0.0,0.0,0.0,0.0,0.0,0.0,0.0,0.0,0.0,0.0,0.0,0.0,0.0,0.0,0.0,0.0,0.0,0.0,0.0,0.0,0.0,0.0,0.0,0.0,0.0,0.0,0.0,0.0,0.0,0.0,0.0,0.0,0.0,0.0,0.0,0.0,0.0,0.0,0.0,0.0,0.0,0.0,0.0,0.0,0.0,0.0,0.0,0.0,0.0,0.0,0.0,0.0,0.0,0.0,0.0,0.0,0.0,0.0,0.0,0.0,0.0,0.0,0.0,0.0,0.0,0.0,0.0,0.0,0.0,0.0,0.0,0.0,0.0,0.0,0.0,0.0,0.0,0.0,0.0,0.0,0.0,0.0,0.0,0.0,0.0,0.0,0.0,0.0,0.0,0.0,0.0,0.0,0.0,0.0,0.0,0.0,0.0,0.0,0.0,0.0,0.0,0.0,0.0,0.0,0.0,0.0,0.0,0.0,0.0,0.0,0.0,0.0,0.0,0.0,0.0,0.0,0.0,0.0,0.0,0.0,0.0,0.0,0.0,0.0,0.0,0.0,0.0,0.0,0.0,0.0,0.0,0.0,0.0,0.0,0.0,0.0,0.0,0.0,0.0,0.0,0.0,0.0,0.0,0.0,0.0,0.0,0.0,0.0,0.0,0.0,0.0,0.0,0.0,0.0,0.0,0.0,0.0,0.0,0.0,0.0,0.0,0.0,0.0,0.0,0.0,0.0,0.0,0.0,0.0,0.0,0.0,0.0,0.0,0.0,0.0,0.0,0.0,0.0,0.0,0.0,0.0,0.0,0.0,0.0,0.0,0.0,0.0,0.0,0.0,0.0,0.0,0.0,0.0,0.0,0.0,0.0,0.0,0.0,0.0,0.0,0.0,0.0,0.0,0.0,0.0,0.0,0.0,0.0,0.0,0.0,0.0,0.0,0.0,0.0,0.0,0.0,0.0,0.0,0.0
LBN,1839.9837468048524,0.0,4846461.165198489,1128.1126517545015,108107.4162659266,0.0,138771.04690336846,131469.56226919446,0.0,0.0,1733.380807703283,32.1775282710054,6255719.282084331,428954.5271020336,593222.1302669429,0.0,3588058.123246147,2973457.6307878313,366017.154849918,8287.589576216717,4234778.874379863,7105443.998952028,0.0,20940.13575350763,2867584.102979873,12710.921352155914,0.0,82934.65146899121,1062806.1229830268,3699.521963341748,90828.83569684727,0.0,0.0,2907.0849909121525,1017010.4857254545,10209389.557847401,0.0,502379.77894498355,29566.957600006343,49851.6916859753,5596860.486762549,179239.80200764266,141814.36423436852,936363.9830048712,0.0,375542.3291716052,2650.1631067321755,13469.394411772162,642.5208626073811,0.0,2800.041215693751,0.0,681602.599713591,180991.95486018772,3119502.435402876,1149783.3216112254,9337.337098153468,909492.7778933969,23969.71709322174,3266825.2098644436,40580.07546672144,55084320.74178102,0.0,0.0,6407947.759212483,212625.33395058019,152024.98315151455,8524.364873449058,0.0,0.0,3030721.599282228,0.0,0.0,652255.0291045702,3950515.8847809974,68265.72617366203,1233265.7481211787,0.0,13765864.185677128,477.95546527006786,96865.81812841966,915611.3283087397,0.0,0.0,0.0,0.0,0.0,0.0,0.0,290.07620336032545,1036.3698796220492,5280.106121420269,42628.62782141859,160930.09206633546,474387.4315928084,0.0,27445.018361269184,2559672.3033509394,34225727.79482496,346.46310758985646,0.0,904832.8995040278,3267.174295468234,38948442.64504965,103097.48670710257,213131.28988784447,20070.09792754314,3218.134455417728,4215.0512891273975,0.0,203.94456634587746,44660958.36667268,0.0,0.0,1820915.9897996117,1645550.4217918532,0.0,0.0,22642.827693460193,0.0,26377.464188097852,512.210990988076,0.0,526286.5248309468,13161.05720002515,56561.174397245544,12981.662459312405,131881.25851209112,0.0,0.0,380677.5899999982,24973.443169391772,0.0,3471.1229855979777,0.0,0.0,101349.39479234275,80022.33584167258,0.0,1891.000636121426,46256.45032003427,1060666.4719211657,0.0,81.24854776384765,511020.54260702204,0.0,1335207.8588766605,0.0,0.0,3043965.815513236,143200.73639123398,0.0,0.0,194709.0357772156,10028199.059553193,40708.04161105102,238605.5940368682,3102.7488856016703,7166.021434787229,360268.3117095233,0.0,0.0,996770.9840877125,0.0,0.0,48075.189430834405,648952.0480291599,0.0,0.0,22712269.85745635,449315.72990588046,2392794.0503700604,7199.936472811249,93433971.25914672,0.0,631737.4730824913,91696.1093634826,0.0,0.0,0.0,0.0,492189.539585444,3800.3283981644263,0.0,58726.33040673813,0.0,56283.814254521094,0.0,257287.28418761212,22447.38642139477,7093.0568861029315,2209.5811309040455,4878192.142055669,0.0,1104.9670390417787,129270674.68818071,0.0,8691.558903021512,915533.0662462461,9960.055901628493,0.0,0.0,3169.950401298208,0.0,0.0,10909.20069242706,5222906.354360248,0.0,0.0,11735.182988481023,2304565.726726463,68633.90658713887,999251.5955559342,0.0,423799.04223839915,34774229.02639495,0.0,50.091262370179244,1458656.2933785005,0.0,0.0,20207.5954810435,0.0,3604.856852842847,0.0,2881945.0569976987,1261563.1580408884,216516.75395673316,91712.23076331486
LBR,0.0,0.0,0.0,0.0,0.0,0.0,0.0,0.0,0.0,0.0,0.0,0.0,105419.68083164889,0.0,0.0,0.0,51455888.7171763,2847694.794816005,0.0,0.0,0.0,0.0,0.0,189226.81392800243,581151.0184058064,0.0,0.0,0.0,0.0,0.0,0.0,0.0,0.0,0.0,0.0,9709775.432231389,0.0,5686.211271202403,0.0,1765501.5126950608,15055.087156517964,125982.45211461879,0.0,3134.4694103372585,0.0,11969.304481341554,0.0,0.0,524.6526442299861,0.0,0.0,0.0,0.0,267187.13589817786,153551559.88281485,0.0,0.0,2676.419887819209,0.0,0.0,32043.009393256598,0.0,0.0,0.0,64790490.49898043,0.0,0.0,12432.658758227537,0.0,0.0,4071893.8138735113,0.0,0.0,0.0,1532149.79384919,0.0,1285988.7794994502,0.0,0.0,0.0,0.0,30347.56381108721,0.0,0.0,0.0,0.0,0.0,0.0,0.0,0.0,437415.2262903613,0.0,28710.309438837776,5134878.21482216,7361392.6939403815,0.0,12727.029253769468,0.0,0.0,0.0,1020120.223911812,0.0,1157.6589340707212,0.0,0.0,666.5680378725223,0.0,0.0,0.0,0.0,0.0,0.0,0.0,550.6069961955943,0.0,0.0,0.0,0.0,0.0,0.0,0.0,0.0,0.0,0.0,0.0,0.0,296.5064232167762,40239.79846963775,0.0,0.0,0.0,0.0,0.0,0.0,252.99605868525225,0.0,0.0,0.0,0.0,240245.7203354437,0.0,34100407.52049557,0.0,0.0,0.0,0.0,0.0,0.0,0.0,440118190.4695198,7708.49794673832,0.0,0.0,0.0,0.0,0.0,0.0,0.0,0.0,4250.830964321926,0.0,0.0,0.0,0.0,0.0,802904.2669086594,0.0,0.0,0.0,6801.578205712335,408203.3768066715,657792.0242640404,0.0,25190.890587401238,0.0,0.0,0.0,0.0,0.0,0.0,0.0,0.0,0.0,0.0,0.0,0.0,0.0,0.0,0.0,0.0,0.0,0.0,41887.1121142966,0.0,526.1180720627755,0.0,0.0,0.0,0.0,0.0,0.0,0.0,0.0,0.0,0.0,0.0,0.0,0.0,0.0,0.0,0.0,0.0,79886.01820222498,0.0,0.0,243012495.63837802,0.0,0.0,342.2934678982103,0.0,0.0,0.0,0.0,0.0,0.0,0.0,0.0,0.0,0.0
LBY,0.0,0.0,0.0,0.0,0.0,0.0,0.0,0.0,0.0,0.0,0.0,0.0,0.0,0.0,0.0,0.0,7422.5190444793225,7408.914948640331,0.0,0.0,0.0,236.70632275822578,0.0,3009.190737546219,3557.934061510545,0.0,0.0,0.0,0.0,0.0,0.0,0.0,0.0,0.0,0.0,5467.6082348270265,0.0,51.66255522833543,0.0,0.0,1077081.5719145958,1145.7597655986724,0.0,0.0,0.0,0.0,0.0,0.0,0.0,0.0,0.0,0.0,0.0,0.0,0.0,0.0,0.0,0.0,0.0,10790.262648759306,42369.064735001215,1462158.6594193196,0.0,0.0,59399.61953197178,0.0,0.0,0.0,0.0,0.0,4124.668561457814,0.0,0.0,0.0,13323.770054241704,0.0,3190.9322246277115,0.0,0.0,0.0,0.0,84592.38832564099,0.0,0.0,0.0,0.0,0.0,0.0,0.0,0.0,36.00141863889575,0.0,0.0,0.0,0.0,0.0,469.1151821353669,0.0,0.0,0.0,0.0,1112299.75207956,0.0,285925.6140443179,0.0,0.0,0.0,0.0,0.0,0.0,0.0,4495.155156036222,0.0,11104.087857428067,0.0,0.0,0.0,0.0,126173.02285924098,0.0,0.0,0.0,0.0,7819.041204259311,0.0,0.0,0.0,0.0,0.0,0.0,0.0,49362.02865991659,0.0,20.581638108269726,0.0,0.0,0.0,34795.23409725834,0.0,0.0,0.0,104836.06098584077,0.0,0.0,617097.6548303901,0.0,0.0,0.0,0.0,3085.632108871753,395.87925657465337,0.0,0.0,0.0,0.0,236.93950517340278,0.0,0.0,0.0,0.0,0.0,0.0,0.0,0.0,0.0,36554.088769224494,1679.6181888893766,0.0,0.0,270.3367012079486,0.0,26538.030522736964,0.0,47303.827065808364,0.0,0.0,0.0,0.0,0.0,0.0,0.0,0.0,0.0,0.0,0.0,0.0,0.0,0.0,0.0,0.0,0.0,0.0,0.0,0.0,0.0,367898.17567297514,0.0,0.0,178.74863187982203,284771.57800423756,0.0,0.0,0.0,0.0,0.0,0.0,5853612.579541944,0.0,0.0,0.0,56331.74282386558,0.0,0.0,0.0,0.0,1829.7475724258018,0.0,0.0,26796.033503310813,0.0,0.0,0.0,0.0,0.0,0.0,0.0,88.364958287766,0.0,0.0
LCA,0.0,0.0,0.0,0.0,0.0,0.0,0.0,0.0,0.0,0.0,0.0,37745.458644849234,767.1819661116749,0.0,0.0,0.0,134.1960214147817,0.0,0.0,0.0,0.0,0.0,1728.5505021934055,0.0,0.0,41080.4760865091,0.0,0.0,0.0,477436.94452761137,0.0,0.0,0.0,0.0,0.0,34041.160401902,0.0,203.0964606359042,0.0,177.2227925091539,0.0,0.0,0.0,0.0,0.0,0.0,0.0,0.0,0.0,0.0,0.0,0.0,200.0090803173224,0.0,230596.60754515242,0.0,33069.73707285564,798.5921271320101,4107.327103400336,0.0,0.0,0.0,0.0,0.0,1253.9825990674542,0.0,0.0,0.0,0.0,0.0,48317.99541241952,0.0,0.0,348.29487329060163,542994.1327417404,0.0,0.0,0.0,0.0,0.0,0.0,0.0,177944.95143579718,0.0,0.0,0.0,0.0,134090.22880940486,0.0,0.0,0.0,0.0,0.0,407339.23031404905,379837.9130144176,0.0,0.0,0.0,0.0,0.0,0.0,1157.465078268403,27029.642756719055,0.0,357.4802775126909,0.0,0.0,0.0,0.0,0.0,0.0,0.0,0.0,197.46665949332066,0.0,0.0,0.0,0.0,23267.07562939807,0.0,0.0,0.0,0.0,0.0,14.727889643977196,0.0,0.0,3409.06888169239,0.0,0.0,0.0,0.0,0.0,0.0,0.0,0.0,0.0,0.0,0.0,0.0,0.0,0.0,0.0,0.0,0.0,0.0,0.0,0.0,0.0,2173.0764245480564,0.0,0.0,0.0,0.0,0.0,0.0,0.0,0.0,0.0,56890.08200896741,0.0,0.0,0.0,0.0,0.0,0.0,0.0,0.0,0.0,0.0,0.0,1499.877288077849,0.0,0.0,0.0,0.0,0.0,0.0,0.0,0.0,0.0,0.0,0.0,0.0,0.0,0.0,0.0,0.0,0.0,0.0,3084.663967792801,0.0,124.53353595222045,0.0,0.0,0.0,874.4104821835764,0.0,0.0,0.0,0.0,0.0,0.0,0.0,0.0,388304.47601517703,0.0,0.0,0.0,134.49564972256636,0.0,0.0,0.0,0.0,0.0,488514.6610286244,0.0,36168.02236928334,0.0,2690.1436702120413,0.0,0.0,0.0,0.0,0.0,0.0,0.0,0.0,0.0
LIE,0.0,0.0,0.0,0.0,0.0,0.0,0.0,0.0,0.0,0.0,0.0,0.0,0.0,0.0,0.0,0.0,0.0,0.0,0.0,0.0,0.0,0.0,0.0,0.0,0.0,0.0,0.0,0.0,0.0,0.0,0.0,0.0,0.0,0.0,0.0,0.0,0.0,0.0,0.0,0.0,0.0,0.0,0.0,0.0,0.0,0.0,0.0,0.0,0.0,0.0,0.0,0.0,0.0,0.0,0.0,0.0,0.0,0.0,0.0,0.0,0.0,0.0,0.0,0.0,0.0,0.0,0.0,0.0,0.0,0.0,0.0,0.0,0.0,0.0,0.0,0.0,0.0,0.0,0.0,0.0,0.0,0.0,0.0,0.0,0.0,0.0,0.0,0.0,0.0,0.0,0.0,0.0,0.0,0.0,0.0,0.0,0.0,0.0,0.0,0.0,0.0,0.0,0.0,0.0,0.0,0.0,0.0,0.0,0.0,0.0,0.0,0.0,0.0,0.0,0.0,0.0,0.0,0.0,0.0,0.0,0.0,0.0,0.0,0.0,0.0,0.0,0.0,0.0,0.0,0.0,0.0,0.0,0.0,0.0,0.0,0.0,0.0,0.0,0.0,0.0,0.0,0.0,0.0,0.0,0.0,0.0,0.0,0.0,0.0,0.0,0.0,0.0,0.0,0.0,0.0,0.0,0.0,0.0,0.0,0.0,0.0,0.0,0.0,0.0,0.0,0.0,0.0,0.0,0.0,0.0,0.0,0.0,0.0,0.0,0.0,0.0,0.0,0.0,0.0,0.0,0.0,0.0,0.0,0.0,0.0,0.0,0.0,0.0,0.0,0.0,0.0,0.0,0.0,0.0,0.0,0.0,0.0,0.0,0.0,0.0,0.0,0.0,0.0,0.0,0.0,0.0,0.0,0.0,0.0,0.0,0.0,0.0,0.0,0.0,0.0,0.0,0.0,0.0,0.0,0.0,0.0,0.0,0.0,0.0,0.0,0.0,0.0,0.0,0.0
LKA,0.0,179336.5715839755,5000948.387556234,0.0,10595313.78860512,0.0,2163029.6917718817,1174591.544896433,91338.0254152818,0.0,0.0,3049.466734552442,40107608.6381925,1184444.7896404823,92974546.08561715,0.0,25389251.601921096,568647.5932389614,1086121.3123111113,5726258.946128034,2153117.5506511983,2745968.6948079336,2297.7637682891573,118025.98553414068,5747021.270110772,1356903.1916354087,2203.1602647874493,6063410.626946884,812973.3648616057,125727.13575048413,190542.88877546138,4507.40562181172,0.0,20933.543451474357,0.0,18750771.963686958,0.0,4909486.112036086,70977047.15213555,48572123.54443723,5788548.469272266,1081122.0245097475,350289.5972119758,3820415.289267487,17910.78721991377,17057588.72091241,48537.375376236974,2404.0022017435476,368466.39831870503,3471.226130623446,0.0,0.0,984912.6965972264,2078893.891055656,86692850.91765285,485734.23853178933,52095.16169292207,2227052.8630145355,58183.750717426934,1319070.6363392572,10621150.256631212,36249109.59047494,0.0,0.0,12474019.529153148,1377952.6932641051,3306732.9684624327,11776486.917426165,3913864.111279111,0.0,14212429.54701064,0.0,0.0,38636.39723604053,34130200.30821124,3150255.3066128325,7427968.432490539,47494.821515426534,3259518.37682401,38885.811371046555,4417.391515343752,14286475.453889579,0.0,982719.0804206346,6620396.303196434,0.0,471472.10366322927,653369.7281230908,0.0,2504356.272697376,728868.8640459165,0.0,457057.68430949486,129732376.07121553,259765925.10465738,0.0,840504.7381376851,348259107.03837365,218376430.23561442,190796.5059849886,18019197.91290568,23957746.04943651,65061.76598120993,100371732.24431482,128872291.22174682,12082436.040382586,4465014.110933823,8679533.185420867,1516697.7534249388,50624.817800962905,5702460.597362929,109308221.98456094,0.0,27823344.90762929,610227.5124134483,105043167.17118892,42574.85357492867,0.0,0.0,0.0,3154801.2821044754,0.0,2280640.5507348715,1834624.9785578279,2893486.0613408415,339916.40665975696,26826547.09028326,108417503.22812316,132240.23932286596,0.0,611081.57294606,96452.76663950508,608285.2886784679,267809.6175057507,1410307.22480228,0.0,17858.404120096253,1190056.2254425797,0.0,2987068.172960688,4118.763316896509,24040587.48277745,19805.693980763972,40386.337671373374,847332.748388299,0.0,4971184.138134506,2207560.704310867,0.0,46932261.5279225,1717512.430791341,770602.9780928467,0.0,13511112.045080552,1398606.65850019,101556662.67285663,709707.113344406,0.0,20367707.991130162,1592258.6057391881,0.0,208628.19465389664,27419189.84289303,0.0,0.0,385885.7280684436,270611.04793237965,0.0,18588.356903032836,5180500.723671015,2458068.18492747,534265694.2457627,0.0,66493150.13208739,0.0,3053140.979379874,35248353.62443928,0.0,7774.528633735977,0.0,8957.425094900549,1529903.7919437166,2215007.917830353,0.0,21335.661596910388,0.0,729809.9144882313,0.0,30745.49942823639,246068.2521584124,145339.9329899704,223743.39666884465,4577642.364595075,0.0,1129300.4593100203,224713428.9945405,0.0,53136.7268200808,2198685.297601127,23084339.79921425,603967.7317163344,0.0,955207.913891709,0.0,0.0,139761.99156203194,13965988.715729257,0.0,0.0,34830731.05285928,206534.13764266725,8230.173169975918,87479809.22946797,0.0,1040776.4035164902,106014550.5277676,13633116.768519383,9231.84658940916,427810.59680892155,0.0,0.0,8250713.143901189,0.0,169.33124149426223,100854.00790732613,2230456.746361763,17594404.082963817,50774.652184610124,15325.416349936106
LSO,0.0,0.0,0.0,0.0,0.0,0.0,0.0,0.0,0.0,0.0,0.0,491.1898264304043,433.37284459838213,0.0,0.0,0.0,0.0,0.0,0.0,0.0,0.0,187.39435233744263,0.0,0.0,0.0,0.0,0.0,0.0,0.0,0.0,0.0,0.0,0.0,23625.749436195158,0.0,5530.744076565833,0.0,2589.120595475427,0.0,0.0,0.0,0.0,0.0,0.0,0.0,0.0,0.0,0.0,0.0,0.0,0.0,0.0,0.0,0.0,1011331.2139343598,0.0,0.0,0.0,0.0,0.0,0.0,0.0,0.0,0.0,0.0,0.0,0.0,0.0,0.0,0.0,0.0,0.0,0.0,0.0,3032564.9618939776,0.0,0.0,0.0,0.0,0.0,0.0,0.0,0.0,0.0,0.0,0.0,0.0,0.0,0.0,0.0,34.741534466332276,0.0,0.0,0.0,0.0,0.0,0.0,0.0,0.0,0.0,0.0,0.0,0.0,0.0,0.0,0.0,40.685118535645856,0.0,0.0,0.0,0.0,0.0,0.0,0.0,0.0,0.0,0.0,0.0,0.0,0.0,0.0,0.0,0.0,0.0,0.0,0.0,0.0,0.0,0.0,0.0,0.0,0.0,0.0,0.0,0.0,0.0,0.0,0.0,0.0,0.0,0.0,0.0,0.0,0.0,0.0,0.0,0.0,0.0,0.0,17260.80396983618,0.0,0.0,0.0,11155.183095592838,0.0,0.0,0.0,0.0,0.0,0.0,0.0,0.0,0.0,0.0,0.0,0.0,0.0,0.0,0.0,0.0,0.0,16660.623914794647,0.0,0.0,0.0,0.0,0.0,0.0,0.0,0.0,0.0,0.0,0.0,0.0,0.0,0.0,0.0,0.0,0.0,0.0,0.0,0.0,0.0,0.0,0.0,0.0,0.0,0.0,0.0,0.0,0.0,0.0,0.0,0.0,0.0,0.0,0.0,0.0,0.0,0.0,0.0,0.0,0.0,0.0,0.0,19668.78880573347,0.0,0.0,0.0,0.0,0.0,0.0,0.0,0.0,0.0,0.0,27850601.359025743,3127.5045605474875,6442467.3357835235
LTU,0.0,33789.07496999195,1779250.2480270048,0.0,18821.213439649255,0.0,0.0,13648.713874221172,0.0,0.0,0.0,0.0,370624.2136528099,35391532.472798385,1079158.622883455,30.900356260627202,187803822.48437706,96271.83007159908,12548.491248296677,461443.531092691,13360625.824142357,3546614.904458941,0.0,51689.66149706368,152430198.09435913,2343.150843105273,0.0,0.0,295838.4028630958,3304.225925790397,0.0,0.0,0.0,395232.12905175186,42179.50686438836,332436.1574947102,0.0,312119.25255317497,75802.14144361884,1242859.5970189727,3620.969624759778,12266.638727821779,10970995.160775304,848416.0878503064,0.0,0.0,0.0,5778.099760765734,301.27897589806406,7575084.585779986,0.0,0.0,562779.3129453419,4317622.118079081,274735006.7002437,15769.076470675904,0.0,122127565.57315946,0.0,67970573.25724988,0.0,31401823.41811667,0.0,0.0,157925727.1152668,127516073.27751957,0.0,46549723.31090215,0.0,0.0,65785309.66727837,4043076.1254233452,0.0,2291.4636192541757,77699111.59660594,1075254.3268248537,1271150.9791345424,0.0,688.1345871132321,2523.5206309201567,262.45603501467957,2019889.8882174732,0.0,43593.506391938376,0.0,0.0,0.0,0.0,0.0,0.0,241091.82832083726,2718129.2440347043,8372353.464012008,4303839.334483875,29010274.774727948,0.0,10218968.728974735,318298064.527585,124996.50883395228,337358.16090702795,3254286.3278643196,13042730.866657786,0.0,5799839.455871599,13556.990959101124,10918888.95995629,28295765.459924262,4367588.02827567,753.1974397451601,0.0,5554163.05706053,7481.653576105989,0.0,2653034.8222966655,0.0,30976695.365524437,0.0,0.0,1522166.9406218634,0.0,0.0,14475.613785584064,693231790.6923734,52437630.93015321,2559796.7315026647,8001.944981100277,0.0,12096.179462169423,0.0,0.0,0.0,70699.07707560802,192572.92802614812,464.9694247656944,314601.2003284254,0.0,18666777.03478999,7034170.955893019,0.0,193.97725452518,4921993.89047548,2716437.0102803586,2007725.4520542882,0.0,0.0,0.0,29216970.85041464,0.0,0.0,158678779.79015934,161562810.50805995,0.0,0.0,34715.86794825695,12812206.181082169,895955.1878796964,210.29338591001306,0.0,41545.58242101063,1487814.9360879557,0.0,0.0,253023440.70300996,0.0,0.0,13217317.54891483,0.0,0.0,3816.7117828729843,0.0,3895673.4112693127,167366117.72783676,0.0,338646656.775737,0.0,1734538.0673806274,111767.80585196824,0.0,0.0,0.0,0.0,833506.1501437696,263.7914984437658,0.0,20824.331775753806,0.0,294223.7912534461,0.0,3441.9020060316634,0.0,7444676.077133067,1502724.9797335507,114431862.58498277,0.0,0.0,4960373.379328664,0.0,0.0,36915.58478965986,797313.2158937051,7010128.107664719,0.0,1263176.5745717986,0.0,0.0,0.0,6024743.386448801,0.0,0.0,1804220.3162716208,20853584.394706935,1983911.108761881,140605332.77245945,0.0,6547074.2819080455,3778401.7682255707,4840177.858827472,0.0,0.0,0.0,0.0,5953612.965131097,78.9081884549061,0.0,0.0,12972623.359047122,31963430.13039891,0.0,643183.4332272094
LUX,0.0,0.0,0.0,0.0,0.0,0.0,0.0,941.0924699580721,0.0,0.0,0.0,1821.138057724057,658499.245832786,6612220.50294293,1351493.2922830032,0.0,72882817.04609734,11101.199293127296,0.0,0.0,30511.994175199652,11675.48598580667,3357.870880025071,77786.80740807412,14569.104461792456,0.0,0.0,0.0,62.88609884116094,0.0,0.0,0.0,0.0,0.0,0.0,63035.01839538803,0.0,260193.23462432582,32410.904976925412,37146.989602296584,13949.164194718735,0.0,0.0,77.87631985215052,0.0,2251.0167063790905,0.0,1383158.7011751404,13670.83335597112,0.0,0.0,0.0,174568.1312943556,357391.3472001158,510831442.6068791,0.0,0.0,51736793.65838273,0.0,54727.09663221617,146618.3298029073,153847.87395558466,0.0,0.0,7739499.989025477,38441.74319675881,5535.9243421201745,461352.4572155691,17490.69314789285,0.0,58837490.52545771,0.0,0.0,0.0,2376499.765397327,4866.0231143395395,57190.18155146804,0.0,0.0,0.0,0.0,911608.1474517225,0.0,0.0,0.0,0.0,0.0,0.0,0.0,0.0,391997.67052498925,0.0,3056768.7442119136,336148.73972496245,306184.3846007955,0.0,9868439.031668236,0.0,0.0,10288.09550576048,56628797.78758107,97360959.26000156,0.0,3613.460912935478,36148.28873153576,60736.9627105685,211470.46660163533,0.0,0.0,0.0,633.6336562062165,8532.343723134205,0.0,47567.35518139937,0.0,0.0,0.0,0.0,85728.09621330725,0.0,504338.2736641097,0.0,7115114.075591848,124218.65647472847,1531.1244899040528,14116.069062801329,0.0,8.769503858779792,0.0,0.0,0.0,10704.16438134043,0.0,362518.6893890302,0.0,0.0,0.0,0.0,0.0,13646.696832389649,0.0,16665.653283273914,0.0,10181.300066426527,37241.383862123475,0.0,49516.188712302566,0.0,0.0,66256791.5847781,588057.0540062665,0.0,0.0,10235.022624292236,34660.42086747255,0.0,0.0,0.0,1749.0467272385754,0.0,0.0,0.0,1481888.4872077028,0.0,0.0,4814381.572248695,18764.208144535765,0.0,4722.979007555779,26873.19710382569,161617.25303306722,2031463.2088826932,97878.59649485869,124823.77967934877,0.0,0.0,33737.47936836051,0.0,0.0,0.0,0.0,0.0,32521.148216419304,0.0,0.0,0.0,39818.2259239273,0.0,0.0,0.0,338180.71508158196,548286.5999805128,10164901.60278067,0.0,1592.5781655636772,4154.996006978242,0.0,0.0,0.0,0.0,0.0,0.0,0.0,0.0,0.0,0.0,460720.31712595496,0.0,0.0,78.20700243179587,74579.88127252336,35275.81229712136,54764.05192571031,0.0,0.0,121348.95176365708,0.0,0.0,0.0,0.0,0.0,0.0,0.0,0.0,0.0,0.0,4218.966871652106,62762.83558159202,72509.42811521783
LVA,8155.3841064646485,261933.9254463611,11336136.094857402,0.0,0.0,0.0,2668.7018159189474,39266.12294009506,10995.327794713174,0.0,0.0,2217.2869294675857,322559.55329531163,1064679.6903874422,3291465.21110042,0.0,55300435.051726155,165925.45447492984,278378.2416894351,0.0,1489963.8682667764,0.0,32005.485414927658,7084.275931027401,58127439.19786275,35033.73381087932,5022.594042932837,43313.262240912634,69537.2892950705,7478.762259507138,0.0,0.0,0.0,0.0,0.0,2311835.767191535,0.0,113178.19996526295,451033.42897288647,272838.6757779046,26952.969770262993,95036.35180447568,3554153.8854824114,1994963.2723939526,0.0,283.31726856295387,69188.21259575766,0.0,3775.7723621939786,5590.359327383799,0.0,13366.714092248412,1723736.303746894,12600008.939902432,206617181.75552267,5595354.14180871,1038.8299847308308,140732176.22988594,175809.01868891736,112674016.48178849,1623.4360488310226,7110481.293112616,6828.925450666363,0.0,138219611.4459101,154218196.74848127,8998173.600486018,61672914.952090226,158.45180189412318,0.0,51647320.19708906,1626284.5074959688,0.0,20377.372869399725,61508841.30057757,821063.2552160495,923290.0958303178,0.0,105667.2854500993,142467.07202359335,172719.06971883893,1024075.7516038596,0.0,4989.315557626162,78612.93397785869,0.0,2924.434074206491,11156.929924250451,0.0,9250.19874687939,21474.108817482298,10035163.691768808,606373.1476022262,15846148.36222041,412391.95698195364,0.0,13987950.05491528,159163998.5753282,14900.888791737567,411716.4664101104,4061085.362981687,25195882.22958501,7212.762549726698,170976.18989408296,1261549.848275834,2376385.985317761,31000453.48607483,496145.5628359535,2837.44697652926,0.0,29330.107338787213,7706.2532694367355,0.0,2269342.2174082506,28932.271470620486,42754608.90019714,0.0,0.0,1530.8902122081574,0.0,260841118.77403027,10021.547862403117,0.0,49695946.470568866,148687.66428704222,246570.85885322688,9829.523919945499,416157.6828954494,275.06299893236223,0.0,67039.77358529158,4796733.836356487,29888.350607420394,1414.6551308497346,70012.10594882065,0.0,10785298.321672158,9703266.805611946,0.0,5432.325277894424,0.0,19547.107661175818,811084.6792845116,85.32035793307331,347326.0221376953,0.0,2074297.757018474,7925.793340693203,0.0,109403802.02667199,47083361.56953943,3855.4774911469262,0.0,1144453.1604856227,2013473.7174396531,1245209.5205157427,369156.6386002536,0.0,31596.733508522197,2024972.4942653934,0.0,0.0,51016368.67198545,0.0,0.0,12956763.643119,18470.8596038923,0.0,28473.158065857486,2856225.903472971,457029.04600954545,105703369.77646805,1455170.4348437851,187059903.2653534,0.0,235516.9844264,114043.58245483594,0.0,0.0,0.0,0.0,890828.4944608243,8216.098465076728,0.0,23761.57558307544,0.0,6738.0720744342025,0.0,28738.106729069965,93567.77247974399,12000109.710432943,85265.46034587533,44717012.41163979,0.0,1805.5508199965254,45800.354897937104,0.0,27529.322409788743,241613.88797555026,5222625.713928786,1178459.5651029395,0.0,331306.8117092943,0.0,0.0,5204.270763624072,3046988.254930406,0.0,0.0,312837.6996100837,13169839.90515918,7539569.862745617,2194412.9136410533,0.0,113826.79592330041,22475741.442334935,7113221.238196836,436.6266864766599,2886.1774616175453,9575.169562119774,0.0,167078.2562482378,0.0,0.0,0.0,15778889.445309328,13338982.81702847,0.0,0.0
MAR,361.94399383832075,1301416.8039459586,27907743.498168696,0.0,828271.7258598903,0.0,39358.855026718746,304.929539391238,0.0,0.0,0.0,52.275537258315225,1596597.046558371,450179.95066829375,25895.287087351557,6340.177064913954,50092430.628478736,1124509.1158956175,1587228.7775818731,0.0,38130.16074070321,717238.5604158047,14.935867788090064,104325.93251427679,16081233.083302962,136.76979141435675,0.0,0.0,1415258.211084766,4027.3966904447434,0.0,0.0,0.0,0.0,1921336.9855540553,29162244.688541785,0.0,10101268.364618344,35119.28793217258,5937900.707915265,7746472.70604328,4400799.306069976,1523081.3309534516,3245596.670800618,0.0,83021.34737516259,4758.403627027281,139946.6680990293,93187.13186367934,3223287.7531948257,0.0,0.0,135906.4641991646,123306.30840235746,27384750.120507248,163839.99723539647,0.0,1555227.0687326419,779950.5739749179,18178440.699671768,0.0,6331609.577366725,0.0,0.0,140349473.22248998,37415.18885621748,674974.0567106602,638714.3180637541,32709.686724285446,0.0,225979085.3901199,2639.1593264700723,0.0,1666979.2426606142,45596454.118147336,9028.661988709142,9901506.01270502,13787.9219012561,101393634.63701834,3089405.4906236585,12279623.415433692,1592513.656988898,0.0,169.54810510880492,3236.30117133766,0.0,0.0,400237.2333223669,0.0,1620.2022778032772,141534.42777709392,0.0,112193.06726856106,122164.39540266765,1433264.7324878287,0.0,509625.4652776541,164.44911818328504,219269.28553632353,96926.72334486646,3764539.901131346,68913986.74673398,377.031016292827,1363318.4409617542,9423995.549208563,275637.5510597943,35191.25822813609,19364.608532522452,1716932.8872093728,2892.75271592025,618823.7120889709,885329.9572855942,0.0,3769683.8215176663,1257310.0081144897,19508589.805601086,0.0,0.0,1624406.8178596252,0.0,2749570.501038788,122298.12876153478,44780.12674565361,0.0,25314.46730096298,486627.9083906266,20261.064357032108,168343.13750254008,0.0,0.0,5194643.114560928,3967.585158504413,502325.50757211365,368640.18824562815,4724.199252168762,0.0,16507.66633312415,53989715.05369626,0.0,256551.76559466904,9574.434447965923,298219.3152608036,0.0,242845.98786985574,3839513.7268567053,0.0,1824306.4207475109,11072.888807691064,0.0,58207198.72522256,883092.2622427312,0.0,0.0,129549.96235275145,147729.6396644042,814885.8786390143,20792.448346824996,0.0,9287.557196614167,19500.274020171146,0.0,0.0,1299831.3081163967,0.0,0.0,9093396.118090555,0.0,0.0,97745.04605270513,858471.5699963829,20000.6963227635,110350254.44028352,0.0,12192145.691565994,0.0,15541694.202934474,538633.4034861164,0.0,0.0,0.0,405.56046720163835,1031539.2141524141,243125.19529723655,0.0,0.0,0.0,54334.23003315143,0.0,0.0,0.0,249796.4429372654,99415.16477907564,7659449.228651289,0.0,1148.5078884484112,10894985.369648788,0.0,1534153.1779612245,1175522.2068762751,186941.78864371858,0.0,0.0,29402.172678227347,0.0,0.0,280972.9410081784,7075071.986298019,0.0,0.0,77396.00039507638,1015118.6060710493,1394.3469836742072,566973.2592784666,0.0,9271.775690956412,227544432.55323777,7607.413230719434,0.0,380227.8789845317,0.0,0.0,39081.04263443257,0.0,0.0,0.0,880048.8853785766,849673.0134322714,840.0343268517172,190.58801074040483
MDA,0.0,0.0,0.0,0.0,3957629.673753172,0.0,76321.16743874196,1811929.4354657326,0.0,0.0,0.0,597273.945194205,50818.339883053035,5959924.971432689,4650362.161532746,0.0,15804789.135755466,2258.6800830899147,5223.197692145428,1212982.2787896693,40121577.12515955,5273.641363329723,50561.5553240033,1590971.3657957944,141007978.04411113,170083.84973379993,0.0,0.0,5853.173551315654,2015.5887409047064,0.0,0.0,0.0,0.0,0.0,722200.4723141593,0.0,162416910.61057752,1411.6750519311968,2505254.9609084423,7808.649442528543,366.1771280330538,2858.938504257652,10507.25121645764,0.0,0.0,0.0,1228.6243337875633,17705.33568184295,0.0,0.0,0.0,39435109.02784877,8921563.966137053,44912453.78439613,0.0,0.0,517694.42785759893,3293.5961958378048,2388445.853053396,1675.7164403458164,20975829.71671795,0.0,0.0,47320480.895483464,1761733.4924140132,0.0,230744.99399596086,0.0,0.0,54615755.34056999,0.0,139.90228308007872,1270.507546738077,211564553.72598487,15170287.06069736,163117.71262199717,457320.3324600009,0.0,0.0,0.0,110304013.56375355,0.0,0.0,19408.748407859137,0.0,0.0,0.0,0.0,0.0,191872.94879199425,0.0,28731695.881976068,38490698.775406174,2466396.402146616,0.0,334276.637714978,1007944.2090974911,12094150.27797664,8385.310293213794,10643023.144684603,305592789.19208115,1303.8238967215743,1929204.8975907175,1279158.9375891024,27767990.434103068,19837.28809903891,1516944.9051772628,237531.3365689482,0.0,4061591.0902522663,431269.7371950718,0.0,54806388.65847358,1754.4110330379615,2747854.6219875324,0.0,0.0,2031447.6889728783,0.0,10125195.482249774,0.0,2841222.20146483,4865756.968364388,0.0,337.382175649442,1574.8541476347648,9022.665025636374,0.0,0.0,6901.011652825794,1498867.301356899,5243636.178133554,44717.59189058398,74159.65739527113,0.0,0.0,0.0,0.0,36962.543934914,0.0,13085782.477902824,0.0,69654.40402694246,4871.479092011577,0.0,346642.44897363556,0.0,0.0,31585072.156388953,97806.23062360339,484286.8676233518,0.0,61382103.532318145,301175.69738684234,11105665.792243797,15631510.6210207,0.0,0.0,3121357.546679998,0.0,0.0,58578942.2994717,0.0,0.0,21320425.78331915,0.0,0.0,2313.6908410545784,11585.186541193292,351905027.86313796,328759421.66193885,22617.226830801505,5413999.073558819,0.0,41135.83789956566,794762.9029950092,0.0,0.0,0.0,0.0,0.0,0.0,0.0,0.0,0.0,9955536.77509352,0.0,0.0,0.0,3337942.0615163613,1934957.9292785851,881312.590911549,0.0,2088.4071731329786,9883088.407022357,0.0,0.0,2572.1592196474726,10158557.567472951,180714.82095324632,0.0,201308.89053540013,0.0,0.0,0.0,6058168.771618506,0.0,0.0,11048909.314458737,3819.054752202306,83555.71252311193,151960105.1316844,0.0,6661.352681798651,24774152.59414465,1219057.9298647756,0.0,0.0,2205569.2085925066,0.0,2188826.059227143,0.0,0.0,0.0,354.6806530146253,13425.907676175799,1085.0665072670154,77037.1902385778
MDG,0.0,8973.335353462327,0.0,0.0,58451.637181738704,0.0,1084221.4539144665,109765.79139611742,0.0,0.0,0.0,30561.449465000595,2044537.4901811655,942443.518247541,42769.01043789541,0.0,53214658.11739324,126130.7729958972,1018.4181924205269,3556731.2314708056,12967631.027311033,461332.0292618442,0.0,20632.727348845787,109561.13728151446,0.0,0.0,49654.286427925545,303836.1042583847,48920.20429700811,14616.753755588084,0.0,0.0,0.0,0.0,28527634.887510806,0.0,26757214.899466828,0.0,10456394.040433995,955413.6172041462,0.0,0.0,0.0,0.0,340672.5720748349,5095431.596371547,0.0,114226.93434973093,0.0,0.0,0.0,34874.2628022667,2926283.2561243563,64546690.42586766,36164.11851702738,182004.1083886993,146528.1193849509,64225.44579726181,9532955.601117339,86879.52270536516,22531921.58972319,0.0,0.0,26308616.907121003,1733948.2880589275,221415.20383578938,2295501.647805702,73199.86703812546,0.0,195794032.26727217,0.0,0.0,0.0,7397354.273227306,0.0,83440.79696073355,0.0,0.0,0.0,0.0,4101544.7704237807,0.0,0.0,0.0,0.0,0.0,12786.824513191998,0.0,0.0,252756.1721636565,0.0,3606.1495583160463,15726601.08155981,125586922.35948832,0.0,285.45806113822147,84983.0535878286,89965.90797287197,51274.76713034269,250566.38850848336,22940989.715341307,14693.762339714209,451845.74801156466,11851748.988959864,18146.111630645293,24996980.67166321,0.0,0.0,102814.34056317908,1006889.736088784,1165829.4012566872,0.0,617678.9360039945,0.0,69435.91544212743,0.0,0.0,2335766.456646557,0.0,5872.750766150636,0.0,318288.80227300606,46527559.36881778,27831.48656003295,0.0,1022.809741230973,937014.4510552436,0.0,0.0,267833.8838246126,0.0,0.0,0.0,0.0,0.0,8632.508444950934,1025.6226690555304,0.0,32209504.15678523,0.0,10008168.75579468,0.0,9292.220377090716,55402.854346646775,0.0,344923.03900134907,0.0,0.0,78396350.93978159,650545.1508876195,925347.8792679891,0.0,278879.2542546255,64754.28708320156,15009740.315189378,30705.668189650045,5770.365533053874,2604885.5451637637,95178.78298950606,0.0,0.0,985026.0542382271,0.0,0.0,14312302.632877422,0.0,0.0,6286.149294901964,405238.18967195443,454167.4435809853,2703551.461290084,0.0,12270436.107883004,0.0,238848.87730070835,179625647.8422906,0.0,0.0,0.0,0.0,0.0,0.0,0.0,2983740.398942983,0.0,152250.8738528781,0.0,0.0,0.0,19334.570741217893,255837.62804226097,256007.47819180082,0.0,105145.61782630997,357476.99366269883,0.0,0.0,0.0,296436.34651037405,0.0,0.0,0.0,0.0,0.0,73382.10923696416,496820.6542904883,0.0,0.0,2026726.7930223714,0.0,0.0,3027001.173583287,0.0,102054.12720622335,137307785.50335732,0.0,0.0,135410.10094588998,0.0,0.0,114842965.68647404,0.0,0.0,0.0,914477.657946862,2840267.8542932733,25466.45269916227,0.0
MDV,0.0,0.0,0.0,0.0,0.0,0.0,0.0,0.0,0.0,0.0,0.0,0.0,0.0,0.0,0.0,0.0,355.4767880303087,0.0,0.0,0.0,6380.047742409237,689.3286040309908,0.0,0.0,0.0,0.0,0.0,0.0,0.0,0.0,3800.513455513087,0.0,0.0,0.0,0.0,6.963550483014349,0.0,690.143341642947,0.0,0.0,0.0,0.0,0.0,0.0,0.0,0.0,0.0,0.0,0.0,0.0,0.0,0.0,0.0,0.0,0.0,0.0,0.0,0.0,0.0,6382.795613996404,0.0,0.0,0.0,0.0,0.0,0.0,0.0,0.0,0.0,0.0,0.0,0.0,0.0,0.0,0.0,0.0,0.0,0.0,0.0,0.0,0.0,0.0,0.0,0.0,4209.609852571568,0.0,0.0,0.0,0.0,0.0,0.0,0.0,0.0,0.0,110543.77823474284,0.0,0.0,0.0,0.0,0.0,0.0,11320.635114299306,0.0,1118.5894635260756,0.0,0.0,0.0,0.0,0.0,0.0,716458.3303786004,1276.5591227992809,0.0,0.0,0.0,0.0,0.0,0.0,39425.14601699529,0.0,0.0,0.0,0.0,0.0,0.0,0.0,0.0,0.0,0.0,0.0,0.0,0.0,0.0,0.0,0.0,0.0,0.0,0.0,0.0,0.0,0.0,0.0,0.0,0.0,0.0,0.0,0.0,0.0,0.0,855.3998533155428,0.0,47713.72346782621,0.0,3562.805794106113,0.0,0.0,0.0,0.0,53231.21121559681,0.0,0.0,0.0,0.0,0.0,0.0,0.0,0.0,0.0,0.0,4598.1563015293,0.0,0.0,0.0,0.0,0.0,0.0,1031.4889034535038,0.0,0.0,0.0,0.0,0.0,0.0,0.0,0.0,0.0,0.0,0.0,0.0,0.0,0.0,0.0,28892.340439143038,0.0,0.0,0.0,0.0,0.0,0.0,109785.58605384415,0.0,0.0,0.0,0.0,0.0,0.0,0.0,0.0,0.0,0.0,0.0,0.0,0.0,0.0,0.0,0.0,0.0,0.0,0.0,0.0,0.0,0.0,0.0,0.0,0.0,0.0,1973.9146267565072,0.0,1142.8731808562954
MEX,844187.6009088878,2142.387056162764,28194065.440169096,9549.898659729,1735714.5803152132,0.0,10947504.519761698,365807.70224944636,0.0,0.0,0.0,344332.5540849628,75449011.92713873,2809574.275821561,4684896.761537235,0.0,284636067.8151507,0.0,7155621.815640185,1387406.2295281133,316337.4411862115,570482.8132167605,1180125.8971309552,336735.3967466939,1405839.7420452936,23929631.52506599,1581051.1083967974,4660750.108414158,33088318.959007543,593014.005731485,1903.968158815897,0.0,0.0,5413.579461329814,0.0,500325319.18653804,0.0,33618155.01224342,64962971.18141198,207416218.3075561,4805596.450890597,112022.849197685,2968.5605587065847,362239.68114378216,8553.27094249948,97007507.68757713,0.0,33458.02396210388,47090285.4550788,66731692.67222341,0.0,87671.8452612152,594811.4483893053,387355.85913309496,250680250.61326423,9968.935803653105,45853.36568525797,14032998.137164176,27544653.353010315,591227071.6091135,23403220.42573027,3445080.7063803785,0.0,0.0,147339519.88849318,578497.5425033009,152780.79747924244,23310825.84100036,43875.96729261914,0.0,104287506.2935579,241.58789971511155,2485.5706463361594,15551.639413828205,134130099.87665227,792534.7134405761,2268108.498764168,3899.763622217195,31987.247811574438,0.0,16809.158018396425,5883065.316721291,32652.860188945528,473.81670775032296,175551415.30880922,0.0,4125.946442133261,2834042.076888757,0.0,37831080.56944567,22834893.49286582,18386962.129442986,210494.40665559436,14854968.41565538,22521568.03430657,0.0,4321755.342333939,73189.11752086745,415323.531864175,339907.42532679177,9315779.422668086,253828994.72419515,13561708.355450656,2675820.7143978504,156790389.22558522,354932.5485938897,38468.68502336305,42869.307074963086,39979.985825658776,0.0,22686192.553483173,2078934.6546771647,0.0,8203148.76204896,3137.207096753515,33448490.747578196,155230.775380272,0.0,349291.59395089984,0.0,5224541.1528792735,131429.10729441734,2174244.6520885904,49000365.4495698,104800.43604250747,80810.98023758219,42322.78720885172,0.0,0.0,0.0,1602735.7548499794,4500827.651501585,0.0,196707.670047862,1188170.7287583905,0.0,138298.16053293293,6992396.626776259,0.0,115676.21510923108,0.0,11784134.892909745,1618789.2793742332,51593.478356547304,514333.4009804695,63571.66977381961,15199222.793638676,25084091.510904994,0.0,182785127.75055572,21983221.203100927,10989.44500756948,0.0,14212853.903980272,798299.7921937122,1771995.613181566,24476071.609282654,0.0,38038384.58287941,2972002.2282932037,0.0,0.0,5815260.557637122,0.0,0.0,4634790.343812123,1385524.2600934766,0.0,27389.05941143386,757617.6792485741,2932676.9026407576,29130563.98369952,739.9113297589777,1920251.1199419978,0.0,1536224.120723554,9668767.41957203,0.0,0.0,0.0,283.5180977006686,378198.68111983314,65350931.68057969,0.0,0.0,0.0,218301.89446169618,0.0,0.0,2297830.277001015,1924445.1691677666,134050.02467866012,36368761.59200278,0.0,19404.34873472121,1378701.108417606,27001.84736674271,4286.260115986975,1571516.8370446302,11136448.914942356,0.0,0.0,0.0,0.0,14433.098652797784,12391075.50542553,38168725.29168307,0.0,0.0,21459144.264328334,2300161.6489392235,46330.99095366959,4054474.64927938,0.0,9931707.621333646,11404935683.128283,48602.686086310896,17186.007355847076,386350901.32211745,50912.91848783064,0.0,31456387.35247038,3075.749185172756,0.0,0.0,33030.87280235239,115122110.00534302,56248.01031494959,28457955.371640094
MHL,0.0,0.0,0.0,0.0,0.0,0.0,0.0,0.0,0.0,0.0,0.0,0.0,473659.5488193746,0.0,0.0,0.0,1456.2933725335326,82453.36062164264,0.0,0.0,0.0,0.0,0.0,0.0,0.0,0.0,0.0,0.0,0.0,0.0,0.0,0.0,0.0,0.0,0.0,0.0,0.0,166.1080332061996,0.0,0.0,0.0,0.0,0.0,0.0,0.0,0.0,0.0,0.0,0.0,0.0,0.0,0.0,0.0,0.0,0.0,0.0,0.0,1335.248397847121,0.0,0.0,0.0,0.0,0.0,0.0,0.0,0.0,0.0,0.0,0.0,0.0,231.94531620169315,0.0,0.0,0.0,6735.222472745054,0.0,170783.22084716908,0.0,0.0,0.0,0.0,39627.28694804886,0.0,0.0,0.0,0.0,0.0,0.0,0.0,0.0,0.0,0.0,0.0,0.0,0.0,0.0,0.0,0.0,0.0,0.0,0.0,0.0,0.0,0.0,0.0,0.0,0.0,0.0,0.0,4663.539912755614,31983.343683975443,0.0,0.0,0.0,0.0,0.0,0.0,0.0,0.0,0.0,0.0,0.0,395.0236979729616,0.0,0.0,0.0,0.0,0.0,0.0,0.0,0.0,0.0,0.0,0.0,0.0,0.0,0.0,0.0,0.0,0.0,0.0,661855.5138356545,0.0,0.0,0.0,0.0,0.0,0.0,0.0,2029.1921792481485,0.0,0.0,0.0,96091.64512407234,0.0,0.0,0.0,0.0,0.0,248348.0790158863,0.0,0.0,0.0,0.0,0.0,5840.929592716383,0.0,0.0,0.0,0.0,0.0,0.0,325.30078007100093,0.0,0.0,0.0,221269.0727897967,0.0,0.0,0.0,0.0,0.0,0.0,0.0,0.0,0.0,0.0,0.0,0.0,0.0,0.0,0.0,0.0,0.0,0.0,0.0,0.0,0.0,0.0,0.0,0.0,0.0,0.0,0.0,0.0,0.0,0.0,0.0,0.0,262889.6408587836,0.0,0.0,0.0,0.0,0.0,7595900.895396186,0.0,0.0,0.0,0.0,0.0,0.0,0.0,0.0,0.0,0.0,0.0,0.0,0.0
MKD,0.0,0.0,0.0,0.0,0.0,0.0,0.0,0.0,0.0,0.0,0.0,0.0,0.0,0.0,0.0,0.0,0.0,0.0,0.0,0.0,0.0,0.0,0.0,0.0,0.0,0.0,0.0,0.0,0.0,0.0,0.0,0.0,0.0,0.0,0.0,0.0,0.0,0.0,0.0,0.0,0.0,0.0,0.0,0.0,0.0,0.0,0.0,0.0,0.0,0.0,0.0,0.0,0.0,0.0,0.0,0.0,0.0,0.0,0.0,0.0,0.0,0.0,0.0,0.0,0.0,0.0,0.0,0.0,0.0,0.0,0.0,0.0,0.0,0.0,0.0,0.0,0.0,0.0,0.0,0.0,0.0,0.0,0.0,0.0,0.0,0.0,0.0,0.0,0.0,0.0,0.0,0.0,0.0,0.0,0.0,0.0,0.0,0.0,0.0,0.0,0.0,0.0,0.0,0.0,0.0,0.0,0.0,0.0,0.0,0.0,0.0,0.0,0.0,0.0,0.0,0.0,0.0,0.0,0.0,0.0,0.0,0.0,0.0,0.0,0.0,0.0,0.0,0.0,0.0,0.0,0.0,0.0,0.0,0.0,0.0,0.0,0.0,0.0,0.0,0.0,0.0,0.0,0.0,0.0,0.0,0.0,0.0,0.0,0.0,0.0,0.0,0.0,0.0,0.0,0.0,0.0,0.0,0.0,0.0,0.0,0.0,0.0,0.0,0.0,0.0,0.0,0.0,0.0,0.0,0.0,0.0,0.0,0.0,0.0,0.0,0.0,0.0,0.0,0.0,0.0,0.0,0.0,0.0,0.0,0.0,0.0,0.0,0.0,0.0,0.0,0.0,0.0,0.0,0.0,0.0,0.0,0.0,0.0,0.0,0.0,0.0,0.0,0.0,0.0,0.0,0.0,0.0,0.0,0.0,0.0,0.0,0.0,0.0,0.0,0.0,0.0,0.0,0.0,0.0,0.0,0.0,0.0,0.0,0.0,0.0,0.0,0.0,0.0,0.0
MLI,54.8429496860815,0.0,67699.62126279417,0.0,0.0,0.0,21451.00273170228,2331.5022297203564,0.0,0.0,0.0,0.0,306046.726483264,306194.41266088356,0.0,0.0,1559299.6499343913,20051.263163868938,25051504.43827692,3968998.5257066544,0.0,4506038.506025429,0.0,84973.29638187563,1740701.904487104,0.0,0.0,0.0,3633214.991725853,0.0,0.0,0.0,0.0,0.0,0.0,28332.628319745927,0.0,2760828.5268451464,0.0,629779757.7539122,19894709.628422096,0.0,0.0,0.0,0.0,0.0,0.0,5463.187683617735,0.0,0.0,0.0,0.0,0.0,124407.80509718896,8386288.676862778,0.0,0.0,1298669.645332545,0.0,1417841.6673683682,0.0,29669.050438595445,0.0,0.0,914347.7979454949,0.0,60564.82365642588,0.0,2696.0978347937034,0.0,15266988.524366617,0.0,0.0,2072.8537438667463,33862.06088529336,0.0,9167146.819386804,0.0,9832631.591869809,26591.812050069224,31.40687490707192,343320.53588664153,0.0,0.0,0.0,0.0,0.0,0.0,0.0,0.0,201.1456637046689,0.0,0.0,129336561.01040109,115161766.02940089,0.0,0.0,0.0,0.0,23738.46716491847,206494.28614099039,8488583.097751485,0.0,0.0,4198310.268122387,0.0,84203.88027670699,0.0,442.4075500177809,0.0,3141.189214378783,844.9716353436773,0.0,3699.4588347199297,178.21151811822418,0.0,0.0,0.0,0.0,0.0,0.0,94.22062472121576,0.0,16043430.554483332,0.0,0.0,0.0,5801.008805517424,0.0,0.0,0.0,0.0,0.0,0.0,74.72962516596694,0.0,7669.343868592985,586735.7606292726,0.0,4623264.274618598,15724.478117523087,72610126.26838918,0.0,0.0,3806869.985636442,0.0,5288.327100652769,0.0,0.0,1624091.0702178392,10748.667366053734,0.0,0.0,0.0,0.0,36393655.4287329,0.0,0.0,0.0,0.0,0.0,0.0,35351.40276789732,0.0,0.0,4478944.38802882,0.0,0.0,0.0,1343.2352016293423,0.0,7729.2855739252445,5416.246930995398,0.0,0.0,78716078.58537434,454328.7663219606,0.0,0.0,0.0,0.0,658897.2955164436,0.0,0.0,0.0,0.0,150547.59456485402,0.0,0.0,1849.7294173599648,0.0,242085.91190647485,222.3557769688158,0.0,8215.164371542194,1074687.457728886,0.0,0.0,13003681.654450756,97364572.94349167,0.0,0.0,0.0,0.0,18609.6399192751,0.0,2764617.443258011,0.0,0.0,13329813.016021814,0.0,0.0,47250.62630360635,0.0,0.0,71066.25739866077,0.0,0.0,0.0,0.0,0.0,16960981.438570183,0.0,0.0,0.0,0.0,771116.2615111312,17153.976128207007,31.40687490707192
MLT,0.0,0.0,5367.328644739617,0.0,69.41024488608751,0.0,0.0,0.0,0.0,0.0,0.0,68432.85843161169,57687.42321909122,1419926.3833075145,125.9847674296106,0.0,368138.05140895833,2723.1005373513235,34538.458758011184,4320.196786414368,210575.8841081429,65802.06073643459,0.0,19.239079971355622,38.11729346147677,0.0,0.0,0.0,0.0,0.0,0.0,0.0,0.0,0.0,72.75283544628581,10215.080119463832,0.0,9424.53463571022,0.0,17164.828598795408,114.35959344467885,778.9988902153405,513.1387688462471,2902.475157980272,0.0,36912.00838091705,0.0,0.0,0.0,0.0,0.0,0.0,389560.6232080732,127737.5766751687,10284542.911962919,167270.22762751518,0.0,1638841.8830970274,3516.974579839934,234383.1920480443,0.0,10161.721962879683,0.0,0.0,1422352.2413163476,98603.82025891579,87350.50328180689,912.9889201780071,0.0,0.0,898099.3844866524,0.0,0.0,2574.207776705817,4327058.343508158,12.502030268324182,937836.712048318,0.0,8333.877928417523,0.0,0.0,452535.4672274498,0.0,0.0,184.8445262366836,0.0,0.0,0.0,0.0,0.0,0.0,0.0,756.6115201273267,45324.14817675042,192912.1917278037,0.0,332714.2244436112,3084669.2762275543,129.16773344291425,0.0,1567658.3662276913,17165013.70880195,0.0,71141.1437096441,1362.3867736761372,0.0,3706.0752407330347,0.0,0.0,0.0,7785.471254635953,2406.432842529857,0.0,11483.387618496163,2208.963250860857,9712750.19297582,0.0,0.0,10535.418324160957,0.0,15068.076965013066,0.0,8075.435239157374,10684.514746775902,0.0,0.0,158308.1556908346,0.0,0.0,0.0,4859.733523668733,0.0,0.0,0.0,1845.7666424555473,0.0,0.0,75126.51060892559,0.0,846.4686218979344,0.0,18707.241518049803,0.0,0.0,722.0483612218236,0.0,0.0,0.0,0.0,3422487.715554727,595356.9642824462,0.0,0.0,34067.23859815316,55226.17730946535,1622.5798321366017,0.0,0.0,672.1695399188125,0.0,0.0,0.0,976786.0576884864,0.0,0.0,27684.8079114276,0.0,0.0,0.0,5987.6267338433845,93682.66061547174,18590.536026758175,0.0,64178.47085541153,0.0,10333.49755232103,299946.6136077345,0.0,0.0,0.0,0.0,40966.74954308069,0.0,0.0,0.0,0.0,0.0,0.0,1108.2104446776204,0.0,660.7220640881345,0.0,346082.19665729575,0.0,0.0,0.0,0.0,0.0,37013.97304319671,437.31306689349265,0.0,0.0,0.0,0.0,0.0,0.0,1268232.9807438883,0.0,0.0,0.0,12919.152484574988,915.773039885226,2013.6857317916463,0.0,0.0,229442.7865781068,0.0,134.52337481575154,0.0,0.0,0.0,11625.98418772287,0.0,0.0,0.0,35599.03247017023,0.0,0.0,29573.4641600426
MMR,0.0,0.0,0.0,0.0,294465.8222004196,0.0,0.0,46067.05908441663,0.0,0.0,0.0,0.0,3846049.8212461025,19594.414882783556,15228.30702767616,0.0,74378646.02376999,0.0,124106385.28525275,12991575.623835748,5047437.906205582,1471701.295037764,0.0,108968.33517990162,78230.78189923347,0.0,0.0,0.0,11828.357788497262,0.0,92878.47831954352,0.0,0.0,0.0,0.0,2876509.340197253,0.0,342375.25142858224,191948.9586249618,692779256.0446826,188559401.90005195,38989263.29033318,2008267.2673232348,0.0,0.0,0.0,0.0,27921.16011558428,0.0,0.0,0.0,0.0,44042.75864673572,4514071.481647321,19057219.60690324,0.0,0.0,475357.109674609,0.0,89504.93059124617,0.0,20939.863294129267,0.0,0.0,10234747.323284153,110746.25103367139,0.0,1104.8778758801268,233839.29687410773,0.0,27257317.14499657,0.0,0.0,0.0,26914977.58142111,14768.97138343483,2218480.5951996157,0.0,6149799.684062263,0.0,0.0,1247937.320742236,0.0,0.0,0.0,0.0,0.0,0.0,0.0,0.0,1261701.5152033041,0.0,264013.00283473555,139254856.1466948,1151167356.577583,0.0,31622.03375587386,30133.63803000837,0.0,0.0,44709.78810302926,7240243.718384288,0.0,567934.9002230831,130449019.29339188,6210.964621327946,753219.2154546821,0.0,265059.5175716763,2480.7661094445725,24972382.169629753,426018.78977021476,0.0,421806.55075433344,0.0,0.0,0.0,0.0,32835744.608962223,0.0,1900851.514037064,0.0,358644.54460712033,19853.251016425915,0.0,17561977.1782646,12219.835964908565,28549.660682725083,0.0,0.0,258958.8636054896,14274.830341362542,0.0,26658.957196293348,0.0,0.0,0.0,238.76467983248006,0.0,489058.04169365694,0.0,132297529.06158513,0.0,840.1199061527282,3304346.1969962227,0.0,0.0,0.0,0.0,18410799.6523754,20950.30871374017,3765568.024865197,0.0,810544.6863642172,508170.11392536043,85121021.72254579,0.0,0.0,0.0,43814216.25184068,0.0,0.0,1482867.8273693144,0.0,0.0,3034625.6476029037,0.0,0.0,0.0,4034415.047553252,703708.130664447,55782612.964967586,0.0,6275892.530473862,0.0,5040522.615229409,47667757.901385024,0.0,0.0,0.0,93.9925956856581,0.0,0.0,0.0,0.0,0.0,253791.12683664588,0.0,0.0,0.0,293446.78802871465,1659253.8865291744,44952.86449700329,0.0,0.0,113335.30538121719,0.0,0.0,2121656.8961967234,157957820.47573772,0.0,0.0,0.0,0.0,0.0,14695.375513183435,5393.873245654561,0.0,0.0,84398920.81262064,0.0,915036.1833943267,528336.0225088808,0.0,162319.94530032715,4189842.7745866096,0.0,0.0,0.0,0.0,0.0,0.0,0.0,0.0,0.0,558823.1261943841,397893.6163243554,93866.77421121566,457838.1128864798
MNE,0.0,0.0,0.0,0.0,7153965.757730515,0.0,0.0,0.0,0.0,0.0,0.0,0.0,15777.37416965988,146661.8090786814,0.0,0.0,27513.653712632735,0.0,0.0,0.0,24399.24153057102,138.74156120624556,0.0,3829199.3358952007,1514.4712250882299,0.0,0.0,0.0,0.0,0.0,0.0,0.0,0.0,0.0,0.0,124042.20212624485,0.0,51451.38377279026,0.0,185198.2386539838,0.0,0.0,0.0,0.0,0.0,0.0,0.0,0.0,0.0,0.0,0.0,0.0,11356.026426678607,15660.356658247176,305043.77911314287,0.0,0.0,1934.0264932043647,0.0,0.0,0.0,0.0,0.0,0.0,33692.345295417435,0.0,0.0,0.0,0.0,0.0,100463.94364195847,0.0,0.0,0.0,15814.668096199606,0.0,0.0,0.0,0.0,0.0,0.0,26700.82907692192,0.0,0.0,0.0,0.0,0.0,0.0,0.0,0.0,884947.7066827954,0.0,40412.10627046176,0.0,0.0,0.0,0.0,0.0,0.0,1180.062657549768,0.0,378727.8853217305,0.0,0.0,516.8934809802324,0.0,0.0,0.0,0.0,0.0,0.0,0.0,0.0,363.86528040974207,89.79197364367356,0.0,0.0,0.0,0.0,0.0,0.0,5276.751288870536,621.8693217300065,0.0,0.0,0.0,0.0,0.0,0.0,0.0,0.0,0.0,0.0,0.0,0.0,0.0,0.0,0.0,0.0,0.0,0.0,1111.1247616365533,0.0,0.0,0.0,0.0,0.0,0.0,0.0,13764.74139076692,16805.229568332717,0.0,0.0,0.0,0.0,2993138.7103352486,433.87966807083126,0.0,0.0,0.0,0.0,0.0,41971.61357818017,0.0,0.0,0.0,0.0,0.0,0.0,0.0,2293.8016210935816,1180275.971141538,0.0,0.0,0.0,183173.79576517316,8978.674697837905,0.0,0.0,0.0,0.0,0.0,0.0,0.0,0.0,0.0,11058023.710393876,0.0,0.0,0.0,13222.115563111809,174039.99435840003,77229.24867305903,0.0,0.0,0.0,0.0,0.0,0.0,0.0,0.0,0.0,0.0,0.0,0.0,0.0,0.0,0.0,0.0,0.0,0.0,0.0,12300.191571207335,0.0,0.0,113538.71556057438,0.0,0.0,0.0,0.0,0.0,0.0,0.0,0.0,0.0,0.0,0.0,0.0,0.0
MNG,0.0,0.0,0.0,0.0,0.0,0.0,0.0,0.0,0.0,0.0,0.0,0.0,47096.94646399611,0.0,0.0,0.0,969.3225979084457,0.0,0.0,0.0,1154.04039350723,1931.2909695615442,0.0,0.0,0.0,0.0,0.0,0.0,0.0,0.0,0.0,0.0,0.0,0.0,0.0,23303.354904680757,0.0,1485.6415006810566,0.0,40874268.88224676,0.0,0.0,0.0,0.0,0.0,0.0,0.0,0.0,0.0,0.0,0.0,0.0,0.0,0.0,1354.1434405078412,0.0,0.0,0.0,0.0,0.0,0.0,0.0,0.0,0.0,0.0,0.0,5288.270645403516,0.0,0.0,0.0,0.0,0.0,0.0,0.0,36915.53724590577,531111.6311604624,0.0,0.0,0.0,0.0,0.0,0.0,0.0,0.0,0.0,0.0,0.0,0.0,0.0,0.0,0.0,0.0,933.1819953119369,0.0,0.0,0.0,0.0,0.0,0.0,0.0,0.0,3030.085604065631,0.0,0.0,400683.72588315175,16840.46499208442,0.0,5623.1842062853,0.0,0.0,212451.05624916602,0.0,0.0,0.0,0.0,0.0,0.0,0.0,18792.839320771993,0.0,0.0,0.0,0.0,0.0,0.0,0.0,0.0,0.0,0.0,0.0,0.0,0.0,0.0,0.0,0.0,0.0,0.0,0.0,0.0,0.0,0.0,1070.395329362099,0.0,1940.2643783324706,0.0,0.0,0.0,0.0,0.0,30150.147155108003,99783.38638212766,0.0,0.0,89590.6954636946,0.0,0.0,0.0,0.0,0.0,0.0,0.0,0.0,0.0,0.0,0.0,0.0,0.0,0.0,0.0,0.0,0.0,2235986.2904299865,0.0,0.0,0.0,0.0,8686.000061260273,0.0,0.0,0.0,0.0,0.0,0.0,0.0,0.0,0.0,0.0,0.0,0.0,0.0,0.0,0.0,0.0,0.0,0.0,0.0,0.0,0.0,66334.1810415104,2419.019753819241,0.0,0.0,0.0,0.0,0.0,0.0,0.0,0.0,0.0,0.0,0.0,0.0,0.0,0.0,0.0,4177399.7742406353,0.0,0.0,0.0,0.0,0.0,0.0,0.0,0.0,0.0,0.0,1657.5024506014097,0.0,0.0
MNP,0.0,0.0,0.0,0.0,0.0,0.0,0.0,0.0,0.0,0.0,0.0,0.0,0.0,0.0,0.0,0.0,0.0,0.0,0.0,0.0,0.0,0.0,0.0,0.0,0.0,0.0,0.0,0.0,0.0,0.0,0.0,0.0,0.0,0.0,0.0,0.0,0.0,0.0,0.0,0.0,0.0,0.0,0.0,0.0,0.0,0.0,0.0,0.0,0.0,0.0,0.0,0.0,0.0,0.0,0.0,0.0,0.0,0.0,0.0,0.0,0.0,0.0,0.0,0.0,0.0,0.0,0.0,0.0,0.0,0.0,0.0,0.0,0.0,0.0,0.0,0.0,0.0,0.0,0.0,0.0,0.0,0.0,0.0,0.0,0.0,0.0,0.0,0.0,0.0,0.0,0.0,0.0,0.0,0.0,0.0,0.0,0.0,0.0,0.0,0.0,0.0,0.0,0.0,0.0,0.0,0.0,0.0,0.0,0.0,0.0,0.0,0.0,0.0,0.0,0.0,0.0,0.0,0.0,0.0,0.0,0.0,0.0,0.0,0.0,0.0,0.0,0.0,0.0,0.0,0.0,0.0,0.0,0.0,0.0,0.0,0.0,0.0,0.0,0.0,0.0,0.0,0.0,0.0,0.0,0.0,0.0,0.0,0.0,0.0,0.0,0.0,0.0,0.0,0.0,0.0,0.0,0.0,0.0,0.0,0.0,0.0,0.0,0.0,0.0,0.0,0.0,0.0,0.0,0.0,0.0,0.0,0.0,0.0,0.0,0.0,0.0,0.0,0.0,0.0,0.0,0.0,0.0,0.0,0.0,0.0,0.0,0.0,0.0,0.0,0.0,0.0,0.0,0.0,0.0,0.0,0.0,0.0,0.0,0.0,0.0,0.0,0.0,0.0,0.0,0.0,0.0,0.0,0.0,0.0,0.0,0.0,0.0,0.0,0.0,0.0,0.0,0.0,0.0,0.0,0.0,0.0,0.0,0.0,0.0,0.0,0.0,0.0,0.0,0.0
MOZ,0.0,7257.855277856172,0.0,0.0,0.0,0.0,1428618.17250336,0.0,0.0,0.0,0.0,0.0,161767.70818104548,256486.90174467643,21317.729600521623,110205.6970502544,15663613.661302593,252784.60685146792,0.0,17867614.786155075,26882.49633678279,11955359.140286002,0.0,466.1608268024078,112239.55967899424,0.0,0.0,0.0,507264.9897994813,0.0,58.3605700004085,0.0,0.0,0.0,0.0,1053921.9659497335,0.0,41270552.122272186,10003.897812053041,245191806.26088476,0.0,0.0,124500.61332065033,65823.21468993125,0.0,33582.36238084849,0.0,0.0,101634.93728812493,0.0,0.0,0.0,13450.493544153393,248815.51745503102,10385520.884409178,0.0,0.0,259293.9431993044,0.0,0.0,11868.384661970927,59464.76606067085,0.0,0.0,52896405.590251945,0.0,0.0,16080477.947835969,11096.112257503906,0.0,22426294.16208028,0.0,0.0,0.0,33936428.975831814,0.0,249682.2217294172,0.0,0.0,0.0,0.0,2030846.3468283266,0.0,0.0,129043.29329184376,0.0,0.0,0.0,0.0,24077.81645203519,869873.4308911655,0.0,4118105.7517399616,212299210.4023672,61383958.19788138,0.0,90898.24694531309,989312.311062956,0.0,0.0,0.0,61006348.190987974,0.0,37755.194599567076,31559748.64509923,439729.9952163805,7381723.120815046,0.0,1142.7212222554078,0.0,1940153.7117449185,2038829.2645829944,0.0,508312.7545327178,0.0,0.0,0.0,0.0,340470.4612910764,0.0,1823544.8657427372,0.0,0.0,422756.0979618232,0.0,6364048.302368071,0.0,1237121.5904292439,0.0,0.0,13462.050279853009,0.0,0.0,97.46229474331918,0.0,0.0,0.0,11075.694476586035,0.0,62376265.002756834,101056805.30465771,15845364.344816407,242428.54953851132,8153.891037366808,0.0,0.0,5387.431416217466,0.0,0.0,18731701.12984191,1799.570882306563,726834.6195849277,0.0,141481.0393129346,40701.5711037904,11358425.65383199,0.0,0.0,0.0,2722390.1694344487,0.0,58.3605700004085,29159251.51508765,0.0,0.0,79077402.71198241,0.0,0.0,0.0,75457.35246697311,25780160.171706907,16052044.284667548,0.0,4773378.239803964,0.0,56970.92758758206,1406241.2295618304,0.0,0.0,0.0,0.0,0.0,0.0,0.0,0.0,0.0,149414.96559239464,0.0,0.0,0.0,0.0,0.0,2038944.183105109,0.0,0.0,0.0,0.0,0.0,0.0,52527636.26360231,0.0,0.0,0.0,0.0,0.0,3016.2423568400545,0.0,0.0,0.0,6937969.531169589,12124538.316561833,119136.90370829261,3070891.057422306,0.0,0.0,16855393.989767987,0.0,0.0,0.0,0.0,0.0,0.0,0.0,0.0,0.0,273.2002015219549,137730875.69523457,7708797.756956019,164354063.22287172
MRT,0.0,0.0,4610.680509331111,0.0,0.0,0.0,0.0,211.28901277493767,0.0,0.0,0.0,0.0,168.7057436777981,0.0,0.0,0.0,0.0,0.0,0.0,0.0,0.0,562.6874502458411,0.0,0.0,0.0,0.0,0.0,0.0,0.0,0.0,0.0,0.0,0.0,0.0,0.0,4256.689619623185,0.0,229.11601789904014,0.0,0.0,368.7844855849581,25544.809143496484,0.0,0.0,0.0,0.0,0.0,0.0,0.0,0.0,0.0,0.0,2176.541391037235,0.0,0.0,0.0,0.0,0.0,0.0,0.0,0.0,0.0,0.0,0.0,73025.0113234897,0.0,0.0,0.0,0.0,0.0,9724.904731033432,0.0,0.0,0.0,19305.89399007122,0.0,4371.24286695784,0.0,5073.662238783466,0.0,0.0,0.0,0.0,0.0,0.0,0.0,0.0,0.0,0.0,0.0,0.0,0.0,0.0,0.0,0.0,0.0,0.0,0.0,0.0,211.62288682909426,136314.87238360423,741.9180809980575,0.0,0.0,0.0,0.0,0.0,0.0,0.0,0.0,55986.94588343537,0.0,0.0,1966.1573343790292,0.0,0.0,0.0,0.0,92479.2015443142,0.0,0.0,0.0,0.0,89896.51674594334,526.6221603899189,0.0,0.0,0.0,0.0,0.0,1202917.048067013,0.0,0.0,106.90997498213571,0.0,0.0,212637.99858647506,0.0,0.0,0.0,0.0,0.0,0.0,0.0,29981.78947481685,0.0,0.0,0.0,0.0,14.681912694849169,0.0,0.0,0.0,3008.1742080589734,0.0,0.0,0.0,0.0,0.0,0.0,0.0,0.0,11968.11925077781,0.0,0.0,12538.667190803377,0.0,0.0,0.0,3111.3189331619806,0.0,111.39574800429712,0.0,2193.14305195162,0.0,641683.4833960918,0.0,0.0,0.0,0.0,0.0,0.0,0.0,0.0,0.0,0.0,0.0,0.0,0.0,0.0,0.0,0.0,0.0,0.0,0.0,0.0,0.0,0.0,7526.288340395886,0.0,0.0,0.0,0.0,0.0,0.0,0.0,0.0,0.0,0.0,0.0,0.0,0.0,235.48866537977744,0.0,0.0,0.0,0.0,0.0,5279.915714095392,0.0,0.0,0.0,0.0,0.0,0.0,0.0,0.0,0.0,0.0
MSR,0.0,0.0,0.0,0.0,0.0,0.0,0.0,0.0,0.0,0.0,0.0,927.712602867624,0.0,0.0,0.0,0.0,0.0,0.0,0.0,0.0,0.0,102.5923261039388,0.0,0.0,0.0,0.0,0.0,0.0,0.0,0.0,0.0,0.0,0.0,0.0,0.0,4685.930547311397,0.0,64548.87418770702,0.0,0.0,0.0,0.0,0.0,0.0,0.0,0.0,0.0,0.0,0.0,0.0,0.0,0.0,0.0,0.0,0.0,0.0,0.0,0.0,0.0,0.0,0.0,0.0,0.0,0.0,0.0,0.0,0.0,0.0,0.0,0.0,0.0,0.0,0.0,0.0,5787.172643717139,0.0,0.0,0.0,0.0,0.0,0.0,0.0,0.0,0.0,0.0,0.0,0.0,0.0,0.0,0.0,0.0,0.0,0.0,0.0,0.0,0.0,1755.9352417954585,0.0,0.0,0.0,0.0,0.0,0.0,0.0,0.0,0.0,0.0,0.0,0.0,0.0,0.0,0.0,0.0,0.0,0.0,0.0,0.0,0.0,0.0,0.0,0.0,0.0,0.0,0.0,0.0,0.0,0.0,0.0,0.0,0.0,0.0,0.0,0.0,0.0,0.0,0.0,0.0,0.0,0.0,0.0,0.0,0.0,0.0,0.0,0.0,0.0,0.0,0.0,0.0,1318.9901051442812,0.0,0.0,0.0,0.0,0.0,0.0,0.0,0.0,0.0,0.0,0.0,0.0,0.0,0.0,0.0,0.0,0.0,0.0,0.0,0.0,0.0,0.0,0.0,0.0,0.0,0.0,0.0,0.0,0.0,0.0,0.0,0.0,1111.2350678441737,0.0,0.0,0.0,0.0,0.0,0.0,0.0,0.0,0.0,0.0,0.0,0.0,0.0,0.0,0.0,969.1455950951836,0.0,0.0,0.0,0.0,0.0,0.0,0.0,0.0,0.0,0.0,0.0,0.0,0.0,0.0,0.0,0.0,148.25211794508294,0.0,0.0,0.0,0.0,0.0,0.0,0.0,0.0,0.0,0.0,0.0,0.0,0.0
MUS,0.0,0.0,9905.38464656509,0.0,11872.027818393448,0.0,188.75757047131194,6875.230851132575,0.0,0.0,0.0,0.0,230663.0915422932,1915691.194214741,896.7829756121724,27890.64657159243,17234833.817234665,11727437.592298625,12910.03782249926,0.0,1368694.1302267844,67521.26295760184,0.0,190476.46499664217,22628.909863584704,0.0,0.0,0.0,0.0,0.0,21007.98364141529,0.0,0.0,3114895.827552475,0.0,459388.34377650626,0.0,2054624.4879721615,0.0,1084247.6217243543,30786.56412297971,1115.3717144911082,0.0,13.397690352299735,0.0,0.0,2583593.7965433206,0.0,0.0,0.0,0.0,0.0,8133.78718089133,575850.3014342003,9539842.253828734,0.0,0.0,504341.43329289637,0.0,0.0,0.0,308970.36969506036,0.0,0.0,61344218.635954075,76454.26697636052,1938.652023052308,2491.725072947366,0.0,0.0,53006290.270124584,0.0,0.0,0.0,135266296.09792483,0.0,796385.074418062,0.0,0.0,0.0,0.0,23812903.87050481,0.0,0.0,0.0,0.0,0.0,0.0,0.0,0.0,517661.2982551711,0.0,210094.35326724814,322259.6793466328,1137384.9644800269,0.0,1175033.762493311,0.0,577.4449851042887,2117.9946843547395,1702755.2072651451,160343935.85564524,0.0,14630.349434952608,27081.39342400808,134.96273614533337,11770669.626433589,0.0,0.0,13946.232129510638,398342.1013030944,127431.40963181238,0.0,84921.84889033886,0.0,0.0,0.0,0.0,396802.75790781423,0.0,249.1725072947366,0.0,120401.15109500292,72.26827862178979,5716.01405588199,29114531.16805808,55270.15992501964,991.7060810736784,0.0,0.0,0.0,6424258.3627967425,396257.5254629779,63493.592744415364,0.0,0.0,74849.14037170036,50755.29532553038,0.0,0.0,733216.7021307441,252546.06312368304,39728.74684912936,0.0,0.0,0.0,6471.287991565118,0.0,0.0,4406990.215506304,462235.17215724796,0.0,0.0,294673.09233333555,1132474.4054145636,179440.23028631174,0.0,0.0,0.0,452273.6754584436,0.0,0.0,3944216.6595845316,0.0,0.0,10820599.037010558,0.0,0.0,0.0,112074.4362032108,2349197.5607972234,4990081.859480941,724329.426564955,496609.6383054962,0.0,4071.5742527506573,1445926.4012542951,0.0,0.0,0.0,0.0,0.0,63.92315744966667,0.0,0.0,0.0,80545.06484426117,0.0,0.0,5413.754387627742,134630.99745924765,18628.753159466567,337051.91466374474,0.0,6674959.146151167,0.0,0.0,0.0,4020.1180627948393,30630.27457385507,0.0,0.0,0.0,0.0,5481.795160484206,0.0,9148.001473477094,0.0,4936.719337879872,330485.13875148643,5949376.012102707,2701831.4179024347,117637.05730730771,0.0,0.0,8972358.841613624,0.0,0.0,0.0,0.0,0.0,41516.507598641234,0.0,0.0,61636.97762886775,5950.032211665487,7520562.777593341,15885665.578212159,28410515.760992236
MWI,0.0,0.0,55473.990657756214,0.0,12755.918109428363,0.0,1558855.8554271136,1816123.8403719561,0.0,0.0,0.0,0.0,987959.3922679892,379402.8776602756,184270.6940436354,1097470.4077473038,61067292.2021638,0.0,0.0,4324821.459089251,2818645.508620125,96417.85333916295,0.0,427856.308146262,907385.3262850282,0.0,0.0,0.0,1837454.4024092348,0.0,138239.8682978441,18761.64203463274,0.0,9355256.304609947,355318.7552817681,9571569.006272333,0.0,12679549.389296234,135671.60956880555,82370851.8778639,330962.62270419643,1181667.2953553407,3433373.897071852,1280009.8675976915,0.0,370942.5934797493,0.0,0.0,217481.6839665681,10880.834038901427,0.0,3771.7141312737317,0.0,2095640.8505331273,57151039.39581737,145982.569860552,15330.694919637599,3308423.631216089,126292.68364715698,1453234.4817907182,96473.59942400212,30933956.595016684,180409.56612610433,0.0,20964691.862544455,0.0,51298.52840881683,1825733.684684164,123942.56970806717,0.0,14718531.070406083,0.0,0.0,8625.992870643007,96221728.13547489,267760.7055911096,2414604.2291760724,0.0,142172.1057312754,0.0,0.0,5611634.164160866,0.0,0.0,157473.78173924005,0.0,155060.49711647452,0.0,0.0,59193.896048192604,428806.56521960057,131444.4461308605,170650.5096062781,33320344.63987134,29911079.738758665,0.0,1817317.045079841,686937.6252162262,0.0,65681.18635977888,644851.4951551282,23403689.12569307,0.0,608788.9890777947,8535338.73248596,667782.9719026049,109516076.23442127,7194.289525318689,359231.67861783074,0.0,13700958.03443452,357586.4282876778,0.0,328453.4227372575,2206.835121734642,57184.030927600936,0.0,0.0,421817.7219747697,2294397.5913437223,3639253.734355948,576025.8885321878,48467.64395142734,2114080.1489507766,124133.6170022335,310189.1089594405,0.0,1983091.5635399935,0.0,0.0,9383.221482627223,0.0,0.0,2366.1926465875913,0.0,0.0,28376699.082645033,658380.5405854856,0.0,5873219.679991223,0.0,4566408.508129578,48408.446720022075,0.0,248756.7975914842,0.0,170549.9435795467,0.0,0.0,37929204.643448204,103177.45411587888,155900.36178436762,19596.63652659703,739432.9202634576,6168.785891094052,10661939.986520784,0.0,0.0,0.0,7859863.967692415,5443.4653906084195,19512.10771601805,15921240.022676447,0.0,0.0,24757998.25322738,536043.2016326077,0.0,0.0,233058.13374974646,4242914.253144499,39079127.9644289,1394313.8777604292,2070290.9293005886,0.0,431995.23050863785,4690696.483461272,0.0,153625.07772246085,0.0,8968.481486087327,3646.1290523103257,0.0,0.0,0.0,0.0,1046503.942728191,0.0,0.0,24134.485317165825,0.0,0.0,4098372.3884183127,0.0,61854.390435122616,5037.6184485520025,54473.568386692285,460575.3721110672,3280.093228138722,9054345.709795317,0.0,0.0,0.0,0.0,0.0,46077.02858373846,1557935.0419729939,0.0,0.0,5386724.915819479,71022360.00598542,2152270.1211088924,8802928.916681567,0.0,192728.5265106255,76988211.56562935,76715.02032581603,168.07239858244427,22345.787136506875,22383.61337759423,0.0,3554860.3895053137,0.0,0.0,14850.09678639691,0.0,196744543.7632182,117081063.01724686,109637985.79109013
MYS,2994.539499241812,48343895.86124858,206800078.6194323,39793.5992957809,1054369.1476834782,0.0,55570099.43616407,6299913.58823406,703205.1661758416,0.0,0.0,439861.68571486516,833110946.8288027,7174239.196432854,42159384.10139516,342685.6596387292,97751872.18809651,1087465746.6033201,19181633.245838914,753191868.4520016,33498300.333609805,22803038.11125351,275668.18056729,1354909.092996335,8449103.634145267,57915.297522245935,63255.44641355405,1407780.30805956,205949237.7013181,521508.2854235231,51153569.24868238,112843.50293860967,0.0,361613.81408626284,2122009.627528697,188352431.4809791,0.0,29973604.241307404,14858298.184629293,9592930116.326014,61018239.764285766,88066157.97982602,23733836.98411457,93626727.544914,25697.925583398395,24832391.431993656,3142174.863097439,48827.29614496578,560152.776808756,7069193.243520869,43907.320468959486,42970.9534286161,3043290.9357917183,1594662.8500450184,605396554.7478101,268674245.5171163,162421.46343391153,132554913.51806405,8265165.319677848,38475800.62899328,15771413.9862451,1450167288.976719,6459396.682265149,0.0,307727169.0894358,170569948.3463823,126570936.88014096,243496314.1995182,41271239.14145945,0.0,302868963.62141067,392.00780355041877,6104.934739746823,28502792.381267853,349963813.38091683,36896030.89458967,427886926.7340786,0.0,57070175.67864603,8066799.4895041995,10124120.890056783,60043530.95797488,0.0,0.0,5524538.885895076,0.0,432683.36123164237,6421062.069378107,0.0,695664.6521852239,19680421.803116288,111991511.07218516,8849632.019343868,945757775.8965726,4948218285.951445,0.0,75293666.66479231,1227026541.0424633,19402789.94196044,365312.34166794963,51738419.2045083,584124481.001918,3492647.6514603375,186417381.51027215,2743757154.6395416,14011457.779557029,158031931.820615,4170510.3429982862,29179529.386744663,495192.9990520384,971505077.7696866,74368426.09274395,0.0,30692448.594673473,26792874.483818468,4653263.915687314,122668.21037322741,0.0,275415535.85737324,203.1529522154275,12661140.839482931,855540.3815691262,3794992.3063023356,41999139.17896922,3563230.166675379,83241944.38370985,60934844.53121372,248867270.63574064,300567.38537258387,0.0,958850.8278178035,447239.0432411891,569116027.9155469,1043664.2522378895,9437129.100850211,21713.471780833086,76987045.43665572,277015951.4743578,0.0,23780662.20867805,3329928.5170411346,0.0,4351522.941841875,2123540.4349025316,96337979.36778255,0.0,315422399.4218187,1331286.9111189176,0.0,3597826695.450307,51473313.34582632,17857669.997295618,39813.31421334715,495733997.24231553,162146309.8411587,4236998649.619015,4347548.390098481,0.0,40506355.92765628,1172449024.603439,0.0,42802531.89931483,53525265.970225945,0.0,0.0,19360149.90120696,321588.3508960692,0.0,284903.108313396,16169312.201365836,31222538.960422866,832101481.8221412,434872.61805270653,274696309.54914784,0.0,63200297.1014468,2537257541.8863745,0.0,48017.03906979422,0.0,3424013.455142582,24605344.965158254,1660270.8244005486,58289.88502925323,50433191.80977819,0.0,8302726.145034651,0.0,632271.8976845897,4628703.943553772,292700.89017704694,6719463.600616492,136760443.82015425,0.0,2066991.741612025,71180993.21641225,0.0,0.0,521443990.0112054,569847449.7529188,1381079.5082614347,0.0,3115314.587642609,620011.2134857947,245884.20018910436,18422184.136374727,37973965.65263468,0.0,30772.230836565373,490470594.5842231,421739702.13907,13760296.197851676,732585811.3128353,0.0,25595492.217277545,3796065970.6356106,68757498.82500175,13018.441939039738,2807356.7858664934,95785.56383951184,0.0,1329751714.3958967,707433.4992995319,0.0,453486.2165062514,290723439.5335858,489139075.17132145,3008109.1677175746,975908.156195083
NAM,162.83653887862022,0.0,23617502.65747838,0.0,0.0,0.0,0.0,170.1243886951246,582.2312308624847,0.0,0.0,4317.319441999643,4301.718235942177,0.0,0.0,0.0,180257.62907182684,13741.432334615913,93.79817293253183,3489.366833691167,750.3853834602546,19316.794446729225,92.80776139044461,12072.217976531685,20642.975366541883,2164.5210453405375,0.0,0.0,0.0,366.3599681253444,0.0,0.0,0.0,2033391.9319890658,141323.44351586633,61801.79163688029,0.0,137874.21717882072,0.0,28586.72631948397,4905.476836510499,71607.21748537793,1748210.2465627827,1157.72955080036,0.0,0.0,0.0,0.0,0.0,0.0,0.0,64.82823468917292,0.0,0.0,1301232.0866800887,0.0,0.0,19089.383077800285,0.0,1016.1070327430886,0.0,0.0,0.0,0.0,122928.61175504084,1547.3489465819694,39.695690695529066,1157.413358013678,6334.493546126115,0.0,218748.68678370156,0.0,0.0,1097.7847407813397,2277998.5044509787,0.0,3268.5874518768996,0.0,0.0,0.0,0.0,0.0,0.0,0.0,0.0,0.0,0.0,69.88080868268791,0.0,0.0,2026.222861011914,0.0,0.0,16598591.661705531,4111643.4403038644,0.0,29506.895462031684,1508.4362464301043,0.0,24944.933762379926,0.0,439431.9186851156,0.0,257.04644914305214,0.0,3220.3242643292892,143796.74160968856,0.0,1348.4974507025868,0.0,0.0,14831.896367451189,0.0,451.1303831118539,0.0,0.0,586.8484649488084,0.0,17166.684235562352,19991.34332115497,41500.81200011873,0.0,1521.1502357815477,361.4949712849943,519.2956421932582,0.0,0.0,0.0,92.80776139044461,0.0,0.0,140.89536709047997,0.0,177.11198205120547,116.99109365591059,0.0,470670.1600823064,2373.0620178070058,0.0,2517.117848175906,34514.30819920279,223358.10007619468,0.0,69115.22971654928,18810.741247392572,0.0,6268.505407730878,0.0,0.0,8789066.98687273,152723.88027731387,912.8753899203688,0.0,2600.3624012086757,2483.45604338096,681.4975081858653,4490.861811308587,0.0,0.0,0.0,0.0,0.0,4222.505872383963,0.0,0.0,14790.679320422965,0.0,0.0,0.0,6849.955137212117,0.0,987099.111195519,0.0,126747.23369893718,0.0,770.7648523212932,12403.591536853892,0.0,14153.435220132482,0.0,0.0,0.0,7131.79375623146,0.0,0.0,0.0,80751.84078388188,0.0,0.0,0.0,0.0,0.0,105756.4004711481,0.0,0.0,0.0,0.0,0.0,1472.977432511467,3583.426962351481,0.0,0.0,0.0,0.0,0.0,0.0,0.0,0.0,0.0,0.0,148627.75349859413,5769.22815234026,21372.717132433998,0.0,0.0,47958.75535922624,0.0,63.05630461669471,0.0,0.0,0.0,5788.26773322543,364.0068992556281,0.0,0.0,0.0,21285928.054157205,2942712.797497863,701703.8528457689
NCL,0.0,0.0,0.0,0.0,0.0,0.0,0.0,0.0,0.0,0.0,0.0,0.0,42407.133052664976,0.0,0.0,0.0,87.3956954353515,0.0,0.0,0.0,0.0,21.021409012369087,0.0,0.0,0.0,0.0,0.0,0.0,0.0,0.0,0.0,0.0,0.0,0.0,0.0,72185.27002486862,0.0,0.0,7584.508661996926,0.0,0.0,0.0,0.0,0.0,0.0,0.0,0.0,0.0,0.0,0.0,0.0,0.0,0.0,0.0,0.0,0.0,0.0,9097.984682026956,0.0,0.0,0.0,0.0,0.0,0.0,0.0,0.0,0.0,0.0,57843.583173763196,0.0,86860.66153370429,0.0,0.0,0.0,51978.76728926294,0.0,9910.76938262463,0.0,594.0208778229273,0.0,0.0,0.0,0.0,0.0,0.0,0.0,0.0,1170.4342145754663,0.0,0.0,0.0,0.0,0.0,0.0,0.0,0.0,0.0,0.0,0.0,0.0,0.0,0.0,0.0,0.0,2673381.268178089,0.0,0.0,0.0,0.0,0.0,8819.259464674331,0.0,0.0,0.0,0.0,0.0,0.0,0.0,7354.021640586901,0.0,0.0,0.0,0.0,0.0,0.0,0.0,0.0,0.0,0.0,0.0,151.72320302242971,0.0,0.0,0.0,0.0,0.0,0.0,0.0,0.0,0.0,0.0,1883.637742367463,0.0,0.0,0.0,0.0,0.0,0.0,0.0,486673.2443042524,0.0,0.0,0.0,437329.9834934779,0.0,0.0,0.0,0.0,0.0,2538.377969505663,0.0,0.0,0.0,0.0,0.0,0.0,0.0,0.0,143463.34202236336,0.0,0.0,0.0,0.0,0.0,0.0,0.0,0.0,0.0,0.0,0.0,6105.446979121055,0.0,0.0,0.0,0.0,0.0,0.0,0.0,0.0,0.0,0.0,0.0,90786.13926572831,0.0,0.0,0.0,0.0,0.0,0.0,139862.55034465098,0.0,0.0,0.0,0.0,0.0,0.0,0.0,0.0,0.0,0.0,0.0,0.0,0.0,0.0,0.0,26855.00693497006,0.0,0.0,0.0,0.0,0.0,0.0,119996.39598652691,83302.10442745104,0.0,0.0,0.0,0.0,0.0
NER,17999.959491980917,0.0,0.0,0.0,20058.03260887642,0.0,0.0,0.0,0.0,0.0,0.0,0.0,24821.042779746815,0.0,0.0,0.0,93746.99939373918,7501400.130805347,19758719.986256678,12159.956490272858,18502.056842128586,29650.097173509952,23622.366882167164,42.61195782713954,15.219903205974411,18655.27562640763,0.0,0.0,28253155.86143865,0.0,6138.751054001188,0.0,0.0,0.0,0.0,65891.13636556407,0.0,478375.5587191946,0.0,174571208.07431683,5733312.2026066035,0.0,880.3003171282337,0.0,0.0,6624.742327759584,0.0,0.0,289.9540128607403,0.0,0.0,0.0,0.0,0.0,169.453454520064,0.0,0.0,0.0,0.0,1291549.8571966928,3673.9453557530014,15202.623204118727,134.80124378382814,0.0,1142482.4854092074,0.0,0.0,5318.734841252486,0.0,0.0,1471118.2704560782,0.0,0.0,13574.695160171386,36562.226222551486,0.0,12365302.60005421,0.0,79392.70222019531,0.0,0.0,22589.98203975358,0.0,0.0,0.0,0.0,0.0,0.0,0.0,0.0,22377.182429599536,20251.849612017915,0.0,1902383.7970931137,28927766.387492206,0.0,2054.006410003284,16660.06429494758,0.0,0.0,0.0,1023130.0029799741,159.85739027682945,0.0,4307.741826038669,0.0,1094.992928604,0.0,0.0,0.0,486178.11785805837,848.002994778715,0.0,205013.19656154554,0.0,281658.18899353244,0.0,0.0,15437.374229216608,0.0,0.0,0.0,0.0,20570.253397505283,37437.2415385493,0.0,0.0,199197.07544015336,0.0,0.0,753984.6333418342,0.0,0.0,0.0,0.0,0.0,0.0,93413.0938865464,0.0,0.0,0.0,18241488.49264141,15100.891078640034,1737.70270470331,0.0,12396.483916138708,49741917.0170239,20251.849612017915,0.0,0.0,0.0,0.0,0.0,0.0,0.0,1383612.3629260664,185587.28978824083,0.0,0.0,0.0,0.0,0.0,301.2385662534362,0.0,0.0,564695.6080890206,0.0,0.0,0.0,5418.75229268871,0.0,0.0,118.23469746079074,861.7899719525342,0.0,2054.0737425967804,2701687.537998457,0.0,0.0,0.0,0.0,0.0,0.0,0.0,0.0,0.0,0.0,0.0,0.0,0.0,0.0,0.0,108.37603391683542,0.0,0.0,0.0,0.0,592957.2222383352,716885.4887327757,83468888.77310306,0.0,0.0,0.0,0.0,16.60939845277828,0.0,707675.6298246363,0.0,0.0,0.0,0.0,4341.743107444363,0.0,0.0,39694.34396562472,337459.2712512763,0.0,0.0,0.0,0.0,0.0,490702.3786428941,0.0,0.0,0.0,4160.856984642626,88557.52299010864,1987.2228044523263,0.0
NFK,0.0,0.0,0.0,0.0,0.0,0.0,0.0,0.0,0.0,0.0,0.0,0.0,0.0,0.0,0.0,0.0,0.0,0.0,0.0,0.0,0.0,0.0,0.0,0.0,0.0,0.0,0.0,0.0,0.0,0.0,0.0,0.0,0.0,0.0,0.0,0.0,0.0,0.0,0.0,0.0,0.0,0.0,0.0,0.0,0.0,0.0,0.0,0.0,0.0,0.0,0.0,0.0,0.0,0.0,0.0,0.0,0.0,0.0,0.0,0.0,0.0,0.0,0.0,0.0,0.0,0.0,0.0,0.0,0.0,0.0,0.0,0.0,0.0,0.0,0.0,0.0,0.0,0.0,0.0,0.0,0.0,0.0,0.0,0.0,0.0,0.0,0.0,0.0,0.0,0.0,0.0,0.0,0.0,0.0,0.0,0.0,0.0,0.0,0.0,0.0,0.0,0.0,0.0,0.0,0.0,0.0,0.0,0.0,0.0,0.0,0.0,0.0,0.0,0.0,0.0,0.0,0.0,0.0,0.0,0.0,0.0,0.0,0.0,0.0,0.0,0.0,0.0,0.0,0.0,0.0,0.0,0.0,0.0,0.0,0.0,0.0,0.0,0.0,0.0,0.0,0.0,0.0,0.0,0.0,96.2740878469208,0.0,0.0,0.0,0.0,0.0,0.0,0.0,0.0,0.0,0.0,0.0,0.0,0.0,0.0,0.0,0.0,0.0,0.0,0.0,0.0,0.0,0.0,0.0,0.0,0.0,0.0,0.0,0.0,0.0,0.0,0.0,0.0,0.0,0.0,0.0,0.0,0.0,0.0,0.0,0.0,0.0,0.0,0.0,0.0,0.0,0.0,0.0,0.0,0.0,0.0,0.0,0.0,0.0,0.0,0.0,0.0,0.0,0.0,0.0,0.0,0.0,0.0,0.0,0.0,0.0,0.0,0.0,0.0,0.0,0.0,0.0,0.0,0.0,0.0,0.0,0.0,0.0,0.0,0.0,0.0,0.0,0.0,0.0,0.0
NGA,0.0,0.0,783.4479599831664,0.0,1531.996926142663,0.0,91322.21558763308,5528163.045244142,0.0,0.0,0.0,0.0,241491.17801632918,560662.9572127722,0.0,0.0,596379658.5351034,1687592.0594147046,488661.62757894624,31077.44767484766,895064.2556611653,679913.477759763,3888.1600672766313,78588.0829088968,1749730.2457235893,0.0,0.0,0.0,11451791.613604054,53.65564399216768,0.0,0.0,0.0,0.0,37504.791113079,372691507.4464001,0.0,1758540.2288723732,5826.296127645574,158456405.55562198,1111349.0997871237,1352056.4976378777,11.977067911489762,38668.55719776545,0.0,167021.21925508353,0.0,0.0,45.39802755927747,0.0,0.0,0.0,1503857.1246765016,198982.16163337548,1039178378.8108684,0.0,0.0,2196.6361404642353,0.0,7069353.480905075,0.0,3200756.011042065,0.0,0.0,613613015.0230948,1504019.480118219,0.0,130514.17501826765,0.0,0.0,249337658.21508586,0.0,0.0,0.0,376962121.5675323,120.40362565350354,9300000.57792324,0.0,0.0,0.0,0.0,67377391.20498282,0.0,0.0,1332403.5135007163,0.0,0.0,0.0,0.0,0.0,259343.16147169552,0.0,24.053341760926784,69342942.76809531,345194835.6256263,0.0,606811.0717903282,0.0,0.0,2534.2567704929934,10916202.634388303,150512690.67889938,2028.6432427671743,7836226.399436214,942831257.1706959,4463.908416218997,1140961.9967630329,0.0,0.0,0.0,16445615.064786043,3072663.320926744,0.0,31510189.45364282,0.0,0.0,0.0,0.0,2368170.261541983,0.0,60.42333015841265,0.0,15558.57820392758,5669111.656243497,9393.913679552303,0.0,0.0,16545707.32272109,0.0,0.0,13789.738799187147,85.20348047475672,0.0,3514.6932888884526,234.12640886534578,0.0,244963.4110840933,344901.10438294336,0.0,26755.92596177885,0.0,367017371.7089657,273888.4026724901,0.0,58141979.89729949,0.0,0.0,0.0,0.0,4076713876.8026667,7088.429180606367,0.0,0.0,429.3858230453465,10547.61689749888,42890339.11717066,0.0,0.0,0.0,1815739.1086635366,0.0,0.0,18889563.276178524,0.0,0.0,6830204.185740804,0.0,0.0,34157.560279599034,1368474.0775031478,123213.05086608244,154459525.74582824,0.0,1005466.9712807646,0.0,1513538.385723006,121428852.37795764,0.0,0.0,0.0,0.0,0.0,0.0,0.0,0.0,0.0,8909712.213109618,0.0,5327.490477881797,8507.767416444502,23632.01826422906,0.0,1862069.9943873046,0.0,0.0,386310910.69256127,0.0,0.0,37138562.00221577,19188694.344065066,0.0,0.0,0.0,0.0,0.0,178.58821328254857,6666686.191951036,0.0,0.0,9909918.055794494,170827.857674355,2581.387518740357,59362938.597610205,0.0,13635698.297118716,461555866.1187352,0.0,0.0,0.0,0.0,0.0,0.0,0.0,0.0,0.0,1009239.2990824599,16410734.851190027,16664.190940418153,64288.947837656946
NIC,3123.5679113891733,0.0,0.0,0.0,170969.503642353,0.0,5928.943320629334,71251.26675965452,0.0,0.0,0.0,18197.818701711083,18362096.091496237,1342423.4274811458,0.0,0.0,116231275.27255587,0.0,1573272.3026613006,0.0,294233.187067528,485.2090764559696,10911.658424620606,24251.00892729871,36565.08043680265,3284.9410101346143,0.0,83124.98073534954,380.1780662689063,6662.903413614785,0.0,0.0,0.0,0.0,0.0,101569005.34962548,0.0,10349323.863951167,5551840.375248792,5486194.597312386,12701157.601309754,0.0,0.0,0.0,0.0,7648447.920679652,0.0,0.0,280643572.536155,6047.189346861057,0.0,4181.706508695396,0.0,11743.234315682595,98899984.26743762,0.0,705169.5701038432,1418052.5883046612,2763916.2006519586,7379.65644760313,2014805.881246184,1208794.234225971,0.0,0.0,46986730.84461054,508314.8358419931,0.0,41007439.80639396,0.0,0.0,24939129.689445145,0.0,0.0,0.0,52342592.18651182,259708.01576302273,7885552.882363273,0.0,8073.26853747174,0.0,0.0,1487883.1102042384,0.0,0.0,36417258.083224386,0.0,0.0,115485.45449542267,0.0,78958172.78110458,142869.6840157795,15617317.686267832,5800.455067876909,812025.3954064288,6406550.8706076555,0.0,5767111.189389525,94577.00809297433,0.0,2180168.2230844507,1175455.3849306244,49551829.76372358,1963434.1844408524,217408.30019241537,50013224.80216077,11751.31655552083,0.0,0.0,1009.8031075336016,0.0,11728314.28602497,43874.89968099139,0.0,17133.75327123623,0.0,0.0,223602.92853664042,0.0,390625.9543650348,0.0,74968.32044625963,0.0,356402.9786371036,856095.4438629837,15073.718092634805,6405.804083975434,0.0,93011612.93609086,0.0,0.0,2125535.056674598,0.0,0.0,5249.303903923682,0.0,0.0,0.0,0.0,0.0,22517.679959379584,0.0,4636502.000697526,31295.214701126522,530.5421202150474,76114.07368086695,0.0,944371.5832817054,0.0,0.0,30436839.921633787,14619343.80806001,9546.225362343286,0.0,1030993.5151212609,0.0,0.0,2954759.3354017097,0.0,2760412.093567448,110580.5756918328,0.0,0.0,2445328.071705172,0.0,0.0,9207827.814717319,0.0,0.0,28717.073457051545,6725.587723075643,4515384.864189265,22957729.291678175,0.0,100550.94313833636,0.0,0.0,141603.69546668918,0.0,0.0,0.0,0.0,0.0,192210332.20724228,0.0,0.0,0.0,30529.01173101369,0.0,0.0,212851.4839654835,10371.758250077946,117988.48355310124,30327377.025437813,0.0,0.0,677746.0063465699,317.11404177755827,0.0,1475065.0055581452,13110.843087077428,0.0,0.0,0.0,0.0,0.0,827779.6089854459,3037643.1300807334,0.0,0.0,20925124.38576077,0.0,0.0,682057.6671180637,0.0,0.0,1063969927.4629697,0.0,0.0,295104967.4035979,0.0,0.0,755776.5793807734,0.0,0.0,0.0,0.0,917161.1613915866,0.0,0.0
NIU,0.0,0.0,0.0,0.0,0.0,0.0,0.0,0.0,0.0,0.0,0.0,0.0,172.78677525084507,0.0,0.0,0.0,0.0,0.0,0.0,0.0,0.0,122.9507435337411,0.0,0.0,0.0,0.0,0.0,41.80985113324522,0.0,0.0,0.0,0.0,0.0,0.0,0.0,0.0,0.0,16.42294111808397,0.0,0.0,0.0,0.0,0.0,0.0,0.0,0.0,0.0,0.0,0.0,0.0,0.0,0.0,0.0,0.0,0.0,0.0,0.0,0.0,0.0,0.0,0.0,0.0,0.0,0.0,0.0,0.0,0.0,0.0,0.0,0.0,0.0,0.0,0.0,0.0,0.0,0.0,0.0,0.0,0.0,0.0,0.0,0.0,0.0,0.0,0.0,0.0,0.0,0.0,0.0,0.0,0.0,0.0,0.0,0.0,0.0,0.0,0.0,0.0,0.0,0.0,0.0,0.0,0.0,0.0,17455.218287657026,0.0,0.0,0.0,44630.07199606805,0.0,16906.468534983895,0.0,0.0,0.0,0.0,0.0,0.0,0.0,0.0,0.0,0.0,0.0,0.0,0.0,0.0,0.0,0.0,0.0,0.0,0.0,0.0,0.0,0.0,0.0,0.0,0.0,0.0,0.0,0.0,0.0,0.0,0.0,0.0,0.0,0.0,0.0,984.4988411660496,0.0,0.0,0.0,0.0,0.0,0.0,93883.39804612652,0.0,0.0,0.0,0.0,0.0,0.0,0.0,0.0,0.0,0.0,0.0,0.0,0.0,0.0,0.0,0.0,0.0,0.0,0.0,0.0,0.0,1432758.907490375,0.0,0.0,0.0,0.0,0.0,0.0,0.0,0.0,0.0,0.0,0.0,0.0,0.0,0.0,0.0,0.0,0.0,0.0,0.0,0.0,0.0,0.0,0.0,0.0,0.0,0.0,0.0,0.0,0.0,0.0,0.0,0.0,0.0,0.0,0.0,0.0,0.0,0.0,0.0,0.0,0.0,0.0,0.0,0.0,0.0,0.0,0.0,0.0,0.0,0.0,0.0,0.0,0.0
NLD,8867099.795527872,3921900.2617959124,10284522.702326516,0.0,3634462.3010948296,0.0,15950462.033720516,10537113.091892011,618.4457282837058,0.0,0.0,388866.32334820565,87489900.92973132,940619240.3968244,2473710.49155811,175335.29592365667,8797267811.404612,1868396.6962299177,2679410.81101396,3003853.216408109,187025261.1735871,12369340.622562865,673972.7927286378,12315502.102883965,23975112.576084573,191299.11551317375,404874.1305538604,101260.13382884499,50024645.630909316,1959371.8179750799,245390.42651287874,7768.123553040616,0.0,24383.520681242528,500228.3215159337,108121132.20673436,0.0,1006903131.909419,17533745.12811227,248477697.22350162,12254458.173722846,4630207.479434925,2291049.7888759417,6857465.083431774,8140.885346686775,4115730.2730162274,48205.50034772894,6082003.275094482,2455468.8173963977,2639246.2690248373,0.0,141178.36523971154,47962455.19085105,424506947.54617727,18334532556.091557,2300795.1459674337,113196.99732840982,581003660.5145129,2305515.0418210756,164909034.60736585,1384681.9200076675,118486591.3223848,640141.4415684734,0.0,1030516602.5111419,79418584.85872512,8489628.972469755,443073296.1816976,2288330.2893542587,8552.256702475013,4514732840.0216055,948822.7312948228,0.0,8008637.019292742,4548413407.239051,2355977.540756697,26311936.858894456,0.0,4993757.281994672,1027606.1086241452,1609332.2729615415,305239825.44555247,423868.3688605019,101714.81895047921,10324119.757048748,0.0,516976.2728443509,4557056.375135537,0.0,3352595.057879318,58841630.403706804,1866363.142781289,392694538.13880235,13647710.016091717,43022259.567509614,0.0,464120394.8640655,173334430.24097687,9338910.596424391,49856920.165915005,594838373.811878,1305382147.221643,3522155.6780381333,67521141.27843086,298233690.71427983,9388482.761467852,10007298.42547428,294970.35755573714,2417972.323902012,723.7576323658707,186186850.12084496,27122834.733288188,0.0,54942117.65266758,4597390.040383633,41176566.46839583,263570.52470683545,0.0,22995695.35634497,31389.773844401894,221375258.65305763,115124160.41533472,93547988.32510751,115805091.98205045,3093348.2184902774,693740.6839429105,1935331.0522012794,60501438.31399923,78403.19709559073,0.0,2331862.0877511557,16531506.752229683,39002.31868061606,3054297.3357711653,4186556.9321786854,0.0,398628.9440946753,11818510.713617312,11701.094452037463,4634637.227063228,133599.95358154326,54173937.806263566,1583193.4429855421,1226187.1929488291,488741.0980105316,0.0,23071125.37711517,2428275.008262786,328.39277443777314,0.0,334787012.24380213,5647783.823884031,0.0,15015894.173157057,5436968.826004491,24003287.876725152,5995389.680407235,0.0,10508148.06396357,29509388.08278151,777.1236661343399,106533.83410159365,1646456966.3091483,0.0,0.0,243952087.02248323,1526374.5329810232,0.0,2826678.864925866,11262465.41799944,181831182.16425088,857333079.3786955,177436.04514272045,241631144.09917307,0.0,24079109.32074745,137542920.26254952,0.0,9547.593574842735,0.0,1679.3311819277096,2109898.7102663843,488460.0760170358,0.0,199768.09151217557,8975.222828425192,84339021.55226848,0.0,185860.8565726603,31964647.090455905,183148181.4347463,34710022.65753213,784123830.3523616,0.0,692483.1126074467,32676450.095991373,28571.550252365152,780837.744791562,2191079.3463250874,26717047.83058509,574100.1087634958,0.0,147620.70197970176,0.0,0.0,7197025.166183625,46814373.71305004,0.0,0.0,32994814.36796765,7642772.073523957,1882819.9439485343,410770415.4357784,0.0,6801648.3084969465,1315535366.3070006,7002631.105880687,152291.57296411495,25976424.412361644,142750.98105771802,0.0,12650336.271030387,12487.118103714252,0.0,1414.7456051575782,10791287.642135806,256232047.77353036,2011481.7637043637,1915274.7383350683
NOR,0.0,0.0,349.3168887511699,0.0,0.0,0.0,50285.706815593774,0.0,0.0,0.0,0.0,0.0,141949.16063164806,4143225.772038651,179.76711837112157,0.0,463816.42721004353,0.0,0.0,0.0,21826.7623450861,6618.9710663473425,84.72219988799378,119.21898660186997,6.989387299504691,0.0,0.0,0.0,3852.348421104056,0.0,0.0,0.0,0.0,0.0,18608.489796720758,208671.64568879784,0.0,8909547.270809384,2649.9147366564534,126190.946226914,0.0,1698.8586560095182,0.0,0.0,0.0,0.0,0.0,0.0,201.99332674219963,0.0,0.0,0.0,1477.418708949389,256785.19324487666,22594101.754803773,0.0,0.0,72094604.09629053,0.0,2425.391004700691,0.0,56962.00506751048,0.0,0.0,11946781.207752004,22984.544360562253,68928.01175986978,55635296.961707085,75.13178706430205,0.0,13227386.936508246,215897.36005494275,0.0,0.0,6255792.878153924,2921.306922642972,6489.648946754802,0.0,47029.41639286689,0.0,0.0,12870.729814388042,26.765054515311824,6058.45371221709,0.0,0.0,0.0,0.0,0.0,0.0,652.643352237816,0.0,4742.554089643539,0.0,1125287.3666956408,0.0,112382.56232580738,0.0,0.0,908393.3110326508,9863.835340542773,617588.2073168632,1752.5934930378987,0.0,35780.326178398966,75.91803304419373,0.0,0.0,16352.31934505833,0.0,41774.625631735486,529.9020524164198,0.0,0.0,30.105190452752026,0.0,0.0,0.0,352.24741195885434,0.0,5172743.789046504,6073.697092287283,43138.26503303104,3508337.428285511,0.0,0.0,0.0,236.28385835659415,0.0,0.0,0.0,750.0343726157936,0.0,0.0,0.0,0.0,0.0,75382.70248755462,0.0,201.8082830223167,0.0,90298.6507528617,0.0,0.0,808843.2795450992,0.0,231340.8440305386,0.0,0.0,45533415.50858387,0.0,0.0,0.0,7609.777208016883,0.0,24008.78977335246,167.16387639516745,0.0,0.0,234390.28650493,0.0,0.0,3350556.5154702347,0.0,0.0,8362.687061506822,0.0,0.0,0.0,313.15070003825423,1258.1621234914146,5878182.613399789,0.0,0.0,0.0,0.0,96763.45210684242,0.0,0.0,0.0,0.0,0.0,0.0,0.0,5848.2738457482965,0.0,44244.13349895354,0.0,0.0,0.0,22555.472381394957,0.0,369866876.6742048,0.0,0.0,0.0,0.0,0.0,0.0,256538.1733453666,0.0,0.0,0.0,0.0,0.0,0.0,2220180.421006443,0.0,0.0,29334.516528670327,47018.32447378046,0.0,2699.161547500015,0.0,138.9682075931978,2180899.34103765,0.0,799.2602963257623,737.7787350699343,0.0,0.0,815.8110468409668,0.0,0.0,0.0,0.0,52783.16459699579,1755.8596284265122,0.0
NPL,0.0,1953.5683674904944,0.0,0.0,0.0,0.0,0.0,4161.510599638339,12706.461560250787,0.0,0.0,0.0,659397.1389006915,33754.65391422684,0.0,0.0,123362.53628860318,0.0,0.0,104156883.4340683,0.0,119397.15537595244,0.0,10240.374085859412,0.0,0.0,0.0,0.0,33292.08479710671,0.0,22665.18362743897,285525.6084012163,0.0,0.0,0.0,451184.6356922847,0.0,260252.31073583668,0.0,4762747.253832737,0.0,0.0,0.0,0.0,0.0,0.0,0.0,0.0,0.0,0.0,0.0,0.0,0.0,234616.17115169717,1651618.2267090732,0.0,0.0,17199.691537275103,0.0,0.0,0.0,1112467.68013787,0.0,0.0,0.0,0.0,0.0,0.0,0.0,0.0,163119.64440270799,0.0,0.0,0.0,2678378.7326709516,0.0,0.0,0.0,0.0,0.0,0.0,37307.791402108975,0.0,0.0,0.0,0.0,0.0,0.0,0.0,0.0,0.0,0.0,0.0,69177.21683061037,423163929.955179,0.0,4950.126980043295,0.0,0.0,10953.05353520451,90605.97777946299,941982.0962676996,0.0,84454.81591789,1224077.8005861798,93320.65023764089,52270.508416456396,0.0,2275.638685746536,0.0,1535384.050509669,431884.14817069104,0.0,404954.187918687,0.0,0.0,0.0,0.0,5557290.924081691,0.0,0.0,0.0,0.0,49938.12719566007,0.0,0.0,241.22242901413605,0.0,0.0,0.0,3938.1534562294555,0.0,0.0,0.0,0.0,0.0,0.0,0.0,0.0,0.0,0.0,2327336.779403882,0.0,0.0,0.0,0.0,0.0,0.0,0.0,258814.495513117,42105.295724740055,0.0,0.0,1173.9581306927498,68890.96498706554,1656740.496989879,0.0,0.0,0.0,4989.758247800937,0.0,0.0,3039.4686145477745,0.0,0.0,3170122.7299318863,6826.916057239609,0.0,0.0,816477.7308483598,283.31477681485535,784293.3179250922,0.0,306439.02234247286,0.0,0.0,2150466.196287179,0.0,0.0,0.0,0.0,304706.9647183821,0.0,0.0,0.0,0.0,0.0,0.0,0.0,540440.8627045094,1024.2986521940998,12927.663677317718,24040.32680936026,0.0,0.0,0.0,0.0,0.0,0.0,42621.01074715361,0.0,0.0,0.0,0.0,0.0,0.0,0.0,0.0,0.0,737463.0245022562,0.0,2279.8571747943615,50311.614588160155,0.0,0.0,2109695.2430190076,0.0,0.0,0.0,0.0,0.0,0.0,0.0,0.0,0.0,126068.7289572772,5613.127510914261,0.0,0.0
NRU,0.0,0.0,0.0,0.0,0.0,0.0,0.0,0.0,0.0,0.0,0.0,0.0,15289.058191052893,0.0,0.0,0.0,0.0,0.0,0.0,0.0,0.0,2193.80250938724,0.0,0.0,0.0,0.0,0.0,0.0,0.0,0.0,0.0,0.0,0.0,0.0,0.0,0.0,0.0,0.0,0.0,0.0,0.0,0.0,0.0,0.0,0.0,0.0,0.0,0.0,0.0,0.0,0.0,0.0,0.0,0.0,0.0,0.0,0.0,0.0,0.0,0.0,0.0,0.0,0.0,0.0,0.0,0.0,0.0,0.0,0.0,0.0,0.0,0.0,0.0,0.0,600.5661580850375,0.0,0.0,0.0,0.0,0.0,0.0,0.0,0.0,0.0,0.0,0.0,0.0,0.0,0.0,0.0,0.0,0.0,0.0,0.0,0.0,0.0,0.0,0.0,0.0,0.0,0.0,0.0,0.0,0.0,0.0,0.0,0.0,0.0,0.0,0.0,300.9910257049493,0.0,0.0,0.0,0.0,0.0,0.0,0.0,282.7506714275667,0.0,0.0,0.0,0.0,0.0,0.0,0.0,0.0,0.0,0.0,0.0,0.0,0.0,0.0,0.0,0.0,0.0,0.0,0.0,0.0,0.0,0.0,0.0,0.0,0.0,0.0,0.0,0.0,0.0,0.0,658.2371810588203,0.0,0.0,0.0,0.0,0.0,0.0,0.0,0.0,0.0,0.0,0.0,0.0,0.0,0.0,0.0,0.0,0.0,0.0,0.0,41.74407022799741,0.0,0.0,0.0,0.0,0.0,1184.166850087581,0.0,0.0,0.0,0.0,0.0,0.0,0.0,0.0,0.0,0.0,0.0,0.0,0.0,0.0,0.0,0.0,0.0,0.0,0.0,0.0,0.0,0.0,0.0,0.0,0.0,0.0,0.0,0.0,0.0,0.0,0.0,0.0,0.0,0.0,0.0,0.0,0.0,0.0,0.0,1251.8519526631242,0.0,0.0,0.0,0.0,0.0,0.0,0.0,0.0,0.0,0.0,8354.420569763422,0.0,0.0
NZL,1577.7294581370234,407.9551404706149,0.0,503.1654136075242,32.328770019915865,0.0,105285.70925701196,982.2216045698816,1994760.0487188883,1126.4363936938375,0.0,3477.5832121310823,417049392.49732715,54352.37771511055,304213.0833619934,0.0,37275413.212654,3750.3116719030345,28981.582585130112,368965.17490125255,83577.09168287554,744782.7128262953,200.65992698289713,3507.1638293625783,20697.351646095984,144.19927017333774,85511.03043169994,1967.8109681638775,580119.8219750947,74703.81135002262,137765.72438176078,0.0,0.0,0.0,0.0,8939795.277717732,0.0,1527068.670722204,347187.44493122166,22959891.96631666,2703.5169154067353,0.0,24761.472049910728,0.0,4202830.416539464,31116.668989823116,168.73314418234844,243.97404195596533,41706.161967942404,0.0,0.0,39139.74866786082,9477.11584698061,59420.45630181413,9121668.154515175,0.0,2475.090475190997,664475.3385960209,1382.3774724306782,560566.1367812702,1291.1830654414805,148211.44798777477,0.0,0.0,13451973.801240312,519547.25941689656,11744.347020719386,263293.53348479304,15725912.54475821,810.095479424331,2887294.4949332806,92.45853922741425,1062.1574288209222,0.0,44322690.99958158,24981.69434764883,14293.200558401422,0.0,4028.5443353280666,0.0,0.0,104182.52388842618,0.0,1349.2981280531778,52460.612617104925,0.0,45720.23629186248,6962.002649229885,0.0,4475.229251448405,7036.09717824191,0.0,103288.87117509411,8298769.258232508,5348698.143561718,0.0,2067407.6264332826,13762.874394462342,14861.591946069579,30654.965471538126,1687259.3639128432,5237859.512671649,2017.9063320002033,102749.45028344479,62279632.87895758,18788.948187305516,92265.32795477672,60.7347459390794,386652.2243465251,112592.05740752627,15901480.94242032,1315549.646072439,0.0,141777.51352351377,0.0,879.6521297647389,289.11231055448735,0.0,288644.4737182316,0.0,25428.678635929693,66.85269282361907,176139.11126595526,236322.85352782405,807.8562301804427,235.94783571191653,117946.4488815206,918635.4696008847,9729.04279237778,0.0,307.9546308914957,42844.0059136114,16995.27410906095,1014.5744584629932,557.5162208543275,6113.020659917808,0.0,0.0,0.0,273589.84362614923,2230.063037827226,21283070.061897166,1147.3853804399696,11403746.136565395,62.79385842215046,78901.55887771113,4298.323102065215,312.8572878142585,429256.36514467245,21367247.416642644,1559604.9335813294,53214.32099564224,20436.243825426285,0.0,295671.7529933543,25781659.329709724,22661.27489626082,2079.57175586305,68490.13221591615,7365054.3997255005,196.85129943704428,2139420.6332427217,54338.35107445893,0.0,0.0,134774.74927592877,33326.15289311642,0.0,10559620.147376332,734489.4949529825,483.92419891501726,1629077.2206065839,0.0,2684698.249535227,0.0,242.67307851782536,33129922.16162049,0.0,0.0,0.0,6156666.660391276,0.0,24771.631082731736,0.0,0.0,0.0,7444.216933470905,0.0,66.85269282361907,0.0,5724.111148144806,6491.219695763001,1661443.2604134383,0.0,47593.31878356634,33267.23809940796,11570.36240189059,0.0,0.0,8324209.654630378,0.0,0.0,2506.3876064934,3438.863450541528,1501783.836710142,18326.58279858094,111451.61174306327,0.0,77929.01510153916,15593801.228434734,6457.936090065177,61.29978971268329,154395.4648629527,0.0,167683.6648323003,46770687.007745825,0.0,276.6603492177785,3648877.382693217,5693.018073811162,0.0,4386402.316484105,752073.8275540774,317557.36856109864,2358837.204956092,23337.87842732713,2203200.9574298305,848.8355425883913,21313.853928109722
OMN,0.0,7571.286757740414,8148294.763240825,0.0,0.0,0.0,0.0,38794.81118055238,0.0,0.0,0.0,0.0,51930.30437364503,0.0,730.0859961984031,0.0,182276.4780134949,243870.43055302126,0.0,980403.0337599731,0.0,5030278.808450735,0.0,0.0,0.0,0.0,0.0,0.0,5842.007578618035,0.0,7832.956126847955,0.0,0.0,0.0,0.0,121259.4794197111,0.0,2623.0544240749273,0.0,524049.5711315245,247074.445778452,97919.76193961417,4771.947126360787,8943.371742450736,0.0,113995.51872524813,176881.69742710737,0.0,0.0,0.0,0.0,0.0,0.0,62.18121435771942,210782.75797103276,11411596.608669018,0.0,255.08575044966832,0.0,120595.55268894212,0.0,132420.49456188615,332178.7809308805,0.0,50816.78108205057,0.0,18147642.942812905,102200.32816353584,0.0,0.0,46927.64918833574,0.0,0.0,0.0,194198.72075010778,0.0,50859.643764458706,0.0,2300.2001688887394,0.0,0.0,417.46999262777945,0.0,0.0,0.0,0.0,0.0,0.0,0.0,0.0,0.0,0.0,0.0,0.0,15680670.490465654,0.0,12508.562271641109,7827409.693807496,2589188.7302507553,1421.687720011033,0.0,50858.66360451724,0.0,4807904.854475709,315649.9643254791,10135.166270278174,4205599.6954243295,0.0,0.0,0.0,52296.70887117857,10068542.595782802,0.0,2682763.034321212,17905.36896324759,116718.70139863262,0.0,0.0,107422.68040405939,0.0,0.0,0.0,0.0,166336.68132617942,0.0,6051.892878289855,19723.231704626043,0.0,0.0,0.0,51176.73612385594,1997.466057669727,13982.26240368809,0.0,0.0,0.0,112272.51812355022,116800.73523261382,0.0,64461.65881763791,0.0,1193032.471222168,0.0,0.0,84498.60570263228,0.0,165646.5418713013,0.0,0.0,81401.38063442998,60.50252627072182,3861.257073662074,0.0,13812.989306441996,0.0,4745717.029216316,0.0,0.0,25404.67228151569,132088.50077950538,0.0,0.0,0.0,0.0,0.0,29361.591757219998,0.0,0.0,0.0,18166456.81434471,3734.7869365548063,13795.752523497766,0.0,256727270.17460006,0.0,0.0,1322959.3674461741,0.0,0.0,0.0,0.0,36112.47481081574,0.0,0.0,209309237.61545935,0.0,0.0,0.0,0.0,0.0,0.0,0.0,415.75332990737144,0.0,204560.1780343143,21988644.71544306,0.0,0.0,54841.62498283984,76471.6662432881,6477.731878345204,0.0,0.0,0.0,0.0,0.0,120286.7085559571,0.0,0.0,0.0,9410386.912691673,666819.0785156862,0.0,0.0,0.0,434816.0568687484,0.0,0.0,15661.418608365164,0.0,0.0,43824.837282504785,0.0,0.0,0.0,81690650.70309173,218791.34315424925,300890.53673609503,5056.164523755764
PAK,17986.03433489328,2771970924.9844866,52948701.65450071,0.0,5963669.324822931,0.0,263891.8634683233,8157760.579969504,14900.151579414478,0.0,0.0,9793.959582839398,93311463.32165998,594891.7388074757,121259537.76475164,2103788.9363422412,141387951.46209595,259776304.37131944,116000783.18083194,454396535.3825567,2898693.258661753,129520137.38152957,61288.38029455418,977153.9671976088,19256689.410816185,20.65024286149429,0.0,350240.17476564075,577576.8849797668,12153.231390160252,453858.73106655857,0.0,0.0,393958.36291998165,436397.09206772165,43516469.291958444,0.0,15724276.709408717,10458047.600675823,1130328490.9227436,371882715.38365984,109253718.04616411,10707969.456384359,7092347.079786914,0.0,513396.17118605826,137202769.68282557,1012321.5535689015,17428.20630758243,385749.3300863728,0.0,0.0,1416169.6528244398,1547143.4986427138,75652918.54736692,103483496.04017968,0.0,9127403.839533508,205367.3015145836,27236069.42960379,21390.32256249459,28247890.053636223,39001.28282652213,0.0,63624348.189447366,559940.6606578222,74282701.6792785,800814.8742484882,610555.6229333029,0.0,63817551.32337919,0.0,0.0,999479.7754609896,281359410.0022468,23499732.535965446,32646675.51206176,0.0,228874228.20199582,83251154.38771921,1928762.0465816045,17399383.796532206,0.0,4607.1254751752795,39638.85675172403,0.0,0.0,6076.8445906938105,0.0,534266.1002964759,1836857.9790013442,11765770.052218739,1486089.7413320842,378911043.02702457,221828574.7569557,0.0,6855043.993169167,490821384.0146434,87374811.22084647,12713.67398559645,0.0,88064211.0242105,103427.81122403865,16918325.675483797,18212222.25185643,23004157.90641343,1358117746.1761568,1048594.8752342716,193332.05056718027,0.0,27588108.499991447,96048844.33306739,0.0,9353840.914891392,18853798.57358519,2850422.3217443842,1605.2475113961584,0.0,312362162.34832805,0.0,38952563.15293578,109.36558452804171,1532478.1743137199,816608.5816895227,3535430.4938561493,409735222.98319566,11205368.99568435,17891738.6517776,0.0,0.0,30325434.722944744,1912460.2483322273,3487569.2589167445,128412.13509919851,513.4492630764237,0.0,502381773.93418354,98233845.22123043,0.0,59878475.104488015,359954.2597506902,543427179.1550833,537023.8682621089,4014.085273162305,98023113.95347384,0.0,17465732.0500647,0.0,137262.72772513115,54321677.48259754,16534319.6038642,2127516.8705363744,0.0,16113550.973375665,430219132.1347353,0.0,42750.518247694105,0.0,80374.97147620293,176541282.61233202,0.0,0.0,13207343.19314338,0.0,0.0,10945439.466825936,653000.8047199922,0.0,0.0,260396197.7290618,4108428.501102192,147396627.37710917,56577666.461645156,647930026.1280013,0.0,163593669.91311848,49230042.55217838,0.0,0.0,0.0,27916.132548292837,193016306.34335008,684964.6129026628,0.0,304848430.0864228,0.0,988434.6708775881,0.0,834969.3654241061,712.7386305381923,129717.3946398347,1299919.7399190129,15976153.012463741,0.0,7268831.968249806,30752743.17303966,43344.550962488254,0.0,63514457.498562425,55614088.53376401,7279603.296900263,0.0,11918786.777104605,4848911.436307317,4602.51004749605,410630.3917479866,15680078.409874141,0.0,32484.056891807355,83312151.76134841,332318410.269522,110563362.08573343,90615208.32539044,0.0,231073.84419891518,132046889.6058009,397152.03799170925,0.0,315960.3763145041,57285.9267032286,0.0,123631685.75337964,0.0,0.0,0.0,360692827.54972106,105866649.86413942,1791462.688124393,27609713.408797044
PAN,801486.2730141982,0.0,20465.232952382557,0.0,98184.24892232654,0.0,978712.3993304563,28249.81607299989,0.0,0.0,0.0,34499.03301514561,10778754.331051705,126121.84449618822,56640.57723141054,0.0,16442209.52639245,0.0,0.0,0.0,49483.54236932963,55455.96327659855,117526.93512429234,184065.78595830046,393267.0397089483,164210.55585134134,471.53329613397244,743631.6378631252,227997.63211909568,46682.39310205766,0.0,0.0,0.0,0.0,0.0,6098022.330304043,0.0,8982932.991628384,777764.3319363906,378914.41284620046,0.0,0.0,0.0,0.0,0.0,991405.0643453393,0.0,4719.809639778283,52926569.29479005,40734.091617980186,0.0,0.0,6588.942207464198,4502.0997683960995,34858519.35503794,0.0,2602.363577302467,195028.15765505366,13504.953309618137,74770.62264841731,400483.4787497206,0.0,0.0,0.0,18623609.44087335,0.0,52.39258845933026,513662.4837571011,889.4606717648288,0.0,818007.243280703,551.7722535507947,0.0,0.0,24308678.495584164,53686.89332225202,4255858.082739256,0.0,0.0,0.0,0.0,1280735.5760546913,22190.82881080311,0.0,2334239.923639441,0.0,0.0,32507.991665282727,0.0,1205411.2002679717,479390.88353282656,8575.662935087632,3185.1652926960905,5364273.772497463,1010579.8021842765,0.0,513296.65092865535,50142.303541428475,0.0,326993.36301491404,15974411.017468406,17260400.842095945,29215.771569115095,310.37189262232204,3282386.205033765,60098.785872512584,0.0,29069.603361321173,0.0,0.0,1353778.5602886714,19795.719063460783,0.0,624.0589797740632,0.0,0.0,6234.718026660302,0.0,116796.46327825366,0.0,19439.462602021882,198.73971710502215,3381.052755620797,45459.39473832192,154865.84845201482,0.0,0.0,5682948.096328901,0.0,0.0,0.0,0.0,0.0,344488.45541087945,110.02443576459355,0.0,0.0,13246.183167153875,157.14359719021073,4796.990542852118,0.0,368996.5955297772,6594.444446567036,4983.10837825478,209572.38052758327,0.0,0.0,889625.9405155233,0.0,23404486.909855943,2580848.865881555,0.0,0.0,257415.18920727813,0.0,53625.28748125173,0.0,0.0,581449.3870449965,34414.563765483275,0.0,0.0,315838.27449185576,0.0,0.0,1531243.3112741474,40354.039550457834,0.0,0.0,4425.134344846759,110807.19735811214,921708.7346287458,33152.58827633572,145093.44019559858,0.0,57891.13442561104,313890.5310464727,0.0,0.0,0.0,0.0,0.0,934666.331703077,0.0,0.0,0.0,230849.78117992057,0.0,0.0,83414.238493703,152.41237342599408,70801.80837374511,18938741.364999708,0.0,0.0,99672.21209676791,0.0,0.0,397961.51799018733,50988.715904328936,0.0,0.0,0.0,0.0,0.0,131639.96742340425,24416.653776322928,0.0,0.0,2491407.5378347933,475.4863056212503,385713.08143158373,825504.9919752534,0.0,299354.7717106787,117706272.45225245,0.0,37.060146521361,2622716.2708915626,0.0,0.0,0.0,0.0,0.0,0.0,0.0,359110.6042129583,0.0,22743.39498623246
PCN,0.0,0.0,0.0,0.0,0.0,0.0,0.0,0.0,0.0,0.0,0.0,0.0,224150.73775866482,0.0,0.0,0.0,0.0,0.0,0.0,0.0,0.0,59.253726448153685,0.0,15.30206244905154,0.0,0.0,0.0,0.0,0.0,0.0,0.0,0.0,0.0,0.0,0.0,823.4655503891704,0.0,0.0,0.0,0.0,0.0,0.0,0.0,0.0,0.0,0.0,0.0,0.0,0.0,0.0,0.0,0.0,0.0,0.0,0.0,0.0,0.0,0.0,0.0,0.0,0.0,0.0,0.0,0.0,0.0,0.0,0.0,0.0,0.0,0.0,0.0,0.0,0.0,0.0,0.0,0.0,0.0,0.0,0.0,0.0,0.0,0.0,0.0,0.0,0.0,0.0,0.0,0.0,0.0,0.0,0.0,0.0,0.0,0.0,0.0,0.0,0.0,0.0,0.0,0.0,0.0,0.0,0.0,0.0,0.0,0.0,0.0,0.0,0.0,0.0,0.0,0.0,0.0,0.0,0.0,0.0,0.0,0.0,7428.545713057892,0.0,0.0,0.0,0.0,0.0,0.0,0.0,0.0,0.0,0.0,0.0,0.0,0.0,0.0,0.0,0.0,0.0,0.0,0.0,0.0,0.0,0.0,0.0,0.0,0.0,0.0,0.0,0.0,0.0,0.0,0.0,0.0,0.0,0.0,1478.7920461342123,0.0,0.0,0.0,0.0,0.0,0.0,0.0,0.0,0.0,0.0,0.0,0.0,0.0,0.0,0.0,0.0,0.0,0.0,0.0,0.0,0.0,0.0,0.0,0.0,0.0,0.0,0.0,0.0,0.0,0.0,0.0,0.0,0.0,0.0,0.0,0.0,0.0,0.0,0.0,0.0,0.0,0.0,0.0,0.0,0.0,0.0,0.0,0.0,0.0,0.0,0.0,0.0,0.0,0.0,0.0,0.0,0.0,0.0,0.0,0.0,0.0,0.0,0.0,0.0,0.0,0.0,0.0,0.0,0.0,0.0,0.0,0.0,0.0,0.0,0.0
PER,117638.56625894783,0.0,186636.26993012012,0.0,113786.20068939475,0.0,4562953.68154434,2665.4144119064094,0.0,0.0,0.0,169196.94476212526,15539986.58956001,3119595.0144683737,50537.12251978682,0.0,394050493.742869,5440.009274424157,217.0299446944918,80.94762176484254,9737476.495585151,130863.66948200592,253902.9027459187,199356.53989990018,2299884.6749581373,2822.2375824806186,90.24536691312895,25194364.195729267,34034279.34838008,190604.09869453622,1361.1273294811251,0.0,0.0,0.0,93.91736832636057,144609905.5109011,0.0,27849781.350050416,95392332.40969288,4887577.521300703,5699.357937125413,2768.1442139889373,0.0,292.7317179724873,0.0,265282286.99115816,0.0,934619.9655378038,9408039.705169145,174572.2288180695,0.0,0.0,485188.0438146281,4419446.357299335,923058337.7024065,0.0,6502.674479695759,11752238.347144242,7295576.542907045,628782.2839067187,115811218.49884616,2993207.490312375,0.0,0.0,115923405.12064523,5006711.42180265,669.4129587361707,17356272.4153332,235981.54020565856,0.0,93186784.69685483,169.69447762882072,0.0,2327.9399565286017,121988380.71147092,35760.4334676687,2336.4594032627347,0.0,0.0,0.0,0.0,12235229.052596182,504.66491080773744,1336.8362636992083,9759746.84521423,0.0,833.5984767051126,74775.77771354727,0.0,196704.16157058952,414644.17843549355,21676898.329545695,15507.368866753715,8141716.157952679,6285211.696363826,0.0,5512835.284773517,60164.89300680909,0.0,413333.26663915033,6983477.932966556,115519521.39149524,806090.01538758,375708.77949130617,40844120.95663333,109357.68925466888,7714.238883863723,596.7062801613997,11163.675698431545,113495.88362272149,114732171.58795662,646715.0833031777,0.0,1915845.1611793516,380.429680193735,811.0755501621286,2261.0643365665346,0.0,47709.336825523045,0.0,170651.12826518822,56358.22569657987,148963.4412782767,708871.2167185374,60071.17282941384,144.33033380187084,0.0,48717414.879524566,0.0,0.0,3161.1029014862534,162403.04892643294,0.0,49482.05090302298,6732.902113104475,0.0,8545.270526253076,77557.79288585989,135.3148018957549,81795.26334643521,467.9226528056123,9281604.3711202,0.0,5079.5066310487855,1268.194156072609,0.0,2076.596515062478,1299717.704435699,0.0,292578706.56583744,10048160.700521467,0.0,0.0,4620551.821978403,94674.39511341612,37114.4012593275,15049745.083056204,0.0,0.0,50691.25765962876,0.0,108403.15164922878,11453429.057628598,0.0,0.0,8312575.688334618,17250.256018513945,0.0,21694.06778200585,75538.39675555628,2051225.2275242507,41373180.251848444,0.0,1934516.7286531243,0.0,2856.068506455791,4319589.10101782,0.0,0.0,0.0,403.8097643457791,0.0,1031482.7241267698,0.0,0.0,0.0,130956.88863009651,0.0,26915.113816054964,75197.89041584297,48403.33350603685,282433.01412712916,121012500.77429157,0.0,318.1493724711657,822169.3048226399,0.0,0.0,6347.127974110703,1457496.3000922622,0.0,340.38445069965763,5741.810162538821,0.0,0.0,779535.1812665923,140814.68550691943,0.0,0.0,1566037.5972604211,5805.252503817745,0.0,753469.006922579,0.0,1168958.7538562487,981424633.9780058,0.0,9300.443320370508,16617802.141590765,18080.71150328613,0.0,696227.7710271312,0.0,0.0,0.0,129660.31951378542,1220725.541323135,50.00661129694876,0.0
PHL,37578.938799694966,127643.7779520484,1181.7135809676001,0.0,0.0,0.0,1572267.3028515223,44545.67973521757,510327.8203405783,0.0,0.0,153959.30006495345,11250652.30005764,55021.600137970985,133933.73148189607,2852.576486905128,10391148.551692022,1665.0586310596186,2258.988713295066,2162137.36918498,354506.4521931465,5166728.545459699,471365.21298952267,81282.20716816722,316301.8844439354,0.0,178741.3222349541,0.0,4800049.753557867,10065.938689303312,964039.6695832616,0.0,0.0,0.0,0.0,31792082.60989999,0.0,4383706.027347861,388992.55314737797,662439908.452284,85405.3062789817,0.0,0.0,0.0,0.0,33620.630874268136,0.0,0.0,62758.91827246371,234080.92560488725,0.0,13305.428536670297,945465.2685251561,354743.4289170688,42632370.68535384,892.6085460256216,0.0,3536457.6420273245,535246.8330062524,188014.22398983152,48129.431888106905,5474451.07427863,0.0,0.0,107812639.05175872,69200.99674948165,23027.449845625644,296679.25598611654,149754.49253140966,0.0,31466766.484198317,0.0,333418.0219575299,0.0,88354473.5467591,112494.76903126793,249954.38940286858,0.0,0.0,0.0,2199.568116621179,101666.59768998486,50.99239836822727,0.0,57105.25102254489,0.0,1269401.5953485325,0.0,0.0,35797.69087928707,54391.66167322695,27961.031133321052,413654.170529844,97022560.31198974,45696599.86576692,0.0,12998086.193276707,171700985.2351793,967745.8387228152,19640.720463441783,3169748.7244471735,175217738.86345196,120555.95634136315,1716005.0998432843,1094079867.6133668,394189.5640374348,65050.38981903713,151.83634893607518,189090.39161617478,74964.41530753761,512955158.00906247,40970917.72825923,0.0,916160.5281590172,381077.29670637305,143780.904584393,0.0,0.0,321886.1018200143,0.0,239275.2117701161,2212.4156033844156,347770.6747019495,568834.7556056615,4350.235456916874,25341.944373851442,126759.06859545893,9235944.673143264,152843.26944542406,0.0,0.0,28518.562160742462,309219.8638263318,2480.858803501627,785958.4005076884,268192.56718595483,11642.9285617534,812705.2006851829,0.0,2514431.734937314,0.0,167076336.82086855,0.0,299470.9853840547,0.0,0.0,126097.32219357396,25524.01108286549,0.0,1805325302.9500563,353081.4062945915,46246.04164383603,2070.6031814216094,34050986.236298926,1083840.7235522864,21060885.886185456,738818.7819630281,0.0,33838.13501110664,0.0,201866.50167627184,401268.7645980657,1180107.9238255194,0.0,0.0,458741.51974018273,50060.322845501105,0.0,70287.23225729671,7473245.667966355,237152.60950622655,17334253.30570544,0.0,69823821.85003679,0.0,121185.47880483203,72386731.0629005,0.0,0.0,0.0,61363.48649709183,24333.947147996332,38800.50019615973,0.0,0.0,0.0,257225.86226988691,0.0,0.0,11088.884237487033,6805.092407096181,564302.0889887922,6591120.101476763,0.0,7725.428095954042,801921.1822499349,0.0,0.0,1654.646198967542,49809833.59142724,0.0,0.0,256.42171284378753,3242.30966050931,90804.22935992361,147346.7999868311,217053.33195886528,0.0,1753.68351337796,55176247.14385733,59220.52073074141,136910.4282620623,311766.14830394683,0.0,287994.90172771295,2396272375.469492,0.0,155.2435865928752,685575.445046349,1117.660241396662,0.0,122038197.9336505,137929.10223935012,0.0,158053.2945504539,33569.10106760274,5486128.503991289,15468.758045721683,1162920.1676105044
PLW,0.0,0.0,0.0,0.0,0.0,0.0,0.0,0.0,0.0,0.0,0.0,0.0,0.0,0.0,0.0,0.0,0.0,0.0,0.0,0.0,0.0,0.0,0.0,0.0,0.0,0.0,0.0,0.0,4067.478777938275,0.0,0.0,0.0,0.0,0.0,0.0,0.0,0.0,0.0,0.0,0.0,2885.2671305574117,0.0,0.0,0.0,0.0,595.7142299327843,0.0,0.0,0.0,0.0,0.0,0.0,0.0,0.0,0.0,0.0,0.0,0.0,0.0,0.0,0.0,0.0,0.0,0.0,0.0,0.0,0.0,0.0,0.0,0.0,0.0,0.0,0.0,0.0,0.0,0.0,0.0,0.0,0.0,0.0,0.0,0.0,0.0,0.0,0.0,0.0,0.0,0.0,0.0,0.0,0.0,0.0,0.0,0.0,0.0,0.0,0.0,0.0,0.0,0.0,0.0,0.0,0.0,0.0,24167.400475753748,0.0,0.0,0.0,0.0,0.0,0.0,0.0,0.0,0.0,0.0,0.0,0.0,0.0,0.0,0.0,0.0,0.0,0.0,0.0,0.0,0.0,0.0,0.0,0.0,0.0,0.0,0.0,0.0,0.0,0.0,0.0,0.0,0.0,0.0,0.0,0.0,0.0,0.0,0.0,0.0,0.0,0.0,0.0,0.0,0.0,0.0,0.0,0.0,0.0,0.0,0.0,0.0,0.0,0.0,0.0,0.0,0.0,0.0,0.0,0.0,0.0,0.0,0.0,0.0,0.0,0.0,0.0,0.0,0.0,0.0,0.0,0.0,0.0,0.0,0.0,0.0,0.0,0.0,0.0,0.0,0.0,0.0,0.0,0.0,0.0,0.0,0.0,0.0,0.0,0.0,0.0,0.0,0.0,0.0,0.0,0.0,0.0,0.0,0.0,0.0,0.0,0.0,0.0,0.0,0.0,0.0,0.0,0.0,0.0,0.0,0.0,0.0,0.0,0.0,0.0,0.0,0.0,0.0,0.0,0.0,0.0,0.0,0.0,0.0
PNG,0.0,0.0,0.0,0.0,0.0,0.0,2625.501651863293,78123.8829852293,0.0,0.0,0.0,0.0,127456938.99422118,55526.67331221964,0.0,0.0,189978019.36151966,0.0,0.0,1374631.5834055492,342904.20422916865,1317.853488793714,0.0,31552.42518735444,16942.881393384803,0.0,0.0,0.0,0.0,0.0,0.0,0.0,0.0,0.0,0.0,4385374.412621224,0.0,1681881.4391921307,422373.2251060275,18132509.125906006,0.0,0.0,0.0,0.0,0.0,0.0,0.0,0.0,0.0,0.0,0.0,0.0,0.0,96846.05075217612,719132272.1348954,0.0,0.0,1814574.9214610397,0.0,0.0,0.0,0.0,0.0,0.0,329128454.3424852,0.0,0.0,963292.6609994335,878661.6096835673,0.0,9319136.111405086,0.0,0.0,0.0,441911041.85015976,0.0,0.0,0.0,0.0,0.0,0.0,9005086.15148359,0.0,0.0,0.0,0.0,0.0,0.0,0.0,0.0,127025.9194060414,0.0,0.0,115733294.4051273,2839003.6097181626,0.0,809975.9671185464,0.0,0.0,5285.5363431694095,35264.89474072041,109064540.5460357,0.0,1930621.5374820547,50454250.940671965,32901.73289535025,0.0,0.0,0.0,0.0,8584755.260445599,1757.9232264186771,0.0,0.0,0.0,0.0,0.0,0.0,715158.6383029921,0.0,0.0,0.0,0.0,50310.26934636451,0.0,0.0,0.0,334080.3461296146,0.0,0.0,0.0,0.0,0.0,0.0,1310.5688055263915,0.0,0.0,0.0,0.0,0.0,0.0,604481367.8576051,0.0,2383413.6787662627,0.0,0.0,0.0,0.0,0.0,374729946.5342691,268230.2464257689,0.0,0.0,19905273.866358865,0.0,234656.27588607406,0.0,0.0,0.0,66601676.4500237,0.0,0.0,123920.0260307823,0.0,0.0,2304169.1332671903,0.0,0.0,179604.51484662807,0.0,0.0,26932937.04257185,0.0,0.0,0.0,0.0,143732399.08563232,0.0,0.0,0.0,445273.00184256234,0.0,0.0,0.0,0.0,0.0,1306.1072126192744,0.0,0.0,0.0,0.0,658042.7612959332,3003585.533886091,0.0,0.0,0.0,0.0,0.0,0.0,62974631.84149817,0.0,0.0,0.0,0.0,0.0,0.0,3918.3216378578236,0.0,0.0,1841902.6483791103,0.0,0.0,570282.571135595,0.0,1816473.1904087453,366536650.2585911,0.0,0.0,0.0,0.0,0.0,0.0,353657.0831587103,0.0,317442.9670802362,0.0,986097.0390783381,0.0,0.0
POL,2901.4302341358966,92750.5777360555,1504473.590722532,0.0,5209827.901551504,0.0,210847.73405330055,5169126.638249014,15277.032906591547,0.0,0.0,2850.286952756335,26285799.21310635,159833107.62967217,10773834.41542203,1017.2433038652057,143174989.00171924,404118.8952209649,62005.42201604413,2800571.2544716536,88930798.3788203,2972840.4487491124,158276.6437779854,24064875.04832861,104442772.94988236,109782.45892442604,8932.529554796865,1660.3035746207272,10745594.538664775,27182.943342698123,70.84048489544757,0.0,0.0,532970.0906358178,5516.563076076472,41868923.91530978,0.0,21915934.49014094,3042895.0776559617,14401127.875587039,368751.14940898994,1739513.9695106866,1871126.3024966812,1698721.3054843296,884.3999000752056,251141.5290193357,1272.6466546136285,336706.92656322557,235795.58623008383,27574970.896190073,0.0,5322.774016592943,13958796.025099857,910018525.1833177,2967010596.7773366,113335.57701964234,62546.077322105695,146200677.63335073,356628.66875973303,138226515.41702527,22141.21253863505,177119726.64944813,0.0,0.0,193342413.1206218,52815020.93504563,289437.12296800443,34974404.6191431,14098.483710263266,0.0,326097487.88797957,223759.09899157856,0.0,1160339.2374607513,1030754349.1641371,7989966.5280621415,1567554.4962421136,0.0,6320403.152653914,5558.796901114825,100103.15228444301,63444183.33383335,0.0,190761.31036074078,493432.3629032057,0.0,70.91576915150338,2488.8482986551667,0.0,6012.756486410621,55412742.196683474,1672735.2228073438,220655279.43295383,1447500.587708105,9467009.010805182,0.0,103177794.93985951,10235588.53057705,1370102.2814176874,11378659.585738998,94694683.78417218,176572064.7949545,11016.072594092295,12474242.63231424,7713541.082679695,37568990.626504324,43827462.26820303,3876756.5615952197,6435569.271409307,3866.377586428605,3734790.012930624,7448915.16495291,0.0,23145299.725021914,8785.915948189426,19680454.052136905,46271.21612190553,0.0,3184387.365490062,71912.54330201392,314752036.426268,8173255.605692867,132655091.70702256,84808266.52258426,30148140.55659025,49401.64497988794,260926.91787702538,10458583.666503396,0.0,0.0,68308.67715626111,3294946.688878107,328992.73435984855,2778930.583962527,11503118.410806848,0.0,18791804.837853298,5546831.806000584,0.0,296335.5448427335,1120033.6707900434,5871159.378209173,5784.525126491174,76754.97859221682,26251.6445345637,0.0,53952037.565256424,10401.181794643504,0.0,358435407.177712,52268541.224363714,37098.294575909305,0.0,1968367.0153040783,4620032.823198784,960896.4759120219,1373480.304427554,0.0,314083.52152559394,945544.4446657965,0.0,457475.7270434829,0.0,0.0,0.0,28196798.23530163,92868.69359234402,0.0,65855.33706767282,4557920.11864818,214317771.1597877,431590860.3771832,1332400.2161243176,357633902.2605269,0.0,2341997.112691489,6668684.196328125,0.0,0.0,0.0,236.51386506831398,575446.6832268625,11345.75710099787,0.0,0.0,0.0,47109124.413413376,0.0,0.0,10637.340847007848,364196876.32847357,49196761.71149613,153368299.73144448,0.0,11659.98291081657,15620862.844766842,0.0,648.0979128647301,227362.435030457,759459.3391116487,10054487.735348834,0.0,4149403.810973493,0.0,741.2398456708902,255955.9438907921,8064699.864677029,0.0,0.0,4013391.7560563185,33586087.64646352,12279709.470644733,262256981.7505906,0.0,808117.7394307904,115606424.15618578,13112604.145980312,0.0,323205.90091086033,613691.0082349806,0.0,1429427.2577697395,0.0,0.0,0.0,3951415.0865218467,56173797.63219094,39467.644383606734,10747299.741227498
PRI,0.0,0.0,0.0,0.0,0.0,0.0,0.0,0.0,0.0,0.0,0.0,0.0,0.0,0.0,0.0,0.0,0.0,0.0,0.0,0.0,0.0,0.0,0.0,0.0,0.0,0.0,0.0,0.0,0.0,0.0,0.0,0.0,0.0,0.0,0.0,0.0,0.0,0.0,0.0,0.0,0.0,0.0,0.0,0.0,0.0,0.0,0.0,0.0,0.0,0.0,0.0,0.0,0.0,0.0,0.0,0.0,0.0,0.0,0.0,0.0,0.0,0.0,0.0,0.0,0.0,0.0,0.0,0.0,0.0,0.0,0.0,0.0,0.0,0.0,0.0,0.0,0.0,0.0,0.0,0.0,0.0,0.0,0.0,0.0,0.0,0.0,0.0,0.0,0.0,0.0,0.0,0.0,0.0,0.0,0.0,0.0,0.0,0.0,0.0,0.0,0.0,0.0,0.0,0.0,0.0,0.0,0.0,0.0,0.0,0.0,0.0,0.0,0.0,0.0,0.0,0.0,0.0,0.0,0.0,0.0,0.0,0.0,0.0,0.0,0.0,0.0,0.0,0.0,0.0,0.0,0.0,0.0,0.0,0.0,0.0,0.0,0.0,0.0,0.0,0.0,0.0,0.0,0.0,0.0,0.0,0.0,0.0,0.0,0.0,0.0,0.0,0.0,0.0,0.0,0.0,0.0,0.0,0.0,0.0,0.0,0.0,0.0,0.0,0.0,0.0,0.0,0.0,0.0,0.0,0.0,0.0,0.0,0.0,0.0,0.0,0.0,0.0,0.0,0.0,0.0,0.0,0.0,0.0,0.0,0.0,0.0,0.0,0.0,0.0,0.0,0.0,0.0,0.0,0.0,0.0,0.0,0.0,0.0,0.0,0.0,0.0,0.0,0.0,0.0,0.0,0.0,0.0,0.0,0.0,0.0,0.0,0.0,0.0,0.0,0.0,0.0,0.0,0.0,0.0,0.0,0.0,0.0,0.0,0.0,0.0,0.0,0.0,0.0,0.0
PRK,0.0,0.0,0.0,0.0,0.0,0.0,0.0,0.0,0.0,0.0,0.0,0.0,0.0,0.0,0.0,0.0,0.0,0.0,0.0,0.0,0.0,0.0,0.0,0.0,0.0,0.0,0.0,0.0,0.0,0.0,0.0,0.0,0.0,0.0,0.0,0.0,0.0,0.0,0.0,0.0,0.0,0.0,0.0,0.0,0.0,0.0,0.0,0.0,0.0,0.0,0.0,0.0,0.0,0.0,0.0,0.0,0.0,0.0,0.0,0.0,0.0,0.0,0.0,0.0,0.0,0.0,0.0,0.0,0.0,0.0,0.0,0.0,0.0,0.0,0.0,0.0,0.0,0.0,0.0,0.0,0.0,0.0,0.0,0.0,0.0,0.0,0.0,0.0,0.0,0.0,0.0,0.0,0.0,0.0,0.0,0.0,0.0,0.0,0.0,0.0,0.0,0.0,0.0,0.0,0.0,0.0,0.0,0.0,0.0,0.0,0.0,0.0,0.0,0.0,0.0,0.0,0.0,0.0,0.0,0.0,0.0,0.0,0.0,0.0,0.0,0.0,0.0,0.0,0.0,0.0,0.0,0.0,0.0,0.0,0.0,0.0,0.0,0.0,0.0,0.0,0.0,0.0,0.0,0.0,0.0,0.0,0.0,0.0,0.0,0.0,0.0,0.0,0.0,0.0,0.0,0.0,0.0,0.0,0.0,0.0,0.0,0.0,0.0,0.0,0.0,0.0,0.0,0.0,0.0,0.0,0.0,0.0,0.0,0.0,0.0,0.0,0.0,0.0,0.0,0.0,0.0,0.0,0.0,0.0,0.0,0.0,0.0,0.0,0.0,0.0,0.0,0.0,0.0,0.0,0.0,0.0,0.0,0.0,0.0,0.0,0.0,0.0,0.0,0.0,0.0,0.0,0.0,0.0,0.0,0.0,0.0,0.0,0.0,0.0,0.0,0.0,0.0,0.0,0.0,0.0,0.0,0.0,0.0,0.0,0.0,0.0,0.0,0.0,0.0
PRT,13084.073317148735,300.0621704995298,398545533.86616635,0.0,1573447.4516047486,0.0,21763.095426725173,432680.2224653271,0.0,0.0,0.0,21699.7176762821,2614082.720655675,3371980.059322319,2687114.9489867175,0.0,38751236.269253835,396927.1703530093,69173.41015526891,5790.957474716831,3336616.915771944,278149.26836597297,86568.9640140941,92163.73435287803,1062510.104729056,2463.0686841119596,109556.60661340805,112565.37080607838,577213554.9892083,123775.96762245371,0.0,0.0,0.0,12751.266359292618,96488.82126390618,24187898.81695537,0.0,26164975.55898635,1254479.8224178627,10766307.079920854,535297.4015147104,763702.0863049864,818012.6465301431,385817.20050976827,0.0,272076.4600943305,0.0,62024123.01543841,97220.80634357233,2960690.6943542236,0.0,9688.751203753693,3061258.5198454023,11344686.436468903,61925286.913723215,50262.84944812701,5761.895534104941,6945662.05119491,53054.775572317274,5450413.719227991,677921.9697308218,3181208.129545572,0.0,0.0,1641027051.266415,1382666.554467339,1456367.9585066056,3661035.094133048,174.84247224447157,0.0,190782932.58897373,1305.0437253759922,0.0,131326.04029110936,102464872.78319943,1947585.729422986,4354789.876772722,0.0,429699.45439145126,14788196.143381162,220457.7458984052,24763492.868700128,641.136014397974,17664.769643844837,132459.41991998092,0.0,0.0,0.0,0.0,44088.402311491685,224668.04026824704,15577.208341807722,1689930.9265057994,42640.42773510642,1433158.749383769,0.0,19260182.41146563,29518.51237357842,421006.31567694264,100327.0827604387,9412783.522205712,209490813.57950598,411.00473309955,3803324.210149781,7335797.601293866,488809.7823845891,22744.73316756854,1032.4085344874625,3513.400347598765,0.0,10312673.83416972,1998682.287380411,0.0,1883075.4227300435,5999.306422522573,9108823.957087487,41695.43395312072,0.0,6629.34327558803,0.0,3502785.864935358,20835614.447876785,812588.9347951451,9713230.672792787,71192.91863552091,80640.96798338015,45383.31349446035,919222.2559446796,0.0,0.0,100842.42963313671,918110.9835356636,3754.309926258955,31903.4319588265,1695.7838607409196,0.0,26316880.889677446,53057.98811827848,4136.451781063563,130494.87107951782,36991.81353084487,284220.87718037405,662283.0373668533,86309.56137137838,38637.58212962842,0.0,10531073.226239672,10076.047717935864,0.0,51128829.115121886,5156243.129157793,12318.813056282634,0.0,350556.6739467081,641514.503034367,199189.68154506103,265115.7651326601,0.0,112791.05619121577,166332.5936990402,0.0,0.0,25386736.61787112,0.0,0.0,0.0,329521.66040529974,0.0,42612.764552323046,436425.73838178784,9120222.046005152,25830336.675133888,2468.9930546175156,3746747.8313177833,0.0,1820676.6185828084,494519.05477382056,0.0,0.0,0.0,0.0,81099.4398969835,14043.158330054874,0.0,7096.965557813219,0.0,305982.4892853425,0.0,26379268.882765777,3653.1357513464923,312736.1550725001,415455.16307295737,12230965.280519357,0.0,3573085.7170784962,4423644.566455396,1516.7351583010184,7481.368701943171,93902.52027227677,162134.2057116457,0.0,0.0,6595.22905164379,689563.2614280916,0.0,563922.8055464135,958141.8742339262,0.0,0.0,294271.99427693913,43559.551065568165,10629.761971446815,4767297.8986892495,0.0,551953.2607453886,65428205.87488714,0.0,21294.61072781474,28422707.01876759,3286.3609158607383,0.0,28750.757241560408,163.13046567199902,0.0,0.0,26222.432906364607,25949717.05250318,29479.332598675966,5177824.73509362
PRY,16963.58172456947,142494.92152555005,1363617.750323484,0.0,0.0,0.0,1466395939.029546,678.2643025035175,0.0,0.0,0.0,0.0,1595804.328690671,100605.56411842756,3057.992704100911,0.0,81616958.6095613,24377.780358896565,998190.126711371,358686374.837883,73711.14110670966,682195.619208389,125.5545952757814,120747.66209773865,25169.52226125362,62.69958517714182,0.0,24373887.582590222,3644745404.5371456,86737.85007042065,0.0,0.0,0.0,0.0,0.0,10861012.918036168,0.0,196297873.98304865,1287150585.8161485,81262827.03706013,9382616.150075322,6430904.972818273,9209993.039470078,16765537.255489767,0.0,190101492.02639672,0.0,4739437.16893293,98499995.66309072,0.0,0.0,65942561.55531046,4388358.179955446,230360.06991518545,1294686352.5868077,0.0,0.0,83277873.70154242,68682081.46874131,222824246.15068594,123405351.97559994,201843169.90638298,0.0,0.0,892590658.737955,24911.021372697647,0.0,135738.90502585104,0.0,0.0,254394394.65142235,0.0,0.0,0.0,164703079.08641297,0.0,2690238.995657795,0.0,91810.04723670163,1679894.289954544,0.0,322233615.1397334,3777.1363356507522,0.0,6371632.075921633,0.0,0.0,0.0,0.0,172963.5151469102,100457.8887788595,4110.180414712881,130.66590714567752,173389859.02776602,343539686.056986,0.0,6092143.999323217,141859549.58571702,22000583.83310233,252516.1380508077,375917842.7961312,1092220028.099312,43438.49770463643,9063458.331200443,297466943.80321574,3609.077369480906,28530846.626412824,0.0,0.0,0.0,273834887.8839957,7482300.206072198,0.0,9725352.65208461,0.0,4874885.754674158,0.0,0.0,4061211.836821405,0.0,11601870.925290905,398431.6550077233,602.0480161686531,215640965.19551763,86777.75243736061,12709685.234608427,0.0,510707598.33641934,0.0,0.0,599308.3840201126,0.0,12666980.40689554,4403.642308706301,0.0,0.0,7994551.700143842,0.0,0.0,25825722.65215824,20985.24925056646,195626415.85775155,0.0,0.0,985534.467795872,0.0,48584822.14153038,5600492.126249108,0.0,971632181.0264314,338742.08213787834,25773624.54100738,0.0,447039.1276019375,8877177.971563246,45052576.08701737,1345228.50192348,0.0,959153374.1666112,8281500.230972595,0.0,0.0,296039272.117575,0.0,0.0,332611813.41780174,0.0,0.0,0.0,4509.021943330132,36942818.99167959,1570962709.0972223,2680337.4520198423,71988399.28454748,0.0,13752763.860802488,2190136.781067675,0.0,0.0,0.0,0.0,5903221.279324989,73699.8521981014,0.0,0.0,0.0,116757.14549561846,0.0,0.0,0.0,37366.53205904647,103733941.46070904,8355840.485506654,0.0,0.0,2126522.357916629,0.0,0.0,115578.69191145783,107655110.5477002,0.0,0.0,0.0,0.0,0.0,3314862.972289927,202912734.77801603,0.0,0.0,50669866.93276934,17381821.985737924,9016516.141869359,779644.7188041284,0.0,870419735.9248794,199057828.54684618,0.0,0.0,273603638.8138344,19001.494398622184,0.0,147940591.91967684,0.0,0.0,0.0,22497180.42232879,138543323.46463048,0.0,0.0
PSE,0.0,0.0,0.0,0.0,0.0,0.0,0.0,0.0,0.0,0.0,0.0,0.0,0.0,0.0,0.0,0.0,0.0,0.0,0.0,0.0,0.0,0.0,0.0,0.0,0.0,0.0,0.0,0.0,0.0,0.0,0.0,0.0,0.0,0.0,0.0,0.0,0.0,0.0,0.0,0.0,0.0,0.0,0.0,0.0,0.0,0.0,0.0,0.0,0.0,0.0,0.0,0.0,0.0,0.0,0.0,0.0,0.0,0.0,0.0,0.0,0.0,0.0,0.0,0.0,0.0,0.0,0.0,0.0,0.0,0.0,0.0,0.0,0.0,0.0,0.0,0.0,0.0,0.0,0.0,0.0,0.0,0.0,0.0,0.0,0.0,0.0,0.0,0.0,0.0,0.0,0.0,0.0,0.0,0.0,0.0,0.0,0.0,0.0,0.0,0.0,0.0,0.0,0.0,0.0,0.0,0.0,0.0,0.0,0.0,0.0,0.0,0.0,0.0,0.0,0.0,0.0,0.0,0.0,0.0,0.0,0.0,0.0,0.0,0.0,0.0,0.0,0.0,0.0,0.0,0.0,0.0,0.0,0.0,0.0,0.0,0.0,0.0,0.0,0.0,0.0,0.0,0.0,0.0,0.0,0.0,0.0,0.0,0.0,0.0,0.0,0.0,0.0,0.0,0.0,0.0,0.0,0.0,0.0,0.0,0.0,0.0,0.0,0.0,0.0,0.0,0.0,0.0,0.0,0.0,0.0,0.0,0.0,0.0,0.0,0.0,0.0,0.0,0.0,0.0,0.0,0.0,0.0,0.0,0.0,0.0,0.0,0.0,0.0,0.0,0.0,0.0,0.0,0.0,0.0,0.0,0.0,0.0,0.0,0.0,0.0,0.0,0.0,0.0,0.0,0.0,0.0,0.0,0.0,0.0,0.0,0.0,0.0,0.0,0.0,0.0,0.0,0.0,0.0,0.0,0.0,0.0,0.0,0.0,0.0,0.0,0.0,0.0,0.0,0.0
PYF,0.0,0.0,0.0,0.0,0.0,0.0,0.0,0.0,0.0,0.0,0.0,0.0,14483.005080076258,0.0,0.0,0.0,1365812.1239163252,0.0,0.0,0.0,0.0,3087.841049044544,0.0,255.05262142511654,0.0,0.0,0.0,0.0,0.0,0.0,0.0,0.0,0.0,0.0,0.0,52502.85292050441,0.0,4801.353737496733,1536.7144579476142,108344.1480538144,0.0,0.0,0.0,0.0,0.0,0.0,0.0,0.0,0.0,0.0,0.0,0.0,0.0,0.0,2715042.1911633103,0.0,0.0,12397.124565903536,0.0,5126.217669933365,0.0,0.0,0.0,0.0,1896.4573144424835,0.0,0.0,0.0,0.0,0.0,30937903.833598297,0.0,0.0,0.0,2342.2403518951714,0.0,0.0,0.0,0.0,0.0,0.0,148089.85748981326,0.0,0.0,0.0,0.0,110.43606295778227,0.0,0.0,0.0,120.33504066822375,0.0,0.0,0.0,2275.74877733098,0.0,0.0,0.0,0.0,0.0,0.0,121.9215695861397,0.0,0.0,130480.64664662995,0.0,0.0,0.0,0.0,0.0,67841.64937279298,0.0,0.0,0.0,0.0,0.0,0.0,0.0,0.0,0.0,0.0,0.0,0.0,0.0,0.0,0.0,0.0,143.67996394595218,0.0,0.0,0.0,11864.472930719137,0.0,0.0,0.0,0.0,0.0,0.0,0.0,0.0,0.0,0.0,0.0,147806.9925648324,0.0,0.0,0.0,0.0,0.0,446240.18919619883,0.0,0.0,0.0,180643.48928355065,0.0,0.0,0.0,0.0,0.0,0.0,0.0,0.0,0.0,0.0,0.0,0.0,0.0,0.0,0.0,0.0,0.0,0.0,0.0,0.0,0.0,0.0,490186.5779968796,0.0,0.0,0.0,0.0,0.0,0.0,0.0,0.0,0.0,120.21704593028312,0.0,0.0,0.0,0.0,0.0,0.0,0.0,0.0,0.0,0.0,0.0,0.0,0.0,0.0,0.0,0.0,0.0,0.0,0.0,0.0,0.0,0.0,14241.225224588577,0.0,0.0,10940.502677742788,0.0,0.0,222290.055688347,0.0,0.0,0.0,0.0,0.0,0.0,0.0,197.89465267328399,83.92957358221506,0.0,0.0,0.0,0.0
QAT,0.0,209.24996341796904,0.0,0.0,0.0,0.0,0.0,0.0,0.0,0.0,0.0,0.0,1344.46119077672,0.0,0.0,0.0,343455.90536854765,8658.500821185336,5656.537490504389,14061.298810779073,0.0,902744.8001756276,0.0,0.0,0.0,0.0,0.0,0.0,4107.28833609217,0.0,0.0,0.0,0.0,0.0,0.0,34523.03270148637,0.0,2312.35260299947,203.45912932587342,1395.916370916283,0.0,0.0,11009.443560134265,0.0,0.0,0.0,12731.749359919257,0.0,0.0,0.0,0.0,0.0,0.0,0.0,2176.29508612949,0.0,0.0,0.0,0.0,0.0,0.0,8237.039220361808,0.0,0.0,52184.36047363428,0.0,0.0,0.0,0.0,0.0,18180.284712009692,0.0,0.0,0.0,10797.139549306887,0.0,1249.829895211903,0.0,10347.08476460656,0.0,0.0,49990.766852883135,0.0,0.0,0.0,0.0,0.0,0.0,0.0,0.0,248.96074472483755,0.0,0.0,3393.5167374349066,4199864.291255433,0.0,623.7205847270665,315949.5110747493,12579.784673600505,0.0,0.0,11801.136213467238,0.0,368207.23287283955,0.0,278.8062368514263,0.0,2358.226265112102,2081.5635483587666,0.0,5873.147850044923,438596.60375760717,0.0,42794.77324828342,0.0,372.61082259280965,0.0,0.0,16054.032930636138,0.0,0.0,0.0,0.0,24.42655605325653,418.4999268359381,0.0,20514.851304599077,0.0,0.0,0.0,0.0,0.0,30691.238499010164,0.0,0.0,0.0,0.0,67219.63584403972,0.0,0.0,1255.4997805078142,31370.519736388724,0.0,0.0,5075.636882162118,0.0,0.0,0.0,0.0,6827.118014858072,0.0,24926.42140545138,0.0,1522.6910646486351,119187.28413482412,1031805.3591848934,0.0,0.0,0.0,2368.9543097051424,0.0,0.0,16292.04785859428,0.0,0.0,1489.8439159518623,0.0,0.0,0.0,0.0,0.0,0.0,0.0,14639580.98647712,0.0,0.0,4145.28688136309,0.0,0.0,0.0,0.0,0.0,0.0,0.0,74852.32459054062,0.0,248.42565206308498,0.0,0.0,0.0,0.0,0.0,164.52523018818815,0.0,0.0,38937.41326561422,0.0,0.0,15137.72783955555,15874.466191309675,0.0,0.0,0.0,0.0,0.0,0.0,3719.087128519446,0.0,0.0,0.0,591.3634771593089,5075.636882162118,0.0,0.0,0.0,3324.58864611509,0.0,0.0,0.0,0.0,0.0,1086.6809063473063,0.0,0.0,0.0,135483.34793594162,4242.491889802488,0.0,0.0
ROU,0.0,0.0,309979.3472541625,0.0,8815213.962179411,0.0,55591.21691763223,4725126.655858145,0.0,0.0,0.0,1008.3700598018227,407253.75489603926,69463074.89271142,11147567.611324066,0.0,423108050.3224427,26894.864716319,159103.2172083715,76160912.1426086,429799622.17880243,3126414.6940130345,57.81375076873846,34103589.83880912,1144894.6954300145,125.18181197579696,125.18181197579696,0.0,217220.28319119208,83.5828232682329,0.0,0.0,0.0,0.0,0.0,15274929.378119167,0.0,10763272.229776926,210158.6977031091,2305941.6321264855,1954576.9496375045,172723.53319532165,8693640.152045103,18127049.664616186,0.0,72194.69303774335,1235.684524434548,19717.78424337738,80757.47472355253,0.0,0.0,0.0,98872849.79903783,37978563.88754288,350422253.0902313,66265914.71006966,26938.403543738546,14442964.89003833,64872.189151371764,62642914.097394854,1499.8045558707363,1042773635.371319,1224208.3431458164,0.0,1091091703.2589097,1478319.341088426,171759150.76871476,710546.0406522263,0.0,0.0,563978147.990836,118.52895998472565,0.0,20751.439345636187,134259562.52909625,13700213.797885196,1654198.707648043,0.0,30477.665194496527,3742.9361780763293,0.0,270018760.2079467,0.0,0.0,34094.57879912151,0.0,0.0,0.0,0.0,0.0,5236732.390957766,0.0,510062902.0607982,19094057.577776596,12333961.46007859,0.0,45430062.620071664,101824703.09399375,124779742.35966714,3534.6302170271388,268918717.09683055,755372690.9341542,0.0,382721523.069533,83054689.55086331,4859049.439206045,197958.95778533482,1212304.2245836968,0.0,0.0,308705426.18439937,3261859.8106228593,0.0,119276011.92672355,1004.3863343916479,284127021.69063205,0.0,0.0,22176085.220531456,0.0,3161195.5803735848,36849.16056014802,1440477.09428778,84023341.92676497,22887200.520590797,133304.31917401808,0.0,93176.71941931272,2448.3609409311966,0.0,0.0,11235447.14805481,384940.45868278015,1314469.238498563,149428.5830443566,0.0,2794813.480893052,7294693.8109271685,0.0,110774.22640096775,0.0,7060263.984054746,0.0,14172.84740768561,227723.84531277962,0.0,17904947.453531984,5407.213727641352,0.0,1012708796.721281,221543.50218664884,18584.19938107529,0.0,17532.916724846902,3486171.4817202697,363205642.2395174,7130.405940153196,0.0,4430.288121953458,72347756.5575338,0.0,0.0,34069862.187046975,0.0,0.0,325222156.1324919,0.0,0.0,0.0,7483187.91018918,0.0,15321633.5919221,0.0,255612651.8610301,0.0,5614746.096479102,150328.12479926573,0.0,0.0,0.0,0.0,14238.17764272881,0.0,0.0,2688685.8206832246,0.0,33403778.408357423,0.0,12956.317539494985,349222.2211849088,55488997.681256846,15048850.058934603,941947.7729923563,0.0,0.0,289177677.1234513,0.0,0.0,119.0218922980321,20204051.394636273,0.0,0.0,57152.00573985498,0.0,0.0,67797.84113653886,123655596.1592769,0.0,0.0,1923567.3363903041,11826632.805806136,45049.280254978505,11097764.672954025,0.0,24551.810514053413,49079244.800526254,2586943.2217160617,549.373208079158,164972.06090620355,0.0,0.0,160596729.7275097,0.0,0.0,0.0,9599937.484787669,148473450.11284092,0.0,889110.0615319409
RUS,17187149.432529256,140638275.5697704,916654.5701777393,0.0,318511763.3367854,0.0,115512.6843743594,656174219.8257414,0.0,0.0,0.0,165.02810876600867,3566713.503035551,84764259.24904354,1799778447.5466125,19509310.109066904,435800420.1882729,25448.466752837605,1985338.7145068524,807256592.6325842,8912669.73004808,2274076.221096091,487.3903876339959,861812.8595984826,909743045.5586518,1783334.0581988392,0.0,45772.11391185475,8424970.41660023,2323.3479346680915,6326.260515763647,0.0,0.0,2024237.9878442043,217383.10487936012,12968429.117597273,0.0,79090294.85339898,944149.8425840164,565749956.0557325,16669805.074872592,24196117.906754505,80815688.45081377,24857283.59741156,0.0,23552.133920180175,0.0,861211.1518984914,77145.95223586225,48171084.09527493,0.0,0.0,166989544.47761825,41701362.23023469,297800862.2386746,126479933.08216794,9419.516998358064,216919446.20783785,5522489.171602456,427095033.1357501,29291885.689235974,8946682444.80021,27529483.82914798,0.0,745007355.3003068,31107110.776194915,141517429.6302609,106996235.5508515,0.0,0.0,264007164.2521072,4658913.362328564,0.0,0.0,200374569.6970443,968983524.3813019,66448884.77545173,0.0,1605795.5499516558,10858.619243281057,5443.623438858729,416673074.49401516,99.76621944327826,0.0,57832.745975059865,0.0,0.0,0.0,0.0,4549.191366487623,8828325.285015233,25954451.807309132,4666660.305388334,236961721.46206397,438629255.5623116,0.0,19777128.304417763,2458438739.273622,447257924.0146191,723099.4543668847,1285337993.4374475,1196816031.9677382,255.40903474128066,852080087.4896904,90227502.50768366,1456806151.1382241,667027534.6287074,336702347.0833154,53349.311832272826,256866361.5391904,351072652.6897193,92147889.58472222,0.0,707105491.6413066,93456.22513849706,1062484920.910141,0.0,0.0,124288403.8935816,146669.96442678256,306333659.8777234,11512.944104218415,783427896.7481306,417000978.23407763,75869933.7087641,11000465.649273386,7299.582162519272,260024947.47333875,211.52673907858653,0.0,10216023.174636222,2774002.5704730772,1734356.4608426488,2543426.1258273986,385071396.22597134,1845.7515818417503,226554732.17037627,82348252.70720443,0.0,64581.236540599144,60283195.01546992,55990662.88426585,5578426.681082928,1438510.4388188578,0.0,0.0,610372210.7837408,83388727.33733596,0.0,416633055.41035974,511463052.4169558,9026413.045235256,0.0,937823.2861156294,262370940.34259441,420468633.2529595,337663.9151465092,0.0,247564739.46741042,59733410.700277776,0.0,0.0,195403736.98339543,0.0,0.0,53855451.15636374,42078.075624576304,0.0,235100.80726190383,44153753.34148,65521936.26963976,0.0,46771048.776355356,2872430699.385616,0.0,98214314.46349001,1199763.5813748012,0.0,0.0,0.0,0.0,3213470.008946899,13491.661217753304,0.0,669714.6305152866,0.0,11437824.693350516,0.0,0.0,0.0,473419.8141388022,15179537.011477746,50993494.82220499,0.0,1182833.3770757373,756458759.7300532,0.0,291302.2980259272,53170.73357601098,61855753.13403324,287612857.04293793,40.81824763467235,204988458.71028274,0.0,13451.328561084702,86454.61720203124,635267709.6798856,0.0,32714.098623440143,25314697.858970728,448551847.89081424,141698229.78574762,656208926.5253798,0.0,33447.577237824196,47365871.270036,607277160.1397983,501.86183206278577,7961722.787493955,2690288.019263777,0.0,69288661.39870785,1633.9928753872325,0.0,0.0,1137870718.854118,577187182.3508496,2530148.274508476,18180389.76107621
RWA,0.0,0.0,0.0,0.0,0.0,0.0,0.0,0.0,0.0,0.0,0.0,0.0,1810371.3525676047,401034.2859510451,0.0,11825974.594764272,66389878.35878767,0.0,0.0,0.0,953040.9352543405,0.0,0.0,6533.239466317841,63047.28096179847,0.0,11416.369186978056,0.0,2031.882761265435,0.0,0.0,0.0,0.0,0.0,0.0,3637242.9134676964,0.0,31646423.97858325,6539.336858963201,413225.48299602116,116.87269032734811,0.0,40670884.80004193,117929.07680824184,0.0,0.0,26470.002896486214,0.0,0.0,0.0,0.0,0.0,0.0,273059.3922324431,59119167.12762127,0.0,0.0,1021558.3580527343,0.0,0.0,0.0,806853.2800916214,0.0,0.0,843686.4177555514,0.0,22.531422416405196,3835552.098358695,0.0,0.0,17041498.36783995,0.0,0.0,90.38267655302285,13657810.827989772,0.0,0.0,0.0,0.0,0.0,0.0,99665.27670849577,0.0,0.0,0.0,0.0,57381.68005074104,0.0,0.0,0.0,0.0,0.0,0.0,140845.941942728,339408.79037085024,0.0,96274.38045469385,0.0,0.0,62611.381208155915,410568.5091154744,3999990.3387409127,0.0,0.0,4416291.39610113,11882.636188705925,63400070.745609075,0.0,0.0,0.0,1651817.863041467,1634.8342147408002,0.0,0.0,0.0,0.0,0.0,0.0,0.0,0.0,0.0,0.0,0.0,1024408.7439296893,0.0,0.0,0.0,106464.08929026849,0.0,0.0,0.0,0.0,0.0,0.0,0.0,0.0,0.0,0.0,0.0,0.0,0.0,433.4003751132057,0.0,0.0,0.0,0.0,0.0,0.0,0.0,2108951.459288627,675435.5217965269,0.0,0.0,99228.9612988144,80392.49216153631,45875563.573385306,0.0,0.0,0.0,0.0,0.0,0.0,4525879.21364841,0.0,0.0,1023335.462465333,0.0,0.0,0.0,0.0,4797080.231344528,7199322.813844808,0.0,581323.2786724825,0.0,0.0,1066055.4278610626,0.0,43488.45664744908,0.0,0.0,0.0,0.0,0.0,0.0,0.0,49045.02644222401,0.0,0.0,0.0,65177.751822559396,157007.60557276657,6050133.218808797,0.0,0.0,0.0,0.0,0.0,0.0,7680.257888896939,0.0,0.0,0.0,0.0,0.0,0.0,80144.21347823115,0.0,0.0,428639.70544614905,45009136.46243281,63629308.48423978,11055.279633874406,0.0,0.0,76053628.88598993,0.0,0.0,0.0,0.0,0.0,0.0,0.0,0.0,0.0,0.0,1418719.606223842,0.0,0.0
SAU,4336.595331658517,6947441.257700252,2153885.803858908,0.0,101048.09855248645,0.0,0.0,8225.089833653927,0.0,0.0,0.0,0.0,547332.1236226826,10184.344347136366,51271.53448129259,8678.020447965646,229054.49968450802,595566.5590942081,305286.294557315,646448.5939134179,9021.708766328706,121150140.15550715,0.0,210157.86105868334,0.0,54493.65595382244,0.0,925.9132426197513,117520.50139865815,551.3371484911074,226164.62060447253,0.0,0.0,0.0,178120.302309438,1561810.3309730378,0.0,119228.21990452537,1557.2733829452554,2115339.312392782,530765.6732190653,338351.6028801805,290177.69132532994,3167.9641012813245,0.0,128710.91674019769,21530.144611193806,10570.942072968024,0.0,0.0,0.0,0.0,41190.97615600037,550.2290569843285,752131.066497258,10680980.7288482,0.0,1076590.696643277,0.0,11819995.820191693,0.0,32641237.979052637,597553.0125439679,0.0,7525347.281830998,3822.2134961272363,21991894.39000757,695.5697867183708,12841.016973180627,0.0,941848.9102366728,371.03380308408833,0.0,11126.886106457663,4255511.739764068,7771.604351374898,648729.9716688225,0.0,5710429.67592716,0.0,0.0,73602.82891712256,201.67799498566725,1589.9885368082446,0.0,0.0,0.0,0.0,0.0,137027.24798351905,160981.98981931072,0.0,5312.747732124711,2071869.013874785,45826755.45717778,0.0,53079.62670226597,532435.9871843172,157582556.53642815,982.9267681798774,0.0,346308.1694866061,1987.3087619920957,312589407.48936063,10014.342250407333,36907.00070914059,35345049.391535945,3637.564865384116,77490.60139588914,0.0,17874.836835602036,82157158.60699318,0.0,56979634.19955794,72860.14179402291,18204469.742177125,3070.691727804622,0.0,4379539.262203506,7807.873000045303,0.0,1626.640208342772,0.0,17898720.032529697,6137.899233067234,806078.7768697712,323187.78838520654,13550.757037497513,0.0,0.0,150219.25327232893,110789.16220923942,36205.349625352785,1686.0226596518733,0.0,0.0,12301.711537629571,8476481.888234645,0.0,287414.0107712691,38099.58485634145,6412769.601069226,1009.0839195188315,0.0,733509.27123941,0.0,247826.6792190196,70058.01527425143,0.0,5626975.645933393,410710.08195739257,108144.99261830113,0.0,133577.1429197838,125559713.29696645,18410726.756265942,0.0,0.0,349.1948914588918,3010932.71414576,0.0,0.0,69150.19594972386,0.0,0.0,3416140.803696537,0.0,0.0,0.0,48529493.54614122,31246.23114935757,2348916.171341235,3902083.9515099577,0.0,0.0,2187353.8822570737,1025698.7549838887,0.0,0.0,0.0,0.0,292166.7382295469,0.0,0.0,8715650.119893173,0.0,139905.1717277617,0.0,79134.26833470243,0.0,0.0,0.0,1005879.9237558512,0.0,23401.492405403307,34343006.40189085,0.0,71328.44142808064,249609.218705241,168129.74386668217,0.0,0.0,0.0,0.0,0.0,8070.408347739017,4485091.355588602,0.0,0.0,43944.76520587589,21509776.382681128,7343176.362823559,25981.701359765455,0.0,0.0,1896125.3414845073,0.0,0.0,819079.840764916,0.0,0.0,107233.41117278546,0.0,0.0,0.0,251500321.42018142,995140.6422879597,69608.83878880444,135806.9846649824
SDN,0.0,0.0,0.0,0.0,0.0,0.0,0.0,0.0,0.0,0.0,0.0,0.0,0.0,0.0,0.0,0.0,0.0,0.0,0.0,0.0,0.0,0.0,0.0,0.0,0.0,0.0,0.0,0.0,0.0,0.0,0.0,0.0,0.0,0.0,0.0,0.0,0.0,0.0,0.0,0.0,0.0,0.0,0.0,0.0,0.0,0.0,0.0,0.0,0.0,0.0,0.0,0.0,0.0,0.0,0.0,0.0,0.0,0.0,0.0,0.0,0.0,0.0,0.0,0.0,0.0,0.0,0.0,0.0,0.0,0.0,0.0,0.0,0.0,0.0,0.0,0.0,0.0,0.0,0.0,0.0,0.0,0.0,0.0,0.0,0.0,0.0,0.0,0.0,0.0,0.0,0.0,0.0,0.0,0.0,0.0,0.0,0.0,0.0,0.0,0.0,0.0,0.0,0.0,0.0,0.0,0.0,0.0,0.0,0.0,0.0,0.0,0.0,0.0,0.0,0.0,0.0,0.0,0.0,0.0,0.0,0.0,0.0,0.0,0.0,0.0,0.0,0.0,0.0,0.0,0.0,0.0,0.0,0.0,0.0,0.0,0.0,0.0,0.0,0.0,0.0,0.0,0.0,0.0,0.0,0.0,0.0,0.0,0.0,0.0,0.0,0.0,0.0,0.0,0.0,0.0,0.0,0.0,0.0,0.0,0.0,0.0,0.0,0.0,0.0,0.0,0.0,0.0,0.0,0.0,0.0,0.0,0.0,0.0,0.0,0.0,0.0,0.0,0.0,0.0,0.0,0.0,0.0,0.0,0.0,0.0,0.0,0.0,0.0,0.0,0.0,0.0,0.0,0.0,0.0,0.0,0.0,0.0,0.0,0.0,0.0,0.0,0.0,0.0,0.0,0.0,0.0,0.0,0.0,0.0,0.0,0.0,0.0,0.0,0.0,0.0,0.0,0.0,0.0,0.0,0.0,0.0,0.0,0.0,0.0,0.0,0.0,0.0,0.0,0.0
SEN,1462.9699048373884,0.0,732391.2941156982,0.0,176160.4190829707,0.0,0.0,48.81500603078738,29.903471018988316,0.0,0.0,73698.61780670739,237.31427528181808,27657.047470876118,0.0,551.5919976189402,26122401.31430163,2796010.889276952,2382719.589800371,8779551.354634501,145865.977477531,504577.70887996536,0.0,244923.93869131524,6874.710334256449,0.0,43.28128640308951,0.0,618.5434356404626,0.0,1052880.6401904875,0.0,0.0,1030.5622476107987,597287.8031250368,76909.7934398297,0.0,37541473.93079856,0.0,314822816.18509316,4315636.562658493,2117408.2101250426,7640.500313994381,1990776.0952391517,0.0,7856679.8555426635,0.0,1305744.837754723,0.0,0.0,0.0,0.0,0.0,22093.99167825708,6503993.562239818,0.0,0.0,152453.2968247049,0.0,240634.40422950272,0.0,177917.9373876775,0.0,0.0,6209913.6535892375,0.0,0.0,81119.40902351023,1810.183510876108,0.0,114680382.04200917,0.0,0.0,891785.8624889806,16319243.437829878,7708.150836747867,1533930.8062649916,0.0,25837062.025812216,30406642.048315212,46274.6637403875,28400.88099943135,0.0,0.0,2621.8054680093665,0.0,0.0,343.5302188101893,0.0,0.0,310343.47799932124,0.0,2384.0047917074667,6726632.87446321,157017210.85748821,0.0,20949.275715800322,0.0,0.0,14406.278950639611,112.67496105663348,104753198.88378435,0.0,0.0,172357.2025887951,16732.721748868073,0.0,700.7093833870571,0.0,0.0,1164.1271230854268,1783.0381688426924,0.0,105455136.5461327,480886.70604864386,24205.525883152208,0.0,0.0,0.0,0.0,0.0,0.0,0.0,11567578.423384923,77.88438177919733,0.0,0.0,97039.70649758456,0.0,0.0,194259524.64595196,244.6427707706385,0.0,1255.0311889264483,0.0,0.0,0.0,28645934.226465393,0.0,66379.56869125682,0.0,5253414.449758526,0.0,86256.58733656608,1373212.3586634325,0.0,1567179.7772749579,0.0,19898.150075651865,49369901.38799442,3889274.125412347,0.0,0.0,30767.092623929144,0.0,5026180.506066428,0.0,0.0,0.0,232235.08964962742,0.0,0.0,441353.51157787023,0.0,0.0,11058869.888683416,584903.0321814546,0.0,602926.1955162943,1354.350337514586,0.0,1101568.2745375533,0.0,27065.11694257325,0.0,0.0,1294174.4931831702,0.0,0.0,0.0,0.0,4478645.462908501,142615.47669069277,0.0,0.0,65910.37210861914,581953.9908384391,0.0,518.0314431980624,0.0,30166.957030752466,712088.1223930625,4693.415919331142,0.0,497955.7351806889,136961.2040952876,0.0,1390024.1253401856,355012.64377941197,7898821.846567463,0.0,0.0,0.0,143668.37975195653,0.0,0.0,1626869.5653002607,0.0,0.0,3003326.1043735673,0.0,49440.29068928876,177884.09816781437,0.0,0.0,3934274.7253986085,0.0,55.398765689439465,0.0,0.0,0.0,77020856.81075892,0.0,0.0,0.0,57.22131547371954,1150769.604127322,0.0,10306.331173829278
SGP,5485.616713764979,741428.4493652495,89981426.9777914,0.0,25351.283003803743,0.0,2875935.301781437,994596.3345941417,1925.2097350991316,0.0,0.0,3076.8208216973385,635888888.0136793,25975.735848792156,1812301.676382083,61116.8582690664,24053314.604012143,71807605.27162243,5876389.706897644,178636478.08526212,140268.5682583881,8136445.379318627,2395.717620243882,2566.671747062861,452890.03278761375,181987.3979154909,5577.543684726187,1713682.8968747922,25730194.541565135,62318.047775628576,31480642.90274902,218793.8051772781,0.0,207162.9845416818,840014.9853544435,28725211.068585847,0.0,3855887.290439544,2169783.0767038674,262015176.47783014,3737987.118001393,774625.4060637542,630320.5796776417,9994716.630498204,452.1827377992561,1464840.2654710975,2180155.512762448,34487.200774545185,373989.64289262675,0.0,6635.444555376504,0.0,793834.3011966334,198245.2867611794,31998906.824810546,2470544.8060652623,3848510.43758734,1118042.9339574785,1907468.712101073,6388578.724987065,1337141.913904051,32609854.085354015,393161.9861550426,0.0,16081998.318814231,6065126.112130695,9625574.624017747,244820.47798142748,44918176.429943286,0.0,7425224.506905156,27.998775394137557,18601.027529298495,2291301.3519031215,67992464.31262407,1648841.022447087,38274872.9921206,0.0,12128606.227394838,158512.15594244667,696435.3286003342,368468.3334279696,0.0,0.0,2740024.258795362,0.0,1233468.7223200041,1014464.586940344,0.0,99834.15447061515,459838.3863107384,1144955.483578831,1590993.2672923068,427635886.4004339,272477690.7278308,0.0,920209.8692673193,151104234.64346546,608819.875896739,13432.905203390255,201725821.73903725,1304174.027565856,139220.10651538603,2380386.0433777394,1720229868.3262913,2181216.534290314,43238315.91886106,348370.81489894487,11665884.416386776,2032306.8564229654,198193532.28397173,25791657.8193852,0.0,10442516.571099728,4445.539377750985,243751.25666111143,194191.40975929805,0.0,143940579.11213326,0.0,190843.28180512864,76446.64121167036,551941.0133281074,642990.1028663707,241241.45923850487,23268238.1690466,24990146.88770566,8403083.689412616,45003.277365092974,0.0,816959.6484771263,131884.01456762513,24102013.46042231,0.0,1733035.8368770732,11784.788897515136,4184924.6479276004,61428626.24117902,0.0,5139706.809768278,2959236.969976192,575406237.3288673,12130043.575007329,455862.01107179304,4728926.365120022,0.0,55421880.80692173,4308.630788038307,0.0,35216075.42035492,248876.93814040592,28650742.069676027,10474.642063945652,139354813.79522923,7975888.726199331,102379196.92192525,2265073.0026093153,0.0,1224945.6326538613,231585786.3728977,13521.487211416668,17403328.844177496,855901.3166059409,0.0,0.0,570751.654321483,318977.68991034315,0.0,159282.89528215228,4603790.833485148,238216.98126615345,134753644.92304865,260076.229699732,65763780.024898306,0.0,6901531.998729056,0.0,0.0,0.0,0.0,3439084.92910895,1032.903981595409,439924.47434292483,0.0,615109.1931683634,0.0,120128.9087578049,0.0,32495.61106324077,1636188.828766362,0.0,35056.60450526024,2078755.423462782,0.0,3707153.581476771,11046746.157368751,0.0,0.0,12934220.960136525,138950595.01707643,19300.793538329508,8307.366019020146,164866.0744872043,1456773.0933866245,426075.2828969502,140099.80462209624,5410529.829557249,0.0,7159.491015219588,48004509.40326946,182044564.0329156,99848931.13851796,3731208.92378401,0.0,1392982.6139028147,357511607.9911797,348937.4856551666,6690.728750860511,480007.8105464655,0.0,0.0,88561838.25086182,3123634.802747685,13002.716927768348,356582.0870604604,94932566.77107154,103750185.77720986,47426797.536352605,34119482.214948304
SGS,0.0,0.0,0.0,0.0,0.0,0.0,0.0,0.0,0.0,0.0,0.0,0.0,0.0,0.0,0.0,0.0,0.0,0.0,0.0,0.0,0.0,0.0,0.0,0.0,0.0,0.0,0.0,0.0,0.0,0.0,0.0,0.0,0.0,0.0,0.0,0.0,0.0,0.0,0.0,0.0,0.0,0.0,0.0,0.0,0.0,0.0,0.0,0.0,0.0,0.0,0.0,0.0,0.0,0.0,0.0,0.0,0.0,0.0,0.0,0.0,0.0,0.0,0.0,0.0,0.0,0.0,0.0,0.0,0.0,0.0,0.0,0.0,0.0,0.0,0.0,0.0,0.0,0.0,0.0,0.0,0.0,0.0,0.0,0.0,0.0,0.0,0.0,0.0,0.0,0.0,0.0,0.0,0.0,0.0,0.0,0.0,0.0,0.0,0.0,0.0,0.0,0.0,0.0,0.0,0.0,0.0,0.0,0.0,0.0,0.0,0.0,0.0,0.0,0.0,0.0,0.0,0.0,0.0,0.0,0.0,0.0,0.0,0.0,0.0,0.0,0.0,0.0,0.0,0.0,0.0,0.0,0.0,0.0,0.0,0.0,0.0,0.0,0.0,0.0,0.0,0.0,0.0,0.0,0.0,0.0,0.0,0.0,0.0,0.0,0.0,0.0,0.0,0.0,0.0,0.0,0.0,0.0,0.0,0.0,0.0,0.0,0.0,0.0,0.0,0.0,0.0,0.0,0.0,0.0,0.0,0.0,0.0,0.0,0.0,0.0,0.0,0.0,0.0,0.0,0.0,0.0,0.0,0.0,0.0,0.0,0.0,0.0,0.0,0.0,0.0,0.0,0.0,0.0,0.0,0.0,0.0,0.0,0.0,0.0,0.0,0.0,0.0,0.0,0.0,0.0,0.0,0.0,0.0,0.0,0.0,0.0,0.0,0.0,0.0,0.0,0.0,0.0,0.0,0.0,0.0,0.0,0.0,0.0,0.0,0.0,0.0,0.0,0.0,0.0
SHN,0.0,0.0,0.0,0.0,0.0,0.0,0.0,0.0,0.0,0.0,0.0,0.0,0.0,0.0,0.0,0.0,0.0,0.0,0.0,0.0,0.0,563.0532343415432,0.0,0.0,0.0,0.0,0.0,0.0,0.0,0.0,0.0,0.0,0.0,0.0,0.0,0.0,0.0,0.0,0.0,0.0,0.0,0.0,0.0,0.0,0.0,0.0,0.0,0.0,0.0,0.0,0.0,0.0,0.0,0.0,0.0,0.0,0.0,0.0,0.0,0.0,0.0,0.0,0.0,0.0,0.0,0.0,0.0,0.0,2086.784212832701,0.0,0.0,0.0,0.0,0.0,2808.120427653417,0.0,0.0,0.0,0.0,0.0,0.0,0.0,0.0,0.0,0.0,0.0,0.0,0.0,0.0,0.0,0.0,0.0,0.0,151267.50326376283,0.0,0.0,0.0,0.0,0.0,0.0,0.0,54.4631192591225,0.0,0.0,1500.0667976030152,0.0,0.0,0.0,0.0,0.0,0.0,0.0,0.0,0.0,0.0,0.0,0.0,0.0,0.0,0.0,0.0,0.0,0.0,0.0,0.0,0.0,0.0,0.0,0.0,0.0,0.0,0.0,0.0,0.0,0.0,0.0,0.0,2043.6368369489921,0.0,0.0,0.0,0.0,0.0,0.0,0.0,0.0,0.0,0.0,0.0,0.0,0.0,0.0,0.0,54.21812909849685,0.0,0.0,0.0,0.0,0.0,0.0,0.0,0.0,0.0,0.0,0.0,0.0,0.0,0.0,0.0,0.0,0.0,0.0,0.0,0.0,0.0,0.0,0.0,0.0,0.0,0.0,0.0,0.0,0.0,0.0,0.0,0.0,0.0,0.0,0.0,0.0,0.0,0.0,0.0,0.0,0.0,0.0,0.0,0.0,0.0,0.0,0.0,0.0,0.0,0.0,0.0,0.0,0.0,0.0,0.0,0.0,34644.8399487353,0.0,0.0,0.0,0.0,0.0,0.0,0.0,0.0,0.0,0.0,0.0,0.0,0.0,0.0,40513.269015878635,0.0,0.0,0.0
SJM,0.0,0.0,0.0,0.0,0.0,0.0,0.0,0.0,0.0,0.0,0.0,0.0,0.0,0.0,0.0,0.0,0.0,0.0,0.0,0.0,0.0,0.0,0.0,0.0,0.0,0.0,0.0,0.0,0.0,0.0,0.0,0.0,0.0,0.0,0.0,0.0,0.0,0.0,0.0,0.0,0.0,0.0,0.0,0.0,0.0,0.0,0.0,0.0,0.0,0.0,0.0,0.0,0.0,0.0,0.0,0.0,0.0,0.0,0.0,0.0,0.0,0.0,0.0,0.0,0.0,0.0,0.0,0.0,0.0,0.0,0.0,0.0,0.0,0.0,0.0,0.0,0.0,0.0,0.0,0.0,0.0,0.0,0.0,0.0,0.0,0.0,0.0,0.0,0.0,0.0,0.0,0.0,0.0,0.0,0.0,0.0,0.0,0.0,0.0,0.0,0.0,0.0,0.0,0.0,0.0,0.0,0.0,0.0,0.0,0.0,0.0,0.0,0.0,0.0,0.0,0.0,0.0,0.0,0.0,0.0,0.0,0.0,0.0,0.0,0.0,0.0,0.0,0.0,0.0,0.0,0.0,0.0,0.0,0.0,0.0,0.0,0.0,0.0,0.0,0.0,0.0,0.0,0.0,0.0,0.0,0.0,0.0,0.0,0.0,0.0,0.0,0.0,0.0,0.0,0.0,0.0,0.0,0.0,0.0,0.0,0.0,0.0,0.0,0.0,0.0,0.0,0.0,0.0,0.0,0.0,0.0,0.0,0.0,0.0,0.0,0.0,0.0,0.0,0.0,0.0,0.0,0.0,0.0,0.0,0.0,0.0,0.0,0.0,0.0,0.0,0.0,0.0,0.0,0.0,0.0,0.0,0.0,0.0,0.0,0.0,0.0,0.0,0.0,0.0,0.0,0.0,0.0,0.0,0.0,0.0,0.0,0.0,0.0,0.0,0.0,0.0,0.0,0.0,0.0,0.0,0.0,0.0,0.0,0.0,0.0,0.0,0.0,0.0,0.0
SLB,0.0,0.0,0.0,0.0,0.0,0.0,0.0,0.0,0.0,0.0,0.0,0.0,2082837.7369610618,0.0,0.0,0.0,437872.2937240535,0.0,0.0,78661.19269593447,0.0,0.0,0.0,0.0,0.0,0.0,0.0,0.0,0.0,0.0,0.0,0.0,0.0,0.0,0.0,57358.7981576779,0.0,6133509.020188183,0.0,689336.682502518,0.0,0.0,0.0,0.0,0.0,0.0,0.0,0.0,0.0,0.0,0.0,0.0,0.0,0.0,14959904.82707865,0.0,0.0,0.0,0.0,0.0,0.0,0.0,0.0,0.0,29973950.7907089,0.0,0.0,0.0,4047.1898685820797,0.0,288611.51421077835,0.0,0.0,0.0,24817473.50257982,0.0,0.0,0.0,0.0,0.0,0.0,0.0,0.0,0.0,0.0,0.0,0.0,0.0,0.0,0.0,0.0,0.0,0.0,28142406.794279963,34587.322659123776,0.0,0.0,0.0,0.0,0.0,0.0,1703067.2968888944,0.0,0.0,5694.490431688792,0.0,0.0,0.0,0.0,27613.47086235146,2141.484305276872,0.0,0.0,0.0,0.0,0.0,0.0,0.0,0.0,0.0,0.0,0.0,0.0,0.0,0.0,0.0,0.0,0.0,0.0,0.0,0.0,0.0,0.0,0.0,0.0,0.0,0.0,0.0,0.0,0.0,0.0,46745068.45857572,518.0230837108396,1149.6988996872794,0.0,0.0,0.0,0.0,0.0,7680339.296531811,0.0,0.0,35337.23840476581,3044890.347203986,0.0,73208.66656274369,0.0,0.0,0.0,15167486.207088314,0.0,21085.087542143345,0.0,0.0,0.0,0.0,0.0,0.0,0.0,0.0,0.0,0.0,0.0,0.0,0.0,0.0,9817636.302725414,0.0,0.0,0.0,0.0,0.0,0.0,0.0,0.0,0.0,0.0,0.0,0.0,0.0,0.0,11080.91127382177,0.0,0.0,0.0,0.0,0.0,0.0,0.0,0.0,0.0,0.0,0.0,0.0,0.0,0.0,0.0,0.0,582.9240093630159,583662.0065920955,0.0,0.0,0.0,0.0,0.0,221521.21214740252,0.0,0.0,0.0,0.0,0.0,0.0,10138.756932116443,0.0,2376.971106283149,720.038486380642,1113.2597719347095,0.0,0.0
SLE,0.0,0.0,0.0,0.0,0.0,0.0,0.0,1145722.1883647703,0.0,0.0,0.0,0.0,270437.958813353,0.0,0.0,0.0,81169253.8539024,0.0,0.0,0.0,0.0,22476.22252739945,0.0,0.0,496001.07676971226,0.0,0.0,0.0,0.0,0.0,0.0,0.0,0.0,0.0,0.0,4075326.084433021,0.0,23304.682800844792,0.0,887709.8377265468,0.0,0.0,11583.145936212075,0.0,0.0,0.0,0.0,0.0,0.0,0.0,0.0,0.0,0.0,1867428.778337852,33872956.256172754,0.0,0.0,961.039312036234,0.0,324113.8452937257,0.0,25320.819074294122,0.0,0.0,11159264.024413325,0.0,0.0,267228.76430758456,0.0,0.0,4476783.226971867,0.0,0.0,0.0,724014.6436675945,0.0,5458.594651217658,0.0,1812393.723108287,0.0,0.0,0.0,0.0,0.0,0.0,0.0,0.0,0.0,0.0,1289.3248081536997,12666.94817904968,0.0,3800.778677470211,369.4031876382776,374872.2620447271,0.0,0.0,0.0,0.0,0.0,0.0,2657982.9771636375,0.0,4284.361035164871,0.0,0.0,0.0,0.0,0.0,14641.480774778915,294.4999930159226,15649.670125979164,0.0,0.0,0.0,0.0,0.0,0.0,0.0,0.0,0.0,0.0,0.0,851541.6647590413,0.0,0.0,0.0,0.0,0.0,0.0,0.0,261.0586495935327,0.0,0.0,90.0969342580984,0.0,0.0,0.0,0.0,0.0,0.0,1201902.675052829,0.0,1013.0726621519237,0.0,0.0,0.0,0.0,0.0,167622462.96525407,0.0,105759.51565686085,0.0,38568.82315510171,0.0,160134.41861790378,0.0,0.0,0.0,5791.5729681060375,0.0,0.0,795955.1001088289,0.0,0.0,1376954.9269993985,0.0,0.0,0.0,0.0,167745.316031227,34302.69960839357,0.0,2651.6509625230638,0.0,2923.5962213217117,0.0,0.0,0.0,0.0,0.0,0.0,0.0,0.0,0.0,0.0,66.05959880409252,0.0,0.0,0.0,0.0,0.0,34682.65941558207,0.0,0.0,65966.73001614148,0.0,0.0,1689.0007505608135,95.13507293255059,0.0,0.0,0.0,0.0,0.0,11219.278059730334,0.0,0.0,0.0,0.0,0.0,16021.790322271088,56039.564635922485,0.0,0.0,491053.3609159535,0.0,0.0,0.0,0.0,0.0,0.0,0.0,0.0,0.0,0.0,38408.7286012387,0.0,0.0
SLV,9762.8620128752,0.0,0.0,0.0,4571.102728029762,0.0,3825.3183242160103,552601.5145394972,0.0,0.0,0.0,0.0,17415998.738119364,858241.8326358735,3136732.834765061,0.0,74623391.58708958,0.0,0.0,0.0,264420.2026838531,630.8892285564774,420963.8219593143,43182.29497013157,1728060.2406465681,197160.65268808883,0.0,7796.434974506387,0.0,185615.0849455213,0.0,0.0,0.0,0.0,0.0,159723038.0493658,0.0,6865085.11396034,21653462.270597115,13068866.449742718,986395.3656487825,0.0,0.0,0.0,0.0,2728102.96557012,0.0,0.0,18681681.067811046,836636.0465383807,0.0,0.0,26651.466329633924,899803.4729381842,339546990.07110685,0.0,0.0,259465.82097087675,26522371.521296274,8766.27104633113,77253.01916064635,32735.261454616717,0.0,0.0,7533831.175427465,0.0,0.0,6394995.796644154,0.0,0.0,19324744.783560183,0.0,0.0,0.0,49348054.27794637,931550.8187701565,41568.45219014972,0.0,0.0,39364.86858700341,0.0,958301.0414146204,20214.299225972747,0.0,87123996.27985555,0.0,0.0,48362.660851823515,0.0,112233095.03570794,50397.54009661399,2555305.640278215,0.0,18143684.742123783,1120883.663969629,0.0,407279.21511265566,0.0,0.0,239633.67373244246,795160.0021535186,48986465.1345867,1504694.8848933487,10862653.683162522,150731523.98394033,12591.289800725075,0.0,0.0,0.0,0.0,22036698.018895183,3825.3183242160103,0.0,1424055.9688082705,0.0,14276.705619194274,537.4741387476438,0.0,0.0,0.0,132722.1692600256,0.0,0.0,0.0,0.0,0.0,0.0,13119832.21701534,0.0,0.0,7188.769948966783,0.0,1101349.3911557228,15.432180209342128,0.0,0.0,0.0,0.0,0.0,0.0,0.0,12287540.56019132,0.0,0.0,0.0,0.0,0.0,30388911.57110928,0.0,15289607.142741395,5271374.7732819095,0.0,0.0,13675309.020524528,0.0,0.0,9374539.450151023,0.0,606828.4674561609,0.0,0.0,0.0,464308.1041352672,0.0,0.0,3595570.464116825,7650.636648432021,0.0,0.0,0.0,2530100.009560956,20773702.914434947,0.0,0.0,0.0,57809.99108580584,593056.1277657088,0.0,0.0,0.0,0.0,14549.76139275331,0.0,0.0,0.0,0.0,68368.46438324722,0.0,0.0,57818.667662277614,0.0,117806.36592075953,39516678.706873566,0.0,0.0,0.0,0.0,0.0,231364.70181227906,20098.572619331804,0.0,0.0,0.0,0.0,0.0,917067.2707274591,831417.8965751138,0.0,0.0,47977516.72705262,0.0,0.0,303831.4845642694,0.0,4235.6256712542345,781651020.408652,0.0,50.90578150821142,8066567.734326752,0.0,0.0,0.0,0.0,0.0,0.0,0.0,6522518.781259711,0.0,0.0
SMR,0.0,0.0,0.0,0.0,0.0,0.0,0.0,0.0,0.0,0.0,0.0,0.0,0.0,0.0,0.0,0.0,0.0,0.0,0.0,0.0,0.0,0.0,0.0,424.0765060348818,354334.21311820234,0.0,0.0,0.0,0.0,0.0,0.0,0.0,0.0,0.0,0.0,0.0,0.0,2089.9801993510973,0.0,78.22423330803603,0.0,0.0,0.0,0.0,0.0,0.0,0.0,0.0,0.0,0.0,0.0,0.0,0.0,0.0,0.0,0.0,0.0,0.0,0.0,0.0,0.0,0.0,0.0,0.0,0.0,0.0,0.0,0.0,0.0,0.0,0.0,0.0,0.0,0.0,0.0,4500.821932768125,0.0,0.0,0.0,0.0,0.0,0.0,0.0,0.0,0.0,0.0,0.0,0.0,0.0,0.0,0.0,0.0,0.0,0.0,0.0,0.0,0.0,0.0,0.0,0.0,0.0,0.0,0.0,0.0,0.0,0.0,0.0,0.0,0.0,0.0,0.0,9840.808485357966,0.0,214.20827067691494,0.0,0.0,0.0,0.0,0.0,0.0,0.0,0.0,0.0,0.0,0.0,0.0,0.0,0.0,0.0,0.0,0.0,0.0,0.0,1580.2332325171394,0.0,0.0,0.0,0.0,0.0,0.0,0.0,0.0,0.0,0.0,0.0,0.0,0.0,0.0,0.0,0.0,0.0,0.0,0.0,0.0,0.0,0.0,0.0,0.0,0.0,0.0,0.0,0.0,0.0,0.0,0.0,0.0,0.0,0.0,0.0,0.0,0.0,129919.32600474617,0.0,0.0,0.0,0.0,0.0,0.0,0.0,0.0,0.0,0.0,0.0,0.0,0.0,0.0,0.0,0.0,0.0,0.0,0.0,0.0,0.0,0.0,0.0,0.0,0.0,0.0,0.0,0.0,0.0,0.0,0.0,0.0,0.0,0.0,0.0,0.0,0.0,76.33955186981302,0.0,0.0,0.0,0.0,0.0,392.6617836871298,0.0,0.0,0.0,0.0,0.0,0.0,0.0,0.0,0.0,0.0,0.0,0.0,0.0
SOM,0.0,0.0,0.0,0.0,0.0,0.0,0.0,0.0,0.0,0.0,0.0,0.0,0.0,0.0,0.0,0.0,0.0,0.0,0.0,0.0,0.0,116099.95765511545,0.0,0.0,877132.10059505,0.0,0.0,0.0,0.0,0.0,0.0,0.0,0.0,0.0,0.0,56138.21901378126,0.0,42177.309670346316,0.0,38122732.47012683,0.0,0.0,0.0,0.0,0.0,188123.28970349146,0.0,0.0,0.0,0.0,0.0,0.0,0.0,0.0,16270.688317461674,0.0,0.0,0.0,0.0,15415.08117888547,0.0,0.0,0.0,0.0,0.0,0.0,230155.93068792243,0.0,0.0,0.0,0.0,0.0,0.0,0.0,290814.6109096373,0.0,4990.054717309003,0.0,0.0,0.0,0.0,149586.63183491727,0.0,0.0,0.0,0.0,0.0,0.0,0.0,0.0,0.0,0.0,0.0,2287.9303635735937,73658010.48680568,0.0,0.0,413524.199637647,0.0,0.0,55247.37198672646,7049.663224873137,0.0,427874.17227105,662206.727749669,0.0,823681.9000999632,0.0,0.0,0.0,0.0,240406.0600507095,0.0,432610.3843598658,0.0,0.0,0.0,0.0,12001.619238138837,0.0,0.0,0.0,0.0,0.0,0.0,0.0,0.0,0.0,0.0,0.0,0.0,0.0,0.0,0.0,0.0,0.0,0.0,0.0,0.0,0.0,0.0,0.0,0.0,0.0,0.0,0.0,1759.9765781977674,0.0,0.0,118072.8842231746,2993.4837892356204,0.0,0.0,0.0,164652.94975129576,18935.78959845669,0.0,0.0,0.0,0.0,0.0,0.0,0.0,0.0,0.0,0.0,0.0,0.0,0.0,64720.05986988729,0.0,69097.00805593468,0.0,7367257.729759976,0.0,0.0,160811.01059093516,0.0,0.0,0.0,0.0,0.0,0.0,0.0,0.0,0.0,0.0,0.0,0.0,0.0,15260.44684624063,0.0,45534.945710418164,0.0,0.0,724511.5217696581,0.0,0.0,0.0,0.0,0.0,0.0,0.0,0.0,0.0,0.0,0.0,0.0,0.0,0.0,0.0,0.0,0.0,0.0,0.0,166232.03960211627,0.0,0.0,0.0,0.0,0.0,0.0,0.0,0.0,0.0,7923975.497911413,69243.43180271395,0.0,0.0
SPM,0.0,0.0,0.0,0.0,0.0,0.0,0.0,0.0,0.0,0.0,0.0,0.0,0.0,0.0,0.0,0.0,0.0,0.0,0.0,0.0,0.0,0.0,0.0,0.0,0.0,0.0,0.0,0.0,0.0,0.0,0.0,0.0,0.0,0.0,0.0,0.0,0.0,942.0304976656015,0.0,0.0,0.0,0.0,0.0,0.0,0.0,0.0,0.0,0.0,0.0,0.0,0.0,0.0,0.0,0.0,0.0,0.0,0.0,0.0,0.0,0.0,0.0,0.0,0.0,0.0,0.0,0.0,0.0,0.0,0.0,0.0,25665.140952938193,0.0,0.0,0.0,0.0,0.0,0.0,0.0,0.0,0.0,0.0,0.0,0.0,0.0,0.0,0.0,0.0,0.0,0.0,0.0,0.0,0.0,0.0,0.0,0.0,0.0,0.0,0.0,0.0,0.0,0.0,0.0,0.0,0.0,0.0,0.0,0.0,0.0,0.0,0.0,0.0,0.0,0.0,0.0,0.0,0.0,0.0,0.0,0.0,0.0,0.0,0.0,0.0,0.0,0.0,0.0,0.0,0.0,0.0,0.0,0.0,0.0,0.0,0.0,0.0,0.0,0.0,0.0,0.0,0.0,0.0,0.0,0.0,0.0,0.0,0.0,0.0,0.0,0.0,0.0,0.0,0.0,0.0,0.0,0.0,0.0,0.0,0.0,0.0,0.0,0.0,0.0,0.0,0.0,0.0,0.0,0.0,0.0,0.0,0.0,0.0,0.0,0.0,0.0,0.0,0.0,0.0,0.0,0.0,0.0,0.0,0.0,0.0,0.0,0.0,0.0,0.0,0.0,0.0,0.0,0.0,0.0,0.0,0.0,0.0,0.0,0.0,0.0,0.0,0.0,0.0,0.0,0.0,0.0,0.0,0.0,0.0,0.0,0.0,0.0,0.0,0.0,0.0,0.0,0.0,0.0,0.0,0.0,0.0,0.0,0.0,0.0,0.0,0.0,0.0,0.0,0.0,0.0,0.0
SRB,871.3741660290126,0.0,1675781.875137608,0.0,81183576.19464858,0.0,14580.878754288116,298790.3266978972,0.0,0.0,0.0,0.0,1433794.3863199342,74513013.01621084,160507.73324366641,0.0,51404311.88129252,0.0,0.0,0.0,87915710.2847645,66581.91879890898,447.00232710319574,567816767.7841557,5202851.671208123,0.0,0.0,793.8503453227858,7617.417760738642,0.0,0.0,0.0,0.0,0.0,14845.408024265369,904398.5123509851,0.0,8888176.474137992,17129.48293484704,384552.4909101282,0.0,4132.263548651334,0.0,589.2756079052285,0.0,12156.8479521667,15213.327489418843,228414.78190128165,0.0,6932.319007143149,0.0,0.0,19224000.21652276,16899711.897631537,71113836.42050685,0.0,25.708736527985685,410912.1137808,0.0,17891568.88353925,3312.9077571963903,2517548.7102569854,0.0,0.0,207295264.0525711,156039.81684369108,12378164.542967089,12755.076498826616,4592.505719763907,0.0,4176154.5114362803,0.0,0.0,0.0,15182287.152104344,1108733.583699443,821.4150875761154,0.0,0.0,0.0,0.0,124673010.72149655,0.0,0.0,0.0,0.0,0.0,0.0,0.0,0.0,139354455.90953767,22758.496866859656,148436497.42256415,38641.18854384454,8330.864463595095,0.0,1840212.8828118537,928513.3080397684,142447.93502209,942.8276297515016,2407362.638942462,129877115.1695948,0.0,1691790.1794762565,15334735.540300986,606274.7670082573,913.6094640463893,6041.570265784192,0.0,407835.02786105656,222568841.84464502,66334.16865838131,0.0,5673799.127306586,0.0,12884786.933990287,0.0,0.0,6755.4542318636995,0.0,63893.05855240379,7013.370828463361,13376.119105914906,2299181.3380764364,381997.1909619319,0.0,0.0,6177.837302709002,2151.9727524152277,0.0,28130.67631397576,4842948.488491243,0.0,219529895.10012266,20769.17530474782,0.0,0.0,4717.463230575624,0.0,316.07884106133065,2406.3859814287007,97095.07230517075,0.0,641.9976384828816,0.0,0.0,254539.19602749648,0.0,0.0,81249444.71005437,1004512.5737324876,0.0,0.0,6097.010844202255,0.0,1020813.2931657849,2590.1681450772103,0.0,0.0,42151.1455082916,0.0,0.0,5970313.62898341,0.0,0.0,40955131.83129104,0.0,0.0,307.78411616793227,11859.902193718699,790533054.3709681,120352216.18540284,0.0,24190.98321502883,0.0,7709.783029963786,48028.93235193318,0.0,0.0,0.0,0.0,13297.695879672954,0.0,0.0,0.0,0.0,0.0,0.0,0.0,0.0,29724513.024187773,144864162.54222313,2028527.722162267,0.0,0.0,2655412.457157579,0.0,0.0,3939.637004920579,1981571.3364806985,0.0,0.0,421.9019263916576,0.0,0.0,0.0,35672944.502707034,0.0,0.0,893867.3534193475,0.0,88082.36394642945,3060453.9514858983,0.0,6603.850847618428,10245197.162855215,123909.63089529045,0.0,6111.99315323583,1256.2971091234185,0.0,141146.25873106235,0.0,0.0,0.0,167.24258190525262,162104.95104826143,0.0,1842.4895932628065
SSD,0.0,0.0,0.0,0.0,0.0,0.0,0.0,0.0,0.0,0.0,0.0,0.0,0.0,0.0,0.0,0.0,0.0,0.0,0.0,0.0,0.0,0.0,0.0,0.0,0.0,0.0,0.0,0.0,0.0,0.0,0.0,0.0,0.0,0.0,0.0,0.0,0.0,0.0,0.0,0.0,0.0,0.0,0.0,0.0,0.0,0.0,0.0,0.0,0.0,0.0,0.0,0.0,0.0,0.0,0.0,0.0,0.0,0.0,0.0,0.0,0.0,0.0,0.0,0.0,0.0,0.0,0.0,0.0,0.0,0.0,0.0,0.0,0.0,0.0,0.0,0.0,0.0,0.0,0.0,0.0,0.0,0.0,0.0,0.0,0.0,0.0,0.0,0.0,0.0,0.0,0.0,0.0,0.0,0.0,0.0,0.0,0.0,0.0,0.0,0.0,0.0,0.0,0.0,0.0,0.0,0.0,0.0,0.0,0.0,0.0,0.0,0.0,0.0,0.0,0.0,0.0,0.0,0.0,0.0,0.0,0.0,0.0,0.0,0.0,0.0,0.0,0.0,0.0,0.0,0.0,0.0,0.0,0.0,0.0,0.0,0.0,0.0,0.0,0.0,0.0,0.0,0.0,0.0,0.0,0.0,0.0,0.0,0.0,0.0,0.0,0.0,0.0,0.0,0.0,0.0,0.0,0.0,0.0,0.0,0.0,0.0,0.0,0.0,0.0,0.0,0.0,0.0,0.0,0.0,0.0,0.0,0.0,0.0,0.0,0.0,0.0,0.0,0.0,0.0,0.0,0.0,0.0,0.0,0.0,0.0,0.0,0.0,0.0,0.0,0.0,0.0,0.0,0.0,0.0,0.0,0.0,0.0,0.0,0.0,0.0,0.0,0.0,0.0,0.0,0.0,0.0,0.0,0.0,0.0,0.0,0.0,0.0,0.0,0.0,0.0,0.0,0.0,0.0,0.0,0.0,0.0,0.0,0.0,0.0,0.0,0.0,0.0,0.0,0.0
STP,0.0,0.0,2096129.813420656,0.0,90.82854656313074,0.0,0.0,0.0,0.0,0.0,0.0,0.0,40301.63436729537,0.0,0.0,0.0,133040950.89017126,0.0,0.0,0.0,0.0,108.7336026481224,248996.7761785378,0.0,0.0,990770.7119992936,0.0,0.0,0.0,0.0,0.0,0.0,0.0,0.0,0.0,822018.6010218845,0.0,7323564.581149282,0.0,0.0,0.0,267050.4504690168,0.0,0.0,0.0,0.0,0.0,1415.671314429084,0.0,0.0,0.0,0.0,0.0,0.0,12853712.201252455,0.0,0.0,0.0,0.0,253908.59515613338,0.0,0.0,0.0,0.0,41392236.43674206,0.0,321.7195037707595,0.0,0.0,0.0,25285543.95347807,0.0,0.0,32081.60475978661,0.0,0.0,0.0,0.0,0.0,0.0,0.0,0.0,0.0,0.0,46837.929703056354,0.0,0.0,0.0,0.0,0.0,0.0,0.0,0.0,0.0,0.0,0.0,0.0,0.0,0.0,0.0,0.0,7616670.360401196,0.0,0.0,405117.8903515078,0.0,0.0,0.0,0.0,0.0,39682.24758027334,0.0,0.0,20506.79587464301,0.0,0.0,0.0,0.0,0.0,0.0,0.0,0.0,0.0,0.0,0.0,0.0,0.0,0.0,0.0,0.0,0.0,0.0,0.0,0.0,0.0,0.0,0.0,0.0,0.0,0.0,0.0,212.8167562600175,0.0,0.0,0.0,0.0,42667.183515581135,0.0,0.0,206807558.474081,0.0,0.0,0.0,0.0,0.0,0.0,0.0,0.0,0.0,0.0,0.0,0.0,0.0,0.0,0.0,21941903.851422057,0.0,0.0,1543780.0123069347,0.0,0.0,982280.3791850186,0.0,0.0,0.0,0.0,0.0,0.0,0.0,0.0,0.0,0.0,0.0,0.0,0.0,0.0,0.0,0.0,0.0,0.0,0.0,0.0,253908.59515613338,0.0,0.0,0.0,0.0,0.0,0.0,0.0,0.0,0.0,0.0,0.0,0.0,0.0,0.0,0.0,0.0,43996.05437136629,0.0,0.0,0.0,0.0,0.0,690904.7097241844,0.0,0.0,0.0,0.0,0.0,0.0,0.0,0.0,0.0,0.0,121408.94092677218,0.0,0.0
SUR,519785.27850182314,0.0,181645.03999375232,0.0,828.7284551661024,0.0,9569.629748508307,0.0,0.0,0.0,0.0,0.0,14521.298514180853,0.0,628.903666340607,0.0,2979554.6146901464,0.0,12218.203281521286,0.0,0.0,9694.61193124318,0.0,0.0,75607.0096078282,0.0,0.0,0.0,616968.3051367919,130504.00488133478,0.0,0.0,0.0,0.0,58895.564253563774,9707.877258078126,0.0,13013.630213488126,0.0,1431.3036147927826,0.0,0.0,0.0,0.0,0.0,192856.52588860004,0.0,0.0,0.0,2744.113977894587,0.0,0.0,7321.048738542495,0.0,1021508.5264241853,0.0,15155.7992153546,1127.0930753608243,0.0,0.0,10459.723473156459,194.67481049263495,0.0,0.0,36583.07048338487,0.0,95493.92487567374,0.0,0.0,0.0,30815615.163479585,0.0,0.0,0.0,456249.53719825496,0.0,0.0,0.0,50016.33205589731,0.0,0.0,4542.980270244368,1417.7846302476808,0.0,0.0,0.0,0.0,6063403.504465173,0.0,0.0,238.18197388651762,2786421.044040423,0.0,0.0,91475.05698738502,0.0,0.0,0.0,0.0,0.0,0.0,794602.6956088311,47546470.26347242,0.0,0.0,0.0,44850.94414601271,0.0,0.0,0.0,0.0,0.0,0.0,0.0,0.0,0.0,23.477407887351124,0.0,428.1912021867569,0.0,0.0,0.0,0.0,4668.032788734782,0.0,0.0,0.0,0.0,0.0,0.0,30864.570607792877,0.0,0.0,0.0,0.0,0.0,40009.62856565744,2172.931885208689,0.0,0.0,0.0,5374.981284975397,0.0,1120.0340190798513,0.0,0.0,0.0,0.0,0.0,11191708.45321609,293.5383447906554,0.0,0.0,1027.5029704196525,0.0,59.44413329660344,974816.4870356079,0.0,0.0,0.0,0.0,0.0,270087.77213707165,0.0,0.0,9531115.05606574,0.0,0.0,125.5205797897998,117.97854951853353,0.0,4564.889641194189,0.0,0.0,0.0,4818.119283175042,4044.9884765882985,0.0,0.0,0.0,0.0,0.0,0.0,0.0,0.0,0.0,9362.160892179669,0.0,0.0,0.0,0.0,83005.45001297224,622480.8412749259,0.0,0.0,0.0,0.0,0.0,390.9043827261598,0.0,0.0,0.0,0.0,0.0,0.0,730394.5451571898,0.0,0.0,0.0,0.0,0.0,0.0,123.79750980628324,0.0,0.0,412426.46842323174,0.0,811.225310379769,10271.694158428487,0.0,0.0,1742.4565745303441,0.0,0.0,0.0,3985.078275682176,84151.77706955172,0.0,0.0
SVK,0.0,0.0,120.81516028564445,0.0,3344875.9689535075,0.0,7390.175366719866,68362.8231164364,0.0,0.0,0.0,0.0,1863946.2541599926,711690205.5036573,327517.1286147812,0.0,48019204.19231922,24788.85082378918,0.0,0.0,79283628.59442861,6789.547702245544,0.0,1703623.860699695,402373.064164477,0.0,0.0,0.0,448612.5197470536,1151.044409077269,0.0,0.0,0.0,0.0,7005.5711340036005,1283300.0245780656,0.0,45441168.12024646,7138.025897957888,2098228.947819155,1475804.142172373,22146.160807866756,48.50816784679714,0.0,206.4232446801564,43630.15560161542,0.0,1280.1387925881331,666.5715265871,9823.869090292512,0.0,0.0,12004185.474546595,731331495.3993578,344663444.11161333,0.0,0.0,9950137.697827538,29.647947848525266,48419.61757931626,0.0,60346.43088487853,0.0,0.0,37656511.32560876,1927761.4024634948,0.0,7074481.861477528,0.0,0.0,122872540.03175037,0.0,0.0,0.0,129705742.66692294,234384.96561611144,0.0,0.0,3514.466506927355,0.0,0.0,7886165.1966419555,0.0,0.0,0.0,0.0,0.0,0.0,0.0,0.0,21338067.22477232,9234.616494822927,597028353.7911419,42270.06654992672,1419025.6240416325,0.0,14342641.365445498,50772.917838083704,3502.818872146711,3410.4369869522825,1831456.9624680374,170603379.9179946,0.0,177377.37780223895,854819.5186901991,142555.91100344528,0.0,15142.959737428746,0.0,0.0,2766276.129676979,36409.372426118425,0.0,112012.22677231212,0.0,12122.43314313476,2012.0699879799047,0.0,0.0,0.0,16990860.698405877,136749.06513231082,2773081.674375534,1133060.4288954702,2646910.487823793,0.0,0.0,24408.468511590494,0.0,0.0,32.84136154491793,4467009.606068527,0.0,94913.46226887792,1646.4190394785805,0.0,0.0,9110.79596345675,0.0,14285.62267398371,0.0,8412.50659552322,0.0,882.721886277603,0.0,0.0,848390.9262951977,0.0,0.0,105341691.70093316,898436.6557872696,0.0,0.0,1421710.8903778775,4196.414177996865,2046630.4049868537,898.5260639929185,0.0,2785.663107995336,733.559733099069,0.0,0.0,673594903.1697763,0.0,0.0,5139571.653208448,0.0,0.0,18794.531460433805,8131.188450315142,85965213.61138465,9747253.483744226,0.0,3259970.768726166,0.0,23255.587234846826,150461.61521575623,0.0,0.0,0.0,0.0,0.0,0.0,0.0,34955.75953179439,0.0,3946550.3558263173,0.0,0.0,0.0,0.0,22409287.178666767,23252343.457294878,0.0,0.0,352784.3348783321,0.0,0.0,0.0,33558.44657211691,33713.248937180935,0.0,1233761.4986638888,0.0,0.0,0.0,971224.7626317862,0.0,0.0,5340.107535984862,565.2584336074343,0.0,2362199.4570262805,0.0,0.0,4913506.348597066,26921.135414004402,0.0,0.0,0.0,0.0,117888.6209392955,0.0,0.0,0.0,3374.654025241588,2824007.6997694066,0.0,0.0
SVN,0.0,1354.973000321148,0.0,0.0,1195106.9466682316,0.0,558.7779069586827,64659.403902308986,0.0,0.0,0.0,0.0,377754.15092532744,54959814.3176715,644142.7685646977,0.0,529537.7252221579,14577.768405736286,0.0,0.0,6652024.646366115,19681.34734213977,0.0,17156024.959575545,178562.50165478338,41966.67875063215,0.0,0.0,315740.59405233973,1038.7437752935384,0.0,0.0,0.0,280.3725803836651,545.9887091681899,484561.14490102563,0.0,1198739.8069235608,16410.37403192777,372957.82994533796,0.0,6832.60132819667,0.0,126906.16549273564,0.0,19900.973414039454,0.0,0.0,0.0,0.0,0.0,0.0,243677.83078214838,9015337.426471064,16634685.580987599,1066.1218709695293,0.0,333717.3655601316,0.0,54777.73525680538,3446.5113169823762,221486.45087251838,0.0,0.0,7399309.3226157315,243789.76923570456,17637.642152096334,78378.25200395622,0.0,0.0,41475109.691314414,0.0,0.0,522.8563234173985,2394799.590558768,112281.5008686323,10552.287148193178,0.0,1581.6441950113247,0.0,618.8903102436065,6463308.239030082,0.0,0.0,0.0,0.0,0.0,0.0,0.0,0.0,110720342.42341937,1071.7817788957532,363142052.16485703,130.4390761773058,340527.3917229044,0.0,62712.09680866846,89043.08712598396,744.9250805229306,15885.954367043574,4280270.246891377,848266291.783314,0.0,1121784.7650953117,134730.3549090554,288861.8542904443,0.0,0.0,0.0,0.0,8299.510353402678,38277.209338396955,0.0,479424.33127195825,152360.8057989231,78764.43529131905,0.0,0.0,3385.775739474349,0.0,400994.4166852232,464663.17477455206,80442.72733639703,15705.011038305554,116703.06449822959,68838.3477012994,767.8458727317725,29880.665828461966,0.0,0.0,795.4896251067338,255711.49050179697,0.0,2329669.055077566,885.3732822534207,0.0,2116.7746519945276,0.0,0.0,3798.2233402900706,547.4466160705698,52594.88551910373,0.0,11099.299214874096,148.8730092285434,0.0,1983.0075862302122,0.0,0.0,5176339.402612914,207691.1519138985,0.0,0.0,28956.850882155577,158938.3207230335,1984.4017420670139,4131.343399450639,0.0,8348.560895076189,3518.746906603494,0.0,0.0,13665535.198788697,0.0,0.0,1695940.9815004568,0.0,0.0,22644.943526568866,42254.65176600336,8102303.249102861,3684345.466702529,0.0,194870.8372263423,0.0,912.0659235920668,26766.858416948136,0.0,0.0,0.0,0.0,0.0,0.0,0.0,13277.950089783857,0.0,14526498.118967267,0.0,0.0,0.0,25390902.13890594,0.0,349492.0513978011,0.0,0.0,0.0,0.0,0.0,0.0,9274727.643383937,0.0,0.0,0.0,0.0,4083.6579093068794,0.0,160875.50604643155,0.0,0.0,49561.0665485952,2184.018148319639,0.0,1831941.2076960977,0.0,0.0,1141254.6882953707,1559.6584799504296,0.0,0.0,0.0,0.0,105363.68462071399,0.0,0.0,0.0,0.0,243497.73036873143,0.0,0.0
SWE,103675.77730515209,72296.9447995071,1888571.770805205,0.0,13482.010107839124,0.0,314578.4955467915,72284.88106802964,0.0,0.0,0.0,59914.99687090524,8463782.048992028,13968398.000164427,250734.87396983596,11300.64981945867,54844592.36240105,1851.1493148884988,3882.0160446393743,1002872.2755643175,1975754.5561299585,152963.25428699967,179716.52747691394,60695.47368733626,1123456.8479706724,4076.5871021257262,13238.013981903052,61626.93066512364,5117717.229505907,2302158.3622572366,168.38301593411595,0.0,0.0,38600.79802756358,55039.84730728225,10231897.267838052,0.0,12065822.515744053,4492851.610289734,6135773.697424008,62153.953881039364,10364.959865884992,1218.4459990282917,3409.8565691808512,0.0,1071426.7789237602,0.0,70.70255966239947,3204273.9502092795,11404.706167363733,0.0,32121.411392338883,956262.3274847514,12975834.49945027,322392968.2733282,623073.8239290385,0.0,762502403.0200088,147771.57350379007,56923467.84164015,32183.684757665804,7344708.92591333,324885.76956806844,0.0,96701066.84564866,29779401.638537213,346241.49414100096,216870440.62386072,3259.294008310173,0.0,87475916.54617605,2084901.7986228885,0.0,0.0,106603154.59238864,273818.4389646864,178699.547670146,0.0,27732.546235462825,0.0,0.0,9734357.386288244,189754.7231809518,217211.09783599727,4098752.3806531844,0.0,6932.684879219857,136200.70952469337,0.0,2384287.6855775323,2382320.5983884134,5433.924502617304,3115795.3251859,1669299.600798581,4035449.611672921,0.0,34007151.252862856,1313604.948465068,1431557.3134222152,12405201.673027707,5413324.015213041,24808876.03190725,3074693.9620256242,783360.3124062059,4089682.0426352406,2417561.3593554785,182124.17398668127,9048.111158132657,618921.9408804231,0.0,3250912.6245069783,5116353.666265657,0.0,3655732.3981818524,0.0,2358997.4248478236,0.0,0.0,567708.5244867491,0.0,42320253.51812443,1900286.5579709911,20676702.87838696,20733729.58602804,28221.17008751771,989722.8759987461,21241.059280487178,2746892.500396996,0.0,0.0,0.0,210289.23202316603,54505.9632860359,10656.865570160602,175693.8195967261,0.0,412870.71642681124,19980.8258023194,75.75244542367983,45171.111490187846,3808.1773911408445,5438006.237883602,25549.297780114586,45554.105152305885,36388.52762333582,0.0,1720617.2674486116,3595327.7259500506,0.0,167796500.91240352,434564992.1412633,7788.595563481004,0.0,3646509.0454919627,279963.2931554172,193553.64463566,3209309.9388410593,0.0,5516291.183547965,4690455.140254449,0.0,7112.679026911459,53284531.04941338,0.0,0.0,12632025.235966,316562.6168128137,0.0,13788.822635517274,312622.0038313605,4231227.738097232,42407061.69683942,20268.150136980177,11726896.58379455,0.0,11352.855808762733,5185816.082116593,0.0,0.0,0.0,0.0,0.0,931122.0526959354,0.0,46.480414588504715,0.0,728363.0004371217,0.0,0.0,57169.903154300926,23380887.35160456,1168307.387685768,0.0,0.0,8958.98113202434,2566798.1096977224,12572.361926366086,0.0,2468.5216300200022,1339610.1331369493,1461165.6283234246,0.0,162351.73648038052,0.0,0.0,3362126.087796859,9152778.707622837,0.0,0.0,3592174.45622305,1012649.6954475935,109980.3484938194,5886878.419380989,0.0,1432067.784842186,144297801.1571932,1583381.0486610695,21125.055261264864,12555996.45108768,19735.16858123966,0.0,68770.14431799715,0.0,53.66831322636556,0.0,158004.01348268177,5086352.351230998,147834.2655736436,5037.59555973805
SWZ,0.0,0.0,0.0,0.0,0.0,0.0,0.0,0.0,0.0,0.0,0.0,0.0,0.0,0.0,0.0,0.0,0.0,0.0,0.0,0.0,0.0,0.0,0.0,0.0,0.0,0.0,0.0,0.0,0.0,0.0,0.0,0.0,0.0,0.0,0.0,0.0,0.0,0.0,0.0,0.0,0.0,0.0,0.0,0.0,0.0,0.0,0.0,0.0,0.0,0.0,0.0,0.0,0.0,0.0,0.0,0.0,0.0,0.0,0.0,0.0,0.0,0.0,0.0,0.0,0.0,0.0,0.0,0.0,0.0,0.0,0.0,0.0,0.0,0.0,0.0,0.0,0.0,0.0,0.0,0.0,0.0,0.0,0.0,0.0,0.0,0.0,0.0,0.0,0.0,0.0,0.0,0.0,0.0,0.0,0.0,0.0,0.0,0.0,0.0,0.0,0.0,0.0,0.0,0.0,0.0,0.0,0.0,0.0,0.0,0.0,0.0,0.0,0.0,0.0,0.0,0.0,0.0,0.0,0.0,0.0,0.0,0.0,0.0,0.0,0.0,0.0,0.0,0.0,0.0,0.0,0.0,0.0,0.0,0.0,0.0,0.0,0.0,0.0,0.0,0.0,0.0,0.0,0.0,0.0,0.0,0.0,0.0,0.0,0.0,0.0,0.0,0.0,0.0,0.0,0.0,0.0,0.0,0.0,0.0,0.0,0.0,0.0,0.0,0.0,0.0,0.0,0.0,0.0,0.0,0.0,0.0,0.0,0.0,0.0,0.0,0.0,0.0,0.0,0.0,0.0,0.0,0.0,0.0,0.0,0.0,0.0,0.0,0.0,0.0,0.0,0.0,0.0,0.0,0.0,0.0,0.0,0.0,0.0,0.0,0.0,0.0,0.0,0.0,0.0,0.0,0.0,0.0,0.0,0.0,0.0,0.0,0.0,0.0,0.0,0.0,0.0,0.0,0.0,0.0,0.0,0.0,0.0,0.0,0.0,0.0,0.0,0.0,0.0,0.0
SYC,0.0,0.0,0.0,0.0,67.7176992896208,0.0,0.0,0.0,0.0,0.0,0.0,0.0,5818492.53715794,129.08881242684163,731.0314719890262,0.0,28239.102398016217,12781.060326597073,0.0,0.0,0.0,1109.84586080131,0.0,0.0,0.0,0.0,0.0,0.0,0.0,0.0,0.0,0.0,0.0,0.0,0.0,716490.4056192219,0.0,64914.85363311662,0.0,0.0,0.0,4659.180520988856,0.0,0.0,0.0,0.0,0.0,0.0,0.0,0.0,0.0,0.0,0.0,0.0,800.2974306425155,0.0,0.0,178212.43674767515,0.0,0.0,0.0,0.0,0.0,0.0,0.0,0.0,62.81132984655741,0.0,0.0,0.0,2007.3050735482377,0.0,0.0,0.0,729277.0186884598,406546.3305257988,522.2759143198178,0.0,0.0,0.0,0.0,0.0,0.0,0.0,0.0,0.0,0.0,0.0,0.0,0.0,0.0,0.0,0.0,7041.366592920514,129771.13840472109,0.0,60.267521481895905,0.0,0.0,0.0,1429087.8540472807,0.0,0.0,0.0,11.621271030203244,0.0,22640.181063650554,0.0,0.0,0.0,0.0,0.0,0.0,0.0,0.0,0.0,0.0,0.0,653044.2351186986,0.0,0.0,0.0,0.0,0.0,0.0,7773.705927375898,92933.00621051695,0.0,0.0,0.0,0.0,0.0,0.0,0.0,0.0,0.0,0.0,0.0,0.0,31444.618879623005,474873.29872411396,15513.208744832289,14089.137833422312,0.0,0.0,0.0,0.0,0.0,0.0,3233629.568223547,0.0,847.6559078496804,0.0,189.07036003291526,0.0,0.0,0.0,0.0,0.0,0.0,0.0,0.0,0.0,0.0,0.0,0.0,0.0,0.0,0.0,2178.842458388882,0.0,60.814291695071674,0.0,147.79603666458414,0.0,0.0,0.0,0.0,0.0,0.0,0.0,0.0,540.2672313700199,0.0,0.0,0.0,626.5451024809013,0.0,0.0,0.0,0.0,0.0,0.0,0.0,0.0,0.0,0.0,0.0,0.0,141.56939524975135,0.0,0.0,0.0,0.0,0.0,63.44770033980043,0.0,0.0,0.0,0.0,0.0,4627.877283279904,0.0,0.0,0.0,361.6820579259121,0.0,0.0,0.0,0.0,0.0,1437685.1577867426,0.0,0.0,0.0,0.0,0.0,2457450.253654331,799724.0730131897
SYR,257443.42066189492,10195.900952461343,45306.37006433237,0.0,35020.4422533444,0.0,887322.6092540352,493317.7302644334,0.0,0.0,0.0,3611.104742872503,2895509.2813454997,1226075.0564506166,778410.4381363937,0.0,3658867.3346729926,0.0,141884.83732501644,14341247.049278365,631261.4147656973,5972106.356322406,0.0,274808.4558373039,1094305.4170302276,0.0,0.0,451558.2380428734,9084221.101289874,0.0,0.0,0.0,0.0,0.0,0.0,2232523.168325354,0.0,93822.05413955326,264558.36544940044,14754719.765432676,29528.30079860845,1147.6301970114846,9104.496307514532,4248.634215616137,0.0,1648619.6436239914,0.0,56662.69439341338,19904.814405729867,252545.6697523216,0.0,0.0,1479330.8868801591,12738.605291723376,12234784.534925563,387670.2214235639,0.0,155273.88598584282,471627.3054758458,38966867.05445798,2402881.273716431,182279811.3501961,0.0,0.0,37086595.61537079,21017.719822184717,29687.28888915721,0.0,0.0,0.0,5813065.971905057,0.0,0.0,0.0,2568589.018051835,428030.79749181704,2060963.0064172042,0.0,207063.6113484396,0.0,0.0,1629913.2012005132,0.0,0.0,212136.67898959082,0.0,0.0,5406.660274537408,0.0,144593.6018039094,343349.839404739,0.0,72735.73726087032,2847878.136505848,11455651.248918574,0.0,5006.919550075322,10535872.077452816,216460260.49066538,10530.5000648828,0.0,33778368.33917032,0.0,188553488.30355793,4507042.097730688,62230.759108076185,1837.2133395970616,31881.821420070697,0.0,0.0,20597.158115213122,77385987.25318617,0.0,151370873.69515145,151617.05944889496,5664098.625125367,0.0,0.0,946899.9373602188,0.0,10541.539592268768,0.0,22521.900281606315,22995322.073211696,210833.41465742045,418.4400828759438,0.0,3415174.3740322497,0.0,0.0,10040.959533873567,29132.76621767409,0.0,4770.993354389182,0.0,0.0,0.0,185499.7349828698,0.0,43841.08559818612,6661.254541961321,1049756.960600377,0.0,9001.5816626788,54484.89197070152,0.0,340500.95609325165,2780.6569268554304,0.0,19007355.51792997,260345.36718539463,0.0,0.0,76398.65397857796,6343805.510465611,4430552.368775878,0.0,0.0,370906.8779926982,1301.4575183195057,0.0,0.0,120722.74605164315,0.0,0.0,4108131.1337597314,1542837.6323405234,0.0,0.0,12655520.70111144,4072218.1625660765,18826269.646919552,208900.47282411318,253909696.55677763,0.0,151213.91643436145,682413.7979531909,0.0,0.0,0.0,0.0,170188.77134726758,0.0,0.0,27558.200093955922,0.0,130284.76780262696,0.0,0.0,87122.13965293934,27631.211451601273,1081.9179631121685,2245439.05839123,0.0,0.0,0.0,0.0,0.0,13837.51384174955,3401667.5564504336,0.0,0.0,0.0,0.0,0.0,49584.049199019,30951332.02941366,0.0,0.0,781777.6801240821,5296.772701739405,2472.33181002437,795981.1531845541,0.0,67181.91245384578,23919068.42210873,0.0,0.0,9350142.069525309,0.0,0.0,264232.0856368697,0.0,0.0,0.0,40135710.52620015,320920.51733894425,57.6456066069781,0.0
TCA,0.0,0.0,0.0,0.0,0.0,0.0,0.0,0.0,0.0,0.0,0.0,0.0,0.0,0.0,5154.5891272534445,0.0,0.0,12244.96816055283,98536.05682427083,0.0,0.0,0.0,56.73963806476484,0.0,0.0,0.0,0.0,0.0,0.0,0.0,0.0,0.0,0.0,0.0,1028853.8956608544,0.0,0.0,5642.6039208471575,0.0,0.0,2004.0929549498785,0.0,0.0,505944.53760443657,0.0,0.0,0.0,0.0,0.0,0.0,0.0,0.0,0.0,0.0,0.0,0.0,0.0,59.44156688822453,0.0,0.0,0.0,0.0,0.0,0.0,0.0,0.0,280195.6741670015,0.0,0.0,0.0,0.0,0.0,0.0,0.0,2323.044485826308,0.0,0.0,0.0,19592.978113398407,0.0,0.0,0.0,0.0,0.0,0.0,0.0,0.0,0.0,0.0,0.0,0.0,0.0,0.0,0.0,67625.42263444404,0.0,0.0,0.0,0.0,0.0,0.0,2436.8177154921727,162335.20907178597,0.0,0.0,0.0,0.0,0.0,0.0,3602.175590658022,0.0,0.0,0.0,0.0,0.0,0.0,0.0,0.0,0.0,0.0,0.0,0.0,0.0,0.0,0.0,16124.797462904344,0.0,112034.55900971578,0.0,0.0,4851.760947185113,0.0,0.0,0.0,0.0,0.0,0.0,0.0,0.0,0.0,0.0,0.0,0.0,0.0,100070.40068594091,0.0,0.0,0.0,0.0,2615.7075413675784,0.0,2686.9540598384574,0.0,0.0,0.0,0.0,0.0,0.0,0.0,33123.12242561591,0.0,0.0,0.0,0.0,0.0,0.0,0.0,0.0,0.0,0.0,0.0,0.0,3840.567338837823,0.0,0.0,0.0,0.0,0.0,0.0,0.0,0.0,0.0,0.0,0.0,0.0,0.0,0.0,0.0,0.0,0.0,0.0,0.0,0.0,0.0,594.4156688822453,0.0,0.0,0.0,15035.167682746529,0.0,0.0,0.0,0.0,0.0,0.0,0.0,0.0,0.0,0.0,0.0,0.0,0.0,0.0,0.0,0.0,13923.154528382878,0.0,0.0,0.0,0.0,0.0,0.0,0.0,0.0,0.0,604.8829760435908,0.0,168946.40641683264,6985805.239638431
TCD,0.0,0.0,0.0,0.0,0.0,0.0,0.0,0.0,0.0,0.0,0.0,0.0,0.0,0.0,0.0,0.0,139455.067216854,1397.5823138302853,0.0,0.0,0.0,1098641.327972786,0.0,0.0,0.0,0.0,0.0,0.0,0.0,0.0,19.1310453425171,0.0,0.0,0.0,107966.94723626436,5052.774366972135,0.0,0.0,0.0,71290128.56965636,0.0,96933.63277100795,0.0,197.39633975291443,0.0,2464464.1205844665,0.0,0.0,0.0,0.0,0.0,0.0,0.0,0.0,42046350.77193685,0.0,0.0,0.0,0.0,3191585.137034978,0.0,0.0,0.0,0.0,6579710.762500995,0.0,0.0,0.0,0.0,0.0,2368464.8895352846,0.0,0.0,0.0,0.0,0.0,0.0,0.0,0.0,0.0,0.0,546718.4821937527,0.0,0.0,0.0,0.0,0.0,0.0,0.0,0.0,0.0,0.0,0.0,38435773.604164235,51489679.51546359,0.0,609.5676547179413,0.0,0.0,0.0,1584496.3946463019,7224790.093791839,0.0,0.0,210723.10652229507,0.0,0.0,0.0,0.0,0.0,264788.10231048224,0.0,0.0,0.0,0.0,0.0,0.0,0.0,0.0,0.0,0.0,0.0,0.0,3605089.9313080944,0.0,0.0,0.0,0.0,0.0,0.0,0.0,0.0,0.0,0.0,467.43175883578414,0.0,0.0,0.0,0.0,2525637.9213611307,0.0,2006349.388398725,0.0,0.0,2356.542917889956,0.0,0.0,0.0,0.0,0.0,0.0,0.0,0.0,0.0,0.0,1926378.415827731,0.0,0.0,0.0,0.0,0.0,0.0,0.0,0.0,0.0,64089380.19960352,0.0,0.0,0.0,0.0,0.0,0.0,0.0,0.0,0.0,0.0,0.0,0.0,0.0,0.0,0.0,0.0,0.0,0.0,0.0,0.0,0.0,0.0,0.0,0.0,0.0,228051.7792653286,0.0,0.0,0.0,0.0,0.0,0.0,0.0,12730129.48747728,0.0,0.0,0.0,0.0,0.0,0.0,67476.14294525981,0.0,0.0,2762724.719166668,0.0,0.0,8733.612610059043,0.0,0.0,2125.5419158316254,0.0,0.0,0.0,0.0,0.0,0.0,0.0,0.0,0.0,0.0,0.0,0.0,0.0
TGO,0.0,0.0,20728.092086801913,0.0,1513963.1841516027,0.0,0.0,555781.0023934423,0.0,0.0,0.0,0.0,5681.219366653848,71636.39292611356,0.0,0.0,124721249.67517489,48060046.20641081,46748636.201374255,37352668.85780569,38688.473627944884,1218160.6572180656,0.0,48269.983000492626,24235.246674615595,0.0,0.0,0.0,2443.402822196997,0.0,33805.53091187224,0.0,0.0,0.0,1240883.986002133,12578465.956060294,0.0,15262062.111673955,0.0,410005257.99463916,8365914.699873257,1288723.628416737,1993.2089837446047,913373.7582336576,0.0,373886.01589766826,0.0,0.0,0.0,0.0,0.0,0.0,613103.5770594665,1319429.6476114115,318538433.4077766,0.0,0.0,805640.8309515723,0.0,42681632.008741304,0.0,83085.78131059295,0.0,0.0,68320399.73387045,6191785.705408094,0.0,153219.62883604277,0.0,0.0,82508811.52234791,0.0,0.0,795111.6358478059,6361609.389252288,0.0,60614850.29677836,0.0,1274668.4394248577,0.0,713839.9658653992,2951041.4613933815,0.0,0.0,0.0,0.0,0.0,0.0,0.0,0.0,187517.0210904529,0.0,20089.019198307593,48522964.10855421,53196093.276619285,0.0,0.0,0.0,0.0,0.0,101980.18546257337,78989396.34108455,0.0,5907.525601449106,3248851.9207866592,0.0,0.0,0.0,0.0,0.0,0.0,0.0,0.0,88135.226683672,425858.97114558093,688.8187984051526,0.0,0.0,853.8399129906504,0.0,526209.948300422,0.0,535903.2894533245,98690112.91251697,0.0,0.0,0.0,0.0,0.0,0.0,7335240.054409897,0.0,0.0,0.0,0.0,0.0,0.0,0.0,0.0,1222332.9701093265,0.0,58891544.59367817,11750.96276250939,0.0,21480941.189605605,0.0,2150532.054549692,12736.20759705637,0.0,218870625.8027632,648.9490989230185,0.0,0.0,370.42008023477877,0.0,15183472.272850709,0.0,0.0,926975.8281255594,3408363.4608422657,0.0,0.0,14150770.939254891,0.0,0.0,10159441.586209912,0.0,0.0,0.0,0.0,0.0,10980178.442032319,0.0,0.0,0.0,12853434.54999096,4250214.649147189,0.0,0.0,0.0,0.0,9666.246528021313,0.0,0.0,478783.22319935996,0.0,1040531.5132686672,0.0,232030.53280493253,502.2726298944481,24080.27484264526,30464.786480550752,6192.898866208297,0.0,0.0,40158.12763345326,614834.7816983878,2968.2086369136173,0.0,10725754.686504312,821557.4075604351,0.0,0.0,0.0,0.0,0.0,1365238.489164661,0.0,0.0,35000099.136116594,0.0,0.0,514483.9661666722,0.0,0.0,26779206.219165727,0.0,0.0,0.0,0.0,0.0,52964522.27104984,0.0,0.0,0.0,73.39349182568452,841081.5423737355,0.0,0.0
THA,288221.6149103858,412116.7442154193,605335356.826463,0.0,7790797.651550841,0.0,8670959.555303214,1097672.2202752866,48182.15829810177,0.0,0.0,133962.84285240155,577377544.9393077,12713119.930708366,2842866.4560453556,14390.814189250137,272001893.0226223,2183611741.9377146,40524205.66661666,413490234.0213146,7131950.750485534,31954879.077990964,1413164.8152750207,5023711.33539856,1748403.6340315184,306744.8185778921,74168.27702801545,18905.79184566558,130294594.18742993,248971.54232523905,105301569.79249448,431057.31205511093,0.0,377294.03756275005,372498.0019893279,317312621.42663884,10106.979912147744,59479794.21959635,10019751.806855377,10445629877.252691,1593792505.0055616,917572130.8160782,4913011.302758265,336603054.88362426,71916.69732420234,9761972.039072193,2677436.472125064,43413403.320474416,512609.78809890547,241358.44513964406,7331.862940647943,190314.5673224571,3274416.25685934,22478084.106138617,205853048.99809656,34868706.11882767,383172.03754876566,13542861.358594809,2208327.707300711,90732315.81802626,1277028.0430089487,35302110.19374576,22965023.69139256,734.8212518014882,151062876.577778,863685.5147512674,54297031.51247361,6597233.929206142,39701926.783131264,0.0,489156933.5540484,4329.721381326551,2390523.7447576835,140912443.63955495,217159252.1198228,27979352.622617424,522867740.91933143,0.0,115207768.81902131,27546387.060238145,31453408.225821555,4836947.1081282245,138.08181095101176,49870.17552485105,1290874.2384483512,0.0,9142947.111935474,886731.5133119721,0.0,514352.67087509047,16762957.206205709,6365433.280089583,3025923.829428134,4203467815.8443766,364774110.28125036,0.0,6804775.443936384,292245999.41524094,1401817431.8884492,2063813.5082477229,189877365.5873437,194388238.0952437,2524215.773428886,96400149.3970049,2568039556.8241744,1063924.1289613126,153054834.62373814,91763.46087121224,781872958.0132475,11964378.117898487,1355171844.3661892,58363689.28516356,0.0,68734494.40062569,65268494.56800519,57692702.30299381,24734.92039346644,0.0,161929319.17096943,61250.27357360198,5023212.320142131,40770.866011643586,1247087.7789137713,1513104.3720399935,330332.99204241176,44703361.311431624,10575450.189922921,72641782.38709195,799559.2977377692,0.0,13464964.508530447,3316683.658233754,627569607.6039519,2615537.181300979,9901329.444286875,434758.9032047909,682215975.9182029,171243536.59897166,2776.2832985217597,61768985.700619444,124608.38617329985,6201982690.905103,6326359.734655147,17199222.5555038,111083399.15694363,0.0,2577531514.923307,68540.76472149073,1470.1370029250052,354519107.61800635,34522947.86631315,20241853.583278332,90783.50511661894,128520606.35367343,62847479.08425067,221489907.62732378,1737119.3593964013,0.0,51230864.0702636,1613275650.049762,520415.8900714119,167719169.92973605,25390614.526355654,0.0,0.0,20806912.366279848,221103.52619735448,0.0,16633452.986560358,38967031.37413012,1120913.2301520724,252193481.14927864,2271507.62120695,390602273.31421024,0.0,746378559.1012268,856371445.0670543,0.0,113474.44391321942,0.0,2625232.261941972,89433734.33643523,428789.55322158296,0.0,17014605.21987821,0.0,1826688.4341338417,0.0,2395139.6895644837,1427297.0974589114,938996.1171859372,10720677.21091356,48135588.325528935,0.0,2218334.960541559,129677169.32136291,29672.16605148678,382466.2730187765,338627113.12101656,0.0,155351.60238452465,0.0,184903.87330994633,60016467.15290977,1892558.5975923236,1612946.4809685196,18698943.342160735,0.0,320238.8310675696,1015114405.5694427,83538912.88004674,22430125.055677764,15521016.576194309,0.0,1292553.8648794992,1828489440.8803263,747804.2814038993,6901.21586996537,3406389.149929983,50536.43321047513,0.0,1139816612.7722018,2350742.657844641,59421.49670828914,6384264.172445799,383255465.76151043,1692568933.1163218,2447107.4978703153,9822496.763594542
TJK,0.0,20382702.25913024,0.0,0.0,0.0,0.0,0.0,172872.33004957417,0.0,0.0,0.0,0.0,3322.6523773759823,1372222.5970181327,375380.86135944846,0.0,4418949.548831966,0.0,0.0,0.0,7487255.764088247,0.0,0.0,402414.19911921356,36622950.43239904,0.0,0.0,0.0,0.0,0.0,0.0,0.0,0.0,0.0,0.0,2687.895827812722,0.0,11736.093151327648,0.0,14023803.02662549,0.0,0.0,0.0,0.0,0.0,0.0,0.0,0.0,2698.147597794731,0.0,0.0,0.0,0.0,2850710.3786072927,9358718.003319072,0.0,0.0,0.0,0.0,7825681.133714308,0.0,405661.608874234,0.0,0.0,89217.28660125002,110948.06478288554,0.0,0.0,0.0,0.0,10868744.213293912,0.0,0.0,0.0,0.0,569173.0197492372,0.0,0.0,0.0,0.0,0.0,0.0,0.0,0.0,0.0,0.0,0.0,13.113313371980354,0.0,0.0,39697.610909548464,0.0,679583.6664067993,461464.4497688917,950668.8021422238,0.0,0.0,3087498.7296980885,0.0,0.0,0.0,10561884.592832794,0.0,24045.383174197334,15078.886088106025,646629693.0228274,0.0,11056495.197965415,0.0,0.0,36125.07239615237,1343.947913906361,0.0,6024.482875985982,0.0,0.0,0.0,0.0,0.0,0.0,162271.0028211557,0.0,273055.8618205064,5036304.139502566,30819.470131245576,0.0,0.0,0.0,0.0,0.0,0.0,0.0,0.0,0.0,11268.321805340249,0.0,0.0,0.0,0.0,0.0,0.0,0.0,0.0,0.0,0.0,0.0,0.0,0.0,0.0,11367.248682965945,0.0,0.0,0.0,0.0,0.0,14046158.835880788,0.0,0.0,0.0,0.0,0.0,0.0,2112890.724287271,0.0,0.0,62003.39623891205,0.0,0.0,0.0,326.9635462429698,279862.4501950425,743435741.8555794,0.0,0.0,0.0,0.0,0.0,0.0,0.0,0.0,0.0,0.0,0.0,0.0,0.0,0.0,212756.75180018845,0.0,0.0,0.0,0.0,1134386.409885359,0.0,0.0,0.0,0.0,0.0,0.0,0.0,0.0,0.0,0.0,0.0,0.0,0.0,0.0,554118.2504455899,0.0,0.0,195061.42922522846,0.0,0.0,24238793.291748784,0.0,0.0,284765.7716858541,0.0,0.0,0.0,0.0,0.0,0.0,0.0,0.0,0.0,0.0,0.0,0.0,0.0
TKL,0.0,0.0,0.0,0.0,0.0,0.0,0.0,0.0,0.0,0.0,0.0,0.0,0.0,0.0,0.0,0.0,0.0,0.0,0.0,0.0,0.0,144.59770899883654,0.0,0.0,0.0,0.0,0.0,0.0,0.0,6653.14055601202,0.0,0.0,0.0,0.0,0.0,0.0,0.0,0.0,0.0,0.0,0.0,0.0,0.0,0.0,0.0,0.0,0.0,0.0,0.0,0.0,0.0,0.0,0.0,0.0,0.0,0.0,0.0,0.0,0.0,0.0,0.0,0.0,0.0,0.0,0.0,0.0,0.0,0.0,0.0,0.0,0.0,0.0,0.0,0.0,0.0,0.0,0.0,0.0,0.0,0.0,0.0,0.0,0.0,0.0,0.0,0.0,0.0,0.0,0.0,0.0,0.0,0.0,0.0,0.0,0.0,0.0,0.0,0.0,0.0,0.0,0.0,0.0,0.0,0.0,0.0,0.0,0.0,0.0,0.0,0.0,0.0,0.0,0.0,0.0,0.0,0.0,0.0,0.0,754974.9519207499,0.0,0.0,0.0,0.0,0.0,0.0,0.0,0.0,0.0,0.0,0.0,4011.923878463376,0.0,0.0,0.0,0.0,0.0,0.0,0.0,0.0,0.0,0.0,2653.51420437968,0.0,0.0,0.0,0.0,0.0,0.0,0.0,0.0,0.0,0.0,0.0,0.0,0.0,0.0,0.0,0.0,0.0,0.0,0.0,0.0,0.0,0.0,0.0,0.0,0.0,0.0,0.0,0.0,0.0,0.0,0.0,0.0,0.0,0.0,1082.4373082371947,0.0,0.0,0.0,0.0,0.0,0.0,0.0,0.0,0.0,0.0,0.0,0.0,0.0,0.0,0.0,0.0,0.0,0.0,0.0,0.0,0.0,0.0,4802.20337223276,0.0,0.0,0.0,0.0,18681.868897855573,0.0,0.0,0.0,0.0,0.0,0.0,0.0,0.0,0.0,0.0,0.0,0.0,0.0,0.0,0.0,0.0,0.0,0.0,0.0,0.0,0.0,11701.354981079025,0.0,0.0
TKM,0.0,542983.2195954053,0.0,0.0,0.0,0.0,0.0,1164365.1670330074,0.0,0.0,0.0,0.0,0.0,131909.15425455573,9520449.145432826,491.18141537210454,3394442.188545539,0.0,0.0,0.0,0.0,325447.1763389885,0.0,98705.03044721423,7256205.9122019075,0.0,0.0,0.0,876491.2328456113,0.0,0.0,0.0,0.0,0.0,0.0,682.6497493428992,0.0,430.1687891168584,0.0,63333950.22944946,0.0,0.0,0.0,0.0,0.0,0.0,0.0,0.0,0.0,0.0,0.0,0.0,0.0,1195502.4986243783,9725030.717856497,0.0,0.0,0.0,0.0,0.0,0.0,13842034.466710098,0.0,0.0,1337303.282172621,0.0,0.0,0.0,0.0,0.0,2365350.6508415537,0.0,0.0,0.0,0.0,708613.3719293138,0.0,0.0,0.0,0.0,0.0,403698.83339804143,0.0,0.0,0.0,0.0,0.0,0.0,0.0,0.0,0.0,0.0,228305.19711878474,5690789.2350625135,17952537.605347924,0.0,0.0,2669003.410132507,0.0,0.0,118490.92354898986,3991022.212188382,0.0,0.0,30075.981622515203,2070450.8748974912,0.0,2190620.694809728,0.0,0.0,381682.5634797402,0.0,0.0,0.0,0.0,0.0,0.0,0.0,0.0,0.0,168548.02676808368,0.0,1156323.2773760348,153884312.27900684,0.0,105873.99255686712,0.0,0.0,0.0,0.0,0.0,0.0,0.0,264.5555884019966,0.0,0.0,0.0,0.0,0.0,91571.86113621944,0.0,4135.3339984120485,0.0,0.0,0.0,0.0,0.0,0.0,0.0,0.0,0.0,0.0,0.0,0.0,0.0,64964927.01739083,0.0,0.0,0.0,0.0,0.0,0.0,339474.0189938076,0.0,0.0,732544.156379188,0.0,0.0,0.0,43.61813859611857,48457.557695824056,43697535.21038147,0.0,0.0,0.0,0.0,0.0,0.0,0.0,0.0,0.0,0.0,0.0,0.0,0.0,0.0,30146.34145504855,0.0,0.0,0.0,0.0,394152.3325254368,0.0,0.0,0.0,0.0,0.0,0.0,0.0,5911729.336923579,0.0,0.0,0.0,0.0,0.0,0.0,0.0,0.0,0.0,4989733.9565443145,0.0,0.0,3313561.5376753747,0.0,0.0,1180.8836118771605,0.0,0.0,16273.8659092538,0.0,0.0,0.0,0.0,0.0,0.0,0.0,0.0,0.0,0.0
TLS,0.0,0.0,0.0,0.0,0.0,0.0,0.0,0.0,0.0,0.0,0.0,0.0,8981385.659389883,0.0,0.0,0.0,0.0,0.0,0.0,0.0,0.0,0.0,0.0,0.0,0.0,0.0,0.0,0.0,0.0,0.0,0.0,0.0,0.0,0.0,0.0,15379708.660517493,0.0,0.0,0.0,1160126.6568435733,0.0,0.0,0.0,0.0,0.0,0.0,0.0,0.0,0.0,0.0,0.0,0.0,0.0,0.0,0.0,0.0,0.0,852300.5784528316,0.0,0.0,0.0,0.0,0.0,0.0,703095.805933207,0.0,0.0,0.0,0.0,0.0,0.0,0.0,0.0,0.0,1001478.9249682911,0.0,0.0,0.0,0.0,0.0,0.0,0.0,0.0,0.0,0.0,0.0,0.0,0.0,0.0,0.0,0.0,0.0,0.0,32718066.660271816,34410.66283116582,0.0,0.0,0.0,0.0,0.0,0.0,74701.51848511661,0.0,0.0,10589720.56072842,0.0,0.0,0.0,0.0,0.0,3962472.2653155457,0.0,0.0,0.0,0.0,0.0,0.0,0.0,0.0,0.0,0.0,0.0,0.0,0.0,0.0,0.0,0.0,0.0,0.0,0.0,0.0,0.0,0.0,0.0,0.0,0.0,0.0,0.0,0.0,0.0,0.0,46733.95806637203,0.0,0.0,0.0,0.0,0.0,0.0,0.0,0.0,0.0,0.0,0.0,2661068.5230603614,0.0,0.0,0.0,0.0,0.0,0.0,0.0,0.0,0.0,0.0,0.0,9964517.319713345,0.0,0.0,0.0,0.0,0.0,0.0,0.0,0.0,0.0,236143.68759065366,2175695.773444046,0.0,0.0,0.0,0.0,0.0,0.0,0.0,0.0,0.0,0.0,0.0,0.0,0.0,0.0,0.0,70769.8596174789,0.0,0.0,0.0,0.0,0.0,0.0,0.0,0.0,0.0,0.0,0.0,0.0,0.0,0.0,0.0,0.0,885712.8533405095,0.0,0.0,0.0,0.0,0.0,9494117.68386785,0.0,0.0,0.0,0.0,0.0,0.0,0.0,0.0,0.0,0.0,71891.26572339589,0.0,0.0
TON,0.0,0.0,0.0,0.0,0.0,0.0,0.0,773.7003234476999,12904.685006999942,0.0,0.0,0.0,704462.5961340438,0.0,0.0,0.0,956526.8373701214,0.0,0.0,0.0,0.0,0.0,0.0,77.34363998312529,0.0,0.0,0.0,0.0,0.0,0.0,0.0,0.0,0.0,0.0,0.0,0.0,0.0,0.0,0.0,3109.578909885658,0.0,0.0,0.0,0.0,0.0,0.0,0.0,0.0,0.0,0.0,0.0,0.0,0.0,0.0,0.0,0.0,0.0,0.0,0.0,0.0,0.0,0.0,0.0,0.0,283462.4587383287,0.0,0.0,0.0,66635.50247614364,0.0,0.0,0.0,0.0,0.0,166651.5563475896,0.0,0.0,0.0,0.0,0.0,0.0,0.0,0.0,0.0,0.0,0.0,0.0,0.0,0.0,0.0,0.0,0.0,0.0,83251.73298147715,0.0,0.0,0.0,0.0,0.0,0.0,0.0,0.0,0.0,0.0,202060.58486887152,0.0,0.0,0.0,0.0,209.35642342874237,743480.5058459393,0.0,0.0,0.0,0.0,0.0,0.0,0.0,0.0,0.0,0.0,0.0,0.0,0.0,0.0,0.0,0.0,0.0,291.701383165226,0.0,0.0,0.0,0.0,0.0,0.0,0.0,0.0,0.0,0.0,0.0,0.0,0.0,107.89521150146035,0.0,0.0,0.0,0.0,0.0,0.0,0.0,0.0,0.0,0.0,1601886.628104045,0.0,0.0,0.0,0.0,0.0,2840.748993647163,0.0,0.0,0.0,0.0,0.0,0.0,0.0,0.0,0.0,0.0,0.0,0.0,0.0,0.0,0.0,13546.47677237944,56.790675037952475,0.0,0.0,0.0,0.0,0.0,0.0,0.0,0.0,0.0,0.0,0.0,0.0,0.0,0.0,0.0,0.0,0.0,0.0,0.0,0.0,0.0,0.0,0.0,0.0,0.0,0.0,0.0,0.0,0.0,0.0,0.0,0.0,0.0,0.0,0.0,25.4939420035003,0.0,0.0,202737.32046350848,0.0,0.0,0.0,0.0,0.0,0.0,0.0,0.0,14239.591421117326,0.0,0.0,0.0,0.0
TTO,192291.98024545005,0.0,0.0,788.7883261717053,86.00923911882593,0.0,691.1433390139596,176.64986088453992,389.8666944693174,0.0,6945.256860751399,2041132.078000031,154856.48133679794,3309.744221037868,0.0,0.0,2589969.26079552,0.0,1344.6977019215483,0.0,12649.877115402507,800.9229386912278,89972.52352768868,173.83079805231438,8768.89743175984,95875.4618559637,629.8006858132461,0.0,34586.04906270173,8350747.073638681,0.0,0.0,0.0,0.0,0.0,661531.7890150957,0.0,47263.33496695457,686.7004326482515,2398.3413398992607,391.4775355637023,7371.954655922003,0.0,0.0,0.0,2934448.026007864,104.31101161484816,0.0,762.6373908797204,112.1284482585755,0.0,2810.092976496001,0.0,0.0,708578.497770598,0.0,811794.0473176477,0.0,149020.47220312356,0.0,0.0,0.0,0.0,0.0,40669.813105898924,0.0,0.0,0.0,114.94751109080107,0.0,1366007.0049211807,0.0,0.0,0.0,515131.46958198055,0.0,0.0,0.0,0.0,0.0,0.0,62325.52896416676,1377535.225978783,0.0,259.2412033554284,0.0,0.0,10913542.26072406,0.0,7331.904365792197,0.0,3024.427849847296,0.0,0.0,14040.146949840428,0.0,905303.5144122887,0.0,0.0,128.92399308626761,235.53314784605325,47586.89981354929,20361563.28812012,0.0,2797457.2694578017,689.6850665448063,336.38534477572654,395.26863173723984,0.0,0.0,12875.891323178445,0.0,0.0,45903.79715658115,1214.3895734939526,0.0,3655486.042470513,0.0,0.0,0.0,0.0,32.99730813999902,0.0,0.0,1975.3238569130726,0.0,0.0,4603.575438751656,990.1331560317578,0.0,0.0,82741.40844225208,0.0,0.0,56.06422412928775,0.0,0.0,0.0,23582.895096252778,58.88328696151331,0.0,58.88328696151331,0.0,0.0,23540.123866637936,0.0,10237862.31912597,0.0,0.0,5023490.445326138,206.1300995691795,0.0,0.0,58625.05711503932,0.0,0.0,37637.07728871843,0.0,57.546952673163446,0.0,0.0,0.0,7589.001905943608,0.0,0.0,0.0,117.76657392302663,0.0,0.0,38802.94896452167,896.4635998866054,11486.742594626568,0.0,0.0,0.0,0.0,2484.116332007136,0.0,0.0,0.0,0.0,0.0,21259.153170092526,0.0,0.0,0.0,0.0,0.0,0.0,3780695.4493041197,0.0,0.0,2018.0941197067805,0.0,353.29972176907984,55305.71072998518,2866.4802184570394,0.0,0.0,876.5332833370799,0.0,0.0,0.0,0.0,0.0,0.0,0.0,0.0,0.0,2164766.066978927,468.24723285988097,0.0,3580.9594115398404,0.0,0.0,5658628.3170799175,0.0,989739.7621102822,109288.97827830793,54815.78507164333,0.0,0.0,2689.14769744719,0.0,0.0,0.0,28981.735229596397,0.0,3061.8037551959696
TUN,0.0,123924.80810649444,287742.4149871272,0.0,616786.3640878574,0.0,1189028.2852881642,1084.219300064014,0.0,0.0,0.0,0.0,10243807.678111263,618444.5193324485,1198718.0682375403,0.0,35206768.4046411,6123064.414109933,1805552.822202161,214814.7408709125,146906.71952799786,2535813.8866539625,4670.652764255789,1064589.7467853506,233146.94382758884,11982.846071611897,0.0,0.0,7677334.30776979,0.0,6890.812471696827,0.0,0.0,0.0,330596.8339143257,249646208.40297732,0.0,15521704.481821256,0.0,35336805.87327119,20972723.309447184,4659626.547584157,6244.497009119362,1966924.729773466,0.0,96641.66920917426,82288.18213187819,149151.5472091503,3173.6204530959767,0.0,0.0,0.0,353960.29494336655,158747.03775487086,26008467.27412922,387447.00929875684,0.0,1010960.7068426798,5071.160856670825,46681881.18991704,968963.5451042716,23103661.205968134,0.0,0.0,1221898715.4713128,2252160.6266305586,12315561.628515493,78811.89557463702,0.0,798.9377998303339,454298581.94126624,1217.470121902896,0.0,880362.7280114761,11250853.198096003,0.0,17211590.445541568,0.0,597629.2461785914,37507.24263295806,1250984.873378371,1401754.7088876888,0.0,683.40155837393,0.0,0.0,0.0,1085.7726437458487,0.0,0.0,1841591.6936309016,85710.4771905664,1098525.8004013079,10178088.854862265,7083162.923291231,0.0,66593.71469419639,1969383.898384709,913557.2107980017,71732.288320717,8267451.468346847,2988621225.0936584,0.0,36504618.61010655,5633051.634547114,209584.71978736445,63579.84060642441,6200.511347786561,0.0,0.0,294173.32361915923,9567687.341721075,0.0,53025681.87683467,89014.37895999613,426579470.2882684,0.0,0.0,16023.49361674503,0.0,221548.6588800507,7315.676546135864,193356.4813845649,276924680.0115969,7478.42488328059,3600938.597838692,199951.0987614786,3037310.3326646397,15645.078290532754,0.0,2102270.6005457365,908608.7952024265,0.0,130103.5109059069,315.6983530844108,0.0,0.0,9114661.949692668,0.0,2005181.7145842207,7377.741751932757,14838153.1621942,0.0,94533.56836665008,20496325.42014932,0.0,189205.25417618136,2586.0940279348915,0.0,7583997.338381386,1004054.5671038659,365.45157139290575,0.0,592682.4972117213,8276764.322519766,864203.0351548137,2387346.847480094,0.0,340887.78665468673,580669.02354924,0.0,0.0,444692.4987753294,0.0,0.0,49262861.37626265,0.0,0.0,49341.31763728399,10299406.030639632,46427.75089297283,43475454.17958773,33213.27873328057,86380590.0595775,0.0,23559379.484437075,795795.8623043908,0.0,0.0,0.0,68572.30649770657,158828.60189529913,0.0,0.0,172899.17948365633,0.0,417423.2017975053,0.0,0.0,0.0,459447.55387960165,381970.9033559763,25748019.65600233,0.0,94649595.11875352,10905858.194963917,0.0,2296348.7189372405,1157392.948887356,11226921.056583237,0.0,0.0,0.0,0.0,0.0,0.0,0.0,0.0,0.0,524550.128087678,679.3517862266306,101130.46398927721,3136566.1008922183,0.0,87018.25035432313,1357631785.3545809,0.0,0.0,365352.43389934604,0.0,0.0,166939.97976365563,0.0,0.0,0.0,2953293.083437038,1106364.907922601,315.6983530844108,0.0
TUR,0.0,0.0,0.0,0.0,0.0,0.0,0.0,0.0,0.0,0.0,0.0,0.0,0.0,0.0,0.0,0.0,0.0,0.0,0.0,0.0,0.0,0.0,0.0,0.0,0.0,0.0,0.0,0.0,0.0,0.0,0.0,0.0,0.0,0.0,0.0,0.0,0.0,0.0,0.0,0.0,0.0,0.0,0.0,0.0,0.0,0.0,0.0,0.0,0.0,0.0,0.0,0.0,0.0,0.0,0.0,0.0,0.0,0.0,0.0,0.0,0.0,0.0,0.0,0.0,0.0,0.0,0.0,0.0,0.0,0.0,0.0,0.0,0.0,0.0,0.0,0.0,0.0,0.0,0.0,0.0,0.0,0.0,0.0,0.0,0.0,0.0,0.0,0.0,0.0,0.0,0.0,0.0,0.0,0.0,0.0,0.0,0.0,0.0,0.0,0.0,0.0,0.0,0.0,0.0,0.0,0.0,0.0,0.0,0.0,0.0,0.0,0.0,0.0,0.0,0.0,0.0,0.0,0.0,0.0,0.0,0.0,0.0,0.0,0.0,0.0,0.0,0.0,0.0,0.0,0.0,0.0,0.0,0.0,0.0,0.0,0.0,0.0,0.0,0.0,0.0,0.0,0.0,0.0,0.0,0.0,0.0,0.0,0.0,0.0,0.0,0.0,0.0,0.0,0.0,0.0,0.0,0.0,0.0,0.0,0.0,0.0,0.0,0.0,0.0,0.0,0.0,0.0,0.0,0.0,0.0,0.0,0.0,0.0,0.0,0.0,0.0,0.0,0.0,0.0,0.0,0.0,0.0,0.0,0.0,0.0,0.0,0.0,0.0,0.0,0.0,0.0,0.0,0.0,0.0,0.0,0.0,0.0,0.0,0.0,0.0,0.0,0.0,0.0,0.0,0.0,0.0,0.0,0.0,0.0,0.0,0.0,0.0,0.0,0.0,0.0,0.0,0.0,0.0,0.0,0.0,0.0,0.0,0.0,0.0,0.0,0.0,0.0,0.0,0.0
TUV,0.0,0.0,0.0,0.0,0.0,0.0,0.0,0.0,0.0,0.0,0.0,0.0,32717.817166971665,0.0,0.0,0.0,0.0,0.0,0.0,0.0,0.0,0.0,0.0,0.0,0.0,0.0,0.0,0.0,0.0,0.0,0.0,0.0,0.0,0.0,0.0,0.0,0.0,120840.03457150662,0.0,0.0,0.0,0.0,0.0,0.0,0.0,0.0,0.0,12.829660106091389,0.0,0.0,0.0,0.0,0.0,0.0,0.0,0.0,0.0,0.0,0.0,0.0,0.0,0.0,0.0,0.0,0.0,0.0,0.0,0.0,0.0,0.0,0.0,0.0,0.0,0.0,0.0,0.0,0.0,0.0,0.0,0.0,0.0,0.0,0.0,0.0,0.0,0.0,0.0,0.0,0.0,0.0,0.0,0.0,0.0,0.0,0.0,0.0,0.0,0.0,0.0,0.0,0.0,48189.1246006428,0.0,0.0,0.0,0.0,0.0,0.0,0.0,0.0,0.0,0.0,0.0,0.0,0.0,0.0,0.0,0.0,0.0,0.0,0.0,0.0,0.0,0.0,0.0,0.0,0.0,0.0,0.0,0.0,0.0,0.0,0.0,0.0,0.0,0.0,0.0,0.0,0.0,0.0,0.0,0.0,0.0,0.0,0.0,0.0,0.0,0.0,0.0,0.0,0.0,0.0,0.0,0.0,0.0,0.0,0.0,0.0,0.0,0.0,0.0,0.0,0.0,0.0,0.0,0.0,0.0,0.0,0.0,0.0,0.0,0.0,0.0,0.0,0.0,0.0,0.0,0.0,0.0,0.0,0.0,0.0,0.0,0.0,0.0,0.0,0.0,0.0,0.0,0.0,0.0,0.0,0.0,0.0,0.0,0.0,0.0,0.0,0.0,0.0,0.0,0.0,0.0,0.0,0.0,0.0,0.0,0.0,0.0,4012.6410648995316,0.0,0.0,0.0,0.0,0.0,0.0,0.0,0.0,0.0,0.0,0.0,0.0,0.0,0.0,0.0,0.0,0.0,0.0,0.0
TWN,0.0,59386.89701864664,1242.610319640572,0.0,2372.1738963667804,0.0,359377.3491209701,9051.050057739016,15511.664502868436,0.0,0.0,0.0,16919554.777572293,82297.55408711664,89.05726770907901,0.0,127035.48319264018,569707.580691846,695661.7075086418,114690.92947527379,73504.30740792741,30620.17703022688,0.0,2700.938865769069,1111.198463063631,66390.0002117882,0.0,2581.847693111887,717198.7287148533,443.8183930800774,251647.27512262468,0.0,0.0,20183.33486103627,0.0,23357015.00410908,0.0,403809.499932226,335544.38386114256,133713356.62570722,20507.61632239479,38903.59841549551,0.0,214282.85455591287,0.0,345607.1884740489,0.0,95.92863230477974,722528.9380305796,0.0,0.0,0.0,982.8622620011018,49633.629946575704,2715921.2160656406,0.0,7771.38844727884,35486.27820358604,35331.55968372154,543022.1362582515,27617.838175279474,525921.6088186493,0.0,0.0,1208693.342589314,3139.1416036678784,0.0,8861.792421191418,104224.21496652595,0.0,1527599.0741691075,0.0,1792.941287584579,0.0,2607968.9044217635,14128.832278615228,321731.70470997604,0.0,17253.918031022862,0.0,40.13294151126699,117161.59624792513,0.0,0.0,87175.87309297992,0.0,178925.79900755954,2302.7892774961238,0.0,58010.774832745425,4170.842403489908,385002.49220556865,1025.3219815454095,11484300.566762924,9448426.746997982,0.0,2358.365608223537,156578.77697650556,0.0,11731.62551623035,21070549.70900384,596716.3911132794,102766.0745526708,518481.82338822965,67212994.85304242,3017.960319985787,2107.2918895859025,0.0,4174539.4948928673,27820.189093384004,19067628.614270132,199597.61264484795,0.0,58027.18843710687,0.0,221.92352673498556,423.42979646131454,0.0,262341.41122139565,37902.24781061656,3444.702568756891,0.0,18514.88377865852,6714.962551514035,101.20368523394193,17931.22787121607,18299.5346059764,1452887.2051499588,379122.7639141929,0.0,41894.014502905506,0.0,170250.1825749817,333.24240570402213,3064.95522291354,5254.212677454763,16351.774475554777,258557.84490287863,0.0,79069.54466301763,32120.367216226252,33636317.29406473,18345.82922782209,12536.795620723726,0.0,0.0,381410.38113088754,697868.8419044103,0.0,2904443.9488952123,592680.5943091732,3904905.639978085,0.0,3559082.8165086615,53419.290311620876,962726.933715018,247129.22056068707,0.0,159068.3242562877,27651112.444233578,148269.92516013788,11220243.518702662,519425.16916543036,0.0,0.0,129485.73525625581,93333.9982076859,0.0,10579.227415245978,42722.15941178612,57974.42644804096,375055.02432106866,0.0,1019313.5322740548,0.0,32076.989170024288,17484261.25392971,0.0,0.0,0.0,1541.25688893458,18329.736440139714,350503.78128744126,0.0,0.0,0.0,348.79064725332347,0.0,0.0,348956.5926881516,13453.406340565274,6688.288124439647,103613.84777880019,0.0,909.3067122175875,420257.133763723,0.0,241.08198533817975,11667.467199124665,7079724.7276868,0.0,0.0,0.0,0.0,30561.25808304308,267050.3928116745,149.93586420889795,0.0,0.0,0.0,21549.082499574397,3977.0303461195654,24036.684644276782,0.0,74719.61496019679,116669249.35724151,0.0,191.33722261629995,207949.50344194344,0.0,0.0,24457450.145911243,74905.23305501346,0.0,0.0,0.0,2134493.2724754964,14215.577752141548,133994.94302967406
TZA,0.0,0.0,851320.9525749955,0.0,84902.42840536428,0.0,612192.6070846757,299889.77556404856,2235226.3608141863,0.0,0.0,0.0,10955715.066198174,690294.3017745027,140886.89466807205,32519759.545209713,199669539.3947906,29813.268665560245,0.0,41750835.440653704,1567934.2200442764,235220.0347488494,0.0,302884.2944503708,2061113.7722352732,0.0,0.0,0.0,152563.24660178705,2059.9289742672577,1716.980731852713,0.0,0.0,21886.19719910197,127.29198298921727,14489319.56157819,0.0,134055921.62031415,315105.0183303751,741173454.9209856,832797.8650418171,2235.897402762274,126318097.71662384,111278568.03354084,0.0,490232.2282264811,6963495.20765041,3181.30736777389,5785.254872204361,0.0,0.0,0.0,37714.98810950808,3370330.0463407678,237670530.9891603,460032.0554099356,9528.693907757757,14901704.838219298,5293.718837643199,11867498.968188755,20954.360301785968,3043064.355777966,2293665.7780708475,983.1491172217551,33976679.314331144,5188043.948903238,425078.77923548943,40590844.89773256,0.0,0.0,33755262.471128434,0.0,0.0,0.0,52026360.499788895,607427.6203199562,298307.9589518208,0.0,2336.754112682407,0.0,0.0,7115231.729912886,0.0,0.0,0.0,0.0,1047705.0113659775,0.0,0.0,0.0,509633.79019089334,0.0,552770.5975454744,218523691.13023838,853335073.2708042,0.0,3284469.43182128,2622334.149089311,0.0,131998.04846006044,22757429.3925501,278614791.3347667,0.0,860987.1901704638,475771440.17237335,2950860.292941285,475402918.13867825,0.0,0.0,2156.0283540586897,27592319.46279008,166397.01848968645,0.0,176061.6870496053,0.0,143228.572680351,0.0,0.0,855301.0962601178,0.0,4359608.772067865,72193.25353393343,5573590.645870298,22117937.448772278,19166.539285942934,564566.8532188912,0.0,544443.2388064052,0.0,0.0,13210.694632113156,6572.464675362035,136980.36077053816,123.36105873251245,0.0,0.0,7525408.48925193,440780.2786622237,0.0,22654115.67252396,10294521.995280603,44815742.200181566,25618.8847864693,0.0,229239.08156270965,0.0,680109.838704548,26969.917825081226,0.0,51656985.4062731,5658463.232492593,62333.899215487465,19878.91020026142,4051602.668640716,11042438.624744987,77889462.5916743,5343.485323088447,0.0,0.0,2403893.6875681523,0.0,0.0,21118826.9208558,0.0,0.0,32982185.46164785,586788.965289343,0.0,128.03093580792347,7175571.200247379,5558403.237282599,51683872.49527658,78981014.97208351,6514620.05315369,0.0,830910.4494944749,45912429.17239037,0.0,117587.37983567055,0.0,0.0,0.0,0.0,0.0,11914866.420800356,0.0,1993963.867836222,0.0,63364.456364948965,21192.901130232112,0.0,1844467.0809730408,21416271.723898336,0.0,94166.11552107535,274968.67560246674,0.0,3425.443945765856,20797.702303491882,117870243.20530379,0.0,0.0,217161.67189525554,0.0,0.0,33575.3879284968,12817663.462846631,0.0,0.0,18898930.81640481,0.0,104021713.89852093,5602444.509463939,0.0,0.0,156560694.2549753,0.0,0.0,717951.8059005728,0.0,0.0,320325300.43733937,0.0,0.0,0.0,229437.85357518776,36391463.842304595,7566361.795608504,788074.5735164224
UGA,0.0,0.0,579220.0106405941,0.0,1270238.9152948034,0.0,5224.255009653292,1371602.4090250316,0.0,0.0,0.0,0.0,10818690.243823422,452662.8934737001,0.0,26485201.99367068,269252638.2030744,0.0,66.35680319821216,5510141.689655293,6549674.656284489,19695057.794034086,0.0,6481197.854903467,844456.8896659273,0.0,0.0,19780.0777503883,48216.70385199741,0.0,0.0,0.0,0.0,0.0,1258.361806239117,10388556.585538965,0.0,599137848.0385547,83805.60393657706,98645503.9261031,77938.88443788757,0.0,145008205.9646863,1751400.213931569,0.0,0.0,0.0,648348.1358999588,620.843271883115,0.0,0.0,0.0,669284.3599454527,1263522.585722906,616560948.4904015,0.0,71968.41095427734,25200614.472741254,142409.47913130574,26230606.488936428,8646681.278317414,5816971.7883479465,852306.0229903238,0.0,270796860.62715775,1613371.6242021038,187084.15152777557,8908970.165450862,0.0,0.0,81039769.32005899,0.0,0.0,47894.40927839595,120332344.14277741,568566.4154036795,0.0,0.0,0.0,0.0,0.0,6072641.75694984,0.0,0.0,0.0,0.0,0.0,0.0,0.0,204162.47794188472,4233654.578471789,0.0,1076168.2002441192,59445915.51982094,151823624.36853033,0.0,747968.2976003902,123637.35525847535,0.0,6291.584300022873,13350475.961933143,537607032.9845555,19205.40118018202,559269.2632249346,23485833.415250577,9972.724017729015,484084893.34297466,0.0,0.0,0.0,27181894.914924935,11985.843857163749,0.0,317868.91613561095,2679.8234204905143,194492.08494487524,0.0,0.0,278835.12092897325,21534.101168889098,52527.43924937855,603722.5704250791,337320.0335559699,41806627.5935688,146826.74091702077,102735.2878857128,10185.785930361775,7194299.281471433,0.0,0.0,138605.11771851868,0.0,0.0,90651.21189493685,0.0,0.0,22128.73557063957,187164.1241705189,0.0,8948923.787530856,90814.49879047608,103995660.93506196,0.0,0.0,43049.980966848125,0.0,192019.28833630294,0.0,0.0,109225232.98476914,1473246.8413008216,157619.46169014229,0.0,1207730.2451170743,306106.5912807283,22913978.32418041,1837843.9353755799,0.0,22755.197541805446,1133415.7714885613,0.0,28458.316516964158,43086859.06555582,0.0,0.0,94793480.06489156,35172.77856673948,0.0,0.0,147997.9709898135,26050688.24843286,36551387.40185881,148904563.48826605,689361.296472481,0.0,45678.18053875657,230855016.94993225,0.0,0.0,0.0,0.0,371013.8385793374,188880.38851469068,0.0,1044092.1708798783,0.0,31646818.9778604,0.0,0.0,0.0,104612.603600976,9008856.056753479,27057672.74054636,0.0,118856.57986776956,3782209.3233802626,0.0,12683.513886912664,67909.05782827229,13154238.336108122,0.0,0.0,0.0,0.0,0.0,41527.06026450606,36522179.142408915,0.0,0.0,4779809.437838018,48906326.50063106,0.0,1942900.5302922912,0.0,0.0,161381676.33341026,257755.45121163243,0.0,0.0,7293.715695828922,0.0,4862231.302952231,0.0,0.0,164031.42850558192,130828.27379884046,19427569.990846466,7098.62997131246,242378.6536663828
UKR,707.9850869939552,18185814.786814786,1936397.4049597522,0.0,50630840.028848976,0.0,115967.70951255517,130115074.22572857,72746.89295349673,0.0,0.0,25.039361718722663,5044596.300264898,45838569.298573285,217926013.26921567,4263590.337689577,681922097.6947081,592515.9874093437,442489.7344644585,752193416.033111,36346656.53429588,1175402.6869908022,23.84904873274995,4119214.487873093,932154169.9034461,10716.728920153275,48.697014677064026,6866.420112901269,895666.0853221347,1367.8278283511922,0.0,37278.4821814505,0.0,530518.3808485948,1865181.3716526893,23738833.357545532,0.0,100911582.6953683,87220.64691894439,1624089000.876726,2720889.98263135,3362387.0495078373,424839.9811245871,4519653.16039461,1804.8386969404326,108656.05898496308,7048.134978408626,66879.58590211104,1596560.2120942276,7249815.03266428,0.0,0.0,82172446.77167438,41002827.98117101,395575662.8971358,129992619.32586966,14989.421730247617,69989283.15665674,155078.113713041,598484650.0271281,12203953.951541772,4180488371.796509,2540676.7442462062,0.0,3348277643.739685,25226944.5339473,104400784.44635679,7748890.413439504,33628.55052906473,0.0,1275168361.8657997,338907.41498763365,0.0,66884.56661967887,486933868.01622635,428384513.6443424,12096799.323435828,0.0,524607.8200180768,21542.90340330086,62603.524288088185,329917226.82585174,0.0,0.0,10436.017052954056,0.0,0.0,18848.780288336595,0.0,34507.16264806355,15842369.231485967,0.0,130717415.98725615,560280544.4412581,3683560610.952192,0.0,117978853.33091992,1549096731.4622304,29548493.324642155,1122843.9140746011,1499011546.6500137,1926599798.8741972,0.0,514703315.3688421,411529417.29471785,294998705.3771034,380408702.33379084,130791679.32989992,1140291.1147957991,0.0,1280404998.5629811,75321087.05288467,0.0,510183597.3297333,217822.0855428679,682022813.5132077,0.0,0.0,22934357.552334674,0.0,302705576.79236174,5059490.937081815,147906308.84450457,684361172.7581393,235833997.4452457,1171385.0658055071,13712.204033952268,74955234.31152982,1221203.8743464532,0.0,1010871.677709792,9878414.940423211,5032547.885020218,837620.3920420625,57612203.15189346,0.0,27080407.52196403,60200517.77216276,153.71113886120654,4299650.608269481,4926966.594036043,236438997.0981401,5314111.298913743,279788.39999499504,188822.015833932,0.0,16661434.651621468,44907.25149973683,0.0,1852651774.5491633,21181121.981220275,26437089.87965725,0.0,952417.4804701892,99963586.49703711,380210858.577182,14131590.373692738,0.0,7088.43242480055,516199321.34813595,0.0,0.0,1250174628.8965595,0.0,0.0,659174970.2905504,3744.5744273237774,0.0,208600.7554290126,18186102.441891655,70607575.07746777,2142066134.3570201,3593406.6891575074,2628364491.819599,0.0,9279930.992789559,3446195.32997145,0.0,0.0,0.0,0.0,2191923.4179656557,1727.4160784131861,0.0,13532503.680837998,0.0,9759525.278030697,0.0,0.0,138345.7425228235,23010620.303888626,5948775.250459354,3299215.0231691254,0.0,572251.1643502509,934618467.2908548,0.0,2206867.0700069694,1102969.8445220096,722937634.7785522,80358131.92123254,0.0,108529582.64282629,0.0,0.0,21726.92157963985,1034374126.6510623,0.0,0.0,47200402.566107206,56183627.98151209,58705274.245043546,0.0,0.0,1530.2728021316516,138195710.0274327,106156886.09371805,950880.7961640542,2987.3675448721997,36044360.59842458,0.0,187747539.63923332,0.0,0.0,0.0,79413750.28819427,268476100.9954388,2584617.443840779,5584728.387292817
UMI,0.0,0.0,0.0,0.0,0.0,0.0,0.0,0.0,0.0,0.0,0.0,0.0,0.0,0.0,0.0,0.0,0.0,0.0,0.0,0.0,0.0,0.0,0.0,0.0,0.0,0.0,0.0,0.0,0.0,0.0,0.0,0.0,0.0,0.0,0.0,0.0,0.0,0.0,0.0,0.0,0.0,0.0,0.0,0.0,0.0,0.0,0.0,0.0,0.0,0.0,0.0,0.0,0.0,0.0,0.0,0.0,0.0,0.0,0.0,0.0,0.0,0.0,0.0,0.0,0.0,0.0,0.0,0.0,0.0,0.0,0.0,0.0,0.0,0.0,0.0,0.0,0.0,0.0,0.0,0.0,0.0,0.0,0.0,0.0,0.0,0.0,0.0,0.0,0.0,0.0,0.0,0.0,0.0,0.0,0.0,0.0,0.0,0.0,0.0,0.0,0.0,0.0,0.0,0.0,0.0,0.0,0.0,0.0,0.0,0.0,0.0,0.0,0.0,0.0,0.0,0.0,0.0,0.0,0.0,0.0,0.0,0.0,0.0,0.0,0.0,0.0,0.0,0.0,0.0,0.0,0.0,0.0,0.0,0.0,0.0,0.0,0.0,0.0,0.0,0.0,0.0,0.0,0.0,0.0,0.0,0.0,0.0,0.0,0.0,0.0,0.0,0.0,0.0,0.0,0.0,0.0,0.0,0.0,0.0,0.0,0.0,0.0,0.0,0.0,0.0,0.0,0.0,0.0,0.0,0.0,0.0,0.0,0.0,0.0,0.0,0.0,0.0,0.0,0.0,0.0,0.0,0.0,0.0,0.0,0.0,0.0,0.0,0.0,0.0,0.0,0.0,0.0,0.0,0.0,0.0,0.0,0.0,0.0,0.0,0.0,0.0,0.0,0.0,0.0,0.0,0.0,0.0,0.0,0.0,0.0,0.0,0.0,0.0,0.0,0.0,0.0,0.0,0.0,0.0,0.0,0.0,0.0,0.0,0.0,0.0,0.0,0.0,0.0,0.0
URY,8098.322805515339,64887.59062486646,7826870.673004504,0.0,268762.9312498449,0.0,79300475.43183215,2549.4723709379264,0.0,0.0,0.0,33310.43801296992,610373.7783601913,10818.410145628966,9639.051995005559,6850.097482163951,40341402.84881438,8124092.8035575645,1281186.027696054,67297800.34130278,147356.92827415236,27062.69089039866,4858.277649903406,46976.38877200034,244739.79428533936,50774.291150359735,1034.0048808940185,8027450.3870398505,1866318978.6192157,272361.0806588991,0.0,0.0,0.0,0.0,3005.8387199530084,2908372.967726887,0.0,4641053.230953186,62906284.87747795,4150941414.0414376,9015068.116679167,1932475.799336012,1403045.8813809298,4908449.305338255,0.0,23668693.15590892,19305.170848049802,9224499.623712841,13622610.070769796,4982100.82271217,0.0,0.0,4626939.153934179,27806.68810885585,428537092.5665877,0.0,47838.170235305086,352657.5351252748,5370965.536809113,93154880.42968214,15143205.23710935,140637740.45095053,0.0,0.0,48073024.58690688,1056.9373439218798,0.0,52600.886796329076,0.0,0.0,10642776.785261296,101.40281276201289,0.0,393856.35480207327,42854726.896292515,2661878.156910505,2274401.1994456113,0.0,4289135.989674122,9489038.679069247,0.0,23922946.51482909,126586.61530750265,0.0,2411779.463300882,0.0,0.0,46071.51528592393,0.0,2276452.811404789,79917.73044770131,3346860.856327986,7751.022171018383,34751241.21873576,2938366.1547967372,0.0,83021.1103828969,78433735.08531398,257721830.48086315,15675.734117599779,53451775.03194437,73236733.73073167,476652.27400688856,26906728.855708037,2668116.679898395,150788.87536521547,1654543.5627457823,138.5777222395393,0.0,0.0,32355.12645505258,3645821.8745959313,0.0,312377.45351389074,1935397.6361806616,3369495.7434344487,198051.9404531574,0.0,1562320.8375224127,0.0,232085.04590442727,608.893523159173,14010.09703610638,159804561.6537203,13605.28176001987,726700.7504334482,4309.254813602818,81334285.88313228,0.0,0.0,229103.94518814588,19621.53244584618,1382889.62545675,20099.509635610822,0.0,0.0,4125466.5447199484,29149153.089794762,0.0,161506.97480229396,0.0,43818557.62321064,0.0,178.09124742479884,1332869.147790842,0.0,6683994.959732097,4129967.490866672,0.0,471398436.8163394,7806853.077880005,747055.115566442,0.0,1706246.4931000276,555149.5209451286,24776790.407220617,4317129.95894254,0.0,246020825.9967661,3407194.2807264444,0.0,0.0,3675350.052293638,0.0,0.0,20826000.602383662,29265989.700749647,0.0,0.0,147102.2422431236,5919.497208213155,56271262.52110678,416890.71442159265,1370584.2138352594,0.0,67536108.82875815,3706044.616299823,0.0,0.0,0.0,42900.379662332896,44179409.86353472,722454.5437593921,0.0,0.0,0.0,56857.36825064617,0.0,0.0,175357.6043690808,1436.91406949936,19368.475631947294,1258988.2565917373,0.0,49.845254923809335,465605.35472760414,0.0,0.0,1963683.2800533164,27077128.86696637,0.0,0.0,0.0,0.0,0.0,437750.8763118097,120429507.69464797,0.0,0.0,14148849.7223257,1228513.6282771346,3088474.5779126463,333243.654726458,0.0,0.0,48886484.02854834,0.0,556399.5590433072,67118013.60248597,0.0,0.0,45154894.57632366,0.0,0.0,0.0,16877060.236300558,47185083.93861269,17459.66647698045,551136.2367414614
USA,29649961.27640301,82293419.37678073,16728115.38686035,583283.796460979,3493155.671702149,0.0,30117374.054800544,1355714.5951741966,0.0,0.0,4329.24286296999,7510384.004702743,367280514.6860034,14212213.087179922,13600250.029725984,17499781.384921417,395502365.4412353,29155241.131714858,24174889.072051417,749251629.9948791,22314175.639922794,21166894.376315936,71076819.88707429,3914990.002167959,21615589.120260306,48357448.76294207,20396011.61769468,31633341.161724646,2104333279.6387393,115613553.36651678,2563458.3653539997,166.51973639125734,0.0,1538585.2271935178,7135258.163470008,11646232515.738373,908431.6177367757,123005176.54659094,881516775.7645863,45808244934.43759,28125529.479036916,76725581.51071024,61777144.63510707,32234048.752140608,651940.6893774552,3562307618.333788,24706.762671420718,2070170.1374534746,1202351474.2081158,633588538.1883664,1880.1458212732323,13175478.946857544,7393040.549894106,11630334.08611589,2423924681.6398945,416817783.5797616,3544649.864798925,156237160.08809343,1928548723.1274061,608986253.6372511,768836290.5554826,4232428021.352946,6643234.260571948,1819.1453306112392,2258124082.1258,14590809.66115112,653950061.237082,38812639.14093681,6593181.085567743,7081.004806387147,458348602.888616,29446.2429713961,11792855.222166859,965856.2846405146,883013070.4884553,12360559.484650725,158900908.75780833,0.0,15583975.513908543,11243314.434120102,695353.9608913864,78799747.11058606,41372833.13597973,28813.782273206,1989338950.511152,0.0,0.0,72216289.78810225,0.0,1041381694.823485,8898500.045921061,829914089.19255,13990059.731965423,5087073015.631482,780518344.1677146,0.0,209297124.02483693,611027978.5924654,1028253580.5748863,11533550.137642613,1062002974.7611839,1501426031.847434,729529670.8533434,406846292.1309416,17444644506.02691,5512530.649061757,314827070.01221085,1043676.4389598384,17404722.76484943,1373603.1988419704,7074404607.603433,83677301.23123093,0.0,131379594.934343,81024872.36889559,181138609.2801918,8625484.380079316,0.0,303027367.20807576,3800230.954984303,11561415.576456936,11483136.065347295,38718922.03253169,1351637743.0720253,4654253.373690543,43389673.88769695,377581.5144446996,26214587694.787277,2776749.9474994633,0.0,26890975.13638322,5537460.666416449,41298475.99952225,1358522.1034929254,5789444.525265384,0.0,162491213.56023157,10959780.336588275,493020.77407537284,6587549.107021209,53999758.363300264,1100935808.0356493,24064748.740806255,2567076.191147959,58062876.30778877,0.0,4599005127.057389,467141803.83544546,65451.96753244984,1502132539.9393713,57270576.655638084,13901469.178260908,25299.73898207549,101569840.05418296,118777316.01485257,779816014.0773659,809640149.1801431,0.0,2061671673.1848128,4691064575.956478,2845370.833975373,52371858.87653643,157802894.41600722,0.0,0.0,410858731.67576134,5849710.8088133875,0.0,11552628.48937539,19449837.866717353,82039304.14456451,420450813.1495254,8508009.247508759,1453765518.5918455,0.0,58387236.05204414,325743178.94200313,0.0,43762.092184016336,0.0,770949.5409038744,16507339.327283923,1105891917.1133337,6960.05001965512,56192479.69452305,0.0,3363089.362969655,0.0,41373.275454509305,18240514.86781288,5547919.080149158,28398432.63869579,41648501.48155395,0.0,60067.817798095886,433730371.9346171,7802915.467191398,22611359.856465664,24703599.080772493,2439376108.134611,2130958.540025463,16436.578081524072,63201.514445570596,2423709.867686801,763619.9800090798,403713963.22612244,523241890.7121067,0.0,31107.851882514326,5642154771.38214,122911304.89217629,35361642.19807255,28823165.766949583,0.0,28060470.413666148,0.0,455823.0307778162,60192210.04180743,2841037809.0111537,9477353.590427605,0.0,2010274996.0040271,699710.8756645969,24273.131951571195,499507.7755192678,864943666.2810632,426341132.49308276,2610115.5220760535,30150251.373176422
UZB,0.0,13042924.24692386,0.0,0.0,0.0,0.0,34534.25234233962,384028.995373331,0.0,0.0,0.0,0.0,23952.51620487139,1886223.7582728257,18980168.131959576,0.0,4482745.815870937,0.0,0.0,0.0,152452.407003119,19891.859240409,0.0,643173.3089187148,34319653.29246266,0.0,0.0,0.0,55583.09949139788,251.54560350795452,0.0,0.0,0.0,0.0,0.0,281631.3611922885,0.0,68153.55289417841,65716.18513867764,1317335135.348565,0.0,0.0,0.0,0.0,0.0,43677.40038258952,0.0,0.0,5878.234046009669,0.0,0.0,0.0,0.0,7549531.278838482,20355265.706476256,0.0,0.0,25316.37805114883,0.0,16831.68671568345,0.0,7106214.882530106,0.0,0.0,295431.60500749096,69980.84911064891,299.44107335582805,442.16449833680997,0.0,0.0,7162690.852911264,0.0,0.0,0.0,270544.80991502333,10306055.035833884,0.0,0.0,0.0,0.0,0.0,127687.51673334048,0.0,0.0,62.731265495839985,0.0,0.0,0.0,0.0,0.0,261550.85806854547,0.0,432237.19637757685,8018277.104083585,41590406.06933496,0.0,0.0,30701730.122616544,0.0,534.9496925709697,391493.32198791084,21278938.224487893,0.0,740963.0271741854,214164.90383954524,264820942.5137143,9229.292683203725,2769655.5901656887,0.0,0.0,6775866.986412734,32045.1474591228,0.0,1175366.7281573226,0.0,0.0,0.0,0.0,116267.3679049998,0.0,601399.241934367,0.0,7419404.555710003,539295.6259026143,858004.8898751161,0.0,0.0,17788.037596159207,0.0,0.0,0.0,0.0,0.0,0.0,29188.832646158757,0.0,0.0,0.0,0.0,22833.766421906977,0.0,3545642.128043903,0.0,0.0,0.0,0.0,0.0,0.0,0.0,2553248.2404853497,71035.60662392376,0.0,0.0,0.0,0.0,16143630.846303497,0.0,0.0,0.0,0.0,0.0,0.0,3029827.496421595,0.0,0.0,1750655.7415115973,0.0,0.0,0.0,78012.20012473353,332837.9187285744,373868133.12926805,0.0,574581.0309617997,0.0,0.0,45783.94685394314,0.0,0.0,0.0,0.0,0.0,0.0,0.0,0.0,0.0,187045.31847677962,0.0,0.0,0.0,1724.5144206604132,917782.6612855704,120167.80116740894,0.0,0.0,0.0,0.0,0.0,0.0,7739327.484799509,0.0,0.0,0.0,0.0,0.0,0.0,3319594.987779397,0.0,0.0,2741972.7010868965,0.0,0.0,27325413.836962312,0.0,51240.89518177117,3255631.687979245,0.0,0.0,12576.29635862671,0.0,0.0,0.0,0.0,0.0,0.0,18598.533722222222,70535.46550262306,0.0,0.0
VCT,0.0,0.0,0.0,0.0,0.0,0.0,0.0,0.0,0.0,0.0,0.0,4739015.921590346,1929.77008881781,0.0,0.0,0.0,0.0,0.0,1372.7944017488608,777.8919384023707,0.0,0.0,0.0,0.0,0.0,19817.14319956461,0.0,0.0,0.0,5293513.992403498,106.79441467240518,0.0,0.0,0.0,0.0,252599.6163131352,0.0,0.0,206210.55240643286,0.0,0.0,0.0,0.0,0.0,0.0,0.0,0.0,0.0,0.0,0.0,0.0,0.0,0.0,0.0,57.368740209803235,0.0,1688403.8310044562,0.0,0.0,0.0,0.0,0.0,0.0,0.0,0.0,0.0,0.0,0.0,0.0,0.0,179492.69042558622,0.0,0.0,0.0,2917708.026677638,0.0,0.0,0.0,0.0,0.0,0.0,0.0,652114.7308904623,0.0,0.0,0.0,0.0,122219.68151116917,0.0,0.0,0.0,4186.780565474447,0.0,0.0,0.0,0.0,0.0,0.0,0.0,0.0,0.0,6954.900352095187,377483.7567832767,0.0,0.0,0.0,0.0,0.0,0.0,0.0,0.0,0.0,0.0,0.0,0.0,0.0,7948288.722311243,0.0,0.0,0.0,0.0,0.0,0.0,0.0,0.0,0.0,0.0,0.0,0.0,0.0,0.0,0.0,0.0,0.0,0.0,0.0,0.0,0.0,143272.45017193968,0.0,0.0,0.0,333.3423008172475,0.0,0.0,0.0,0.0,0.0,0.0,176339.9806726198,0.0,59896.032377855074,0.0,0.0,0.0,0.0,0.0,0.0,0.0,0.0,0.0,0.0,0.0,0.0,0.0,0.0,0.0,0.0,0.0,0.0,0.0,0.0,0.0,0.0,0.0,3437.563307796736,0.0,0.0,0.0,0.0,0.0,0.0,0.0,0.0,0.0,0.0,0.0,0.0,0.0,56546.588256242394,0.0,0.0,0.0,0.0,0.0,0.0,0.0,0.0,0.0,200.53067907609847,0.0,0.0,0.0,0.0,0.0,5568339.562107611,0.0,0.0,0.0,0.0,0.0,0.0,0.0,0.0,0.0,116375.99944699275,0.0,0.0,0.0,57758.93456856144,0.0,0.0,0.0,0.0,0.0,0.0,0.0,0.0,0.0
VEN,1975050.3110088275,0.0,0.0,0.0,2640.3394401995274,0.0,668003.1728277004,1034.0048808940185,0.0,0.0,0.0,0.0,328163.87975193467,1124.5144754460407,0.0,0.0,8194520.777376924,0.0,0.0,0.0,0.0,5360.312172634818,1649.0009242682004,89550.73540879012,214615.3428496268,0.0,0.0,42946.85553200271,28819.666156685547,0.0,0.0,0.0,0.0,0.0,0.0,2459861.839028517,0.0,14163971.131360766,1551642.1483352766,4422926.393785918,0.0,0.0,0.0,0.0,0.0,25866817.112708382,0.0,0.0,203208.94379683447,973145.566753413,0.0,0.0,0.0,254132.90291985343,19372638.587323286,0.0,0.0,13823.707174934687,59997.74810913598,363.47715798279665,6586.718379455983,0.0,0.0,0.0,6216666.3459348995,0.0,0.0,0.0,0.0,0.0,5038527.978189503,0.0,0.0,0.0,2984846.932328836,0.0,0.0,0.0,0.0,0.0,0.0,3623207.7800922706,224.74972976991566,0.0,64496969.83481521,0.0,0.0,58747.46310795802,0.0,10170.531330010117,15307.925418592453,47021.89620851562,11133.375509249141,330900.1623592747,75329.44254251925,0.0,135074.66456776878,0.0,0.0,1164.175279662014,1959607.1581899028,5196838.790650247,5242.026077084004,36569.514345505886,61060736.2336202,0.0,0.0,0.0,0.0,0.0,1226323.9550809187,0.0,0.0,3669573.867772825,0.0,0.0,0.0,0.0,95409.30823695414,0.0,123591.2904445961,1930.4848598299168,0.0,0.0,0.0,205.98265129230325,0.0,36033161.06056671,0.0,0.0,0.0,937.5802016762638,0.0,164.3282391876379,0.0,0.0,0.0,0.0,0.0,0.0,0.0,1055660.474378801,0.0,105.84939413948541,49056.411429182204,0.0,12542.111895805087,6330.125741357484,0.0,15205925.032286273,5832.993711188318,13109.596271120901,0.0,574.3009250754852,0.0,18562.08122455534,478344.21205510903,0.0,3751212.383265474,0.0,0.0,0.0,6837.393507854846,0.0,0.0,3471660.3351496253,370.47287948819894,0.0,691.3362658359015,2280.2078246581777,0.0,961893.0415343512,0.0,55874.82809064768,0.0,4248.546504816502,4859.248901417518,0.0,0.0,0.0,0.0,0.0,8630.838302959975,0.0,0.0,0.0,108485.9916256291,0.0,0.0,0.0,0.0,0.0,35227.09337844081,0.0,1137.3638971568803,287.2368846721537,0.0,0.0,0.0,11207.836035155762,0.0,0.0,0.0,0.0,3595.6163283165424,25358.54961541179,0.0,0.0,0.0,2051.1892710976385,0.0,0.0,2152.737852833277,0.0,142649.82125044952,73457035.11744606,0.0,0.0,0.0,0.0,0.0,0.0,0.0,0.0,0.0,0.0,57776.054191043724,271751.95655229426,0.0
VGB,0.0,0.0,0.0,0.0,0.0,0.0,0.0,0.0,0.0,0.0,0.0,3830.0086216712402,1692.2012206930403,0.0,33786.94843374357,0.0,0.0,0.0,0.0,0.0,3967.571947244183,0.0,537.1097038995729,1935.400949875211,47.74107402967088,0.0,0.0,0.0,44288.148155421724,1072.347228599806,0.0,0.0,0.0,33566.3215419821,0.0,20521.990395091183,0.0,78239.35599784825,0.0,0.0,0.0,0.0,0.0,0.0,0.0,62.245287322816075,0.0,0.0,13039.051652832135,0.0,0.0,0.0,0.0,433.8140753930472,16587.4165041496,0.0,2078.143771235987,190.25452473030518,0.0,0.0,0.0,0.0,0.0,0.0,0.0,0.0,0.0,103747.85587240015,22518.732548339707,0.0,59.678855988841434,0.0,0.0,0.0,2048477.5591560444,639106.1440122838,0.0,0.0,0.0,0.0,0.0,0.0,0.0,0.0,28963.889287289607,0.0,0.0,0.0,0.0,0.0,18662.24595565813,0.0,0.0,69864.32004292488,0.0,0.0,0.0,0.0,0.0,0.0,23207133.80722878,0.0,0.0,0.0,119.2662853989248,0.0,0.0,126.19277106232049,7291.961154478679,0.0,0.0,0.0,0.0,0.0,0.0,0.0,871.4340225194251,0.0,0.0,0.0,0.0,0.0,813.7202225818353,0.0,0.0,0.0,0.0,32754.520070312297,0.0,0.0,0.0,0.0,0.0,0.0,0.0,0.0,0.0,0.0,0.0,0.0,0.0,560519.013306533,0.0,0.0,0.0,0.0,0.0,0.0,0.0,39140.51195228504,0.0,0.0,0.0,2058.3486867541837,0.0,12045.289680840979,0.0,0.0,0.0,48078.135722529056,0.0,0.0,0.0,0.0,0.0,0.0,0.0,0.0,62.245287322816075,0.0,0.0,3638.0801156003263,111940.061480349,0.0,0.0,0.0,140849.80903609656,0.0,0.0,0.0,0.0,0.0,1645.9623740199424,0.0,0.0,0.0,1414.7125284826063,0.0,0.0,0.0,0.0,0.0,244.52491879956642,0.0,0.0,0.0,0.0,0.0,0.0,3511.560737602223,0.0,0.0,0.0,0.0,0.0,0.0,0.0,0.0,0.0,200.22335623482545,880274.1718156266,332037.1814937585,14228.441253163577,0.0,0.0,88870.1378490717,0.0,57.02099807610872,0.0,0.0,0.0,0.0,0.0,0.0,0.0,0.0,141456.46076659416,531897.962692781,198350.89531454816
VIR,0.0,0.0,0.0,0.0,0.0,0.0,0.0,0.0,0.0,0.0,0.0,0.0,0.0,0.0,0.0,0.0,0.0,0.0,0.0,0.0,0.0,0.0,0.0,0.0,0.0,0.0,0.0,0.0,0.0,0.0,0.0,0.0,0.0,0.0,0.0,0.0,0.0,0.0,0.0,0.0,0.0,0.0,0.0,0.0,0.0,0.0,0.0,0.0,0.0,0.0,0.0,0.0,0.0,0.0,0.0,0.0,0.0,0.0,0.0,0.0,0.0,0.0,0.0,0.0,0.0,0.0,0.0,0.0,0.0,0.0,0.0,0.0,0.0,0.0,0.0,0.0,0.0,0.0,0.0,0.0,0.0,0.0,0.0,0.0,0.0,0.0,0.0,0.0,0.0,0.0,0.0,0.0,0.0,0.0,0.0,0.0,0.0,0.0,0.0,0.0,0.0,0.0,0.0,0.0,0.0,0.0,0.0,0.0,0.0,0.0,0.0,0.0,0.0,0.0,0.0,0.0,0.0,0.0,0.0,0.0,0.0,0.0,0.0,0.0,0.0,0.0,0.0,0.0,0.0,0.0,0.0,0.0,0.0,0.0,0.0,0.0,0.0,0.0,0.0,0.0,0.0,0.0,0.0,0.0,0.0,0.0,0.0,0.0,0.0,0.0,0.0,0.0,0.0,0.0,0.0,0.0,0.0,0.0,0.0,0.0,0.0,0.0,0.0,0.0,0.0,0.0,0.0,0.0,0.0,0.0,0.0,0.0,0.0,0.0,0.0,0.0,0.0,0.0,0.0,0.0,0.0,0.0,0.0,0.0,0.0,0.0,0.0,0.0,0.0,0.0,0.0,0.0,0.0,0.0,0.0,0.0,0.0,0.0,0.0,0.0,0.0,0.0,0.0,0.0,0.0,0.0,0.0,0.0,0.0,0.0,0.0,0.0,0.0,0.0,0.0,0.0,0.0,0.0,0.0,0.0,0.0,0.0,0.0,0.0,0.0,0.0,0.0,0.0,0.0
VNM,0.0,22374512.97557793,0.0,0.0,7783743.9212352,0.0,4544859.3917361135,9887892.894210303,0.0,0.0,0.0,100.90072315519359,92594011.58961938,12924603.775986139,1299211.8437264534,6502.311450137205,312788037.6703179,13234258.05647848,27729146.880862303,15438440.854833242,34435560.27901635,1371017.4047493013,1768.7372673367774,8034660.314927492,11902815.364876937,0.0,0.0,69384.35520239174,33543147.325820558,47751.510939224536,106852.05552287892,0.0,0.0,0.0,470745.8647382457,54834164.68254929,0.0,63608649.40912954,27288082.31585218,4225329358.365217,326005385.599166,80959300.66487554,3173164.5314980233,5840445.445963944,0.0,786107.8729631449,0.0,2241785.196347302,102505.62385258605,0.0,0.0,0.0,217174.04120760658,19217163.821270436,1223071452.9062345,0.0,0.0,11601274.761390647,0.0,243900244.77151266,3907718.876400904,22728636.484560896,0.0,0.0,560368826.7696844,673045.7448299151,774982.3782106378,6426494.424279129,29772180.232188288,0.0,210783290.55504748,0.0,0.0,0.0,205698846.1224007,6356151.924612613,222846179.17473564,0.0,8098872.589480498,0.0,0.0,22354072.913855147,11063.30687480501,3600.0800512027067,495523.22441850975,0.0,0.0,90424.16317308166,0.0,61235.43578381602,16281566.32250724,0.0,1372273.3620174725,1058698583.7081007,404675206.55013835,0.0,889954.9603857822,834724.3379768837,0.0,62969.21464114407,37030041.7267967,553416927.444527,451645.5855036693,10689094.379590757,433766171.1613324,4637627.437130075,17971778.195602424,1426638.7366226893,80110771.56352383,1730318.643518186,539541954.955054,3374468.7534020944,0.0,9129580.070273325,0.0,0.0,0.0,0.0,17799635.346985128,0.0,4269969.008993327,14596.019003951827,2216960.400557877,34144074.849499874,1541153.9830434304,10586834.460667856,525026.5337283491,39034974.97961421,0.0,0.0,1404944.728508618,85019.35847620893,0.0,692144.0996458569,2826779.2840880062,0.0,0.0,5896925.588314734,1564.1396029577163,740649.9910289609,219784.51310037082,1003936779.6917928,18407.227782313676,481840.55908416386,8072091.649883457,0.0,85287.93300502778,3215767.6339360643,0.0,135518171.46297938,8122449.354075857,5936827.766654884,0.0,17394418.5025251,6734285.24375323,61553527.94386074,1402998.4173217742,0.0,3407044.3478370626,1540149522.9813666,0.0,0.0,70129348.59616798,0.0,0.0,54794297.461473204,203989.31901326208,0.0,123568.20540751067,4702876.6446313225,34185729.20596347,454192681.60243034,490011.3244806909,31006415.392238047,0.0,119952507.1399405,199450296.6568877,0.0,0.0,0.0,518853.95088800765,0.0,24485.98388093862,0.0,0.0,0.0,32220302.828464363,0.0,156055.96081267274,66945.98753327537,3083044.9676755057,9154694.306257883,16811627.761979103,0.0,155309.82778275164,9462916.995150665,0.0,0.0,12259851.037805937,237138524.5341695,0.0,0.0,0.0,0.0,57327.81256755842,64217.35723119325,37792859.80108488,0.0,0.0,295012558.7344845,6169584.812720756,15582894.621002784,45647195.33854395,0.0,303420.99258263153,1395440913.3685312,0.0,0.0,261184.09002152173,0.0,0.0,0.0,1004750.2419484548,0.0,0.0,8200073.193242644,100756023.82423045,3760763.3448875356,6168112.874553804
VUT,0.0,0.0,0.0,0.0,0.0,0.0,0.0,0.0,0.0,0.0,0.0,0.0,8768423.481750835,0.0,0.0,0.0,7396799.411194826,0.0,0.0,381763.8181343273,0.0,976.969793697347,0.0,75.27552663051071,0.0,0.0,0.0,0.0,0.0,200.8444945418201,0.0,0.0,0.0,0.0,0.0,38889.177881623735,0.0,0.0,0.0,17466.233529512334,0.0,0.0,0.0,0.0,0.0,7302.900418524422,0.0,0.0,0.0,0.0,0.0,0.0,0.0,0.0,13456451.18929948,0.0,0.0,0.0,0.0,58.60339989851104,0.0,0.0,0.0,0.0,0.0,0.0,0.0,0.0,145046.18002181922,0.0,18379647.646950897,0.0,0.0,0.0,6414.130825492721,0.0,0.0,0.0,0.0,0.0,0.0,0.0,0.0,0.0,0.0,0.0,0.0,0.0,0.0,0.0,0.0,0.0,0.0,16877686.5601937,17933.561800818097,0.0,1025.3867014423822,0.0,0.0,0.0,0.0,0.0,0.0,0.0,39136.5512881763,0.0,0.0,0.0,0.0,12513.770331073763,4150.483770377319,0.0,0.0,0.0,0.0,0.0,0.0,0.0,0.0,0.0,0.0,0.0,0.0,0.0,0.0,0.0,0.0,0.0,0.0,0.0,0.0,0.0,0.0,0.0,0.0,0.0,0.0,0.0,0.0,0.0,0.0,236497631.73974794,0.0,251362.57323113762,3687.82522966781,0.0,0.0,0.0,0.0,21765530.001570635,0.0,8624.903270718707,0.0,2216413.941450393,0.0,124814.11365656025,0.0,0.0,0.0,21434837.44698106,0.0,76897.01689142741,0.0,0.0,0.0,0.0,0.0,0.0,0.0,0.0,0.0,0.0,0.0,0.0,0.0,0.0,54542821.247735016,0.0,0.0,0.0,9077.83944330181,0.0,0.0,0.0,0.0,0.0,0.0,0.0,0.0,0.0,0.0,0.0,0.0,0.0,0.0,0.0,0.0,0.0,0.0,0.0,0.0,0.0,0.0,0.0,0.0,0.0,0.0,0.0,0.0,531020.2079126745,0.0,0.0,0.0,0.0,0.0,85392.95763600501,0.0,0.0,0.0,0.0,0.0,125299.7433930862,0.0,670.658396257802,5567.998156349634,0.0,316.3949937319621,0.0,0.0
WLF,0.0,0.0,0.0,0.0,0.0,0.0,0.0,0.0,0.0,0.0,0.0,0.0,0.0,0.0,0.0,0.0,0.0,0.0,0.0,0.0,0.0,0.0,0.0,0.0,0.0,0.0,0.0,0.0,0.0,0.0,0.0,0.0,0.0,0.0,0.0,0.0,0.0,0.0,0.0,0.0,0.0,0.0,0.0,0.0,0.0,0.0,0.0,0.0,0.0,0.0,0.0,0.0,0.0,0.0,0.0,0.0,0.0,0.0,0.0,0.0,0.0,0.0,0.0,0.0,0.0,0.0,0.0,0.0,0.0,0.0,0.0,0.0,0.0,0.0,0.0,0.0,0.0,0.0,0.0,0.0,0.0,0.0,0.0,0.0,0.0,0.0,0.0,0.0,0.0,0.0,0.0,0.0,0.0,0.0,0.0,0.0,0.0,0.0,0.0,0.0,0.0,0.0,0.0,0.0,0.0,0.0,0.0,0.0,0.0,0.0,0.0,0.0,0.0,1813.3708874170397,0.0,0.0,0.0,0.0,0.0,0.0,0.0,0.0,0.0,0.0,0.0,0.0,0.0,0.0,0.0,0.0,0.0,0.0,0.0,0.0,0.0,0.0,0.0,0.0,0.0,0.0,0.0,0.0,0.0,0.0,0.0,0.0,0.0,0.0,0.0,0.0,0.0,0.0,0.0,0.0,0.0,0.0,0.0,0.0,0.0,0.0,0.0,0.0,0.0,0.0,0.0,0.0,0.0,0.0,0.0,0.0,0.0,0.0,0.0,0.0,0.0,0.0,0.0,0.0,0.0,0.0,0.0,0.0,0.0,0.0,0.0,0.0,0.0,0.0,0.0,0.0,0.0,0.0,0.0,0.0,0.0,0.0,0.0,0.0,0.0,0.0,0.0,0.0,0.0,0.0,0.0,0.0,0.0,0.0,0.0,0.0,0.0,0.0,0.0,0.0,0.0,19724.900749522738,0.0,0.0,0.0,0.0,0.0,0.0,0.0,0.0,0.0,0.0,0.0,0.0,0.0
WSM,0.0,0.0,0.0,0.0,0.0,0.0,0.0,0.0,0.0,0.0,0.0,0.0,1644071.494588423,0.0,0.0,0.0,0.0,0.0,0.0,0.0,0.0,923.1664480762117,0.0,57.45867434684372,0.0,0.0,0.0,0.0,0.0,0.0,0.0,0.0,0.0,0.0,0.0,3314.569718626851,0.0,0.0,0.0,76830.50550185618,0.0,0.0,0.0,0.0,12040.739734106972,579.4258940553991,0.0,0.0,0.0,0.0,0.0,0.0,0.0,0.0,122612.31804467851,0.0,0.0,0.0,0.0,0.0,0.0,0.0,0.0,0.0,0.0,0.0,0.0,0.0,5700.560341738912,0.0,0.0,0.0,0.0,0.0,68872.42535526582,0.0,0.0,0.0,0.0,0.0,0.0,0.0,0.0,0.0,0.0,0.0,0.0,0.0,0.0,0.0,0.0,0.0,0.0,0.0,0.0,0.0,0.0,0.0,0.0,0.0,0.0,0.0,0.0,0.0,210358.22964468968,0.0,0.0,0.0,0.0,0.0,107107.01549159722,0.0,0.0,0.0,0.0,0.0,0.0,0.0,11059.252392346543,0.0,0.0,0.0,0.0,0.0,77.33202810486588,0.0,0.0,0.0,0.0,0.0,462.3456154088601,0.0,0.0,0.0,0.0,0.0,0.0,0.0,0.0,0.0,0.0,333587.8979229189,0.0,0.0,0.0,0.0,0.0,0.0,0.0,23928.464382806604,0.0,0.0,0.0,986333.4667028335,0.0,0.0,0.0,0.0,0.0,0.0,0.0,0.0,0.0,0.0,0.0,0.0,0.0,0.0,0.0,0.0,0.0,0.0,59.16661713742516,191421.0844584991,0.0,0.0,468441.17758504424,0.0,0.0,0.0,462.3584229524145,0.0,0.0,0.0,0.0,0.0,0.0,0.0,0.0,0.0,0.0,0.0,0.0,0.0,0.0,0.0,0.0,0.0,0.0,2451.2234899637274,0.0,0.0,0.0,0.0,205.4223965601708,63.45526475200292,0.0,0.0,0.0,3435.535682809536,0.0,0.0,0.0,0.0,0.0,1360726.4756465454,0.0,0.0,0.0,0.0,0.0,0.0,0.0,0.0,0.0,154598.65176843316,0.0,0.0,0.0
YEM,15442.114699881877,0.0,0.0,0.0,0.0,0.0,0.0,7450.607385240896,0.0,0.0,0.0,0.0,133093.80709126138,360242.51695552573,0.0,0.0,508069.2603456202,0.0,0.0,419844.602433613,0.0,1307663.4630646138,0.0,0.0,441437.02948341426,0.0,0.0,19099.624529413155,3341259.766752089,0.0,0.0,0.0,0.0,0.0,0.0,142769.4576886908,0.0,1006982.050242241,0.0,1820087.4453410124,0.0,0.0,0.0,0.0,0.0,265801.8500415772,0.0,0.0,0.0,0.0,0.0,0.0,0.0,193.60881179112735,721668.428563298,5386114.371515652,0.0,0.0,0.0,81928.16492339114,0.0,76883308.82913962,4552842.614949342,0.0,0.0,0.0,6016457.2570620235,0.0,0.0,0.0,58687.20285746608,0.0,0.0,0.0,157553.17351355925,0.0,0.0,0.0,0.0,0.0,0.0,21777.94566766322,0.0,0.0,0.0,0.0,0.0,519.1428486655002,0.0,0.0,0.0,0.0,0.0,119825.63782156704,3332270.8527231403,0.0,0.0,0.0,9645.139325918335,0.0,0.0,1954593.419203879,0.0,13074457.050168373,4708374.005603265,0.0,364436.7982844021,0.0,0.0,0.0,238304.9596866133,2771329.4753019568,0.0,583679.6873681636,0.0,4469.935952571242,0.0,0.0,41070.16823480453,0.0,0.0,0.0,0.0,0.0,0.0,0.0,0.0,0.0,0.0,0.0,0.0,0.0,5035.47218474409,0.0,218.56717429238668,0.0,1917.4226577038166,428836.2534158135,0.0,1866.2865272045758,0.0,799569.3715211973,0.0,0.0,0.0,0.0,289926.4082309353,0.0,0.0,147351.54014256052,0.0,0.0,0.0,3912.6105181243047,13702472.231114836,3968158.9337566663,25861.176381282232,0.0,0.0,0.0,0.0,0.0,1843.516095452566,0.0,0.0,140131.56565412422,0.0,0.0,0.0,25884859.668224916,1686.0968089060077,187306.1342714325,0.0,208917114.8263501,0.0,12084.985232373227,66997.18236060262,0.0,7230.33693764492,0.0,0.0,0.0,0.0,0.0,14947782.486983942,0.0,0.0,0.0,0.0,0.0,0.0,0.0,0.0,0.0,0.0,7317755.157913444,0.0,61965.114848382975,0.0,1848090.451384283,0.0,0.0,0.0,0.0,0.0,0.0,0.0,0.0,0.0,58137.35870676394,10296.894203484877,17534.098222542707,18534.935151429556,0.0,0.0,3922669.884444535,0.0,0.0,0.0,0.0,0.0,24536.804987467993,0.0,0.0,3491.6108975193483,0.0,327904.18014442787,4017.00267935439,29444.318004620363
ZAF,41717.778536198944,18158.148664060474,190640770.46718714,0.0,80257.30883765328,0.0,411473.76941672794,1089416.2265665676,4376.908268094606,0.0,0.0,69313.87012451669,32695980.76648181,1097922.6790216875,1376688.1583368983,725441.820819143,21561507.57727504,9554665.132757543,2431652.359036533,35202259.231763214,1075538.449994694,4452949.019130116,141685.14748294704,2165882.470666587,7835599.922960334,2649.6237113787042,15934.17864380883,56034.28639441934,3144242.9929032633,413780.41391251725,209080.67618103814,1183.3668417620374,0.0,735584638.3737924,430998.6060696222,50134912.51834679,0.0,27193998.548963502,939872.4762937304,50146242.77579521,10764897.852085479,8983899.547379978,60377438.298541546,3960032.234266083,1762.1003269037533,605028.9534349176,6017542.631186583,399498.67978139967,550650.6254402843,10533.724548210079,0.0,19694.787064324362,613603.2316330407,3106787.5252921623,76271076.95303239,603067.2580667982,0.0,11634081.83315519,97579.78937901174,4380312.026192446,19659.445274385434,11513746.745518899,17017.707029989197,0.0,29872737.08806561,367884.10376674536,2662816.6103380593,5044515.525311515,17994.30239000758,12928.137193541439,47377577.865294226,8961.635783765281,420.3581222414491,3078495.63152532,238142655.84493515,1389540.9157709088,54800990.66888066,0.0,2179280.946163342,18128.568649543056,525367.1303245272,2956928.1839972544,49331.18165747947,12362.040809515696,53652.40574609902,0.0,6952.072430236729,167980.48645896246,0.0,19269.941909774283,483411.6314801905,78893.43608600853,159594.48048269062,175089689.81684586,26332606.748503953,0.0,6427000.493942613,35229299.0078454,279938.6534958006,686272.1876754356,15451826.417965697,68855783.33282389,343541.0024323313,1292514.2495264558,262725102.90489763,514424.5363227592,196670889.28122714,43586.99319647992,1077483.7318811796,5098.969784438906,206525886.9907106,20785520.231501326,0.0,643144.9872656274,802030.7255148172,154968.02887037635,14306.586400721988,0.0,4622533.474742989,265690405.23360384,2139082.0971075604,549862.8465367991,670177.3276303238,650773.6468637753,276749.98811123264,42262013.552951545,1009124.5300542337,283829834.70942444,1702.5272931834447,0.0,1387320.2311516865,305574.6944713911,87311.13825535179,189329.59244853,19111.232581596934,0.0,435683446.55604374,4347074.91358115,0.0,40417301.21012148,37932267.205108196,126174463.00128897,328607418.6205142,8081.744095523311,948067.9141418729,777.1798857116083,29963831.623756394,259459.33630636847,1122.1139816063228,298393879.7294514,9696676.123240868,106755.40937014844,0.0,12402637.364570744,11686214.514589898,8465704.73416178,181321.45154697157,0.0,42317.20732379321,11882129.739323154,0.0,575466.9201640957,2719663.7398086255,0.0,0.0,48154184.269443914,164066.98226227763,0.0,143058.01650338812,3421316.431278862,1934934.9598849874,80906663.50206503,4187977.2455617455,92948484.30577841,0.0,8903002.276521483,26877220.982177652,0.0,1652079.8226680758,0.0,0.0,1088137.411803802,0.0,35339.70883624014,13363440.12553527,467.3403665673212,519919.37804334064,0.0,25345.495737706682,84845.47465441932,53542.1059992899,303791.54505030555,19740063.206434015,0.0,3466860.4916757676,4745.27618345462,2474.015404931133,509052.5900300205,3307906.075553041,23917194.391200043,0.0,0.0,0.0,1427.1080967143084,8362.495969509087,364326.8159377312,368943.4618232159,0.0,175346.72656924216,134678971.92793012,27818054.933305897,30747094.15014984,6331042.279342987,0.0,252852.67786228616,80731555.70148711,16432.826677109995,4309.63573812505,3701083.2656597346,125442.77250491915,0.0,20310842.543278225,0.0,0.0,0.0,6954191.993212382,0.0,166065960.11517987,870206715.8435607
ZMB,0.0,0.0,3429523.88396796,0.0,129.9196848125925,0.0,0.0,1122.9345148839725,0.0,0.0,0.0,52995.64375827084,587768.3157428743,107661.0328199486,4332.272377111794,17230860.04217735,2175787.6621841094,0.0,0.0,0.0,113732.6933078319,148521.54797900404,0.0,32734.12507755687,7131.525458614051,0.0,0.0,0.0,1066.5346343193085,25.588586752728542,0.0,8973.919780283073,0.0,21369004.97805282,0.0,140091.44559710118,0.0,55019759.704585545,0.0,64507122.239266075,14333.252642126521,196327.215843636,200866847.61446714,4252478.638791242,0.0,1365.5249303322805,0.0,0.0,54642.365094161854,0.0,0.0,64543.77059162962,58906.38833466696,2975.2782542878426,10227941.226024441,0.0,3163.5793955375466,428605.1997740112,0.0,0.0,0.0,15457.25618580602,0.0,0.0,11119098.293778382,0.0,112316.9699410467,1062664.5987301369,0.0,0.0,1693354.9342238775,0.0,0.0,0.0,15195687.056064555,227479.70225322747,4950.228863005966,0.0,0.0,0.0,0.0,30076.395692029968,0.0,0.0,0.0,0.0,0.0,0.0,0.0,0.0,57654.398332496436,0.0,3777.7570067838733,15850615.9159219,8023324.755063606,0.0,9989.521153471804,15742.116472332606,0.0,252.53913945440496,35373.50345192481,34806204.68169308,0.0,1269.1448205361803,1358782.7512992832,27339.09359687478,41160306.286632635,0.0,21094.53211082933,0.0,75442.71960108618,303.7107782120594,0.0,0.0,0.0,0.0,0.0,0.0,0.0,13832277.147593588,0.0,0.0,3298.6402834206037,432619.0582117997,14187.162262949043,1891003.3467045715,0.0,0.0,0.0,0.0,0.0,0.0,184.62068191579735,140.46168777311556,0.0,0.0,12705606.643790152,21925.614406375793,0.0,78053940.62937674,43892408.56565367,4633670.877744267,21788021.26141879,0.0,93744.80682487175,0.0,6569.909913953818,0.0,76400.90773239038,1494291.473110423,193996.80390694912,0.0,0.0,141483.4554112306,0.0,342548.7487790805,11617.951794347691,0.0,0.0,108903.22491980094,0.0,5875954.47012889,6306897.284201782,0.0,0.0,21433711.785102457,9982.695682686941,0.0,0.0,7412.103966693999,7267514.169303426,816674.694961262,8766449.252534876,106235.97626183524,0.0,6432.444952873675,17104237.78628193,0.0,3412.910829821787,0.0,0.0,184.62068191579735,0.0,0.0,0.0,0.0,5290.5878873666015,0.0,0.0,0.0,0.0,4201696.102998478,146720.2300027415,0.0,0.0,0.0,0.0,0.0,0.0,5438427.828568472,0.0,0.0,2758.8274839206165,0.0,0.0,0.0,81926.47303895475,0.0,0.0,1103208.840192276,27166519.19022979,1995351.8283707718,88177.82290127712,0.0,2830.455493693511,1812720.1856090075,0.0,0.0,0.0,125165.22961988367,0.0,188175.2896050143,0.0,0.0,0.0,0.0,177278452.21006948,0.0,412671050.18645513
ZWE,2357.4195404895304,0.0,216176.50961321592,0.0,107.91218778107482,0.0,0.0,572165.3148403758,0.0,0.0,0.0,0.0,1229781.3987124786,122028.12205084413,42739.5707709211,23812.890779860176,4900989.165377463,0.0,1469.162043037872,18053278.540141907,950152.2062825529,4897175.090139277,0.0,7644471.715964279,551268.7012262279,0.0,0.0,0.0,93.71679176334641,0.0,0.0,0.0,0.0,19400421.10114303,0.0,1484783.8301072873,0.0,5539929.148131477,97836.98922243612,286084449.33458644,28981.325578704287,0.0,411934.9525920938,42067.0881356929,0.0,11456831.362286238,0.0,443.3049255173774,0.0,0.0,0.0,0.0,0.0,4245.113443727815,22656774.152789026,0.0,0.0,1626648.7526438637,0.0,1572748.9252523996,1229.7983126702627,601027.6558708667,0.0,0.0,18613414.12692777,81360.40017634263,122862.71928167815,2377271.825918103,0.0,0.0,17272715.774772715,0.0,0.0,0.0,71939964.50955133,4434.906608699459,326.6290146746608,0.0,0.0,0.0,0.0,332781.32677954575,0.0,0.0,0.0,0.0,0.0,0.0,0.0,43354.63058652778,2928730.680131337,0.0,353733.0163064414,116073648.21708174,52270793.862797886,0.0,725838.1497935876,295725.4388929588,0.0,12098.33233678906,413285.7723130755,39133158.11862923,0.0,128003.60752357452,16923445.109592184,195427.09485196637,4853859.513161968,10890.493449142206,17341.240159469962,0.0,2419023.963267298,37290.153321885,0.0,42223.209446152294,0.0,0.0,0.0,0.0,1973.5769924644571,23639160.44196886,235314.68524940597,0.0,9159.975733907033,582317.291657192,16498.931605101534,125415.05026043845,0.0,0.0,0.0,0.0,0.0,24552.96777359158,0.0,24312.646845731342,0.0,0.0,236544176.7608416,0.0,0.0,36867561.12060823,6561253.088272146,27120132.54934144,1373528.4355865647,0.0,16209.0681752075,0.0,98115.46272631915,0.0,0.0,26695851.98720449,141675.59905567038,198.29994706128724,0.0,405473.5105838521,0.0,7596428.008635428,147218.86478437996,0.0,0.0,1057415.5906980275,0.0,0.0,14751386.817172859,0.0,0.0,99809526.26292443,1111278.918671193,0.0,0.0,24960.045132467723,29640825.86266012,6831291.368391786,149589.89555773916,211113.57098675927,0.0,8977.484846823345,102315968.06862992,0.0,0.0,0.0,0.0,205454.90818277813,621.1061452497789,0.0,0.0,0.0,169126.7889300098,0.0,0.0,0.0,0.0,0.0,554622.4697879234,0.0,11912.136578770755,0.0,0.0,0.0,332.09294785313045,148740188.65728322,0.0,0.0,0.0,0.0,0.0,4779.594549838399,325557.4820935089,0.0,0.0,17814936.84434999,290893.3947529813,498292.45258416305,1455654.2220300892,0.0,0.0,20240458.96746941,14807.253098608731,0.0,0.0,206277.96334045014,0.0,180242.2021147388,0.0,0.0,0.0,3091717.510547826,356386490.2552689,23551563.4897928,0.0
